v -85.38148499 69.73575592 11.75000668
vn 0.7930867076 0.5869480371 0.1628048867
v -85.61416626 70.57705688 11.75000668
vn -0.0733454451 0.99047786 0.1165077984
v -85.47450256 70.19425201 11.75000668
vn 0.9538439512 0.2638097703 0.1434786469
v -86.93200684 68.62503815 11.80000496
vn -0.06895483285 -0.0001125327253 0.9976197481
v -86.72465515 69.22387695 11.80000496
vn -0.05505274236 0.03365553916 0.9979161024
v -85.93282318 69.58763123 11.80000496
vn 0.01673246361 0.06395381689 0.9978125691
v -85.43701935 69.4600296 7.75
vn 0.4105210006 0.8653200269 -0.2875651419
v -85.93282318 69.58763123 5.749997139
vn -0.03164666146 0.3489651978 0.936601162
v -84.99034882 69.95738983 7.75
vn -0.2350213528 0.9686905742 -0.08002193272
v -84.6471405 69.8833313 7.75
vn 0.9865841269 -0.09012123197 -0.1361246407
v -85.54433441 70.38565826 7.75
vn 0.8784481883 0.4651002586 -0.1095925048
v -85.77801514 72.19219208 5.732186794
vn 0.003656714223 0.1133936197 0.9935433865
v -86.11685944 69.86426544 11.75000668
vn 0.3690181971 0.9288396835 0.03290005401
v -86.78059387 70.04177094 11.75000668
vn -0.9980940223 -0.02209005505 0.05762203038
v -87.42475891 69.36551666 11.75000668
vn -0.8369644284 -0.5406296849 0.08491227031
v -87.6010437 68.44836426 11.75000668
vn -0.4316459596 -0.8949694633 0.1127449349
v -88.77199554 66.32569122 5.711410999
vn -0.1320464015 -0.105035536 0.9856628776
v -85.38148499 69.73575592 7.75
vn 0.2108887732 0.9645516872 -0.1586376727
v -87.46299744 67.92733765 11.75000668
vn -0.8338450193 0.5435283184 0.09632986784
v -87.25349426 67.58148193 11.75000668
vn 0.1315344274 -0.9896789789 0.05686990172
v -85.87307739 70.26241302 7.75
vn -0.7061713934 0.7022839785 -0.09010633826
v -87.46299744 67.92733765 7.75
vn -0.7961841822 0.5976643562 -0.09427650273
v -87.17368317 68.26641083 11.75000668
vn -0.9693433046 0.1627268791 0.1841020733
v -87.15818024 68.99793243 11.75000668
vn -0.6943203807 0.7063199282 0.1379542202
v -86.79176331 67.64801025 7.75
vn -0.4863795936 -0.8723913431 -0.04866399989
v -86.71429443 67.99024963 7.75
vn -0.6860144138 -0.5977787971 -0.4147827029
v -86.82009888 67.67775726 11.75000668
vn -0.9429152012 -0.331263423 0.03428530693
v -86.82953644 66.81118011 11.75000668
vn -0.2082852274 -0.969129622 0.1319280863
v -86.2664566 67.66877747 7.75
vn -0.1966063082 -0.9374990463 -0.2871263623
v -88.06599426 65.70626831 5.732186794
vn -0.02449098043 -0.08700941503 0.9959064126
v -85.63943481 66.80873108 11.75000668
vn 0.8616818786 -0.4952310026 0.1106825769
v -84.75095367 67.46352386 7.75
vn 0.9513068795 0.2704755068 -0.1478451788
v -84.71683502 67.26266479 11.75000668
vn 0.9946858883 0.05429170281 0.08747768402
v -84.682724 67.06180573 7.75
vn 0.4280280173 -0.9034330845 -0.02450833283
v -85.06347656 67.2069397 11.75000668
vn -0.2669908702 -0.9551126361 0.1283580214
v -84.91486359 67.87827301 11.75000668
vn 0.6785461903 -0.7326390743 0.05305761099
v -85.21147156 67.96222687 7.75
vn 0.7843757272 -0.509536624 -0.353733182
v -86.71429443 67.99024963 11.80000496
vn -0.04951987788 -0.03739698976 0.9980727434
v -84.44758606 67.90905762 7.75
vn 0.1071544588 -0.9831343889 -0.1482049376
v -85.96870422 67.66322327 11.80000496
vn 0.002235593274 -0.06112261117 0.9981277585
v -84.69033813 68.57627106 11.75000668
vn 0.9383635521 -0.3436254263 0.03735568374
v -82.25561523 67.9948349 5.654086113
vn 0.2005840391 -0.0387910679 0.9789082408
v -84.01889038 69.11872864 11.75000668
vn 0.8684691191 0.4770523012 0.134842515
v -85.43701935 69.4600296 5.749997139
vn 0.2566006482 0.3553725183 0.8988139629
v -85.26476288 69.27068329 11.80000496
vn 0.04288211465 0.0432206355 0.9981448054
v -86.4330368 69.47860718 11.80000496
vn -0.03519471735 0.05097075924 0.9980798364
v -84.69187927 69.68457031 11.75000668
vn 0.9476338625 -0.3037688434 0.0985621959
v -84.99034882 69.95738983 11.75000668
vn -0.4348718226 0.8966056108 0.08357586712
v -84.60240936 70.08209229 11.75000668
vn 0.4736294448 0.8726791739 0.1187695563
v -84.96346283 68.5453949 11.80000496
vn 0.06336243451 -0.0005712951533 0.9979904294
v -88.04204559 71.7146759 5.654086113
vn -0.08761550486 0.1816207021 0.979457736
v -85.09249878 69.0813446 7.75
vn 0.7756134868 0.4906030297 -0.3971553743
v -86.74237823 69.60334015 7.75
vn -0.7944349051 0.6042807698 -0.06097492203
v -86.73287964 70.44644928 11.75000668
vn -0.5973924994 0.7938513756 0.1136758998
v -87.6010437 68.44836426 7.75
vn -0.5927855968 -0.7982717752 -0.1066180319
v -87.76981354 68.75621796 7.75
vn -0.5810627937 0.8078016639 -0.09910865128
v -87.42475891 69.36551666 7.75
vn -0.9249099493 -0.3589789569 -0.1252027601
v -87.26895142 72.11310577 5.654086113
vn -0.05535345897 0.2331054062 0.9708747864
v -85.049263 64.97109222 5.654086113
vn 0.06156784669 -0.233811155 0.9703307152
v -85.67095947 67.65766907 7.75
vn 0.3466307819 -0.8778600097 -0.3304677606
v -85.96115875 66.9492569 7.75
vn -0.8601894379 -0.499987483 -0.1004324853
v -86.23646545 72.55648804 5.373622894
vn -0.06073000655 0.9980968237 0.01070727408
v -89.35858154 67.65670013 5.743379116
vn -0.05314096808 -0.0007400373579 0.9985867739
v -82.35162354 67.56994629 5.654086113
vn 0.1459344476 0.002909852657 0.989289999
v -86.85296631 72.24238586 5.654086113
vn -0.03474571928 0.135648042 0.9901476502
v -83.54524231 65.62801361 5.596857548
vn 0.4367237985 -0.5169073939 0.7362601757
v -83.1173172 71.18173981 5.596857548
vn 0.5118743181 0.4985476136 0.6995962858
v -82.21635437 68.6518631 5.657210827
vn 0.1854043156 -0.02744426951 0.9822790027
v -82.36070251 67.10224152 5.537606239
vn 0.6761226058 -0.292430073 0.6762713194
v -89.03784943 71.11360931 -13.83421612
vn -0.7641365528 0.6449562907 -0.01125585474
v -82.52336121 66.66109467 5.432783604
vn 0.860727787 -0.5089778304 0.009449924342
v -89.83274078 69.5276947 5.293086529
vn -0.9704554677 0.2412627935 0.002913235454
v -89.8960495 68.79213715 5.425080299
vn -0.9988147616 0.04503925517 0.01845289581
v -89.68814087 68.34991455 5.654086113
vn -0.1825955808 0.0132093085 0.9830993414
v -86.66360474 72.51878357 -13.83421612
vn -0.1789655089 0.983782053 -0.01200749911
v -84.89425659 72.45227051 5.29834795
vn 0.2771711349 0.9607979655 0.006587341893
v -89.07307434 70.8806839 -14.06818581
vn -0.6021469831 0.4008500278 -0.6904623508
v -85.93282318 69.58763123 7.75
vn -0.2374806255 0.89430511 -0.3792377412
v -89.50833893 70.34697723 -13.8750267
vn -0.8965682983 0.4426912069 -0.01377397217
v -87.17368317 68.26641083 7.75
vn -0.7663437724 -0.6163850427 -0.1810711026
v -89.77854156 69.70918274 -13.85720634
vn -0.9637724757 0.2663339972 -0.01445066743
v -89.90000916 68.04795074 5.29834795
vn -0.9942835569 -0.1066342294 0.005420709495
v -85.08809662 72.42536926 -13.97703266
vn 0.1550630629 0.9876759052 -0.02125472762
v -83.66796875 65.36698151 -13.83318138
vn 0.5581561327 -0.8296402097 -0.01260520983
v -83.81404877 65.23286438 5.282233238
vn 0.5519378185 -0.8338496089 0.007716050372
v -82.93237305 71.18676758 -13.84473991
vn 0.7346277833 0.6783517599 -0.01268358529
v -87.81427002 65.30640411 5.625471592
vn -0.1039276272 -0.225125283 0.9687712193
v -87.66083527 67.57112122 11.75000668
vn -0.4758530259 -0.8674326539 0.1453427821
v -87.19717407 69.69975281 11.75000668
vn 0.1468387097 0.98458004 0.09508188814
v -82.87596893 66.10829163 -13.88045311
vn 0.7817460299 -0.6233603358 -0.01717692055
v -89.66867065 67.17678833 5.29834795
vn -0.9443867207 -0.3287928998 0.005382143427
v -86.42340088 72.31152344 -14.15060425
vn -0.03601880372 0.1556881964 -0.9871493578
v -89.35311127 66.59494781 5.385417938
vn -0.8597542048 -0.510022819 0.026447054
v -87.04999542 72.13350677 -14.18040085
vn 0.001574458438 0.1485650539 -0.9889013767
v -85.7738266 72.55355072 -13.90005112
vn 0.05070592836 0.9985690713 -0.01699219644
v -89.86808014 69.04312897 -13.91330242
vn -0.9973477125 0.07148244977 -0.01370414253
v -86.60849762 64.68871307 -13.85016632
vn -0.1253620386 -0.9920536876 -0.01066822466
v -85.95111847 68.60675049 -14.25
vn 0.0001476347534 -0.001408420387 -0.9999989867
v -83.11614227 66.27791595 -14.19929028
vn 0.06245478615 -0.07038299739 -0.9955629706
v -88.30331421 65.74333191 -14.1687088
vn -0.09346084297 -0.1118191108 -0.9893237948
v -89.5561142 68.98973846 -14.22068882
vn -0.08559907228 0.0003978384775 -0.9963296056
v -89.51200104 69.63241577 -14.1687088
vn -0.1486116052 0.04696079716 -0.9877799749
v -89.9226532 68.22335815 -13.80360222
vn -0.9982038736 -0.05873766914 -0.01178393979
v -86.49246216 67.04011536 7.75
vn 0.4936058819 -0.8651182652 -0.08901488036
v -89.02605438 70.45587158 -14.22634983
vn -0.09390317649 0.02461735532 -0.9952769279
v -84.78362274 64.81121826 -13.84473991
vn 0.3293944299 -0.9441440105 -0.009562869556
v -88.63547516 71.0868454 -14.20671368
vn -0.09417691827 0.111003384 -0.9893477559
v -82.09439087 67.69255829 -13.8750267
vn 0.984991312 -0.1720174253 -0.01421600487
v -86.1739502 67.35939789 7.75
vn 0.2561093569 -0.9528282285 -0.1628693342
v -82.39390564 66.86650085 -13.8750267
vn 0.8962928653 -0.4433179796 -0.01132809557
v -84.04882812 67.99280548 7.75
vn 0.8427707553 -0.5250000358 -0.1187954322
v -82.05976105 68.6459198 -14.0109663
vn 0.9983686805 -0.05181813985 -0.02397709154
v -82.55496979 70.61506653 -13.94645119
vn 0.8429697156 0.5376754999 -0.01752412319
v -84.67940521 72.36502838 -13.8750267
vn 0.279635638 0.9599170089 -0.01906042732
v -85.36605835 72.15287781 -14.22906303
vn 0.009163531475 0.1038557813 -0.9945501685
v -84.41265106 69.22354889 11.75000668
vn 0.1367113143 0.9904925227 0.01531571988
v -85.13423157 72.22123718 5.668708324
vn 0.03403742984 0.174111113 0.9841375947
v -85.46843719 67.43453979 11.75000668
vn 0.1722921133 -0.958419621 0.2274802476
v -85.95111847 68.60675049 11.8500042
vn 1.381103454e-18 6.324122023e-17 1
v -83.15437317 71.00485992 -14.18400002
vn 0.1125962138 0.0806523636 -0.990362227
v -85.06347656 67.2069397 7.75
vn -0.446498245 -0.8855592608 -0.1281565279
v -84.8791275 65.14459229 -14.21804047
vn 0.0004370312381 -0.1148106307 -0.9933872819
v -82.62940979 67.09796906 -14.20385933
vn 0.144997105 -0.05286883935 -0.9880185723
v -84.20759583 72.17068481 -13.88587856
vn 0.4355151951 0.9000903368 -0.01280236058
v -83.53965759 65.7930603 -14.1687088
vn 0.105543986 -0.1235562414 -0.9867088199
v -86.85569 67.21781158 11.75000668
vn -0.9607033134 0.0002644552442 0.2775771618
v -86.78059387 70.04177094 7.75
vn -0.9796105027 0.1911585778 -0.06181938201
v -86.84261322 67.01449585 7.75
vn -0.9720304012 -0.1910847276 -0.1365413368
v -89.68814087 68.34991455 -14.15408802
vn -0.1631681919 0.006996003445 -0.9865734577
v -86.49246216 67.04011536 11.75000668
vn 0.6646951437 -0.7467585802 0.02306612581
v -82.4088974 69.48425293 -14.20842743
vn 0.1276934445 0.03356690332 -0.9912455082
v -85.96115875 66.9492569 11.75000668
vn -0.7457696199 -0.6594625711 0.09453424811
v -87.15818024 68.99793243 7.75
vn -0.9779573083 0.07856068015 -0.1934625804
v -84.32339478 68.29387665 7.75
vn 0.6717788577 0.7386083007 -0.05631125718
v -84.44758606 67.90905762 11.75000668
vn 0.2959443033 -0.9384319186 0.1782204211
v -84.30908203 68.83267975 11.75000668
vn 0.6122214198 -0.7413768768 0.2748549581
v -82.88045502 66.75347137 5.729180336
vn 0.1035023928 -0.04444835335 0.9936355352
v -89.76543427 67.43410492 -13.81445408
vn -0.9546663165 -0.2975934148 -0.007096706424
v -84.18611145 68.14334106 11.75000668
vn 0.8146286607 0.5741077662 0.0823436752
v -86.57066345 70.32318115 7.75
vn 0.5023114681 0.8461682796 -0.1779955328
v -85.21147156 67.96222687 5.749997139
vn 0.3326558173 -0.3214350939 0.886577487
v -88.31137085 71.36066437 5.723814011
vn -0.0657158643 0.07667703927 0.994887948
v -84.86571503 69.26068878 11.75000668
vn 0.9975534081 0.05873954296 0.03790646419
v -86.93200684 68.62503815 7.75
vn -0.9510516524 -0.08736020327 -0.2964270413
v -86.67169189 69.26179504 5.749997139
vn -0.176226899 0.2552167773 0.9506884217
v -88.70243073 71.1486969 5.654086113
vn -0.1780375391 0.1065517813 0.9782378674
v -86.40843964 70.19991302 11.75000668
vn 0.6723408103 0.7202005982 0.1710816473
v -89.60163116 68.78114319 5.706711292
vn -0.122917518 -0.03210362047 0.9918975234
v -86.123909 64.99004364 5.723814011
vn 0.01331393141 -0.09974370897 0.9949240685
v -84.96346283 68.5453949 7.75
vn 0.9061869979 0.005511748139 -0.4228412509
v -85.09249878 69.0813446 5.749997139
vn 0.3394901156 0.1371004581 0.9305642843
v -84.41265106 69.22354889 7.75
vn 0.3342098594 0.9392448664 -0.0782488361
v -84.86571503 69.26068878 7.75
vn 0.7110186815 0.7014714479 -0.04889016226
v -82.52731323 70.12621307 5.654086113
vn 0.1851455569 0.08052092046 0.9794067144
v -88.44420624 65.57180786 5.449409962
vn -0.6617671251 -0.7493876219 0.02196410485
v -87.10393524 72.41934204 5.29834795
vn -0.2971811593 0.9547823668 0.00859947782
v -82.07676697 69.3316803 5.432783604
vn 0.9685727954 0.2464366704 0.03370089084
v -83.15935516 65.76623535 5.29834795
vn 0.701687932 -0.7124714255 0.004302456509
v -82.15808868 67.39650726 5.285028934
vn 0.9537534118 -0.3004812002 0.008091579191
v -82.55173492 70.61698914 5.425080299
vn 0.8425037265 0.5383380055 0.01948453858
v -82.01540375 69.16329193 -13.84473991
vn 0.9860475063 0.1660924554 -0.01111848094
v -87.93093872 72.06193542 5.313483238
vn -0.5052548051 0.8628938794 0.01147743966
v -82.33034515 70.29401398 5.282233238
vn 0.9267510176 0.3756034672 0.007385749836
v -87.66083527 67.57112122 7.75
vn -0.9891141057 -0.01643586904 -0.1462296844
v -86.02800751 64.85868073 -14.14713192
vn 0.007180871908 -0.137875706 -0.9904235005
v -86.54029083 65.0612793 -14.22906303
vn 0.006055484992 -0.1321860403 -0.9912064075
v -86.20053101 72.32897949 5.660336018
vn -0.06267224997 0.1773488075 0.9821504951
v -82.3392868 70.24984741 -13.8750267
vn 0.8896977901 0.4563519061 -0.01344696619
v -89.45510101 66.78102875 -13.91073895
vn -0.8626397252 -0.505523026 -0.01729554683
v -85.66423798 64.65512848 -13.88045311
vn 0.05665770918 -0.9982374907 -0.01765738055
v -82.17799377 69.77298737 -13.92507553
vn 0.9585145116 0.2843562961 -0.01978425123
v -84.55177307 71.94622803 5.723814011
vn 0.03625848517 0.075378865 0.9964955449
v -82.77635956 66.29434204 5.449409962
vn 0.8133245111 -0.5807836652 0.03454840183
v -86.67169189 69.26179504 7.75
vn -0.7094454765 0.5586917996 -0.4295935333
v -84.96346283 68.5453949 5.749997139
vn 0.3285367191 -0.06821705401 0.9420244694
v -86.93200684 68.62503815 5.749997139
vn -0.3958561122 0.0634874627 0.9161153436
v -85.46843719 67.43453979 7.75
vn 0.7760083079 -0.6187455058 -0.1223319918
v -83.80389404 65.78004456 5.736372948
vn 0.03344547749 -0.0838663727 0.9959155917
v -83.947258 71.72386169 5.668708324
vn 0.1151802018 0.1839993745 0.9761545658
v -89.11283112 66.23968506 5.401533604
vn -0.8186835647 -0.5741916895 0.007817382924
v -84.16397858 68.97570801 7.75
vn 0.7738597989 -0.6173707843 -0.1414013952
v -84.66729736 72.25198364 5.584357738
vn 0.2361925244 0.7140026093 0.6591004133
v -87.94933319 68.65986633 11.75000668
vn -0.9759567976 -0.216581732 0.02450847067
v -84.54419708 71.96289062 -14.21213913
vn 0.04606209695 0.1294237524 -0.9905189276
v -86.95637512 65.11385345 5.71526289
vn -0.08007493615 -0.1240687966 0.9890373945
v -88.95822144 66.04431152 -13.90005112
vn -0.7505091429 -0.6607195139 -0.01362980809
v -87.85814667 65.21672058 -14.02165508
vn -0.4119305015 -0.9110770822 -0.01587015763
v -89.61521912 67.46796417 -14.10146332
vn -0.64891994 -0.2289832085 -0.725582242
v -82.35721588 68.64218903 -14.22906303
vn 0.06153068691 -0.02361661382 -0.9978257418
v -87.25349426 67.58148193 7.75
vn 0.06806710362 -0.9958018064 -0.06120148674
v -88.33500671 65.41657257 -13.83040428
vn -0.6136540771 -0.7895192504 -0.009380302392
v -89.73235321 67.89923096 5.596857548
vn -0.7468274236 -0.1609860063 0.6452381611
v -87.40028381 69.71575165 7.75
vn -0.0704151392 0.9933388829 -0.09121152014
v -85.47981262 64.90962219 5.664939404
vn 0.07122957706 -0.1765605062 0.9817090631
v -85.67095947 67.65766907 5.749997139
vn 0.05824561045 -0.3383065164 0.9392316937
v -84.63990021 65.11797333 5.664939404
vn 0.02089481987 -0.132962212 0.9909008145
v -85.55954742 66.99614716 7.75
vn 0.9532192349 -0.2940806746 -0.06992606074
v -87.62886047 71.86222839 5.699007988
vn -0.06457290798 0.1252944916 0.9900159836
v -86.11685944 69.86426544 7.75
vn -0.3370355666 0.9403966069 -0.04540078714
v -84.21575928 72.15401459 5.412386894
vn 0.4616199136 0.8869687915 0.01390794013
v -86.74237823 69.60334015 11.75000668
vn -0.2128809392 0.9728471041 0.09083060175
v -85.89466858 64.66576385 5.432783604
vn -0.0257446114 -0.9995869994 0.01276690606
v -87.60339355 69.73175049 11.75000668
vn -0.9316751361 0.3448629379 0.1142409146
v -87.94870758 65.16156006 5.29834795
vn -0.450968951 -0.8925248981 0.005124343093
v -82.00619507 68.42134857 5.425080299
vn 0.9963430166 -0.08508887887 0.007774545345
v -82.82151031 70.4574585 5.717564583
vn 0.1285598427 0.02500172518 0.9913865328
v -88.30542755 71.77464294 -13.90675163
vn -0.6397559643 0.7685136199 -0.009955609217
v -82.17799377 69.77298737 5.425080299
vn 0.9663237929 0.2567965388 0.01654816791
v -89.60336304 70.11058044 5.401533604
vn -0.9086223841 0.4166133106 0.02895988524
v -89.72410583 69.45781708 5.564106941
vn -0.7019069791 0.1641288251 0.693100512
v -87.59030151 68.85257721 11.75000668
vn -0.3917128444 0.9047094584 0.167516619
v -89.53672791 67.25912476 5.601460934
vn -0.5838341117 -0.2813991606 0.7615459561
v -85.87307739 70.26241302 11.75000668
vn -0.828676641 0.5570312738 0.05487368628
v -87.61671448 71.83867645 -14.21756554
vn -0.02091451548 0.08057723939 -0.9965289235
v -85.98949432 72.28161621 -14.19929028
vn -0.06013208255 0.09083997458 -0.9940484166
v -82.72466278 70.26953888 -14.21756554
vn 0.100546658 0.06141445041 -0.993035078
v -89.17758179 66.94394684 -14.21756554
vn -0.07375950366 -0.05977465585 -0.9954830408
v -88.16582489 71.52056885 -14.20654297
vn -0.08053189516 0.1029650718 -0.9914196134
v -89.39482117 67.75312805 -14.24337864
vn -0.07021015137 0.0234641023 -0.9972562194
v -84.07871246 65.4392395 -14.19740582
vn 0.08380098641 -0.07948021591 -0.9933077693
v -82.27415466 67.99790192 -14.16493988
vn 0.116930373 -0.03782182932 -0.9924196601
v -83.56723785 71.79691315 -13.83040428
vn 0.5701668859 0.8215138316 -0.004973493516
v -85.21147156 67.96222687 11.80000496
vn 0.0393515341 -0.05328043178 0.9978039265
v -87.4464035 65.29738617 -14.21229267
vn -0.05966133252 -0.07952135801 -0.9950461984
v -83.46890259 71.141716 5.740559578
vn 0.0196361281 0.04774654284 0.9986664653
v -88.71392059 66.23817444 -14.21213913
vn -0.08391553164 -0.09830224514 -0.9916122556
v -86.1739502 67.35939789 11.75000668
vn -0.5552706122 -0.8301784992 0.04978109524
v -84.91486359 67.87827301 7.75
vn 0.9945827723 -0.09872526675 -0.03253370523
v -88.50469208 71.59095001 5.449409962
vn -0.6841768622 0.7291324735 0.01636740938
v -82.92359924 71.19343567 5.314462662
vn 0.7838724256 0.6209009886 0.005093024112
v -81.97581482 68.99037933 5.282233238
vn 0.9998035431 0.01872276329 0.006510449573
v -89.79927826 67.88670349 -13.97703266
vn -0.9738733172 -0.2265099883 -0.01624880545
v -87.55393982 72.20919037 -13.92507553
vn -0.4075815082 0.9129866958 -0.01823825017
v -84.69033813 68.57627106 7.75
vn 0.9547488689 0.295311749 -0.03529277071
v -87.01919556 64.81027985 5.413306713
vn -0.3301816285 -0.9438484311 0.01141113602
v -85.25367737 64.68041229 5.29834795
vn 0.1921358258 -0.9813224673 0.009487851523
v -82.44271088 69.37267303 5.726055622
vn 0.100690335 0.02368021011 0.9946359396
v -89.23066711 70.84101868 5.328960419
vn -0.784335494 0.6202798486 0.008409964852
v -83.56381989 71.80140686 5.29834795
vn 0.6315177679 0.7752737403 0.01165864617
v -86.2664566 67.66877747 5.749997139
vn -0.145200491 -0.3374444842 0.9300795794
v -86.71429443 67.99024963 5.749997139
vn -0.3219240606 -0.1832115054 0.9288694263
v -83.69010925 71.71094513 -14.09685802
vn 0.4281390607 0.5619089007 -0.7077819705
v -88.80651093 65.84315491 5.376962662
vn -0.7072148919 -0.7067976594 0.01685642265
v -84.59774017 65.00580597 -14.09685802
vn 0.3275964856 -0.7147151828 -0.6179504395
v -87.22283936 64.84844971 -13.8750267
vn -0.385858655 -0.9221507907 -0.02740459703
v -83.85609436 71.48307037 -14.24056053
vn 0.03608583659 0.02300448902 -0.9990838766
v -84.33891296 64.98606873 5.363424778
vn 0.398075223 -0.9171782732 0.01789240353
v -85.71932983 66.62130737 7.75
vn -0.127517283 -0.9849624038 -0.1165692508
v -89.0681076 70.60807037 5.676686764
vn -0.1357044727 0.1181565821 0.9836784601
v -86.37546539 64.70217896 5.449409962
vn -0.1280573308 -0.9913184047 0.02981939353
v -89.37454987 69.70236969 5.728000641
vn -0.08030411601 0.04163040221 0.9959006906
v -85.5245285 72.53256989 5.412386894
vn 0.1136688143 0.9933766723 0.01679821685
v -100.7098236 64.76161194 8.750006676
vn -0.2295897752 -0.4111953676 -0.8821603656
v -85.60149384 75.02140045 11.74999619
vn 0.9854430556 -0.1595394015 0.0587294735
v -97.86999512 78.58188629 -8.185758591
vn -0.05813839659 0.1328396946 -0.9894309044
v -99.14731598 78.17724609 20.74999809
vn -0.7001301646 0.5420150757 0.4647982121
v -86.43515778 71.69514465 11.74999619
vn 0.9465418458 -0.3122843802 0.08085184544
v -89.9908905 66.85377502 8.750006676
vn 0.286195755 -0.3554050326 -0.8898198009
v -86.67131042 70.82523346 11.74999619
vn 0.918314755 -0.3956648707 0.01213652454
v -95.10977936 73.97942352 8.750006676
vn 0.476297915 -0.5350398421 -0.6977626085
v -85.7589035 77.90371704 11.74999619
vn 0.178497389 0.002699633827 0.9839366674
v -89.0613327 83.85650635 11.74999619
vn 0.09432622045 0.08940460533 0.9915187359
v -87.102211 82.14380646 8.750006676
vn 0.4298208356 0.2066466957 -0.8789489269
v -90.17818451 85.20006561 8.750006676
vn 0.2566586137 0.2530120909 -0.9327975512
v -96.31713867 78.74589539 11.74999619
vn 0.2846027613 0.5023672581 0.816473186
v -104.7661896 84.72528076 11.74999619
vn -0.08052777499 0.06959863752 0.9943194985
v -100.1494141 75.74800873 8.750006676
vn -0.726747632 0.01212089416 -0.6867976189
v -107.7362671 71.71540833 11.74999619
vn -0.1337427199 -0.07026216388 0.988522172
v -108.007637 71.49025726 8.750006676
vn -0.1699593067 -0.0964134261 -0.9807233214
v -87.6572876 69.04184723 8.750006676
vn 0.4432660043 -0.8934484124 -0.07256147265
v -108.3592072 72.73075867 8.750006676
vn -0.3498270512 -0.05098442361 -0.9354258776
v -108.8749466 77.80010986 8.750006676
vn -0.4740734398 0.05702844635 -0.878636539
v -87.16474915 70.42830658 8.750006676
vn 0.1437323689 -0.04471437633 -0.9886059165
v -88.84621429 68.12206268 8.750006676
vn 0.3589707315 -0.2130096406 -0.9087171555
v -95.7747345 87.59867859 8.750006676
vn 0.07824691385 0.4138195217 -0.9069899917
v -85.58516693 75.27345276 8.750006676
vn 0.4210103452 -0.05194652453 -0.9055671096
v -96.62561035 87.32062531 11.74999619
vn -0.01156160329 0.0756958127 0.9970639348
v -89.42137146 84.62789917 8.750006676
vn 0.2637102604 0.3398190737 -0.9027623534
v -99.04323578 64.43885803 11.74999619
vn 0.03282601386 -0.3145000339 0.9486896992
v -96.60179901 78.83615875 -7.933821678
vn 0.2329532653 0.9722625017 -0.02093718946
v -98.51358795 87.27656555 11.74999619
vn -0.001187592628 0.06577124447 0.9978340268
v -102.9057007 66.090065 8.750006676
vn -0.2057601362 -0.2595130205 -0.9435654283
v -92.99961853 86.71757507 11.74999619
vn 0.01353479736 0.06971720606 0.9974749684
v -86.84883118 71.4953537 8.750006676
vn 0.367605716 -0.1511808038 -0.9176112413
v -99.66564178 74.51443481 -7.974716187
vn -0.8895759583 -0.4433657527 -0.1099155396
v -107.5376358 70.59735107 8.750006676
vn -0.4351379871 -0.238158226 -0.8682946563
v -98.16239929 73.27522278 20.74999809
vn -0.1285536587 -0.945104003 0.3004204035
v -107.9717102 71.17266846 11.74999619
vn -0.9284826517 -0.3638990521 0.07414487749
v -85.6860733 74.30006409 8.750006676
vn 0.3773528636 -0.02666652203 -0.9256855249
v -100.0699463 75.44190216 20.74999809
vn -0.9204543233 -0.3766444623 0.1044163331
v -101.061615 65.23982239 11.74999619
vn -0.02608176135 -0.05317105725 0.9982447624
v -99.94015503 87.54721832 8.750006676
vn -0.1533452421 0.9878956079 0.02339830622
v -100.8645782 87.11821747 11.74999619
vn -0.1761565357 0.4709339738 0.8644015789
v -93.39907837 64.98097229 8.750006676
vn 0.1136568412 -0.4009519815 -0.9090212584
v -97.10597229 73.12047577 8.750006676
vn -0.01438040752 -0.6662179828 -0.745618403
v -85.65524292 76.31217194 11.74999619
vn 0.07174218446 0.01762296632 0.9972674847
v -104.9899979 67.04839325 11.74999619
vn -0.4820919633 -0.873157084 0.07200015336
v -104.6829605 67.12765503 8.750006676
vn -0.2269436717 -0.2546218932 -0.9400341511
v -102.6452942 65.5530014 11.74999619
vn -0.2427613139 -0.9620006084 0.1249872893
v -87.98439789 83.06003571 11.74999619
vn 0.3044574857 0.1910086423 0.9331780672
v -102.7419815 86.41757202 11.74999619
vn -0.5032269955 0.8629303575 0.04597621039
v -103.8970718 85.60583496 11.74999619
vn -0.4449290335 0.8889131546 0.1089568064
v -94.36800385 76.65022278 -7.861708164
vn 0.9867222905 0.1617332995 -0.01488069724
v -94.41575623 76.83961487 8.750006676
vn 0.5844560862 0.2603055239 -0.7685389519
v -103.2918243 86.00058746 8.750006676
vn -0.2748968005 0.4260781407 -0.8619101644
v -96.75442505 64.17201996 11.74999619
vn 0.3455022871 -0.9362854958 0.06322722882
v -96.35339355 64.61994934 8.750006676
vn 0.1881633997 -0.4090957046 -0.8928803205
v -96.35339355 64.61994934 11.74999619
vn 0.03516536206 -0.3436627686 0.9384344816
v -94.37338257 64.85578918 11.74999619
vn 0.04869770631 -0.1166746691 0.9919756055
v -101.9925003 65.34278107 8.750006676
vn -0.05621019006 -0.2126669437 -0.9755066037
v -108.3489151 71.89065552 11.74999619
vn -0.8091745377 -0.5772351623 0.1097092107
v -108.747406 74.6359024 8.750006676
vn -0.3937957585 0.01537785307 -0.9190693498
v -108.5418167 73.58548737 8.750006676
vn -0.2204381526 -0.09497139603 -0.9707664251
v -108.5619125 78.48878479 8.750006676
vn -0.4253918529 0.1276489496 -0.8959617615
v -108.5049896 79.68224335 8.750006676
vn -0.4729177058 0.02148429491 -0.8808446527
v -108.1582413 80.61200714 11.74999619
vn -0.9963614345 0.02010923624 0.08282189071
v -106.964592 81.82920074 11.74999619
vn -0.09180321544 0.04368546233 0.994818449
v -105.4050369 84.36090851 11.74999619
vn -0.1526596695 0.1816256493 0.9714459181
v -107.0415192 81.88357544 8.750006676
vn -0.3719729781 0.1562715471 -0.9149947166
v -91.41047668 86.13431549 11.74999619
vn 0.5319826007 0.8466908932 -0.01044252515
v -85.7755127 77.09237671 8.750006676
vn 0.4687185287 0.06039292365 -0.8812806606
v -98.46253967 64.55847931 8.750006676
vn -0.03534138203 -0.3493682444 -0.9363187551
v -87.70237732 82.67150879 8.750006676
vn 0.3525808752 0.2770913839 -0.8938160539
v -106.2098236 83.34854126 8.750006676
vn -0.2522912323 0.189142704 -0.9489858747
v -88.27588654 69.0853653 8.750006676
vn 0.07783470303 -0.09327077121 -0.9925937057
v -94.33612061 64.69702911 8.750006676
vn 0.18517676 -0.4715359509 -0.8621852398
v -87.13498688 70.13716888 11.74999619
vn 0.9025389552 -0.4214660823 0.0882595107
v -95.60935211 78.46088409 8.750006676
vn 0.3656831682 0.5879254341 -0.7215396762
v -93.60224152 87.06160736 11.74999619
vn 0.1675427854 0.4468281567 0.878791213
v -98.5617981 87.45132446 8.750006676
vn -0.0536281988 0.492693007 -0.8685491681
v -101.7512589 65.13735962 11.74999619
vn -0.2942202091 -0.9539421201 0.05855650827
v -100.2659302 87.19451904 11.74999619
vn -0.06756842136 0.2517993152 0.9654178619
v -96.8174057 64.2461319 8.750006676
vn -0.05405746773 -0.4323650301 -0.9000768065
v -107.4806671 81.62710571 11.74999619
vn -0.7594917417 0.6482490897 0.05427224189
v -108.0643616 80.63743591 8.750006676
vn -0.8805795908 0.4706761837 -0.05516823381
v -94.40956879 76.57920837 20.74999809
vn 0.9204528332 0.3766480684 0.1044167057
v -95.61418915 64.53607941 8.750006676
vn -0.09611582756 -0.4976080954 -0.8620603085
v -89.04238892 84.45941925 11.74999619
vn 0.7970888615 0.6009854078 0.05887173861
v -88.92620087 83.9777298 8.750006676
vn 0.3430284262 0.337474525 -0.8766084909
v -88.364151 83.74385071 11.74999619
vn 0.598713696 0.7989717722 0.05644516647
v -86.20676422 79.84277344 11.74999619
vn 0.9573066235 0.288957864 -0.008205815218
v -92.93713379 86.86888885 8.750006676
vn 0.08924437314 0.393850714 -0.9148316979
v -99.14731598 78.17724609 11.74999619
vn -0.2595431507 0.4411894083 0.8590630293
v -87.31015778 81.66127014 11.74999619
vn 0.1281708777 0.07432299852 0.9889632463
v -92.41065216 86.83027649 11.74999619
vn 0.3099862933 0.9467259645 0.08728344738
v -103.1953278 85.86849213 11.74999619
vn -0.5559376478 0.7910900116 0.2551664412
v -100.0699463 75.44190216 11.74999619
vn -0.4180183709 -0.00340918079 0.9084321856
v -98.31994629 73.75819397 -8.231245995
vn -0.1063670069 -0.1085168198 -0.9883876443
v -94.68672943 76.66493988 -8.166705132
vn 0.1653661579 0.004146195482 -0.9862235188
v -95.5221405 87.56226349 11.74999619
vn 0.2211600244 0.9696529508 0.1042180806
v -95.7509079 78.18744659 -8.182065964
vn 0.09149482846 0.1299667656 -0.987287879
v -106.4890671 68.95400238 11.74999619
vn -0.770545125 -0.5919408798 0.2363604605
v -95.54190826 64.45559692 11.74999619
vn -0.05508914217 -0.3241786659 0.9443904757
v -105.8515015 68.50113678 11.74999619
vn -0.6180794835 -0.6659990549 0.4176397324
v -99.01341248 87.64818573 11.74999619
vn -0.02370122448 0.998434186 0.05066969618
v -92.8881073 64.99012756 11.74999619
vn 0.4005337656 -0.9161086679 0.01782259904
v -105.7837524 67.91238403 11.74999619
vn -0.8206948042 -0.5707427859 0.02669544891
v -104.871109 84.85153198 8.750006676
vn -0.3657674193 0.3397509754 -0.8664776087
v -86.73458099 81.49031067 11.74999619
vn 0.7738153934 0.6321802139 0.03947049752
v -88.78192902 67.71287537 11.74999619
vn 0.8407790661 -0.5409850478 0.02063497342
v -96.19129181 73.26493835 -7.864941597
vn 0.4092090726 -0.9123997688 -0.008635848761
v -100.3941803 64.76333618 11.74999619
vn -0.1301644593 -0.3119106293 0.9411529899
v -103.1058426 66.01350403 11.74999619
vn -0.6338461637 -0.7528883219 0.1771952659
v -108.9232178 74.0398941 8.750006676
vn -0.9832171202 -0.1788828075 -0.03584801406
v -85.65132141 73.54187012 8.750006676
vn 0.9696605206 -0.2437294871 -0.01882605255
v -97.48630524 64.49848175 8.750006676
vn 0.05696080625 -0.3554728925 -0.9329493642
v -86.2864151 72.44703674 11.74999619
vn 0.82464993 -0.3494637609 0.4447781742
v -85.9302063 73.09709167 11.74999619
vn 0.9105287194 -0.4112371206 0.04267835245
v -93.63486481 64.89959717 11.74999619
vn 0.1693533212 -0.9807446003 0.09726013243
v -99.27089691 73.88057709 8.750006676
vn -0.4162128568 -0.4555033445 -0.7869457006
v -108.8660965 75.56458282 11.74999619
vn -0.5341091156 -0.03701296821 0.8446049094
v -98.16239929 73.27522278 11.74999619
vn -0.1983320266 -0.3500865698 0.9154800773
v -95.33220673 73.84386444 20.74999809
vn 0.7001282573 -0.5420171022 0.4647987187
v -94.40956879 76.57920837 11.74999619
vn 0.410710305 0.003350609681 0.9117597342
v -86.03422546 73.0562439 8.750006676
vn 0.2839523852 -0.1757386476 -0.9425958991
v -86.23088837 71.84101868 8.750006676
vn 0.8928095102 -0.4405658245 -0.09377042949
v -90.94296265 85.7424469 11.74999619
vn 0.07551178336 0.1732605249 0.9819769859
v -91.89841461 65.91654205 11.74999619
vn 0.03885764629 -0.1476714015 0.9882728457
v -95.08982086 74.20137024 -7.996217251
vn 0.7030548453 -0.6575607657 -0.2707909644
v -96.31713867 78.74589539 20.74999809
vn 0.1285539567 0.9451037645 0.3004209101
v -99.36974335 78.04169464 8.750006676
vn -0.4699847996 0.4350116551 -0.7680358887
v -107.9252472 80.059021 8.750006676
vn -0.1253622025 0.05376655981 -0.990653038
v -108.679512 77.34714508 11.74999619
vn -0.4173186719 0.03134191781 0.9082195759
v -87.24676514 70.66378784 11.74999619
vn 0.7060759664 -0.5575956702 0.4365132451
v -87.7322464 69.84127808 11.74999619
vn 0.8240068555 -0.4516033232 0.3421507776
v -88.11726379 68.44970703 11.74999619
vn 0.8195080757 -0.5635662675 0.1039208323
v -86.56468964 80.74879456 11.74999619
vn 0.9054290652 0.4128850698 0.09861069173
v -89.71607208 84.73146057 11.74999619
vn 0.2395466417 0.3179739416 0.9173385501
v -99.11821747 64.57341766 8.750006676
vn -0.02367202565 -0.4376754463 -0.8988213539
v -101.5346375 86.87082672 8.750006676
vn -0.198928833 0.4662497044 -0.8619968295
v -87.05080414 81.53112793 8.750006676
vn 0.5031769872 0.2196465582 -0.8358039856
v -86.36039734 80.50717163 8.750006676
vn 0.4811740816 0.2152628154 -0.8497843146
v -87.37975311 69.7507782 8.750006676
vn 0.9143601656 -0.3987776339 -0.07015600801
v -86.03979492 79.1663208 8.750006676
vn 0.4572173953 0.2017889023 -0.8661602139
v -108.2223434 79.15253448 8.750006676
vn -0.4210993052 0.1371676624 -0.8965826035
v -104.4076233 66.57613373 8.750006676
vn -0.8133792877 -0.5817303658 -0.001986885443
v -102.7338791 65.51287842 8.750006676
vn -0.3115538061 -0.3543669283 -0.8816792369
v -105.3813477 84.15139771 8.750006676
vn -0.1476770639 0.1904114634 -0.9705333114
v -108.4263229 72.6473465 11.74999619
vn -0.686968863 -0.07312025875 0.7229987383
v -91.80270386 86.24562836 8.750006676
vn 0.1879093945 0.2627922893 -0.9463774562
v -91.6197052 65.77360535 8.750006676
vn 0.1906844825 -0.4399421811 -0.8775479198
v -91.3201828 65.74678802 11.74999619
vn 0.4539591968 -0.8888937235 0.06155500934
v -92.11233521 86.32223511 11.74999619
vn 0.6411767006 0.7543156743 0.1410684288
v -106.5139923 82.68577576 11.74999619
vn -0.1642422825 0.1636484265 0.9727505445
v -103.7110825 66.28767395 8.750006676
vn -0.1591625512 -0.4017542601 -0.901809752
v -96.23751068 87.81658173 11.74999619
vn -0.07615576684 0.9945944548 0.07058487833
v -89.43232727 67.32557678 11.74999619
vn 0.05103207752 -0.06625077873 0.9964971542
v -104.3135681 66.60092163 11.74999619
vn -0.5901502371 -0.7992290258 0.1138230488
v -106.9970627 69.75289154 11.74999619
vn -0.8040813208 -0.5826114416 0.1183942184
v -97.01386261 87.69800568 11.74999619
vn 0.1462766826 0.9871398807 0.06448221952
v -104.1038208 85.46125031 8.750006676
vn -0.2272571474 0.3557670712 -0.9065229893
v -97.23903656 64.49571991 11.74999619
vn -0.04955383018 -0.2689656913 0.9618741274
v -101.9717026 65.71031952 11.74999619
vn -0.1126148924 -0.2422277778 0.9636615515
v -108.6668625 73.59200287 11.74999619
vn -0.0795160681 -0.02383828722 0.9965485334
v -108.7723923 77.16485596 8.750006676
vn -0.4727312922 0.05380359665 -0.8795625567
v -92.19007111 86.72908783 8.750006676
vn 0.6194717288 0.7845421433 -0.02735727653
v -108.6553726 78.88526917 11.74999619
vn -0.9184637666 0.3954102993 0.008659088984
v -107.5554733 81.38808441 8.750006676
vn -0.3026704192 0.1850738376 -0.93495363
v -107.6587143 80.90930939 11.74999619
vn -0.8132523894 0.546451807 0.2000274211
v -108.4274216 79.91220093 11.74999619
vn -0.7735282779 0.6265264153 0.09549163282
v -94.80905151 87.43435669 8.750006676
vn 0.09768746793 0.4415377975 -0.8919089437
v -99.79764557 76.21933746 -8.218745232
vn -0.1195443869 -0.003490349744 -0.9928227067
v -95.12342834 78.04872131 -7.813476086
vn 0.7433243394 0.6686956882 -0.01774955168
v -107.5062637 70.0956955 11.74999619
vn -0.8546899557 -0.5190787911 0.007894614711
v -85.92420959 78.9056015 11.74999619
vn 0.2110277116 0.06711591035 0.9751731753
v -90.66649628 85.77643585 8.750006676
vn 0.4684215784 0.882592082 -0.04015507922
v -91.25537872 85.74680328 8.750006676
vn 0.1447815597 0.2696540058 -0.9520110488
v -87.54288483 82.36021423 11.74999619
vn 0.3723472059 0.2463160157 0.8948105574
v -108.4309616 72.1190567 8.750006676
vn -0.9762012959 -0.2096795738 -0.05536701158
v -90.18345642 66.70245361 11.74999619
vn 0.1753646731 -0.2544287741 0.9510589838
v -97.45014191 73.10639191 -7.926176548
vn -0.09536364675 -0.9947330952 -0.03757414222
v -86.39569092 72.41363525 8.750006676
vn 0.3621392846 -0.06358870864 -0.9299525023
v -96.53779602 73.4980545 -8.211943626
vn 0.08680769056 -0.1275029033 -0.9880321026
v -97.23978424 76.01056671 -8.249999046
vn -0.002520391019 -0.00208166847 -0.9999946356
v -101.1694183 65.27872467 8.750006676
vn -0.1027966738 -0.4235379994 -0.9000269175
v -107.4514999 70.68252563 11.74999619
vn -0.8794703484 -0.3800886869 0.2864689231
v -86.36081696 79.78443909 8.750006676
vn 0.3176293373 0.0759460628 -0.945168674
v -85.72641754 74.04911041 11.74999619
vn 0.5989809036 -0.06563770026 0.7980686426
v -108.8289948 74.56272125 11.74999619
vn -0.4028121233 -0.003672586288 0.9152753353
v -85.56266785 76.25085449 8.750006676
vn 0.2350755036 0.04460244626 -0.9709532261
v -87.68404388 69.13535309 11.74999619
vn 0.8646841645 -0.4795829654 0.1494037956
v -104.3741379 67.20452118 11.74999619
vn -0.279087007 -0.265892446 0.922719717
v -108.7897415 75.50602722 8.750006676
vn -0.3246158063 -0.03360823914 -0.9452486634
v -102.4305573 86.47431183 8.750006676
vn -0.08136989921 0.197886914 -0.9768416882
v -88.23893738 83.45217896 8.750006676
vn 0.1725974828 0.1390808374 -0.9751238823
v -103.622879 66.42391968 11.74999619
vn -0.4306067526 -0.8853319287 0.1754001826
v -85.79868317 77.86586761 8.750006676
vn 0.4701874852 -0.02397197112 -0.8822409511
v -106.7807007 69.35478973 8.750006676
vn -0.3397184908 -0.1853746623 -0.9220778346
v -108.9157867 76.26230621 8.750006676
vn -0.4720303714 -0.004539987072 -0.8815705776
v -101.4727859 86.72033691 11.74999619
vn -0.1367202252 0.2893848419 0.9473985434
v -94.4693222 75.0753479 -7.915506363
vn 0.9300740957 -0.3662293553 -0.02895152569
v -92.49187469 65.34095764 8.750006676
vn 0.09904634953 -0.17425704 -0.9797062278
v -106.5474396 82.79226685 8.750006676
vn -0.2779355049 0.1683956683 -0.9457244277
v -107.0750046 82.47957611 11.74999619
vn -0.9647333622 0.2413328737 0.1051095277
v -106.5220184 83.37443542 11.74999619
vn -0.8626927733 0.5051522851 0.02413190715
v -107.1056595 82.57188416 8.750006676
vn -0.725176692 0.6862822175 -0.05599562824
v -105.9670181 83.64019012 11.74999619
vn -0.2317724377 0.1885446757 0.9543230534
v -105.4093475 67.72502136 8.750006676
vn -0.2898678482 -0.3217899799 -0.901347816
v -106.3551254 68.56137085 8.750006676
vn -0.6477851272 -0.7616531849 -0.01609043777
v -97.97052765 87.66702271 11.74999619
vn -0.1035532057 0.37223804 0.9223424196
v -105.129097 67.62135315 11.74999619
vn -0.6133707166 -0.6380409002 0.4654891789
v -96.74565887 87.68148041 8.750006676
vn -0.005974749103 0.4331434369 -0.9013051987
v -98.72509766 73.50680542 -7.883003712
vn -0.4443406165 -0.8958083987 -0.009419949725
v -97.72590637 87.67963409 8.750006676
vn -0.04345634207 0.4614208043 -0.8861164451
v -100.610466 87.19377899 8.750006676
vn -0.1069915146 0.3117462397 -0.9441223741
v -95.02485657 64.37093353 8.750006676
vn 0.02848675661 -0.4666779935 -0.8839684129
v -105.7754364 68.41043091 8.750006676
vn -0.2203049511 -0.1566814631 -0.9627650976
v -99.44429016 77.75501251 -8.01276207
vn -0.8602874875 0.4996474385 -0.1012813821
v -100.1308365 76.23284912 -7.902673244
vn -0.9975140095 0.067916058 -0.01879242994
v -88.25801086 68.54055023 8.750006676
vn 0.4464649558 -0.2829910517 -0.8488728404
v -88.28131866 69.05983734 11.74999619
vn 0.738937676 -0.6436825395 0.199107945
v -89.24710083 67.49586487 8.750006676
vn 0.2958036065 -0.3207267821 -0.8997969627
v -102.1111908 86.5292511 11.74999619
vn -0.06031871215 0.1867576689 0.9805524945
v -86.87147522 80.81995392 8.750006676
vn 0.2704274654 0.1823381931 -0.9453157187
v -104.5909271 85.30285645 11.74999619
vn -0.6729651093 0.738951087 0.03270005062
v -90.17160797 85.30810547 11.74999619
vn 0.2871232331 0.3102488816 0.9062592983
v -90.77919769 66.28038025 8.750006676
vn 0.3043867648 -0.4134877324 -0.8581238985
v -97.92447662 64.25847626 11.74999619
vn 0.09813826531 -0.9921144843 0.07795973867
v -107.8265915 80.06256866 11.74999619
vn -0.05535926297 0.02129447088 0.998239398
v -97.9890976 64.18579102 8.750006676
vn -0.2971559763 -0.9539005756 -0.04209502786
v -99.92842865 64.68964386 8.750006676
vn -0.09997272491 -0.4299488962 -0.8973011971
v -85.64909363 78.46874237 8.750006676
vn 0.5099463463 0.09001686424 -0.8554832935
v -108.6374435 78.12263489 11.74999619
vn -0.2473423332 0.0374516435 0.9682040811
v -92.47754669 65.44223785 11.74999619
vn 0.1583330482 -0.2169118375 0.9632652402
v -94.7869339 64.41874695 11.74999619
vn 0.3632701933 -0.9289554954 0.07124945521
v -90.87273407 66.36283112 11.74999619
vn 0.6366505027 -0.757267952 0.1456757635
v -108.9085312 76.51393127 11.74999619
vn -0.4494654536 0.05523572117 0.8915883899
v -99.71379852 64.42324829 11.74999619
vn -0.1997579485 -0.9795765281 -0.02294701152
v -85.73943329 77.18235016 11.74999619
vn 0.415777564 0.022297794 0.9091929793
v -98.38322449 64.64549255 11.74999619
vn -0.03971165419 -0.1143238991 0.9926494956
v -88.79560089 68.31199646 11.74999619
vn 0.6497840881 -0.7046485543 0.2850458324
v -85.39411163 75.75159454 11.74999619
vn 0.9997324347 0.01377136167 0.01858370751
v -106.0376587 83.9467926 8.750006676
vn -0.7383186817 0.6738145351 -0.02931713127
v -108.2010803 79.26123047 11.74999619
vn -0.979011178 -0.03439692408 0.2008829266
v -94.56374359 87.37889862 11.74999619
vn 0.0824252665 0.2990105748 0.9506832957
v -97.56584167 78.93561554 8.750006676
vn -0.05683820322 0.6166697145 -0.7851673961
v -98.13574982 78.76551819 -7.876508713
vn -0.3907713592 0.9203925729 -0.01324027311
v -107.0981522 70.05509186 8.750006676
vn -0.3319751918 -0.2651308775 -0.9052613378
v -95.33220673 73.84386444 11.74999619
vn 0.147400558 -0.2505640388 0.956812799
v -93.90093231 87.15543365 8.750006676
vn 0.07294598967 0.2341374457 -0.9694629908
v -94.33544922 75.30582428 8.750006676
vn 0.6760069728 -0.1213573217 -0.7268335223
v -86.76877594 70.82881165 8.750006676
vn 0.3514973521 -0.2550417185 -0.9007793069
v -99.6390686 87.27350616 11.74999619
vn -0.1663576365 0.9760543704 0.1401535422
v -99.34079742 87.40917206 8.750006676
vn -0.04359899834 0.3133969009 -0.9486208558
v 88.84815979 78.84792328 11.74999619
vn 0.0020399692 0.4168746769 0.9089616537
v 87.51541138 64.47967529 8.750006676
vn -0.05839345604 -0.431943208 -0.9000084996
v 86.69633484 75.00748444 8.750006676
vn -0.554919064 -0.1963015199 -0.8084123731
v 87.18841553 74.13143921 11.74999619
vn -0.2535772026 -0.1447556168 0.9564227462
v 88.71356964 73.16606903 8.750006676
vn -0.242152825 -0.6688748598 -0.7028288841
v 88.84815979 78.84792328 20.74999809
vn -0.3645993471 0.9252916574 0.104415819
v 86.58512115 75.13149261 -7.820108891
vn -0.9652626514 -0.2610931993 -0.009918568656
v 78.02577209 77.30535126 11.74999619
vn -0.08739683777 0.02432568185 0.9958765507
v 83.82616425 65.73631287 8.750006676
vn -0.05647493154 -0.1349563748 -0.9892408252
v 86.56303406 64.67597198 8.750006676
vn -0.1269678026 -0.4034965932 -0.906128943
v 89.24765778 64.45088959 8.750006676
vn -0.002408544067 -0.4215224087 -0.9068148136
v 92.20578003 65.03798676 11.74999619
vn 0.02895803377 -0.1772400439 0.9837415218
v 95.59913635 66.23139191 11.74999619
vn 0.1562684476 -0.2108014822 0.9649574757
v 92.06039429 74.79532623 8.750006676
vn 0.589558363 -0.2163630426 -0.7782081962
v 79.54859161 69.92649841 8.750006676
vn -0.3326694965 -0.2819799781 -0.8998990655
v 93.23020172 87.13505554 8.750006676
vn 0.2001773864 0.4520512223 -0.869240284
v 91.97031403 87.39820862 11.74999619
vn 0.09713923186 0.2951653302 0.9504953623
v 78.21498871 79.74241638 11.74999619
vn -0.501049757 0.2173837572 0.8376714587
v 86.8289032 75.15979004 -8.160932541
vn -0.134003669 -0.04647625983 -0.9898903966
v 96.94844818 84.90809631 8.750006676
vn 0.3066548109 0.3451018035 -0.8870555758
v 87.83380127 87.58860016 8.750006676
vn -0.05752355978 0.4545045495 -0.8888850808
v 93.96191406 65.64918518 11.74999619
vn 0.3649217784 -0.8385631442 0.4045293629
v 91.907547 64.65501404 8.750006676
vn 0.06275550276 -0.2304736078 -0.9710528851
v 99.98887634 70.90880585 11.74999619
vn 0.9713203907 -0.2297143936 0.06138418615
v 97.7325058 67.60704041 8.750006676
vn 0.616168499 -0.7875561714 0.009575037286
v 100.6968002 79.51943207 11.74999619
vn 0.9771052599 0.1967333406 0.08100222796
v 86.65672302 76.96880341 20.74999809
vn -0.9433455467 0.1408748031 0.3004222214
v 100.690567 75.26676941 11.74999619
vn 0.08479299396 0.002615858801 0.9963951707
v 101.1455994 74.61303711 8.750006676
vn 0.9690380692 -0.2406107783 -0.0554224886
v 77.89040375 78.11061859 8.750006676
vn -0.3962153494 0.03952923417 -0.917306304
v 100.6564178 77.16239929 11.74999619
vn 0.04673693329 0.009394678287 0.9988630414
v 94.52513123 65.42254639 11.74999619
vn 0.3291149437 -0.941657424 0.07046040148
v 80.14924622 68.58203125 8.750006676
vn -0.8584932089 -0.5116364956 -0.03489304706
v 91.18565369 73.70837402 -7.916664124
vn 0.5319090486 -0.8456346989 -0.04443761706
v 83.54818726 85.93948364 8.750006676
vn -0.09345399588 0.2035519481 -0.9745937586
v 82.43859863 85.29135895 8.750006676
vn -0.2370855659 0.2530000806 -0.9379666448
v 84.09931183 86.37844849 8.750006676
vn -0.2814263701 0.4337327182 -0.8559644222
v 101.0547485 76.34386444 8.750006676
vn 0.4970081747 0.01683659293 -0.8675825
v 87.80614471 64.34421539 11.74999619
vn -0.2020333409 -0.9758555293 0.08299711347
v 100.1222382 79.90266418 11.74999619
vn 0.3021367192 0.1004722938 0.9479550123
v 100.2700043 80.48088837 11.74999619
vn 0.7708789706 0.6288970709 0.10116373
v 100.409523 79.71105194 8.750006676
vn 0.3774604499 0.05523858592 -0.9243767262
v 100.7850037 78.31319427 8.750006676
vn 0.3769401908 0.1818983704 -0.9082009792
v 83.92015839 65.78780365 11.74999619
vn -0.3220380843 -0.8833203912 0.340641439
v 77.97940826 79.7559433 8.750006676
vn -0.87414819 0.4764893055 -0.09393033385
v 87.44124603 64.83837891 11.74999619
vn -0.01924549229 -0.2600089014 0.9654144049
v 91.57121277 77.88967896 20.74999809
vn 0.5511062741 0.6929950118 0.4648008049
v 101.0395966 77.632164 11.74999619
vn 0.9806787372 0.109781839 0.1619170606
v 87.18841553 74.13143921 20.74999809
vn -0.5511036515 -0.6929983497 0.4647988975
v 101.2566147 77.72478485 8.750006676
vn 0.9941981435 0.08578054607 -0.06489796937
v 82.94803619 85.87020111 11.74999619
vn -0.615029633 0.787699461 0.03561102226
v 80.32369232 83.3868103 8.750006676
vn -0.300377816 0.2823617756 -0.9110680223
v 82.84674072 85.80337524 8.750006676
vn -0.4252007008 0.9028183818 -0.06421305984
v 79.36378479 81.69671631 11.74999619
vn -0.7952393293 0.4517664909 0.4043530822
v 91.09365845 64.54764557 11.74999619
vn 0.03847946599 -0.2173774242 0.9753288627
v 98.76726532 83.23983002 11.74999619
vn 0.7154037356 0.6986459494 -0.009557202458
v 77.66236115 74.87863159 11.74999619
vn -0.9843443036 -0.1743557751 0.02581438795
v 89.730896 64.33341217 11.74999619
vn 0.05163417757 -0.9986110926 0.01047765464
v 98.91903687 82.74957275 8.750006676
vn 0.3514370918 0.2913485467 -0.8897235394
v 99.30693054 81.84448242 11.74999619
vn 0.8697388768 0.4169730544 0.2639844418
v 78.5933075 72.53112793 11.74999619
vn -0.8707606792 -0.357345283 0.3377575278
v 78.00225067 74.23786163 11.74999619
vn -0.1659692377 -0.01342799515 0.9860395193
v 78.33279419 80.69676971 11.74999619
vn -0.9132307768 0.3902305365 0.1171737835
v 86.15858459 87.23627472 11.74999619
vn -0.1519733816 0.737416029 0.6581198573
v 88.84194183 87.55840302 11.74999619
vn -0.03853980452 0.2352074236 0.9711807966
v 89.53982544 87.85796356 11.74999619
vn -0.1219609007 0.9900289178 0.07048585266
v 78.36727142 79.06354523 11.74999619
vn -0.2110794932 0.07422658056 0.9746465087
v 90.95832825 87.46166992 8.750006676
vn 0.02563435398 0.3199958205 -0.9470720887
v 77.87364197 76.41751099 8.750006676
vn -0.4245846272 -0.05905812606 -0.9034600258
v 92.5892868 87.14659882 8.750006676
vn 0.1331390738 0.4392056465 -0.8884662986
v 98.11322021 83.90409088 8.750006676
vn 0.3602413237 0.3245042861 -0.8745988607
v 99.0368042 69.900177 8.750006676
vn 0.2962787151 -0.1760082543 -0.9387438297
v 97.63918304 84.03570557 11.74999619
vn 0.1200152412 0.1263000816 0.9847053289
v 91.86766052 64.59279633 11.74999619
vn 0.1328862309 -0.301394105 0.9441942573
v 77.82577515 78.63561249 11.74999619
vn -0.9466195107 0.3185635209 0.04928261042
v 91.57121277 77.88967896 11.74999619
vn 0.4487217367 0.2561522126 0.8561745286
v 79.70438385 69.76774597 11.74999619
vn -0.7960329652 -0.6005187631 0.07555621117
v 91.72471619 87.45124817 8.750006676
vn 0.03806311637 0.2003917247 -0.9789761901
v 93.56482697 86.54388428 11.74999619
vn 0.07816068083 0.1193384901 0.9897723198
v 80.76135254 68.12871552 8.750006676
vn -0.258468926 -0.3392643631 -0.9044852257
v 89.16970062 78.64762878 -8.185161591
vn 0.03474081308 0.1500138789 -0.988073349
v 87.57633972 77.78482056 -8.214606285
vn -0.1305138916 0.09342030436 -0.9870353341
v 100.518959 78.10829163 11.74999619
vn 0.9096835852 0.245390147 0.3350513875
v 79.87753296 82.5164566 11.74999619
vn -0.7588410378 0.6052090526 0.2405873388
v 87.11117554 87.46762085 11.74999619
vn -0.01375633106 0.0716554299 0.9973345995
v 92.74784088 87.02233887 11.74999619
vn 0.1239897981 0.9874593019 0.09772759676
v 80.60131836 83.5775528 11.74999619
vn -0.3946080506 0.4328055978 0.8105330467
v 101.1717529 74.85431671 11.74999619
vn 0.9794895053 0.1674478203 0.112078473
v 85.40525818 87.1725235 11.74999619
vn -0.4768699706 0.8763824701 0.0674444288
v 98.45677185 68.92263031 8.750006676
vn 0.1851833612 -0.1657846421 -0.9686189294
v 89.91149902 73.17318726 20.74999809
vn 0.3645989597 -0.9252917171 0.1044165939
v 92.27092743 76.68479919 8.750006676
vn 0.6767008305 0.1630119234 -0.7179854512
v 88.91110229 78.86551666 8.750006676
vn -0.1356181353 0.6646078825 -0.7347816825
v 77.96657562 78.0302887 11.74999619
vn -0.388323456 -0.0109052835 0.921458602
v 89.13248444 64.4254303 11.74999619
vn -0.00375004299 -0.06676515937 0.9977616668
v 90.42520142 64.54325104 11.74999619
vn 0.0008305460215 -0.2840858698 0.9587984681
v 79.06845093 70.52145386 8.750006676
vn -0.4100674987 -0.2352526635 -0.881192863
v 78.14328766 79.01948547 8.750006676
vn -0.4199883342 0.07297805697 -0.9045904875
v 95.71517944 66.39588928 8.750006676
vn 0.2895882428 -0.3513359725 -0.890337944
v 81.08886719 84.0018692 11.74999619
vn -0.6605168581 0.6046634316 0.4450837672
v 77.75697327 73.70921326 11.74999619
vn -0.967299521 -0.2435738742 0.0707346797
v 99.04750824 69.61377716 11.74999619
vn 0.199619174 -0.08718130738 0.975987494
v 78.35142517 72.30104065 8.750006676
vn -0.4520717263 -0.1632888913 -0.8769081235
v 100.747757 72.6704483 8.750006676
vn 0.9371888638 -0.3487756848 -0.0057080728
v 81.6888504 84.74046326 8.750006676
vn -0.1401788592 0.1726854742 -0.9749510884
v 83.56505585 86.03526306 11.74999619
vn -0.3680919111 0.9218772054 0.1210402176
v 87.07740784 77.83700562 -7.819396496
vn -0.6968003511 0.7172234058 -0.007739323191
v 88.5057373 64.52980042 11.74999619
vn 0.06016434729 -0.9825755954 0.1758565009
v 80.97336578 84.11891174 8.750006676
vn -0.3700335622 0.3582090735 -0.8571822643
v 82.29771423 66.92747498 11.74999619
vn -0.7701944113 -0.6203045249 0.1484010667
v 99.64420319 80.82022858 11.74999619
vn 0.07392448187 0.03402983397 0.9966830611
v 79.13578033 70.21057129 11.74999619
vn -0.8774645925 -0.4749853909 0.06666893512
v 79.33174896 82.28932953 11.74999619
vn -0.8463413119 0.5298671126 0.05428816751
v 91.15674591 78.20287323 -8.01986599
vn 0.6813222766 0.6970731616 -0.2233582437
v 86.93473053 77.60948181 8.750006676
vn -0.5631279945 0.2856672406 -0.7754231691
v 93.04660797 65.1914444 11.74999619
vn 0.2389674485 -0.939755857 0.244445309
v 85.67155457 65.10469055 11.74999619
vn -0.07507114857 -0.409200877 0.909350872
v 81.37403107 67.72829437 8.750006676
vn -0.2368398309 -0.2139761895 -0.9476925135
v 99.06145477 82.54302216 11.74999619
vn 0.8625584841 0.4890229404 0.1298054159
v 85.09507751 64.96395111 11.74999619
vn -0.3407308459 -0.9390242696 0.0462160483
v 84.70536804 65.30763245 8.750006676
vn -0.2417819351 -0.4469110668 -0.8612850904
v 84.68238831 86.80474091 11.74999619
vn -0.3492860198 0.9339736104 0.07544922084
v 78.33418274 73.46491241 11.74999619
vn -0.09195176512 -0.03088561632 0.9952843785
v 86.99730682 64.40408325 11.74999619
vn -0.04669221863 -0.9966177344 0.06762346625
v 86.62404633 76.46541595 -8.058607101
vn -0.9867326617 0.1366134733 -0.08772353083
v 94.81130981 65.72158051 8.750006676
vn 0.1755066067 -0.4022793472 -0.8985369802
v 90.12099457 64.44506073 8.750006676
vn -0.0007430646219 -0.3534282744 -0.9354613423
v 91.0022049 73.52442169 8.750006676
vn 0.3508720696 -0.6453427672 -0.6785436869
v 98.58431244 68.82052612 11.74999619
vn 0.3773844838 -0.2968505919 0.8771890998
v 99.0590744 69.31040955 8.750006676
vn 0.8604015112 -0.5068902373 -0.05264551565
v 90.09941101 87.57881165 11.74999619
vn 0.08276238292 0.2996199131 0.9504621625
v 85.22786713 86.55815887 11.74999619
vn -0.06413282454 0.1260509491 0.9899485707
v 93.85713196 86.70184326 8.750006676
vn 0.1754702777 0.4158311486 -0.8923534155
v 78.66260529 79.97221375 8.750006676
vn -0.1671898514 0.1512198001 -0.9742587805
v 91.00147247 87.57694244 11.74999619
vn 0.04759445414 0.5354409218 0.8432305455
v 94.03201294 65.48035431 8.750006676
vn 0.2497239113 -0.4497560561 -0.8575298786
v 88.02599335 73.64060211 -8.096763611
vn -0.3540877998 -0.8972411752 -0.2637803555
v 86.31987762 64.73925018 11.74999619
vn -0.3926359713 -0.9101760983 0.1319714189
v 98.1200943 68.2615509 8.750006676
vn 0.1862821728 -0.1226873249 -0.9748060107
v 88.49160767 64.36577606 8.750006676
vn 0.008881692775 -0.5182101727 -0.8552072048
v 86.65672302 76.96880341 11.74999619
vn -0.3471647203 0.2027094066 0.9156339765
v 87.28160858 74.03152466 -7.982899666
vn -0.6944236755 -0.7195650935 -0.001335454872
v 80.88220978 68.23815918 11.74999619
vn -0.02965825051 -0.03535571322 0.9989346266
v 79.22142792 81.77584839 8.750006676
vn -0.4223374724 0.210588932 -0.8816367388
v 79.03260803 81.06575775 8.750006676
vn -0.3068557382 0.08739197254 -0.9477353096
v 89.37980652 76.01056671 -8.249999046
vn -0.001800383674 0.007005906198 -0.9999738336
v 94.27433014 86.61407471 11.74999619
vn 0.3124527335 0.9454362392 0.09232325107
v 96.37609863 85.36333466 11.74999619
vn 0.2487512827 0.3484901786 0.9037020802
v 78.01521301 72.94037628 11.74999619
vn -0.9503398538 -0.2919472456 0.1078005359
v 99.82675934 71.59975433 11.74999619
vn 0.0570229739 -0.02453728206 0.9980713129
v 92.10290527 75.05230713 11.74999619
vn 0.496647954 -0.2899882793 0.8180755377
v 77.63767242 76.84859467 11.74999619
vn -0.9936269522 -0.08394181728 0.07522791624
v 95.58192444 85.80223846 11.74999619
vn 0.1766922176 0.2416439503 0.9541425705
v 90.70594025 64.23651886 8.750006676
vn 0.1114900857 -0.9937632084 -0.002166291233
v 95.13764954 86.2783432 11.74999619
vn 0.3586488068 0.933462441 0.004352619871
v 90.09539032 87.58177185 8.750006676
vn 0.05716375262 0.3331653178 -0.941133976
v 95.56255341 65.72605133 8.750006676
vn 0.2448968887 -0.4373398721 -0.8653088212
v 77.93871307 74.16423035 8.750006676
vn -0.4870600998 -0.05590809509 -0.8715771437
v 80.06330109 83.20657349 11.74999619
vn -0.8146799207 0.5780402422 0.04654126242
v 79.31558228 70.7780304 11.74999619
vn -0.1085265428 -0.0555781126 0.9925386906
v 78.05381012 76.29415131 11.74999619
vn -0.3236531019 0.02555350401 0.9458307028
v 78.70385742 80.08360291 11.74999619
vn -0.04637003317 -0.0007789839874 0.998924017
v 98.21166229 83.51494598 11.74999619
vn 0.1281802058 0.1190685555 0.9845772982
v 92.10290527 75.05230713 20.74999809
vn 0.943345964 -0.1408710033 0.3004226983
v 99.52529907 81.6110611 8.750006676
vn 0.4103004932 0.1799759716 -0.8940146565
v 99.7053833 80.89620209 8.750006676
vn 0.1692208201 0.09817857295 -0.9806759357
v 77.75299072 75.65687561 11.74999619
vn -0.3113189638 0.03009144589 0.9498289227
v 77.79196167 74.98088837 8.750006676
vn -0.4457347095 -0.04487929121 -0.8940393925
v 78.51902771 80.55186462 8.750006676
vn -0.9341133833 0.3502723575 -0.06885807961
v 86.86525726 87.41618347 8.750006676
vn -0.1014461815 0.4439508319 -0.8902900219
v 94.4400177 86.25495911 8.750006676
vn 0.1647886038 0.4794028699 -0.8619846702
v 97.13409424 84.74459839 11.74999619
vn 0.2972382307 0.2768267095 0.9137923121
v 78.68637848 71.08811951 11.74999619
vn -0.9018375874 -0.416772604 0.1139719635
v 80.01435089 69.17752838 8.750006676
vn -0.2847964466 -0.1340484023 -0.9491690993
v 93.42713165 87.14634705 11.74999619
vn 0.5021159649 0.8573927283 0.112947911
v 99.50604248 70.29026031 11.74999619
vn 0.765176475 -0.6388039589 0.08021540195
v 99.7874527 70.63188171 8.750006676
vn 0.3639879823 -0.2328462005 -0.9018289447
v 100.3335571 72.21849823 8.750006676
vn 0.3239048719 -0.1280770004 -0.9373803735
v 78.93928528 71.62134552 11.74999619
vn -0.09189558774 -0.02740095183 0.9953915477
v 97.95136261 68.07539368 11.74999619
vn 0.3089806437 -0.2827242017 0.9080737829
v 91.60596466 74.77342987 -8.226057053
vn 0.1449739784 -0.04727913439 -0.9883052111
v 97.55024719 84.23334503 8.750006676
vn 0.3420073986 0.3334128857 -0.8785594702
v 79.74089813 82.60643005 8.750006676
vn -0.3875999451 0.2811411619 -0.8779099584
v 95.03150177 86.33715057 8.750006676
vn 0.2704913914 0.3775890768 -0.8855850697
v 85.91780853 87.1644516 8.750006676
vn -0.100465022 0.4085349739 -0.9071967602
v 82.28663635 66.51985931 8.750006676
vn -0.7839912772 -0.619643867 -0.03740518168
v 101.1994247 76.8370285 11.74999619
vn 0.9668850303 0.2478771508 0.06074771285
v 77.61087799 75.74176788 8.750006676
vn -0.4371368587 0.08062267303 -0.8957741857
v 92.65090942 64.62255859 11.74999619
vn 0.1789503098 -0.9805044532 0.0811649859
v 88.08317566 87.61928558 11.74999619
vn -0.02283999324 0.4642528892 0.8854081631
v 80.24649048 68.5834198 11.74999619
vn -0.3198994696 -0.3399469256 0.8843644261
v 89.61504364 73.11673737 -7.890606403
vn 0.07792131603 -0.9968448877 -0.0151184639
v 96.17332458 85.5116806 8.750006676
vn 0.2169870883 0.4040480852 -0.8886291385
v 91.37902832 78.14083862 8.750006676
vn 0.382792443 0.4995438755 -0.7771266699
v 82.31697083 67.14074707 8.750006676
vn -0.1002404243 -0.1584045887 -0.9822728038
v 84.99752808 86.83538055 8.750006676
vn -0.1777861118 0.3915975988 -0.9027975798
v 88.22319031 78.67533112 -7.929404259
vn -0.3138444424 0.9491151571 -0.02611668222
v 81.61299896 67.16426849 11.74999619
vn -0.410346359 -0.9113188982 0.03337322176
v 95.38795471 85.73373413 8.750006676
vn 0.1915559769 0.2649670243 -0.9450390339
v 89.53982544 87.85796356 8.750006676
vn 0.1709293574 0.9835216999 -0.05889167637
v 96.21881866 66.42890167 11.74999619
vn 0.5282182097 -0.8491029739 -0.003108493751
v 78.84159851 81.42651367 11.74999619
vn -0.9475621581 0.3173204064 0.03786521405
v 96.84113312 67.08535004 11.74999619
vn 0.2550433576 -0.2439243346 0.9356569052
v 79.03096771 80.84911346 11.74999619
vn -0.2880486846 0.236800462 0.9278758168
v 91.85793304 77.11735535 -8.09472084
vn 0.87300843 0.4643262625 -0.1491891295
v 98.35281372 83.22762299 8.750006676
vn 0.311093241 0.2962492108 -0.9030268192
v 96.45445251 66.77445984 8.750006676
vn 0.2882688046 -0.3545641899 -0.8894860148
v 93.62108612 65.02912903 11.74999619
vn 0.5904513001 -0.7985411882 0.1170438007
v 91.14459229 64.63049316 8.750006676
vn 0.07561107725 -0.2170981467 -0.9732170105
v 97.15010071 67.41202545 8.750006676
vn 0.2068705708 -0.2561173737 -0.944250226
v 97.32749939 67.67790985 11.74999619
vn 0.2351040542 -0.3358016014 0.9121202826
v 82.77919769 66.37483215 11.74999619
vn -0.6211248636 -0.7731288075 0.1283576339
v 92.84876251 64.90699768 8.750006676
vn 0.07837074995 -0.4553810358 -0.8868405223
v 93.59235382 64.93621826 8.750006676
vn 0.09799785912 -0.419070214 -0.9026497602
v 90.11593628 78.83345032 -7.86673975
vn 0.215927735 0.9763931036 -0.005630157888
v 83.31284332 65.83320618 11.74999619
vn -0.4808994532 -0.8765754104 0.01874115691
v 99.85773468 81.37647247 11.74999619
vn 0.9578260779 0.2849370241 0.03714976087
v 85.61976624 64.95417786 8.750006676
vn -0.1304458827 -0.4695406854 -0.8732212782
v 84.73085022 65.42437744 11.74999619
vn -0.5693693757 -0.8119852543 0.1284463853
v 82.98819733 66.2349472 8.750006676
vn -0.5332741141 -0.8342862129 -0.1399474442
v 94.90062714 66.00841522 11.74999619
vn 0.07643426955 -0.1715348959 0.98220855
v 100.8911438 77.08306885 8.750006676
vn 0.3493380249 -0.00674879225 -0.9369724393
v 81.70459747 67.08467865 8.750006676
vn -0.2944059074 -0.3296318054 -0.8970329165
v 81.27722931 67.71878052 11.74999619
vn -0.7290449739 -0.576246798 0.369368434
v 100.7414856 78.73729706 11.74999619
vn 0.9360399246 0.345292747 0.0678396821
v 100.2233353 80.5929184 8.750006676
vn 0.9531436563 0.3007297814 -0.03284499794
v 78.44993591 71.881073 11.74999619
vn -0.936766088 -0.3328235149 0.1081562415
v 101.1467438 75.6649704 11.74999619
vn 0.9910746813 -0.1044740528 0.08280152082
v 100.6029053 73.245224 8.750006676
vn 0.2402646095 -0.01043780055 -0.9706513286
v 78.02912903 73.25990295 8.750006676
vn -0.4207696319 -0.1072632 -0.9008038044
v 78.64817047 71.40183258 8.750006676
vn -0.413340956 -0.1531975418 -0.8975966573
v 100.9083633 74.13773346 11.74999619
vn 0.9339313507 -0.3386051655 0.1145370156
v 91.90167999 74.55020142 -7.887467861
vn 0.8482092619 -0.5294895172 -0.01348812506
v 101.0417023 75.3657608 8.750006676
vn 0.2019302696 0.009205353446 -0.9793566465
v 100.3785706 71.81443787 11.74999619
vn 0.4506528974 -0.2421092391 0.8592410088
v 99.46864319 82.22360992 8.750006676
vn 0.4289788902 0.1988954246 -0.8811456561
v 90.0599823 73.52371979 -8.192523003
vn 0.01545180287 -0.1470743269 -0.9890047312
v 99.98680115 71.5214386 8.750006676
vn 0.4520402849 -0.169734329 -0.8756996393
v 100.8092194 74.08525848 8.750006676
vn 0.3353331089 -0.1068337485 -0.9360225797
v 88.77535248 87.62928772 8.750006676
vn -0.06852962822 0.4266160131 -0.901832819
v 80.01435089 69.17752838 11.74999619
vn -0.2509272993 -0.09544608742 0.9632889032
v 77.75492859 77.14344025 8.750006676
vn -0.2179984301 0.02621201985 -0.9755970836
v 82.30047607 85.2412262 11.74999619
vn -0.63090837 0.7502397895 0.1977243721
v 81.55425262 84.61851501 11.74999619
vn -0.6669670939 0.6906850934 0.2794799507
v 84.18515015 86.28922272 11.74999619
vn -0.5597058535 0.8127285838 0.161869064
v 100.4119492 78.98778534 8.750006676
vn 0.3811588287 0.1827081293 -0.9062757492
v 100.2916794 79.06111908 11.74999619
vn 0.1759736389 0.005507520866 0.9843794703
v 89.91149902 73.17318726 11.74999619
vn -0.002026456874 -0.4139557779 0.9102947116
v 92.27766418 75.87240601 -7.872764587
vn 0.9988980889 -0.03838280961 -0.02700760588
v 100.8935852 76.33833313 11.74999619
vn 0.1951062828 -0.00876939483 0.9807428718
v 100.7131882 73.18950653 11.74999619
vn 0.3453046083 -0.07015295327 0.935864985
v 100.3566666 72.5344696 11.74999619
vn 0.3963320553 -0.1624399126 0.9036228061
v 79.30766296 -99.09104919 11.74999619
vn 0.84555161 -0.5317971706 0.04726782069
v 79.39707947 -98.90798187 7.749990463
vn 0.9397157431 -0.3307448328 -0.08684572577
v 78.43513489 -99.05493927 5.749986649
vn 0.5198017955 0.5609958768 0.6442745328
v 78.43513489 -99.05493927 11.79999542
vn 0.05486408621 0.04840166122 0.9973199964
v 77.12973022 -99.15350342 11.79999542
vn -0.05536389351 0.04373395443 0.9975079894
v 79.48648071 -98.72491455 11.74999619
vn 0.6622102857 0.7395838499 0.1203880236
v 79.03795624 -99.4380722 11.74999619
vn 0.9991531372 -0.008794021793 0.04019560292
v 79.0802536 -98.75668335 7.749990463
vn 0.01039266586 0.9909660816 -0.1337096393
v 78.76761627 -99.54884338 11.79999542
vn 0.05444513261 0.03237665445 0.9979917407
v 81.41403961 -99.45877075 5.724166393
vn 0.1353105307 0.01256799605 0.9907235503
v 78.73764038 -99.4679718 7.749990463
vn 0.81723243 0.3375969231 -0.4670754373
v 79.0802536 -98.75668335 11.74999619
vn -0.1820418388 0.9762505889 0.1174545437
v 78.70088959 -96.33150482 5.713709354
vn 0.0506747216 0.1259261668 0.9907445312
v 78.62422943 -98.86384583 11.74999619
vn 0.9187041521 0.3748924732 0.124250792
v 77.99536896 -98.59172058 11.74999619
vn 0.5086768866 0.8599069118 0.04251982272
v 76.88167572 -99.55536652 11.79999542
vn -0.06202425063 0.0168246273 0.9979328513
v 74.4344635 -98.58162689 5.711406708
vn -0.128781423 0.03239352629 0.9911437631
v 76.29545593 -99.23140717 11.74999619
vn -0.2062839866 0.9758623838 0.07169016451
v 79.47291565 -99.60407257 7.749990463
vn 0.5973772407 0.796862185 -0.09028346837
v 74.22911835 -100.3453445 5.711406708
vn -0.09801930189 0.01264579315 0.9951041937
v 76.5654068 -99.90534973 11.74999619
vn -0.8944882751 0.4325132966 0.1132386625
v 77.95561981 -98.87558746 11.79999542
vn 0.02164978534 0.06538016349 0.9976255298
v 76.19168854 -99.62223816 11.74999619
vn -0.6155791283 -0.7840743065 0.07930848002
v 76.29545593 -99.23140717 7.749990463
vn -0.1585817635 0.9734913111 -0.1648227125
v 77.05158234 -99.2566452 7.749990463
vn -0.7828523517 0.5090846419 -0.3577359021
v 75.93097687 -100.4619598 11.74999619
vn -0.8442468047 -0.5233592987 0.1155091003
v 76.32971954 -100.5459213 7.749990463
vn -0.2695337534 -0.9531582594 -0.1372621953
v 76.63283539 -100.9916077 11.74999619
vn -0.985530436 0.07239732891 0.153259173
v 76.75480652 -101.3208313 11.74999619
vn 0.2195176631 -0.971878469 0.08523075283
v 77.44116974 -101.4594269 11.74999619
vn -0.9379563332 -0.3306721747 0.1043734625
v 75.53025818 -102.7127457 5.699283123
vn -0.06900602579 -0.09794010222 0.9927970171
v 78.19290924 -100.754158 5.749986649
vn 0.08676924556 -0.3535145819 0.9313960075
v 78.34011078 -103.5199127 5.668703556
vn 0.02910427935 -0.170517832 0.984924674
v 77.60076904 -101.8343506 11.74999619
vn 0.3992766738 -0.9154183269 0.05086646602
v 78.04620361 -101.0992584 11.74999619
vn -0.239987731 -0.9393973351 0.2448234409
v 78.69822693 -100.7763596 11.74999619
vn 0.405744791 -0.9128322601 0.04591700435
v 77.84278107 -101.5065231 11.74999619
vn 0.8596131802 -0.4920114875 0.1378036141
v 79.54279327 -100.885582 11.74999619
vn 0.9469412565 -0.2948283255 0.127978459
v 80.79007721 -97.81317902 5.732182026
vn 0.08544672281 0.05802553892 0.9946516156
v 79.06138611 -100.160881 11.74999619
vn 0.7293198705 -0.683493495 0.03048168309
v 78.37902069 -100.6557846 11.79999542
vn 0.02666927315 -0.05640673637 0.9980516434
v 78.79096985 -100.0994492 11.79999542
vn 0.06138122082 -0.02187748812 0.9978746176
v 77.49723816 -100.7331772 11.79999542
vn -0.02320029959 -0.05713425949 0.9980968833
v 79.34511566 -100.5292435 11.74999619
vn 0.8106761575 0.5599092841 0.1711892933
v 80.40694427 -97.00502777 5.599154949
vn 0.4689592123 0.4690307379 0.7483898997
v 79.65765381 -99.90263367 7.749990463
vn 0.7032010555 -0.6930731535 -0.1586124301
v 77.83361053 -99.84902954 11.84999466
vn 0.000626444933 -0.001861652243 0.9999980927
v 81.12444305 -97.85686493 5.596852303
vn 0.616569519 0.3406340182 0.7097960711
v 79.06138611 -100.160881 7.749990463
vn 0.9984235168 -0.02890178375 -0.04811675847
v 80.95126343 -97.43747711 5.432776451
vn 0.7563918829 0.6538999677 0.01691744663
v 79.03795624 -99.4380722 7.749990463
vn 0.8107683063 0.5838503838 -0.04211230576
v 79.43412018 -96.49008179 5.673860073
vn 0.03433670476 0.1293112785 0.9910093546
v 79.32692719 -96.17102814 5.360837936
vn 0.4145097136 0.9099636078 0.01216359343
v 79.6523819 -99.70052338 11.74999619
vn 0.6929966807 0.7077027559 0.1375225931
v 77.28401947 -98.71359253 7.749990463
vn -0.6994253397 0.7029476166 -0.129107818
v 78.75793457 -100.1555939 7.749990463
vn 0.8889138103 -0.2361851186 -0.3924905956
v 77.28401947 -98.71359253 11.74999619
vn -0.1359658092 0.9856114984 0.1004153565
v 77.30135345 -99.02490234 5.749986649
vn -0.2513700426 0.4610537291 0.8510243893
v 77.35784912 -98.26126099 7.749990463
vn -0.947627008 0.2424882501 -0.2078520358
v 74.48733521 -101.1482162 5.732182026
vn -0.1003826484 -0.03279579431 0.9944082499
v 77.30226135 -100.6538315 7.749990463
vn -0.4289124012 -0.8541449308 -0.2940588295
v 76.09725189 -103.0080185 5.726167679
vn -0.006563618779 -0.09879130125 0.9950865507
v 78.22114563 -95.87167358 5.293406487
vn 0.1305733919 0.9914377928 0.001302972087
v 78.62422943 -98.86384583 7.749990463
vn 0.434625119 0.8904252052 -0.1350700855
v 76.56439209 -101.3933105 7.749990463
vn -0.7976741195 -0.5912831426 -0.1187444031
v 74.41984558 -101.9156189 5.314452648
vn -0.8656153083 -0.500698626 0.003324368736
v 77.7564621 -98.19332123 11.74999619
vn 0.7091913223 0.701055944 0.07462057471
v 80.43164062 -102.8132019 5.432776451
vn 0.6625764966 -0.7489222288 0.01038821228
v 79.04129028 -103.5971832 5.428924561
vn 0.2921768427 -0.9562803507 0.01267112046
v 81.24737549 -97.78244781 5.314452648
vn 0.8874846697 0.4608065784 0.0053178831
v 77.61611938 -95.92739105 -13.952384
vn -0.02274014056 0.9995389581 -0.02011835948
v 76.19472504 -96.27134705 5.432776451
vn -0.3977209032 0.9173919559 0.01449583657
v 75.45783997 -96.7951355 5.558840752
vn -0.3909090757 0.5463401079 0.7407445908
v 76.86896515 -96.12508392 5.596852303
vn -0.177804336 0.6609088778 0.7290987968
v 76.75356293 -99.17700195 7.749990463
vn -0.9980561137 0.05268429965 -0.03329122439
v 73.87880707 -99.45858765 5.345702648
vn -0.9928632975 0.1188515499 0.009837018326
v 81.63513184 -100.90168 5.45730257
vn 0.6914672256 -0.1816853583 0.6991877556
v 81.24737549 -97.78244781 -13.81445885
vn 0.8220558167 0.5693861842 -0.004855874926
v 79.97193146 -97.02445984 5.74196434
vn 0.01669412479 0.04972987622 0.9986231923
v 79.43680573 -96.48443604 -14.16494465
vn 0.03805529699 0.1218724996 -0.9918159842
v 80.65696716 -97.02938843 -13.81445885
vn 0.6765500903 0.7363615632 -0.007186328061
v 77.33128357 -96.20845795 -14.19929218
vn 0.001164443325 0.08263905346 -0.9965788722
v 76.89614105 -99.55982971 5.749986649
vn -0.3094229102 0.07489172369 0.9479708076
v 73.95591736 -100.709198 -13.80640125
vn -0.9691547751 -0.2463108599 -0.008365110494
v 74.15055847 -99.27816772 5.664935589
vn -0.1921791285 0.01652614027 0.9812207222
v 80.97839355 -102.1988678 -13.94017029
vn 0.8140351176 -0.5801033974 -0.0287552271
v 77.44661713 -103.8207779 -13.81445885
vn -0.1067233831 -0.9942846298 -0.002855912549
v 81.49159241 -101.3376617 5.425073147
vn 0.9198995233 -0.3918406069 0.01567808911
v 76.77372742 -100.5397568 7.749990463
vn -0.4918297231 -0.8360526562 -0.2431450933
v 78.29178619 -98.25609589 11.74999619
vn -0.7065307498 0.7067606449 0.03610639647
v 77.48683167 -98.91413116 11.81249428
vn -0.03869688511 0.05792497844 0.9975706935
v 75.41561127 -96.67861938 5.266108036
vn -0.6161978841 0.7875778079 0.004627645947
v 74.37640381 -97.94059753 5.412379742
vn -0.8457447886 0.5333752632 0.01505472139
v 76.85671234 -95.98013306 -13.81445885
vn -0.267223835 0.9636285901 -0.003368908307
v 81.42584991 -101.5220261 -13.85365486
vn 0.9021802545 -0.4312311709 -0.01051066909
v 81.76509857 -99.33242035 5.361704826
vn 0.9913430214 0.130969733 0.009268321097
v 76.29459381 -96.22547913 -13.93278599
vn -0.3958285749 0.9179202914 -0.0272415895
v 76.86896515 -96.12508392 -14.09686279
vn -0.1860350072 0.6993541121 -0.6901411414
v 78.16594696 -103.7796478 -13.91702461
vn 0.1670620888 -0.9858537912 -0.01351076458
v 78.38466644 -96.29290771 -14.22225666
vn 0.02957429178 0.1035436839 -0.9941851497
v 76.99132538 -100.3187332 5.749986649
vn -0.3310029805 -0.1796808988 0.9263648391
v 79.97193146 -97.02445984 -14.24197578
vn 0.01214848366 0.04822159559 -0.9987627864
v 75.65346527 -96.67959595 -14.09686279
vn -0.33880198 0.5577225089 -0.7577326894
v 75.70576477 -96.47564697 -13.79834366
vn -0.5018742085 0.8649315834 -0.003954534419
v 75.23558044 -96.88488007 -13.93278599
vn -0.6956529021 0.718292892 -0.01106309798
v 77.34603119 -101.022438 11.74999619
vn -0.5890552998 -0.8061506748 0.05598999187
v 76.56468201 -99.86624146 7.749990463
vn -0.9671366811 -0.2490363419 -0.05125946924
v 74.00537872 -98.78900909 -13.85365486
vn -0.9689237475 0.247218743 -0.008346159942
v 74.56342316 -102.0888062 -13.869771
vn -0.783792913 -0.6209141016 -0.01158950198
v 76.37924957 -103.1493683 -14.22187328
vn -0.03437491506 -0.09828750044 -0.9945641756
v 77.84278107 -101.5065231 7.749990463
vn 0.8360583782 -0.5407272577 -0.09284636378
v 78.81013489 -103.6676025 -13.93278599
vn 0.2506431937 -0.9669644833 -0.04645023495
v 78.04620361 -101.0992584 7.749990463
vn 0.5602831244 -0.8269177675 -0.04785261676
v 80.41721344 -102.332222 -14.2290678
vn 0.05792461708 -0.06229037791 -0.9963757396
v 78.19290924 -100.754158 7.749990463
vn 0.4319387972 -0.7957824469 -0.4244516194
v 74.24026489 -99.92156219 -14.2290678
vn -0.09399941564 -0.01064196974 -0.9955153465
v 79.85256195 -103.2642593 -13.85365486
vn 0.5760634542 -0.8172389865 -0.0164732039
v 76.20572662 -100.1610336 11.74999619
vn -0.6570538282 0.748914957 0.08606168628
v 81.71846008 -99.13047791 -13.90896702
vn 0.9714547396 0.236288175 -0.02106173709
v 78.94886017 -103.3083572 5.715258598
vn -0.01434179675 -0.1306670606 0.991322577
v 77.44116974 -101.4594269 7.749990463
vn -0.9388974905 -0.2630322874 -0.2220033556
v 80.40694427 -97.00502777 -14.09916496
vn 0.4725168645 0.4714135528 -0.7446455956
v 76.87714386 -100.0673218 11.79999542
vn -0.05865758285 -0.02823869698 0.9978786707
v 81.12444305 -97.85686493 -14.09686279
vn 0.6097694039 0.3592778444 -0.7064706087
v 79.91964722 -102.8816528 -14.17926311
vn 0.06786629558 -0.1075573787 -0.9918798208
v 81.77059937 -99.53761292 -13.92508221
vn 0.9978587627 0.05888113379 -0.0284767244
v 76.32971954 -100.5459213 11.74999619
vn -0.0556695126 -0.994782865 0.08548639715
v 74.17205811 -101.0285873 -14.09686279
vn -0.6725473404 -0.2250291705 -0.7050120234
v 79.48345947 -100.0083008 11.74999619
vn 0.6118716598 -0.7854982018 0.09276626259
v 74.21356201 -100.5651321 -14.17383766
vn -0.09065436572 -0.02068704367 -0.9956675172
v 78.6401062 -98.21209717 7.749990463
vn 0.9642884135 0.2244806439 -0.1405570805
v 81.48329926 -100.1983948 -14.19530201
vn 0.1453934163 -0.01560210809 -0.9892508984
v 75.37746429 -97.20386505 -14.22299576
vn -0.06613557041 0.07109347731 -0.9952747226
v 74.34298706 -97.9152298 -13.81445885
vn -0.8851869106 0.4652218819 -0.003568206914
v 76.77372742 -100.5397568 11.74999619
vn -0.9531422853 -0.1817185432 0.2418638617
v 79.48927307 -102.9818573 5.746193886
vn 0.01884917915 -0.02935989201 0.9993911386
v 78.37411499 -101.4159546 11.74999619
vn -0.4865778685 -0.8647443056 0.1243353859
v 77.60076904 -101.8343506 7.749990463
vn -0.6002341509 -0.7982051969 -0.05086684972
v 73.88683319 -99.71047211 -13.92508221
vn -0.9998931289 -0.01058056671 -0.01008786913
v 78.72424316 -101.4417572 11.74999619
vn 0.9750621915 -0.2027709186 0.09020922333
v 77.95561981 -98.87558746 7.749990463
vn -0.0138990311 0.8978433609 -0.4400955439
v 78.37411499 -101.4159546 7.749990463
vn -0.6544659138 -0.7533175349 -0.06470698863
v 78.29178619 -98.25609589 7.749990463
vn -0.5410072803 0.8377401233 -0.07417974621
v 78.75793457 -100.1555939 5.749986649
vn 0.2682788074 -0.1596995592 0.9500118494
v 77.34603119 -101.022438 7.749990463
vn 0.08000234514 -0.9961239696 -0.03655973077
v 77.44667053 -98.93105316 7.749990463
vn -0.3712357879 0.8807285428 -0.2941108048
v 76.63283539 -100.9916077 7.749990463
vn -0.9617279768 0.2580221593 -0.0922164619
v 81.49925995 -98.40180206 5.413299561
vn 0.9489458203 0.3148851097 0.0186881274
v 74.54277802 -101.8411865 5.596852303
vn -0.5612940788 -0.3332242966 0.7575688362
v 80.06567383 -102.7224731 5.711406708
vn 0.09718504548 -0.07274415344 0.9926043153
v 79.60044861 -103.192215 5.651814938
vn 0.3218497336 -0.6094837785 0.7245290279
v 79.34511566 -100.5292435 7.749990463
vn 0.9115335941 0.4028332233 -0.08265510201
v 81.39519501 -100.6146393 5.708282471
vn 0.1654397547 -0.02236633934 0.9859662652
v 76.87355804 -98.4978714 11.74999619
vn 0.1827948391 0.971344471 0.151907593
v 79.88277435 -96.58795166 5.586978436
vn 0.4138964415 0.6611471176 0.6257589459
v 81.10645294 -101.4082336 5.720685005
vn 0.1329612434 -0.06780963391 0.9887988567
v 74.08562469 -98.592659 5.396806717
vn -0.9441863894 0.3290889263 0.0145796435
v 81.21388245 -98.53892517 5.720685005
vn 0.1160320193 0.03274083138 0.9927057028
v 77.5447998 -96.21566772 5.711546421
vn -0.002882445697 0.1342921704 0.9909375906
v 74.26683807 -101.5300522 5.416661263
vn -0.9225013852 -0.3857381046 0.01404747553
v 80.96864319 -102.3007355 5.329587936
vn 0.7602428794 -0.6495634317 0.009905857965
v 74.70897675 -97.62212372 5.601457119
vn -0.4918316901 0.3329005539 0.8045364022
v 75.44592285 -102.4874802 -14.2405653
vn -0.02562533878 -0.03113530204 -0.999186635
v 78.73764038 -99.4679718 5.749986649
vn 0.3244645 0.06007868052 0.9439880252
v 81.70001221 -100.7783279 5.297358513
vn 0.9711998701 -0.2382147461 0.00495738117
v 75.2498703 -102.8719025 -13.80640125
vn -0.6058208346 -0.7955867648 -0.004782159813
v 75.76256561 -103.1449585 -14.05111217
vn -0.4024523795 -0.5899431109 -0.6999994516
v 79.25962067 -103.4936447 -13.95796299
vn 0.3687007129 -0.9294973612 -0.009719963185
v 81.22399902 -101.11483 -14.2175703
vn 0.1061538607 -0.04171489179 -0.9934743047
v 78.61636353 -98.00974274 11.74999619
vn 0.1572666019 0.9802295566 0.1200715974
v 76.19168854 -99.62223816 7.749990463
vn -0.6502603889 -0.7590477467 -0.03174789995
v 81.28430939 -101.753891 5.432776451
vn 0.8605032563 -0.5092735291 0.01321348455
v 77.46642303 -103.6783371 -14.09686279
vn -0.04509483278 -0.7275519371 -0.684568882
v 81.78495789 -100.2340546 -13.84473038
vn 0.9954195023 -0.09519723803 -0.008801607415
v 77.99536896 -98.59172058 7.749990463
vn -0.3113945723 0.9492582679 -0.04407025501
v 81.42926788 -99.3529129 -14.2175703
vn 0.09667547792 0.00737378234 -0.9952886701
v 77.7564621 -98.19332123 7.749990463
vn 0.8330227137 0.5519999266 -0.03700346127
v 76.57496643 -98.77054596 7.749990463
vn -0.9888089895 -0.09858205169 -0.1119749174
v 76.94522095 -101.2483521 7.749990463
vn 0.4268677235 -0.8996633887 -0.0915954262
v 74.10721588 -100.8137894 5.590603828
vn -0.7046390772 -0.1829598993 0.6855723262
v 76.67962646 -98.4354248 7.749990463
vn 0.05761088058 0.9927865863 -0.1051465422
v 79.33911896 -100.8802795 7.749990463
vn 0.09144054353 -0.9889926314 -0.1163279638
v 76.63526917 -96.47665405 5.732182026
vn -0.03707248345 0.08586253971 0.9956170321
v 76.53033447 -98.57175446 11.74999619
vn -0.9957367778 0.03313302994 0.08608430624
v 74.11543274 -99.70983124 5.673860073
vn -0.2161928862 0.02656665817 0.9759891629
v 79.23061371 -103.1600494 -14.2262907
vn 0.04927976057 -0.1003078967 -0.9937353134
v 74.16020966 -98.39381409 -13.90896702
vn -0.9329346418 0.3592681289 -0.0236518681
v 77.91474152 -103.7562103 5.535693169
vn 0.01561710145 -0.7321977019 0.6809130907
v 76.63526917 -96.47665405 -14.23219109
vn -0.02516311221 0.07543957233 -0.9968328476
v 77.49770355 -97.87854004 7.749990463
vn 0.0755071938 0.9897202849 -0.1214593276
v 78.19062805 -103.8210068 5.29833746
vn 0.06609616429 -0.9977876544 0.007150162011
v 73.9335022 -99.22903442 -13.92508221
vn -0.9906798601 0.129077971 -0.04350095615
v 77.95561981 -98.87558746 5.749986649
vn 0.03407702222 0.2646695971 0.9637368917
v 77.50118256 -100.7810669 5.749986649
vn -0.1016423404 -0.2675972283 0.9581547976
v 78.43513489 -99.05493927 7.749990463
vn 0.5079295039 0.830296278 -0.2293812037
v 78.66385651 -98.41444397 11.74999619
vn 0.9792585969 0.0157678742 0.2019999921
v 77.07525635 -95.95847321 5.369762421
vn -0.1794765741 0.9837144613 0.009694439359
v 74.03527832 -101.0726471 5.314452648
vn -0.9513458014 -0.3080714643 0.005759334657
v 73.88254547 -100.3452682 5.313473225
vn -0.9962355494 -0.08580844104 0.01231505163
v 75.25517273 -102.8653107 5.328950882
vn -0.6828137636 -0.7305462956 0.00821235124
v 77.23381042 -103.7209625 5.477888107
vn -0.1562924534 -0.987590909 0.01539202128
v 80.83267212 -101.9864502 5.691579819
vn 0.1164574102 -0.1295165867 0.9847147465
v 75.09091187 -102.5464249 5.596852303
vn -0.5083495975 -0.5039457679 0.698297441
v 81.66848755 -99.54569244 5.596852303
vn 0.7094509006 0.04619518667 0.7032392621
v 79.85839844 -96.43214417 -13.80640125
vn 0.5039597154 0.8636952639 -0.007420478389
v 74.81386566 -97.30962372 5.417015553
vn -0.7665162086 0.6421223283 0.01148123015
v 74.71594238 -102.2605972 5.432776451
vn -0.7513763905 -0.6596081853 0.01872290112
v 76.75356293 -99.17700195 11.74999619
vn -0.7141866684 0.6863937974 0.1371164173
v 80.58122253 -102.3355179 5.668703556
vn 0.1413576305 -0.1094937846 0.9838846922
v 75.33003998 -97.29964447 5.730145454
vn -0.05892961472 0.05389457196 0.9968062639
v 81.78366852 -99.97853088 5.385410786
vn 0.9984120727 -0.04727803543 0.03062895685
v 75.90164948 -99.33600616 7.749990463
vn -0.6972266436 0.7002595663 -0.1533347517
v 81.00197601 -98.17605591 -14.22644234
vn 0.1061564013 0.04563870654 -0.9933015108
v 74.8298645 -97.96084595 -14.24338627
vn -0.05424022302 0.03731952235 -0.9978302717
v 80.95126343 -97.43747711 -13.93278599
vn 0.7718163729 0.6356037855 -0.01753063872
v 74.64242554 -97.57469177 -13.95566082
vn -0.8045275807 0.5934820771 -0.02268012986
v 74.26683807 -101.5300522 -13.9166708
vn -0.9178512096 -0.3966674805 -0.01428324264
v 77.7019577 -103.4573898 -14.21748352
vn 0.001752109616 -0.1014908478 -0.9948349595
v 80.56130981 -102.6246262 -14.01097298
vn 0.6877157688 -0.7257832885 -0.01690004766
v 81.54651642 -101.1125183 -13.98039436
vn 0.9629302621 -0.2681402266 -0.0294304695
v 78.7110672 -101.6450653 7.749990463
vn 0.2065491378 -0.9713990688 -0.1171378642
v 73.99873352 -100.1523743 -14.09686279
vn -0.7410211563 -0.08959739655 -0.6654772758
v 81.59266663 -98.63807678 -13.92508221
vn 0.949339509 0.3135872185 -0.02043293417
v 76.86222839 -99.91799927 7.749990463
vn -0.8986212015 -0.1441487372 -0.4143682122
v 74.48804474 -98.0089798 -14.11231995
vn -0.5932816267 0.306553334 -0.7443399429
v 78.71682739 -96.00642395 5.416661263
vn 0.2617648244 0.9649386406 0.01930379868
v 79.13545227 -100.8749847 11.74999619
vn -0.1282149255 -0.9914422035 0.02456155792
v 75.90164948 -99.33600616 11.74999619
vn -0.9553319812 -0.2591218948 0.1421149373
v 74.37550354 -98.78199768 -14.2175703
vn -0.1179708391 0.02425428294 -0.9927207828
v 77.83361053 -99.84902954 -14.25
vn 0.001174364006 0.0002042325068 -0.9999992847
v 75.0265274 -102.4531403 -14.09686279
vn -0.4705484509 -0.4414779246 -0.7639904618
v 79.88033295 -96.59184265 -14.09686279
vn 0.3680260181 0.5956050158 -0.7140108943
v 78.43305969 -95.98080444 -13.98809719
vn 0.06762997061 0.9975937605 -0.01525882259
v 76.71647644 -103.6776199 5.29833746
vn -0.3212074637 -0.9469896555 0.00603150297
v 77.70892334 -95.90774536 5.416661263
vn -0.01819289662 0.9997962117 0.00874729827
v 78.69822693 -100.7763596 7.749990463
vn 0.8547437787 -0.4807253778 -0.195745185
v 76.8298645 -103.6337509 -13.98406887
vn -0.2426563799 -0.9697070718 -0.02803641744
v 76.14366913 -103.4099274 -13.93278599
vn -0.444140017 -0.8959161639 -0.008595761843
v 74.67086792 -101.5227661 -14.22874546
vn -0.1023510098 -0.0324502252 -0.9942189455
v 76.06835175 -100.3115005 7.749990463
vn -0.8150049448 0.5731327534 -0.08535692096
v 81.400383 -98.16802979 -13.9166708
vn 0.9269241095 0.375051409 -0.01217315905
v 79.87256622 -103.258522 5.344723225
vn 0.4559696019 -0.889921248 0.01148548629
v 74.86778259 -97.23937225 -13.90896702
vn -0.7578061223 0.6522249579 -0.01823419333
v 75.95311737 -103.2774429 5.491938114
vn -0.4971453846 -0.8675274849 0.01557166781
v 78.73742676 -101.2384491 7.749990463
vn 0.9915118814 0.01465468947 -0.1291875094
v 76.62130737 -103.4080124 5.63745451
vn -0.05865994468 -0.1949041337 0.9790666103
v 77.38277435 -103.4505997 5.715173721
vn -0.0192305129 -0.08075922728 0.9965481162
v 80.41772461 -96.82556915 5.303764343
vn 0.6413595676 0.7672212124 0.005429147277
v 77.42777252 -98.06990051 11.74999619
vn -0.8810179234 0.4528571665 0.1368494481
v 79.01974487 -96.0923996 -13.92472839
vn 0.2851789892 0.9583519697 -0.0153115876
v 75.07555389 -102.1221924 5.734484196
vn -0.06541048735 -0.06695215404 0.9956098199
v 78.20123291 -96.01515961 5.586978436
vn 0.06796741486 0.6934809089 0.7172619104
v 76.7828598 69.87889099 7.75
vn -0.05489725247 0.9932130575 -0.1025380716
v 77.26270294 69.13220978 5.749997139
vn -0.3610409796 0.2596498728 0.8956736922
v 77.31404114 68.00794983 11.80000496
vn -0.05464699119 -0.02935657091 0.9980741143
v 77.79428864 69.54180145 11.80000496
vn -0.02912362106 0.06012082845 0.9977661371
v 78.97576904 68.93280029 11.80000496
vn 0.05972634628 0.009650868364 0.9981681108
v 77.48423004 70.32767487 11.75000668
vn -0.929201901 0.3568344414 0.0961926803
v 76.98266602 69.83905792 11.75000668
vn 0.07209542394 0.9669838548 0.2444268167
v 76.65016937 69.72634888 11.75000668
vn -0.9948068261 -0.07023654133 0.07366301864
v 76.7172699 69.53398132 7.75
vn -0.9733092189 -0.1956320405 -0.1199884638
v 74.75963593 69.86199951 5.733596802
vn -0.06128072739 0.02685071528 0.9977593422
v 78.76823425 67.93204498 11.80000496
vn 0.04447330534 -0.03785609454 0.9982930422
v 76.93563843 69.11881256 7.75
vn -0.9933872819 0.1093650758 -0.03494247794
v 76.67698669 67.74219513 11.75000668
vn 0.01482054219 -0.9989171624 0.04410061985
v 77.13411713 67.77098846 11.75000668
vn -0.9579274058 -0.2835870683 0.04419791326
v 77.73973083 67.39303589 11.75000668
vn -0.6579294205 -0.751765132 0.04447483644
v 78.08725739 66.60782623 7.75
vn -0.2426770627 -0.9627550244 -0.1192083061
v 79.91047668 65.35037994 5.65951252
vn 0.07135808468 -0.1441739798 0.9869761467
v 76.07220459 71.76190186 5.654086113
vn -0.02402804978 0.1571835279 0.9872770309
v 78.80758667 67.11205292 11.75000668
vn -0.5133305192 -0.8508340716 0.1121298745
v 79.16857147 66.92302704 7.75
vn 0.04074590653 -0.988748014 -0.1439346671
v 77.90235138 67.65139771 11.80000496
vn 0.002041513566 -0.06515984982 0.9978727698
v 78.43940735 67.39135742 7.75
vn 0.6942098141 -0.7038325071 -0.1506404281
v 78.58745575 67.75062561 5.749997139
vn 0.1473782808 -0.3721345663 0.9164035916
v 79.06401062 65.20352173 5.739192486
vn 0.02261101641 -0.07935777307 0.9965897202
v 79.03875732 67.76680756 7.75
vn 0.9503667951 -0.2752936184 -0.1449701041
v 79.1481781 67.32998657 11.75000668
vn 0.981996119 0.1831902713 0.0460966453
v 79.50193787 67.73664856 11.75000668
vn 0.1767874211 -0.981579721 0.07243898511
v 79.78923035 67.93846893 11.75000668
vn 0.8668804169 0.4817781448 0.1280943751
v 79.69163513 69.03784943 7.75
vn 0.471213609 0.8653088808 -0.1708748788
v 78.58745575 67.75062561 7.75
vn 0.475779891 -0.8122247458 -0.3375269771
v 79.90934753 68.76242065 7.75
vn 0.7959851027 -0.5998840928 -0.08091232181
v 79.24462891 69.12439728 7.75
vn 0.7229784131 0.6774230599 -0.1356471777
v 78.90048981 69.17615509 5.749997139
vn 0.3263077438 0.1693188101 0.9299755096
v 80.56749725 71.16857147 5.737366199
vn 0.05958614871 0.07175852358 0.9956405759
v 78.76534271 69.66999817 11.75000668
vn 0.8773762584 0.4787172675 0.03225994855
v 79.53655243 69.72068787 7.75
vn 0.9739339352 -0.2077306658 -0.09110796452
v 78.51098633 70.38262177 11.75000668
vn -0.4794517756 0.872048974 0.09826810658
v 77.43668365 70.12956238 7.75
vn -0.9838033915 0.145403415 -0.1048268974
v 78.11290741 69.87628937 11.75000668
vn 0.2258054614 0.9546197653 0.1941982508
v 77.79428864 69.54180145 7.75
vn -0.3948532343 0.8651325107 -0.3092517853
v 78.46479034 69.51387787 11.80000496
vn 0.02222222462 0.0609462373 0.9978936315
v 77.82487488 70.24272919 11.75000668
vn 0.619056344 0.777605772 0.109993048
v 77.40530396 69.67005157 7.75
vn -0.7682185173 0.6197351813 -0.160526067
v 74.40752411 68.86766815 5.678809643
vn -0.1328756362 0.004843244329 0.9911208749
v 75.11484528 70.88108826 5.654086113
vn -0.1275268346 0.09756167978 0.9870251417
v 76.49240875 69.04412842 11.75000668
vn -0.2613784969 0.9609243274 0.09113556147
v 76.11316681 68.89509583 11.75000668
vn -0.9877147675 -0.09763298184 0.1220137328
v 77.82487488 70.24272919 7.75
vn 0.7721401453 0.6305653453 -0.07865715772
v 77.31404114 68.00794983 7.75
vn -0.7102714181 -0.602865994 -0.3634103537
v 77.15702057 68.33161926 5.749997139
vn -0.3570017517 -0.05249430612 0.9326274991
v 76.27127075 67.77993011 7.75
vn -0.9838006496 0.1002861038 -0.148589775
v 76.67698669 67.74219513 7.75
vn -0.03673289344 -0.9982551336 -0.04623199627
v 76.50973511 68.11034393 7.75
vn -0.7366032004 0.6619464159 -0.1387180239
v 77.18414307 68.82524109 11.80000496
vn -0.05618188903 0.02002293803 0.9982197285
v 77.00717926 66.92726898 11.75000668
vn -0.04503957927 -0.9976893663 0.05086654425
v 78.04419708 64.86119843 5.654086113
vn -0.03992275521 -0.1896526515 0.9810392857
v 76.45214844 71.9749527 5.654086113
vn -0.1614230871 0.202297017 0.9659288526
v 77.56570435 67.77826691 5.749997139
vn -0.2135350704 -0.3025617301 0.9289021492
v 75.6594162 71.24719238 5.732186794
vn -0.05211893469 0.05313866585 0.997226119
v 79.67064667 68.10414124 7.75
vn 0.7406919599 0.6597858071 -0.1267204583
v 79.34120941 68.40888214 7.75
vn 0.9757345915 0.1827256978 -0.1206370071
v 80.02461243 71.86639404 5.625471592
vn 0.1154271737 0.1848867387 0.9759576917
v 74.16802979 69.33686829 -13.81445408
vn -0.988725245 0.1497011632 -0.003464652458
v 76.93563843 69.11881256 11.75000668
vn -0.7266552448 0.6856800318 0.04260333255
v 80.52047729 65.63674164 5.601460934
vn 0.4415561557 -0.5155509114 0.7343264818
v 79.75022125 64.97351837 5.282233238
vn 0.4300941527 -0.9026995897 0.01234850474
v 81.67779541 67.00598145 5.449409962
vn 0.9056802988 -0.4234633148 0.02054223605
v 81.0192337 71.00519562 5.627773285
vn 0.1675269753 0.133519128 0.9767841697
v 76.83336639 68.43795013 11.75000668
vn -0.9373608232 0.2619528174 0.2296420336
v 81.97972107 68.78432465 5.551104546
vn 0.6374909282 0.004889851902 0.770442307
v 77.02646637 72.32957458 5.567730904
vn -0.2021470815 0.7390104532 0.6426508427
v 75.71382141 71.80171967 5.29834795
vn -0.5583789349 0.8295499682 0.007733453531
v 74.29467773 67.98630524 -14.09685802
vn -0.659840107 -0.1329673082 -0.7395476103
v 81.56432343 70.2983017 5.573980808
vn 0.6638844013 0.3034470081 0.6835038066
v 77.60968781 64.89198303 5.654086113
vn 0.03620034084 -0.2121130377 0.9765744209
v 75.30295563 65.78437805 5.353656769
vn -0.7115962505 -0.7024278045 0.01503049489
v 81.9365387 69.48790741 5.409455299
vn 0.9816336632 0.1904339045 0.01141351834
v 76.50973511 68.11034393 11.75000668
vn -0.7719187737 0.6254851222 0.1136211008
v 77.02916718 67.33415222 11.75000668
vn -0.9887678623 0.1146704704 0.09585843235
v 81.30709839 70.96907043 5.314462662
vn 0.7874442935 0.6162766218 0.01160383131
v 80.3205719 71.91646576 -13.81445408
vn 0.5257694721 0.8505077958 -0.01424748078
v 79.48561096 72.29342651 5.432783604
vn 0.3818273246 0.9235801697 0.03474999964
v 74.58048248 66.69429016 -13.77170181
vn -0.8537559509 -0.5206551552 -0.004355337005
v 76.76598358 65.10314941 5.654086113
vn -0.05991987512 -0.1735605001 0.9829986691
v 75.47045898 65.62756348 -13.8750267
vn -0.6330834627 -0.7740271688 -0.009341531433
v 81.92414856 68.78179169 -14.10146332
vn 0.7509678602 -0.03653295338 -0.6593273878
v 80.71146393 66.21485901 5.740602493
vn 0.04360971227 -0.06040728465 0.997220695
v 82.04756165 68.87342072 -13.82959747
vn 0.9958708286 0.08983016759 -0.01310731657
v 77.36888885 67.11487579 11.75000668
vn 0.5423349738 -0.8203251958 0.1814920753
v 74.80509949 67.12864685 -14.22083855
vn -0.07852501422 -0.03578043729 -0.9962698221
v 76.6027832 72.30671692 5.29834795
vn -0.3525981903 0.9357463717 0.007296700496
v 79.07193756 72.47484589 5.314462662
vn 0.2465129346 0.9690984488 0.008918051608
v 82.01429749 67.8766098 -13.81445408
vn 0.9895634651 -0.1439800709 -0.005819146056
v 81.82397461 69.93525696 -13.88045311
vn 0.9513537884 0.307621032 -0.01718259789
v 74.4966507 68.23545837 -14.21992493
vn -0.0959803462 -0.01559809875 -0.9952610135
v 76.31352234 65.17513275 5.584357738
vn -0.3529633284 -0.6754573584 0.6474366784
v 77.45608521 72.52669525 -13.84473991
vn -0.2103025764 0.9775456786 -0.013312147
v 78.0929184 67.6171875 5.749997139
vn -0.01100136433 -0.2728325725 0.9619986415
v 74.7072525 70.11702728 -14.1687088
vn -0.1516381353 0.06141610816 -0.9865261912
v 77.88576508 66.96200562 11.75000668
vn -0.8255382776 -0.558180511 0.08319307119
v 80.16612244 71.67699432 -14.1687088
vn 0.1052841768 0.1788382232 -0.9782291055
v 81.62477875 69.616539 -14.19929028
vn 0.09481493384 0.01049061771 -0.9954396486
v 75.26573181 66.29714203 -14.20842743
vn -0.06943473965 -0.07090049982 -0.9950637817
v 79.74839783 68.63749695 11.75000668
vn 0.7023508549 -0.6857962608 0.1907531917
v 77.28187561 72.22293854 -14.1687088
vn -0.03394274414 0.1491433978 -0.988232851
v 77.83469391 64.98608398 -14.21756554
vn -0.005904253107 -0.1210494787 -0.992628932
v 75.69376373 65.82131195 -14.19929028
vn -0.1060782596 -0.1034874693 -0.9889578819
v 76.42249298 65.01538849 -13.88219452
vn -0.3668991923 -0.9300605655 -0.01929663867
v 79.88096619 68.96259308 11.75000668
vn 0.5864912868 0.805883348 0.08111727238
v 75.03222656 66.08889771 -13.88045311
vn -0.7767615914 -0.6295763254 -0.01658601873
v 78.07335663 69.87636566 7.75
vn -0.4692077637 0.8702028394 -0.1503032148
v 78.47192383 64.65688324 -13.8750267
vn 0.08976148069 -0.9956748486 -0.02396824583
v 80.86141968 71.43948364 -13.88045311
vn 0.6936559081 0.7201988101 -0.01245512068
v 79.02518463 72.33848572 -14.09685802
vn 0.1887328774 0.7039500475 -0.6847146749
v 75.95269012 71.94866943 -13.88587856
vn -0.5305714011 0.8475019932 -0.01530992985
v 80.73054504 65.67141724 -13.92940235
vn 0.7043368816 -0.7097811103 -0.01097188052
v 79.57324982 64.92279816 -13.85190868
vn 0.416613698 -0.9089096189 -0.01778706349
v 79.24462891 69.12439728 11.75000668
vn 0.9932476282 0.106602639 0.04577149823
v 81.31813049 70.17904663 5.732186794
vn 0.03993017972 0.0616434738 0.9972991943
v 78.5647583 72.54638672 -13.8750267
vn 0.1664051861 0.9856795669 -0.02729652077
v 79.33934784 68.40789795 11.75000668
vn 0.868267715 -0.4280613661 0.2507480979
v 79.16857147 66.92302704 11.75000668
vn 0.8781650662 -0.4539888799 0.1507323682
v 78.75878143 72.14781952 -14.22363663
vn 0.008066623472 0.0805407986 -0.9967186451
v 79.58646393 71.95706177 -14.19929028
vn 0.07513391972 0.08180627972 -0.9938121438
v 81.76940918 69.20785522 -14.16493988
vn 0.1634239852 0.05352231488 -0.9851030111
v 78.70949554 64.82148743 5.599159241
vn 0.1321537644 -0.6712977886 0.7293111086
v 80.20128632 65.30913544 -13.97703266
vn 0.5394380689 -0.8416468501 -0.02524117194
v 79.1481781 67.32998657 7.75
vn 0.9894593358 0.1188230142 -0.08277302235
v 80.76444244 66.16734314 -14.21756554
vn 0.09013136476 -0.07556402683 -0.9930590987
v 81.21968842 70.48335266 -14.20385933
vn 0.1119154096 0.05992332473 -0.9919093251
v 77.36888885 67.11487579 7.75
vn 0.5102806687 -0.854606986 -0.09623144567
v 78.94901276 68.11346436 7.75
vn 0.8518790603 -0.3935382068 -0.3455860615
v 76.25270081 65.50754547 -14.22363663
vn -0.057490509 -0.09449315816 -0.9938641191
v 78.9626236 64.75486755 -13.92507553
vn 0.2602857649 -0.965477109 -0.01026220247
v 78.29012299 66.96121216 7.75
vn 0.9014672637 -0.4051550031 -0.1523358077
v 79.03875732 67.76680756 11.75000668
vn 0.4208672643 -0.9059321284 0.04645141587
v 78.46479034 69.51387787 5.749997139
vn 0.1356350929 0.2982551455 0.9447999597
v 77.26270294 69.13220978 7.75
vn -0.8498802781 0.3701202571 -0.3751193881
v 75.6476059 65.76768494 5.654086113
vn -0.1183148101 -0.1251910925 0.9850527048
v 74.37435913 70.05168152 5.29834795
vn -0.9191029072 0.393987745 0.00484426925
v 79.60441589 69.91278839 11.75000668
vn 0.5725705028 0.8097631335 0.1282446086
v 77.92120361 72.39285278 5.625471592
vn -0.02260863595 0.2944817543 0.9553896189
v 74.32154083 67.76173401 5.573980808
vn -0.6919142604 -0.1333991885 0.7095487118
v 76.83336639 68.43795013 7.75
vn -0.840696156 -0.5397970676 -0.04300129041
v 80.07511139 72.05936432 5.29834795
vn 0.5256029367 0.8507146835 0.00511288736
v 74.14817047 68.57017517 5.412221432
vn -0.9972784519 0.07116455585 0.01926827058
v 77.13411713 67.77098846 7.75
vn -0.4239199758 -0.9046381116 -0.04383716732
v 80.76598358 71.50408936 5.412221432
vn 0.7042366862 0.709792316 0.01567004435
v 77.00717926 66.92726898 7.75
vn -0.890602529 -0.4519290328 -0.05086584389
v 79.90781403 67.77279663 7.75
vn 0.7753050923 -0.620996654 -0.1151745766
v 76.27127075 67.77993011 11.75000668
vn -0.574611783 -0.8049895763 0.1476925015
v 75.25830841 71.3473587 5.432783604
vn -0.7239764333 0.6895049214 0.02100236528
v 74.41397858 67.17745209 5.409590721
vn -0.9580979943 -0.2861575186 0.01273200661
v 79.39272308 64.88624573 5.432783604
vn 0.2758930624 -0.9609040022 0.02337672375
v 77.53177643 70.52578735 7.75
vn -0.03843251616 0.9925280213 -0.1158062592
v 77.10160828 72.07298279 5.726173401
vn 0.0008136457764 0.06546420604 0.9978545904
v 75.65560913 71.5843811 5.596857548
vn -0.4732618332 0.5711492896 0.6706800461
v 76.4340744 68.64399719 7.75
vn -0.6747066975 -0.733956039 -0.07797028869
v 74.7223587 66.71768951 -14.06818581
vn -0.6356406212 -0.3680630624 -0.6785945892
v 80.21979523 65.28020477 5.425080299
vn 0.5325558782 -0.8463637233 0.007260775659
v 74.13405609 68.28262329 -13.82959747
vn -0.991487205 -0.1297787726 -0.01051674411
v 74.78848267 70.83140564 5.314462662
vn -0.7958011627 0.6055114865 0.007503707893
v 81.22351837 66.20159912 -13.92507553
vn 0.7654195428 -0.6428297162 -0.03004764207
v 78.09117889 68.60675049 11.8500042
vn 0 6.123234263e-17 1
v 82.0320282 68.4163208 5.409590721
vn 0.999933064 -0.006378665101 0.009651811793
v 79.3657608 72.36487579 -13.83318138
vn 0.3159289062 0.948726058 -0.01037972979
v 75.93159485 71.58586884 -14.19740582
vn -0.1048195362 0.09872093797 -0.9895792007
v 78.33644867 72.58698273 5.29834795
vn 0.09458728135 0.9954861403 0.007786969654
v 75.47718048 71.58126068 -13.89640236
vn -0.7090015411 0.7051356435 -0.01002320461
v 77.10557556 68.51826477 7.75
vn -0.855909884 -0.03908513859 -0.5156458616
v 78.80758667 67.11205292 7.75
vn -0.561748147 -0.8245008588 -0.0680982843
v 76.30278015 68.96961212 7.75
vn -0.4614781737 0.8747042418 -0.1480890363
v 81.53276825 67.74471283 -14.24337864
vn 0.03507066891 -0.02171488665 -0.9991489053
v 81.68380737 68.55844879 -14.22645473
vn 0.1097640395 0.03600109369 -0.9933055043
v 81.67922974 70.33913422 5.314462662
vn 0.9122997522 0.4095095396 0.003335650777
v 77.02916718 67.33415222 7.75
vn -0.9665344357 0.1750201285 -0.1875609308
v 77.79428864 69.54180145 5.749997139
vn -0.07098322362 0.3401131034 0.9377017021
v 79.20449829 69.83468628 11.75000668
vn -0.2927841246 0.9403132796 0.1734602004
v 74.68544006 70.37065887 5.599159241
vn -0.6581497788 0.324226439 0.6794968843
v 77.2105484 65.08831787 5.723814011
vn -0.01909821853 -0.07360375673 0.9971047044
v 74.6051178 67.82420349 5.729180336
vn -0.1231139377 -0.01734223962 0.992241025
v 75.23509216 66.40135956 5.719449043
vn -0.06324722618 -0.07514336705 0.9951649308
v 74.91887665 66.2911911 5.449409962
vn -0.7910088301 -0.6116701961 0.01282855775
v 74.59877777 66.6764679 5.314462662
vn -0.902328074 -0.4310239851 0.00472692214
v 77.13161469 64.79815674 5.449409962
vn -0.2624653578 -0.9648510218 0.01320764422
v 77.40530396 69.67005157 11.75000668
vn -0.2453383356 0.9468372464 0.2081065923
v 78.09117889 68.60675049 -14.25
vn -0.001530574285 0.003724102397 -0.9999918938
v 81.13993073 66.27703857 5.601460934
vn 0.5387509465 -0.4249558449 0.7274338007
v 75.11219788 70.61750031 -14.22906303
vn -0.07019051909 0.07746037841 -0.9945215583
v 74.797966 70.82577515 -13.84473991
vn -0.8399462104 0.5424576402 -0.01516842656
v 78.7273941 64.6758194 5.314462662
vn 0.1330978274 -0.9910790324 0.006875224411
v 78.75162506 70.12699127 11.75000668
vn 0.9347401261 0.3336396813 0.1222517416
v 81.56497955 67.73822021 5.728000641
vn 0.1021472365 -0.02408644743 0.9944776297
v 79.08072662 68.60848236 7.75
vn 0.9432144165 0.1323483139 -0.3046809137
v 79.50193787 67.73664856 7.75
vn -0.01810856536 -0.9979153275 -0.06194370985
v 81.66547394 69.30036926 5.707274914
vn 0.1033900529 0.01707892492 0.9944942594
v 78.76534271 69.66999817 7.75
vn 0.3240966201 0.9335845709 -0.1529093981
v 74.15188599 67.96916962 5.314462662
vn -0.9822579026 -0.1874821782 0.004457971547
v 78.70485687 70.32528687 7.75
vn 0.887513876 0.4532056153 -0.08320908248
v 78.46479034 69.51387787 7.75
vn 0.2068232447 0.9336553812 -0.2924239933
v 81.38705444 66.38610077 5.340286255
vn 0.7998518944 -0.6001538038 0.007239472587
v 78.13585663 72.17092133 5.740559578
vn 0.002562292153 0.04369561374 0.9990416169
v 76.4340744 68.64399719 11.75000668
vn -0.5078326464 -0.8567566872 0.08985518664
v 78.79892731 72.3299942 5.625471592
vn 0.0494167991 0.2572285831 0.9650862217
v 81.92768097 67.88053894 5.520833969
vn 0.7516883612 -0.08368614316 0.6541874409
v 74.38476562 70.02871704 -13.86611652
vn -0.9441077113 0.3291953504 -0.0170593448
v 79.25457001 71.97499084 5.736372948
vn 0.03768537566 0.09963423759 0.9943102002
v 74.33231354 69.09098053 -14.12547302
vn -0.291064471 0.05744114518 -0.9549774528
v 75.88249207 65.33315277 5.412386894
vn -0.5607662797 -0.8278702497 0.01311555598
v 74.73583984 66.72524261 5.596857548
vn -0.5631148815 -0.2703335583 0.7809106112
v 80.69499207 65.57808685 5.282233238
vn 0.616586566 -0.7872827649 0.002610901836
v 74.35001373 67.34729004 -13.92940235
vn -0.9570017457 -0.2897025645 -0.01483503263
v 81.42678833 70.74118042 -13.8750267
vn 0.818072319 0.5749251246 -0.01479080226
v 77.88576508 66.96200562 7.75
vn -0.9255387187 -0.3755910099 -0.04805714637
v 77.90235138 67.65139771 7.75
vn -0.1147931665 -0.9245786667 -0.3632861674
v 77.45494843 72.53766632 5.314462662
vn -0.1341883689 0.9909254313 0.007762517314
v 81.33956909 66.92333984 -14.20300198
vn 0.1164526641 -0.07774465531 -0.9901487231
v 79.09160614 65.10784149 -14.21213913
vn 0.02793775871 -0.1412026137 -0.9895864129
v 77.84589386 64.62649536 5.29834795
vn -0.1055774838 -0.9943657517 0.009496822022
v 81.81174469 67.6752243 -14.09916019
vn 0.6932501793 -0.1192400679 -0.7107644081
v 78.14092255 72.57398987 -13.88587856
vn -0.03473004326 0.999355197 -0.009108114056
v 74.60344696 69.6987381 -14.20671368
vn -0.1044412777 -0.003742683912 -0.9945240021
v 77.92378998 72.27178192 -14.19929028
vn -0.03246335685 0.1460013241 -0.9887515903
v 80.62773132 71.23032379 -14.20842743
vn 0.08622363955 0.1011230126 -0.9911304712
v 78.47202301 64.95145416 -14.19929028
vn 0.01330248732 -0.1301388443 -0.9914065599
v 77.00434875 65.13370514 -14.21213913
vn -0.03595712781 -0.1109945998 -0.993170321
v 77.12635803 64.77714539 -13.92507553
vn -0.2437179089 -0.9697014689 -0.01675261185
v 78.90048981 69.17615509 7.75
vn 0.7254194021 0.6136798859 -0.3117109537
v 74.53562927 68.8585968 -14.24056053
vn -0.01927302405 0.1060579345 -0.9941731691
v 78.18869019 66.78451538 11.75000668
vn 0.7951939702 -0.5957579017 0.1128676757
v 75.22354126 71.07030487 -14.13089943
vn -0.1015268937 0.1140818521 -0.9882699847
v 77.73973083 67.39303589 7.75
vn 0.1396142691 -0.9892221689 -0.04412844777
v 81.25721741 66.72550201 5.691584587
vn 0.1326231956 -0.06018870324 0.9893373847
v 80.91400146 65.8758316 5.449409962
vn 0.7584002614 -0.6514065266 0.02232917026
v 76.51604462 64.94272614 5.29834795
vn -0.443271637 -0.8963668346 0.006066835485
v 81.76228333 67.4573288 5.596857548
vn 0.7054214478 -0.2555510402 0.6611159444
v 78.36388397 70.2416687 7.75
vn -0.5711726546 0.8034731746 -0.1679065824
v 76.60909271 72.29068756 -13.85190868
vn -0.4116086364 0.9111820459 -0.01804423146
v 75.89945984 65.35826111 -13.95565605
vn -0.5344616771 -0.8450448513 -0.01580956765
v 77.82949829 64.65328979 -13.88045311
vn -0.03199498728 -0.9993702173 -0.0153474668
v 78.43940735 67.39135742 11.75000668
vn 0.05361259356 -0.9657225609 0.2539795041
v 79.46868896 69.52858734 11.75000668
vn 0.9088165164 -0.4147450924 0.04515593499
v 78.94901276 68.11346436 5.749997139
vn 0.3204823136 -0.2172339857 0.9220089316
v 76.68482971 71.98432922 -14.20300198
vn -0.02486220188 0.09751050174 -0.9949238896
v 81.95324707 67.61508179 5.266117573
vn 0.9626452327 -0.2707290053 0.004471784458
v 81.51808929 66.60610199 -13.8750267
vn 0.8784222603 -0.477799058 -0.00907943584
v 79.84723663 65.47087097 -14.22906303
vn 0.04782560468 -0.09317134321 -0.9945007563
v 81.74842072 67.08129883 -13.88842773
vn 0.9249222875 -0.379963398 -0.01210632827
v 74.31012726 69.54763794 5.508570671
vn -0.9794050455 0.2003802508 0.02476980723
v 79.08072662 68.60848236 5.749997139
vn 0.4207685888 -0.01475069486 0.9070480466
v 79.20449829 69.83468628 7.75
vn -0.1085323393 0.9869658351 -0.1188240424
v 76.24158478 65.49396515 5.723814011
vn -0.05697471276 -0.08426933736 0.9948128462
v 91.36283875 -118.8026962 8.749997139
vn 0.1208180338 -0.3541423678 -0.9273543954
v 89.21503448 -119.0868149 8.749997139
vn 0.0791233331 -0.5139194727 -0.8541816473
v 90.26376343 -110.012764 11.74998665
vn 0.106061101 -0.4055575728 0.9078954458
v 86.14070892 -107.1842804 20.74998856
vn -0.9477829933 -0.1070261076 0.3004209995
v 88.12106323 -118.7060699 11.74998665
vn 0.007419543341 -0.3855976164 0.9226372242
v 89.98355103 -118.7961426 8.749997139
vn -0.004228212405 -0.3010751903 -0.9535910487
v 82.04253387 -116.3405838 11.74998665
vn -0.1623535603 -0.133398056 0.9776738882
v 87.30340576 -118.9159164 8.749997139
vn -0.04832850024 -0.4150554538 -0.908511579
v 90.62542725 -119.0701675 8.749997139
vn -0.004738493357 -0.9975982904 -0.06910250336
v 86.50725555 -118.9875641 8.749997139
vn -0.6002590656 -0.7963753343 -0.07399584353
v 87.29524231 -118.7931442 11.74998665
vn -0.2079898715 -0.9126915932 0.3517587781
v 97.59375 -115.1615753 8.749997139
vn 0.2487770319 -0.2091944516 -0.9456995726
v 91.29138184 -109.2784653 8.749997139
vn 0.4962397814 -0.3812375665 -0.780002594
v 90.6517868 -105.0278549 11.74998665
vn 0.3634606004 0.3591206372 0.8596096635
v 99.81645203 -110.8586807 11.74998665
vn 0.0683068186 -0.02173515223 0.9974275827
v 86.11551666 -106.9250412 8.749997139
vn -0.6894854307 0.1395549327 -0.7107279897
v 89.01873779 -107.4083176 -8.250008583
vn -0.004146393854 0.0003426269977 -0.9999913573
v 88.8531723 -110.3406906 -7.886526585
vn -0.1290121824 -0.9912930727 -0.02634275705
v 88.53372192 -104.5916519 -7.981462002
vn -0.291879952 0.9557614326 -0.03641681001
v 86.13626862 -107.4021149 -7.915885925
vn -0.9988475442 -0.02903313562 -0.03821809217
v 90.01490784 -104.6629715 -7.902467251
vn 0.308159858 0.9509853721 -0.02577535063
v 98.29517365 -100.8965149 11.74998665
vn 0.297668606 0.2065872699 0.9320488572
v 86.58203888 -118.9253769 11.74998665
vn -0.1682652235 -0.9798409343 0.1076967791
v 100.5996704 -108.9171371 8.749997139
vn 0.4972901344 -0.03712272644 -0.8667897582
v 99.0490036 -101.1011353 8.749997139
vn 0.930026412 0.3666066527 -0.02550400048
v 99.92206573 -103.4827042 8.749997139
vn 0.3319227397 0.08261846751 -0.9396815896
v 91.40579224 -118.8422852 11.74998665
vn 0.3529366255 -0.933981359 0.0558078438
v 99.81892395 -102.7247238 8.749997139
vn 0.9281761646 0.3669542074 -0.06191613898
v 79.96387482 -114.5196533 11.74998665
vn -0.08762085438 -0.1093456745 0.990134418
v 90.6517868 -105.0278549 20.74998856
vn 0.3538711667 0.8116264343 0.4647985995
v 88.53683472 -119.1704483 11.74998665
vn -0.1145931333 -0.9898681641 0.0838419944
v 87.77372742 -104.8038406 11.74998665
vn -0.1052721813 0.4025374353 0.9093301892
v 79.06462097 -101.7988434 8.749997139
vn -0.2340997159 0.1883593649 -0.9537914395
v 87.38572693 -109.7887497 20.74998856
vn -0.3538710177 -0.8116255999 0.4648001194
v 86.2633667 -118.4064331 8.749997139
vn 0.007021296304 -0.06880530715 -0.9976053834
v 82.01467896 -116.9649582 8.749997139
vn -0.8032695055 -0.5956115723 -0.002234374639
v 82.10827637 -116.9385529 11.74998665
vn -0.2652349174 -0.4167548716 0.8694629669
v 89.2233429 -118.9215698 11.74998665
vn 0.1529923826 -0.9718563557 0.1791329235
v 77.76545715 -103.7002029 8.749997139
vn -0.8799284101 0.4750548005 -0.00699407002
v 80.20830536 -100.1359482 8.749997139
vn -0.1535406262 0.185498938 -0.9705747962
v 88.23314667 -119.0610428 8.749997139
vn -0.02472067252 -0.4333932102 -0.9008657932
v 77.81949615 -103.7810822 11.74998665
vn -0.9501205087 0.3046840727 0.06662289053
v 100.538002 -107.2258072 8.749997139
vn 0.3275169134 0.004811810795 -0.9448330402
v 86.4460144 -108.7792206 -7.925481319
vn -0.8846022487 -0.4658822119 -0.02079969645
v 78.51294708 -102.2332458 8.749997139
vn -0.183431536 0.06529799849 -0.9808613658
v 89.27845764 -95.77742767 8.749997139
vn 0.0007516159676 0.4857814312 -0.8740800023
v 78.90145111 -112.7220535 11.74998665
vn -0.1665128767 -0.0958481133 0.9813697338
v 79.40113068 -114.3284225 11.74998665
vn -0.8361869454 -0.5470345616 0.03930139914
v 77.79717255 -111.6595917 11.74998665
vn -0.9167414308 -0.3992128074 0.01463926677
v 78.43122101 -111.930687 11.74998665
vn -0.2708331048 -0.08889906853 0.9585126042
v 79.37293243 -113.8318863 8.749997139
vn -0.2525361776 -0.1345110387 -0.9581921697
v 79.32787323 -113.6315536 11.74998665
vn -0.7723292708 -0.6076763868 0.1850322187
v 77.75793457 -110.0244293 8.749997139
vn -0.3976461589 -0.1105618998 -0.9108532071
v 91.95113373 -96.09831238 11.74998665
vn 0.2913195193 0.956569314 -0.01039812621
v 97.66464233 -115.261261 11.74998665
vn 0.3984556198 -0.3810200989 0.83430022
v 91.04315186 -95.73405457 8.749997139
vn 0.3895264864 0.9206109643 -0.02728594467
v 100.1524429 -110.7844696 8.749997139
vn 0.3974519372 -0.122953549 -0.909348309
v 92.50170898 -96.35578156 11.74998665
vn 0.03019819967 0.2102766335 0.9771754146
v 100.1442642 -110.0015106 11.74998665
vn 0.9221899509 -0.1481688619 0.3572277129
v 92.89572906 -118.1568832 8.749997139
vn 0.05432554334 -0.1481633335 -0.9874696732
v 93.37163544 -96.56843567 11.74998665
vn 0.159786582 0.3669691682 0.9164070487
v 92.81180573 -118.4556656 11.74998665
vn 0.07112660259 -0.3385389745 0.9382602572
v 93.55982971 -118.3520432 11.74998665
vn 0.549963057 -0.8334304094 0.05416986346
v 80.41086578 -115.1287689 8.749997139
vn -0.3165864646 -0.2769041359 -0.9072470069
v 79.83562469 -114.62323 8.749997139
vn -0.3594290614 -0.3456861377 -0.8667824864
v 99.76548767 -111.9826279 11.74998665
vn 0.3280079365 -0.1703233123 0.9291936159
v 94.26644135 -97.02719879 8.749997139
vn 0.2078631967 0.4108689427 -0.8876821399
v 88.99009705 -104.4198761 8.749997139
vn -0.04007738084 0.8192073703 -0.5720953345
v 77.17194366 -107.6073151 8.749997139
vn -0.9925341606 0.1084452868 -0.05581746995
v 90.05139923 -110.1411133 -7.936169624
vn 0.3585623503 -0.9332543612 -0.02166366205
v 99.39264679 -102.2310028 11.74998665
vn 0.8482108712 0.5251863599 0.06868451834
v 100.4321365 -109.8851929 8.749997139
vn 0.4493226409 -0.09495358169 -0.8883090615
v 77.65765381 -104.6923752 11.74998665
vn -0.9858276248 0.08096688241 0.1469292492
v 78.19226837 -112.5836792 11.74998665
vn -0.8571540117 -0.509321034 0.07667505741
v 78.2093277 -103.1031723 8.749997139
vn -0.3062896729 0.1589273363 -0.9385780096
v 87.35694885 -95.84780121 8.749997139
vn -0.03698110953 0.2462922484 -0.9684898257
v 82.79946136 -97.52342987 8.749997139
vn -0.2712575197 0.3206642568 -0.9075207114
v 98.5075531 -100.8848572 8.749997139
vn 0.1906556338 0.270637244 -0.9436132312
v 100.2505112 -104.3665695 8.749997139
vn 0.4032163024 0.1436272562 -0.9037631154
v 93.96967316 -117.8866043 8.749997139
vn 0.2018370181 -0.2647131681 -0.9429680705
v 77.75045013 -104.5032501 8.749997139
vn -0.3514744043 0.03233240545 -0.9356390238
v 100.5762177 -108.2583313 11.74998665
vn 0.473061353 -0.03199291229 0.880448401
v 100.4174423 -110.6419067 11.74998665
vn 0.9414411783 -0.3256129622 0.08754810691
v 77.49363708 -109.3114624 8.749997139
vn -0.2562074065 -0.02720723674 -0.9662388563
v 90.2904129 -95.79785919 8.749997139
vn -0.002184888814 0.2250109166 -0.9743537903
v 88.33664703 -95.74796295 8.749997139
vn -0.02581446245 0.5003679991 -0.8654279113
v 84.69003296 -118.2580795 8.749997139
vn -0.4518819749 -0.8877156973 -0.0881106779
v 85.77988434 -118.8055191 11.74998665
vn 0.1896688342 -0.9794712663 0.06827679276
v 83.92332458 -96.94702911 11.74998665
vn -0.02493715473 0.05105591565 0.9983844161
v 77.67194366 -105.4425964 11.74998665
vn -0.6066644788 0.2052204907 0.7680122256
v 83.63243866 -97.14608002 8.749997139
vn -0.1935536563 0.4098981917 -0.8913587928
v 89.41079712 -96.07695007 11.74998665
vn -0.03756599873 0.9507412314 0.3077009618
v 92.19807434 -96.43299103 8.749997139
vn 0.06802197546 0.2943860888 -0.9532627463
v 77.64058685 -106.3359604 8.749997139
vn -0.222965166 -0.03132304549 -0.9743230343
v 78.73317719 -113.2899323 11.74998665
vn -0.9008953571 -0.4223880768 0.09987935424
v 83.1418457 -97.12002563 11.74998665
vn -0.4767255187 0.8789985776 0.009706641547
v 87.77372742 -104.8038406 20.74998856
vn -0.5907706022 0.8000546098 0.104416348
v 78.30344391 -103.4347916 11.74998665
vn -0.8891872764 0.4093450904 0.2044078559
v 78.53216553 -112.5522079 8.749997139
vn -0.3313111067 -0.136024788 -0.9336649179
v 78.08132172 -111.2372131 8.749997139
vn -0.419467926 -0.1087018698 -0.9012383819
v 100.6852493 -107.9479141 8.749997139
vn 0.4820116758 0.01988892816 -0.8759390116
v 77.66030121 -110.7805786 8.749997139
vn -0.4570063949 -0.1453688592 -0.8775038719
v 82.28769684 -98.06441498 8.749997139
vn -0.2081697285 0.277074486 -0.9380272627
v 93.96967316 -117.8866043 11.74998665
vn 0.09080570936 -0.1291120201 0.9874636531
v 81.73338318 -116.4216995 8.749997139
vn -0.1816431135 -0.2469476759 -0.9518522024
v 99.30374146 -102.4249039 8.749997139
vn 0.2617416084 0.1912007034 -0.9460093379
v 100.6628418 -105.6776962 11.74998665
vn 0.9095419049 0.3992241621 0.1155577451
v 78.89073944 -113.4085922 8.749997139
vn -0.865462482 -0.5009661317 -0.002766607562
v 81.25526428 -98.79886627 8.749997139
vn -0.2398238331 0.2444288135 -0.9395419359
v 97.13376617 -98.89203644 11.74998665
vn 0.7900465131 0.6113650203 0.04537991807
v 81.69767761 -98.09229279 11.74998665
vn -0.5506789684 0.8287736177 0.09943313152
v 98.71998596 -114.210701 8.749997139
vn 0.4121897519 -0.3117239773 -0.8561120033
v 98.85390472 -113.7107315 11.74998665
vn 0.3542228043 -0.1980812401 0.913942039
v 99.344841 -112.8656235 11.74998665
vn 0.381764859 -0.2050727606 0.9012218118
v 98.28961945 -114.5112152 11.74998665
vn 0.2853482962 -0.2673464119 0.9203816056
v 79.63531494 -100.2997742 11.74998665
vn -0.9362114072 0.3347890079 0.1068856642
v 77.79723358 -110.3127594 11.74998665
vn -0.3142231107 -0.09136388451 0.9449425936
v 99.4598999 -112.6422577 8.749997139
vn 0.4077768922 -0.2012952715 -0.8906167746
v 85.35137939 -118.1350479 8.749997139
vn -0.3737629056 -0.8606879115 -0.345713228
v 97.08840942 -99.31565094 8.749997139
vn 0.2081242502 0.2493073046 -0.9457960725
v 95.11659241 -97.44651031 11.74998665
vn 0.1192896068 0.1662076712 0.978848815
v 97.03461456 -115.6758194 11.74998665
vn 0.0911398828 -0.09385882318 0.9914050698
v 80.65111542 -115.5653839 11.74998665
vn -0.7534868717 -0.6574580073 -0.002557610627
v 79.12579346 -101.6913834 11.74998665
vn -0.8398091197 0.2216138989 0.4955884218
v 100.3832016 -106.1983795 11.74998665
vn 0.9727928638 0.05442900956 0.2251920849
v 78.11521149 -102.7715683 11.74998665
vn -0.8786422014 0.4707979262 0.07960647345
v 94.51977539 -117.4212952 11.74998665
vn 0.03652277961 -0.1018821299 0.9941257834
v 97.15060425 -115.7301636 8.749997139
vn 0.3529076278 -0.2651783228 -0.8972941041
v 84.77170563 -96.52820587 11.74998665
vn -0.1781370938 0.4792039692 0.8594362736
v 90.26376343 -110.012764 20.74998856
vn 0.590765059 -0.8000588417 0.1044148877
v 91.89680481 -107.6323318 20.74998856
vn 0.9477832913 0.1070246771 0.3004205227
v 86.25792694 -118.4066467 11.74998665
vn -0.436037451 -0.6506749988 0.6216859221
v 77.34184265 -107.1140289 11.74998665
vn -0.3202550709 0.06929507107 0.944793582
v 91.87071991 -107.1371384 8.749997139
vn 0.6352464557 0.1112185195 -0.7642593384
v 96.12493896 -98.11169434 8.749997139
vn 0.2890657783 0.3740224242 -0.8812197447
v 79.66728973 -101.0056915 11.74998665
vn -0.63212502 0.6527996063 0.417457372
v 78.73623657 -102.6270828 11.74998665
vn -0.4868545234 0.2233961672 0.8444328308
v 99.11904907 -101.7230682 8.749997139
vn 0.3332322836 0.1322716773 -0.9335204363
v 79.00900269 -101.212738 8.749997139
vn -0.8446965814 0.5336284637 -0.04157421365
v 99.86662292 -102.8362885 11.74998665
vn 0.8292317986 0.5583022237 0.02594658546
v 86.90079498 -105.9334564 -8.184632301
vn -0.1389857829 0.08397544175 -0.9867274761
v 87.38572693 -109.7887497 11.74998665
vn -0.2073504329 -0.2048745155 0.9565731883
v 80.31411743 -115.0600128 11.74998665
vn -0.1829978079 -0.14893049 0.9717671871
v 82.79251862 -97.63474274 11.74998665
vn -0.476644963 0.4090780914 0.778116107
v 84.83286285 -96.67995453 8.749997139
vn -0.09545300156 0.3034055829 -0.94806844
v 87.16659546 -105.1489944 8.749997139
vn -0.342487067 0.4647974372 -0.8164961338
v 100.7472076 -105.7260971 8.749997139
vn 0.9992625117 0.03714866564 -0.009717555717
v 91.53980255 -96.09544373 8.749997139
vn 0.1114172041 0.3024148345 -0.94664222
v 85.4569397 -96.28482056 8.749997139
vn -0.1705816388 0.4369736612 -0.883151114
v 100.1383438 -105.2072906 11.74998665
vn 0.1026231945 0.01967639104 0.994525671
v 95.12641144 -117.4719391 11.74998665
vn 0.5133621693 -0.857732296 0.02746987715
v 99.86143494 -111.7504196 8.749997139
vn 0.1930368394 -0.08681514114 -0.9773433208
v 87.6060257 -95.81478119 11.74998665
vn -0.0114225354 0.4566731751 0.8895611763
v 92.76489258 -96.24827576 8.749997139
vn 0.2139427066 0.9760422111 -0.0396249257
v 100.6638031 -106.4882126 8.749997139
vn 0.3848638535 -0.009803343564 -0.9229212999
v 100.4771881 -104.709404 11.74998665
vn 0.9953369498 0.07656360418 0.05867218226
v 95.62954712 -98.09136963 11.74998665
vn 0.1221291944 0.2019049376 0.9717606902
v 99.92206573 -103.4827042 11.74998665
vn 0.120428063 0.01736311056 0.9925702214
v 98.22162628 -100.2095795 11.74998665
vn 0.2527147532 0.1961884052 0.9474414587
v 91.190979 -105.5038147 -7.956863403
vn 0.8040356636 0.5933448076 -0.03832226619
v 87.01405334 -108.9374619 -8.216648102
vn -0.1134465858 -0.05845155194 -0.9918231964
v 84.42599487 -117.7663422 8.749997139
vn -0.03968787193 -0.2013391405 -0.9787172079
v 86.6844635 -109.0691452 8.749997139
vn -0.4699735343 -0.3689231873 -0.8018856049
v 90.45809937 -119.0062027 11.74998665
vn 0.0385202989 -0.9992173314 0.008997708559
v 90.80361938 -95.69503784 11.74998665
vn -0.07176803797 0.9898065925 0.1230132282
v 100.1900864 -111.3564224 11.74998665
vn 0.9849354029 -0.1611653417 0.06267341971
v 81.35219574 -116.2192612 11.74998665
vn -0.5377046466 -0.8368479609 0.1027579755
v 91.89680481 -107.6323318 11.74998665
vn 0.56380409 -0.1547096521 0.8112890124
v 90.46582794 -104.8454514 8.749997139
vn 0.403118521 0.4592497051 -0.7915713191
v 84.10998535 -96.70858002 8.749997139
vn -0.1993530393 0.4615336061 -0.8644334078
v 88.40081787 -96.00416565 11.74998665
vn -0.01090564579 0.1460166126 0.9892220497
v 98.95224762 -101.0912323 11.74998665
vn 0.6546117067 0.747394681 0.1135107949
v 95.11714172 -97.50212097 8.749997139
vn 0.2533780038 0.3474550247 -0.9028148055
v 94.25566864 -96.96967316 11.74998665
vn 0.1754023433 0.3722063899 0.9114254713
v 100.5843124 -109.6033096 11.74998665
vn 0.9739198685 -0.2158858776 0.06980989128
v 89.99278259 -95.67667389 11.74998665
vn 0.04911435023 0.9930682182 0.1067861542
v 96.91492462 -116.4442368 8.749997139
vn 0.6579265594 -0.7527964115 -0.02074139006
v 86.39463806 -96.02653503 8.749997139
vn -0.1026090905 0.4322236776 -0.8959096074
v 89.86469269 -118.9614182 11.74998665
vn 0.05444112793 -0.5293248892 0.8466707468
v 98.9835434 -113.497963 8.749997139
vn 0.4210778773 -0.2147391438 -0.8812380433
v 80.82891846 -99.20600891 11.74998665
vn -0.6978993416 0.7105439901 0.08979841322
v 98.18109894 -114.5046921 8.749997139
vn 0.3488204479 -0.3591348827 -0.8656479716
v 96.6844635 -98.71261597 8.749997139
vn 0.2733934522 0.328432411 -0.9040952325
v 93.39927673 -96.67430878 8.749997139
vn 0.1703656167 0.3443745971 -0.9232451916
v 77.60565948 -109.2577209 11.74998665
vn -0.09812669456 0.003655091161 0.9951671958
v 77.47067261 -108.4028625 11.74998665
vn -0.3433460295 -0.07866065949 0.9359092116
v 88.85127258 -95.72177887 11.74998665
vn 0.05210049078 0.994541049 0.09040815383
v 80.99450684 -115.8281097 8.749997139
vn -0.3152620494 -0.3276970088 -0.8906314969
v 100.8468399 -106.7134018 11.74998665
vn 0.987870276 0.1333783865 0.07951425016
v 94.81944275 -117.5445557 8.749997139
vn 0.1125243232 -0.2212517262 -0.9687032104
v 77.40899658 -106.1318512 11.74998665
vn -0.08168175071 0.004746863153 0.9966471791
v 100.5270615 -107.263916 11.74998665
vn 0.3165727258 -0.02625373565 0.948204875
v 77.41795349 -109.818306 11.74998665
vn -0.9682241678 -0.2496539801 0.01465863641
v 90.38392639 -96.1546936 11.74998665
vn 0.001455837279 0.06428922713 0.9979302287
v 77.17850494 -107.8499069 11.74998665
vn -0.9852221608 -0.1621765345 0.05510061234
v 77.43546295 -107.0422211 8.749997139
vn -0.349989146 0.08321273327 -0.9330505133
v 96.17821503 -116.5800095 8.749997139
vn 0.1620950252 -0.3373484313 -0.9273194075
v 82.71929169 -117.2420425 8.749997139
vn -0.1630254984 -0.3977506757 -0.9028937221
v 95.7926712 -116.8659897 11.74998665
vn 0.5773524046 -0.8144232631 0.05812890455
v 96.61054993 -116.2848206 11.74998665
vn 0.6675003767 -0.7245365381 0.1717267781
v 79.61087799 -100.2056427 8.749997139
vn -0.6214877367 0.7797167301 -0.0761237368
v 83.79439545 -117.9575424 11.74998665
vn -0.147944957 -0.9885009527 0.03127485886
v 85.69701385 -96.21073914 11.74998665
vn -0.1263577491 0.4357575178 0.8911504149
v 97.67648315 -100.0995636 11.74998665
vn 0.1508671492 0.09708414227 0.9837752581
v 95.45570374 -116.9572144 8.749997139
vn 0.2826656699 -0.3644769192 -0.8872748613
v 100.0579605 -104.1207275 11.74998665
vn 0.3767166436 0.1577090919 0.9128047228
v 83.90341187 -118.0108337 8.749997139
vn -0.2021031082 -0.3997777104 -0.8940537572
v 86.63983154 -95.9728775 11.74998665
vn -0.08879762143 0.4436565936 0.8917868733
v 91.22207642 -96.10314178 11.74998665
vn 0.4142590761 0.8907291889 0.1870587021
v 82.80200958 -116.9952927 11.74998665
vn -0.01890649647 -0.04063117504 0.9989953041
v 85.7432251 -118.7154388 8.749997139
vn -0.3824911416 -0.9118404984 -0.149155587
v 91.98842621 -118.4457855 8.749997139
vn 0.08116190135 -0.362278372 -0.9285295606
v 83.41591644 -117.4714737 8.749997139
vn -0.173876375 -0.2678083777 -0.9476526976
v 85.12190247 -118.4183502 11.74998665
vn -0.4751882255 -0.8771116138 0.06979541481
v 83.33110046 -117.5075607 11.74998665
vn -0.57742697 -0.726021111 0.3734586835
v 87.39754486 -109.7951889 -7.956126213
vn -0.4780731499 -0.8781207204 -0.01871016808
v 84.51609039 -118.0076141 11.74998665
vn -0.5044026971 -0.8427692652 0.1879304945
v 93.55982971 -118.3520432 8.749997139
vn 0.1998646259 -0.9738978148 -0.1075975671
v 92.62815094 -118.6936493 8.749997139
vn 0.208581686 -0.9761341214 -0.06046395749
v 92.06059265 -118.5211639 11.74998665
vn 0.004692575429 -0.06918779016 0.997592628
v 89.3632431 -110.2809067 8.749997139
vn 0.008061203174 -0.7532128096 -0.6577275395
v 78.08765411 -111.0296707 11.74998665
vn -0.3094698191 -0.07223531604 0.9481616616
v 98.90750885 -101.6907883 11.74998665
vn 0.1865567416 0.05405366048 0.9809560776
v 89.47412109 -109.8444366 -8.217634201
vn 0.04934548214 -0.1267154515 -0.9907109737
v 91.67540741 -108.5617828 -7.934989452
vn 0.9573582411 -0.280338794 -0.06982339919
v 79.04116821 -101.0181351 11.74998665
vn -0.778303206 0.6146278977 0.1283614784
v 77.69437408 -105.3209915 8.749997139
vn -0.3665141463 0.08062382042 -0.926912725
v 91.8662262 -106.8098907 -7.883843422
vn 0.9873729944 0.1562269777 -0.02622341923
v 80.21972656 -99.99762726 11.74998665
vn -0.6411569118 0.7307581306 0.2343296409
v 78.38260651 -111.8170013 8.749997139
vn -0.3459451199 -0.2366272658 -0.9079259634
v 89.15467072 -104.938652 -8.231046677
vn 0.03007434309 0.121113807 -0.9921829104
v 86.84410858 -105.4538727 -7.852558613
vn -0.7988817096 0.6012395024 -0.01729192957
v 91.04891205 -109.4962769 -7.920922756
vn 0.588806808 -0.8080085516 -0.02070680074
v 81.60329437 -98.2654953 8.749997139
vn -0.567740202 0.8224717975 -0.0348026976
v 82.28746796 -98.17082214 11.74998665
vn -0.1503330469 0.4061154723 0.9013713002
v 91.37599182 -106.8575516 -8.21188736
vn 0.126197964 0.008602903225 -0.9919677973
v 81.44470978 -98.73079681 11.74998665
vn -0.8005861044 0.5914379954 0.09624452889
v 100.4368744 -108.8937073 11.74998665
vn 0.08378564566 0.000504190044 0.9964836836
v 79.5941925 -100.7891159 8.749997139
vn -0.2723645866 0.0906130597 -0.9579179287
v 77.2706604 -105.8691483 8.749997139
vn -0.9822071195 0.1825512201 -0.04409289733
v 86.14070892 -107.1842804 11.74998665
vn -0.3778343797 0.1036762372 0.9200502038
v 78.58123779 -101.9641876 11.74998665
vn -0.8224474788 0.5650039315 0.06595985591
v 97.67791748 -99.43341827 8.749997139
vn 0.8304718137 0.5567919016 -0.01730137691
v 98.15145111 -100.2006683 8.749997139
vn 0.1555093527 0.1001730561 -0.9827421904
v 87.72594452 -119.1860504 11.74998665
vn -0.03294241801 -0.9963560104 0.0786736235
v 80.5474472 -99.43042755 8.749997139
vn -0.3791738153 0.2949983478 -0.8770422935
v 97.75966644 -99.52308655 11.74998665
vn 0.5386190414 0.8349909782 0.1126037836
v 77.37631226 -108.3426819 8.749997139
vn -0.3173662722 -0.08631446958 -0.9443666935
v 97.08905029 -99.45812988 11.74998665
vn 0.6479762793 0.6426849961 0.4087575078
v 100.3160553 -105.1770401 8.749997139
vn 0.3422818184 0.1003331095 -0.9342250228
v 96.32224274 -98.17581177 11.74998665
vn 0.6092086434 0.7872669101 0.09526626766
v 96.47492218 -98.74554443 11.74998665
vn 0.681209743 0.709089458 0.1820589006
v -84.6506958 -100.6161499 7.749990463
vn 0.9427216053 -0.3301545978 -0.04768553004
v -83.91806793 -100.4269409 11.74999619
vn 0.9063059688 0.4030386508 0.1271586716
v -85.64896393 -99.84902954 11.84999466
vn -0.002552985447 -0.004916149657 0.9999846816
v -86.20985413 -100.6726151 11.7749958
vn -0.04584412277 -0.0458024852 0.9978980422
v -84.9787674 -100.4925079 11.79999542
vn 0.04935020208 -0.03913327679 0.9980146289
v -82.50714874 -101.5197525 5.74055481
vn 0.03178717941 -0.02634234913 0.9991474748
v -83.99263 -100.6148758 7.749990463
vn 0.3714283109 -0.9244877696 -0.08580992371
v -85.10637665 -99.01358032 11.79999542
vn 0.02479142323 0.07272161543 0.9970440865
v -84.19434357 -100.6436234 11.74999619
vn 0.2490451336 -0.9643218517 0.08977708966
v -84.66926575 -99.90042114 5.749986649
vn 0.3312165141 -0.02274098434 0.9432806969
v -84.83358002 -99.28836823 5.749986649
vn 0.3818503022 0.2728404403 0.8830336332
v -83.99565887 -99.73104095 11.74999619
vn 0.5875684619 -0.802572906 0.1031504944
v -84.32191467 -98.85592651 11.74999619
vn 0.9242593646 -0.3752092719 0.07044553012
v -85.0091095 -98.75634766 11.74999619
vn 0.8404739499 0.5365663171 0.07549956441
v -85.06950378 -98.29611206 11.74999619
vn 0.904551506 0.4043171108 0.13533023
v -86.07270813 -98.97222137 5.749986649
vn -0.07762292773 0.3310199678 0.940425694
v -86.37202454 -98.80950928 7.749990463
vn -0.8129940629 0.5810813308 -0.03721746057
v -84.78749847 -100.2825546 7.749990463
vn 0.8166342378 -0.4051308334 -0.4110687375
v -87.02246094 -98.64756012 7.749990463
vn 0.003361649346 0.988997221 -0.147895962
v -87.06980133 -98.99543762 11.74999619
vn -0.8631579876 -0.5046729445 0.01623376086
v -86.45448303 -100.4291077 11.80624485
vn -0.05196478218 -0.03663596883 0.9979766607
v -86.8208313 -98.67681122 11.74999619
vn 0.1988804191 0.9353780746 0.2924284935
v -88.58582306 -97.55432129 5.664935589
vn -0.1456809938 0.05765272677 0.9876503348
v -86.5422287 -99.42321014 7.749990463
vn -0.8689923286 0.3909155726 -0.3033765256
v -89.06923676 -98.51620483 5.694372654
vn -0.14879255 0.07444288582 0.9860624075
v -86.81958771 -99.36642456 11.74999619
vn -0.6991636753 0.7133128643 0.04852735996
v -87.20207214 -100.4280396 11.74999619
vn -0.8904587626 0.421857655 0.170643881
v -86.89360046 -100.091362 11.74999619
vn -0.944873333 0.2807027698 0.1685832888
v -88.29798889 -102.2340088 5.74055481
vn -0.00862467289 -0.04834893718 0.9987932444
v -87.63942719 -99.66526794 11.74999619
vn -0.8979761004 -0.4143538773 0.1481544226
v -87.21923065 -100.7787018 11.74999619
vn -0.2809993029 -0.956422925 0.07933850586
v -87.31243896 -100.5992966 7.749990463
vn -0.9462208748 0.3063384593 -0.1040329114
v -86.43250275 -100.439415 7.749990463
vn -0.6941857934 -0.5903761983 -0.4117790759
v -86.57282257 -100.7140427 11.74999619
vn -0.8951913118 -0.4366257191 0.08938966691
v -86.57282257 -100.7140427 7.749990463
vn -0.4596527815 -0.8873534799 -0.03637475148
v -86.6424942 -101.1757965 11.74999619
vn -0.9823215604 -0.1352694184 0.1294083148
v -85.76747131 -101.5023117 11.74999619
vn -0.7777950168 -0.6162638068 0.1235063076
v -84.52619171 -101.0683441 7.749990463
vn 0.9814680219 0.1903342903 -0.02221151814
v -84.50528717 -101.2710037 11.74999619
vn 0.9954602122 -0.02588439174 0.091591537
v -82.89331055 -102.269371 5.698834896
vn 0.1364856362 -0.1195181757 0.9834058285
v -83.59115601 -102.7521057 5.74055481
vn 0.04316019267 -0.06185504794 0.997151494
v -85.45561981 -101.6635971 11.74999619
vn 0.7348241806 -0.6714107394 0.09613039345
v -85.212677 -101.0400238 7.749990463
vn 0.7289686799 -0.6837364435 -0.03330426663
v -84.04521942 -100.2677536 7.749990463
vn 0.8478921652 0.5034703016 -0.1661221534
v -85.212677 -101.0400238 11.74999619
vn 0.1056240499 -0.9688444734 0.2240177542
v -84.38300323 -99.9574585 7.749990463
vn 0.9569699764 0.2319810241 -0.1743365377
v -81.70681763 -99.74829865 5.416661263
vn 0.9998250604 0.007674477529 0.01705600508
v -82.22262573 -97.97768402 5.495827198
vn 0.8810475469 0.472730428 0.01676645875
v -82.3054657 -98.60990906 5.734806538
vn 0.08172267675 0.0509140715 0.9953537583
v -84.71077728 -99.56223297 7.749990463
vn 0.8851994276 0.2749261856 -0.3752833307
v -82.03940582 -99.51195526 5.720685005
vn 0.1602148563 -0.004703677259 0.9870709777
v -84.26425934 -98.6605072 7.749990463
vn 0.9721587896 -0.1634527743 -0.1679000854
v -84.48439789 -101.473671 7.749990463
vn 0.3494261801 -0.8826087117 -0.314488858
v -84.85484314 -101.3039246 7.749990463
vn -0.540168345 -0.8410711884 -0.02858983539
v -84.89669037 -100.4919205 5.749986649
vn 0.334004432 -0.3146235347 0.8885117173
v -85.26560974 -98.94597626 5.749986649
vn 0.07158177346 0.2674669325 0.9609045386
v -88.8141098 -97.92189789 5.668703556
vn -0.1479325742 0.1132563278 0.9824911952
v -89.24206543 -99.34227753 5.716011524
vn -0.1066264585 0.03770296276 0.9935840368
v -87.63942719 -99.66526794 7.749990463
vn -0.8051180243 0.5749127269 -0.145809114
v -86.63547516 -99.92686462 7.749990463
vn -0.922352314 -0.1886636317 -0.3371530771
v -86.63827515 -103.6524658 5.433289051
vn -0.2411640435 -0.9704300761 0.01026777085
v -84.07344818 -99.33422852 11.74999619
vn 0.2080015242 0.9750224352 0.07788870484
v -84.39234161 -99.98070526 11.74999619
vn 0.8970001936 -0.3897044063 0.2086172402
v -82.61345673 -97.6973114 5.673860073
vn 0.1268394142 0.07879123092 0.988789022
v -84.82715607 -99.28435516 11.81249428
vn 0.05961956456 0.02741960622 0.9978445172
v -84.20661926 -98.46509552 11.74999619
vn 0.5303789377 0.8400027156 0.114427343
v -82.56537628 -97.32675934 5.313962936
vn 0.7934363484 0.6085840464 0.009178706445
v -89.55195618 -100.4499817 5.412379742
vn -0.9893627763 -0.1447226405 0.01471774932
v -82.33657074 -98.15849304 -14.16296482
vn 0.1194740757 0.06306088716 -0.9908326268
v -82.29219055 -97.74410248 -13.869771
vn 0.8722656965 0.4889093339 -0.01096468139
v -81.90952301 -98.52269745 -13.85365486
vn 0.9296066165 0.368406266 -0.01040777471
v -84.45097351 -96.16822052 5.566272736
vn 0.1898362488 0.6868783832 0.7015413642
v -83.24276733 -102.8563385 5.586978436
vn 0.4442126453 -0.5280938745 0.7237347364
v -85.70987701 -98.5893631 7.749990463
vn -0.3623652458 0.9099772573 -0.2015757859
v -86.71612549 -96.03016663 5.361704826
vn -0.2156006247 0.9764055014 0.01219219342
v -82.10511017 -101.6782455 5.29833746
vn 0.892970264 -0.4500701129 0.006398820318
v -83.13453674 -97.30194092 -14.23501205
vn 0.07715279609 0.04402051494 -0.99604702
v -84.52973938 -99.26104736 11.74999619
vn 0.9952152371 -0.01191100106 0.09697828442
v -81.69911957 -99.74803162 -13.90896702
vn 0.9987787008 0.04854051769 -0.00921606645
v -83.02592468 -96.9041214 -13.9166708
vn 0.6196628213 0.7832345963 -0.05061137304
v -82.68331146 -97.17896271 -13.81445885
vn 0.719055295 0.6949148774 -0.007265833206
v -88.95191956 -97.62413025 -13.79834366
vn -0.8416712284 0.539934516 -0.007762579247
v -83.97465515 -103.4577103 5.344723225
vn 0.4240953326 -0.9055472612 0.01128300745
v -89.14285278 -101.7520599 -13.84473038
vn -0.8677242398 -0.4969620705 -0.009128628299
v -89.27262878 -101.5000305 5.29833746
vn -0.9111810327 -0.4119587243 0.006260185968
v -85.2881546 -103.7817764 -13.92508221
vn 0.1248010844 -0.9920673966 -0.0150643643
v -84.67294312 -99.68598175 11.79999542
vn 0.068412669 -0.009286448359 0.9976139069
v -84.792099 -103.704422 5.401526451
vn 0.2153830975 -0.976380825 0.01704706997
v -86.15486908 -98.09572601 7.749990463
vn 0.4444826245 0.8901966214 -0.09992589056
v -89.06477356 -101.4618683 -14.13536644
vn -0.1597819477 -0.1472243071 -0.9761120677
v -89.22277069 -100.8287811 -14.16871357
vn -0.1697970331 -0.04023267329 -0.9846574664
v -87.08041382 -96.58322144 5.734806538
vn -0.04079770297 0.08150739223 0.9958373904
v -89.57836151 -99.94932556 -13.92676926
vn -0.9984611273 -0.05319582671 -0.01567265205
v -83.56476593 -103.1674423 5.455652714
vn 0.5155438185 -0.8565815687 0.02196723595
v -85.37911987 -95.86994934 5.29833746
vn 0.1107737049 0.9938205481 0.00706513878
v -84.38027191 -96.07374573 5.29833746
vn 0.324804157 0.9457710385 0.004408233799
v -86.00106049 -98.22934723 11.74999619
vn 0.5496734381 0.8187137246 0.1660331488
v -86.07270813 -98.97222137 7.749990463
vn -0.4083597064 0.8273157477 -0.3857343793
v -82.30478668 -101.9921188 -13.80640125
vn 0.8703727722 -0.4922588468 -0.01150797307
v -89.20518494 -99.13612366 -14.22381783
vn -0.09294736385 0.01863354072 -0.9954966307
v -84.71057892 -96.26417542 -14.16871357
vn 0.01039648708 0.1516343653 -0.9883819818
v -84.55940247 -103.6850891 -13.79834366
vn 0.2755780816 -0.961232245 -0.009447846562
v -87.01566315 -100.7868652 7.749990463
vn -0.1523249 -0.9818217158 -0.1132397428
v -86.43250275 -100.439415 5.749986649
vn -0.3057370782 -0.2102749795 0.9286060929
v -88.81920624 -98.16527557 -14.23219109
vn -0.07535799593 0.06680087 -0.9949164987
v -82.74008179 -97.51407623 -14.1595192
vn 0.1638240963 0.06835593283 -0.9841184616
v -89.33457947 -98.40109253 -13.87362194
vn -0.935395658 0.3532077074 -0.0167121049
v -89.57138062 -99.30677032 -13.87362194
vn -0.9874808788 0.1570780277 -0.01442399155
v -88.30215454 -102.5271988 5.632778168
vn -0.1553127766 -0.2469195426 0.9565085769
v -86.37202454 -98.80950928 11.74999619
vn -0.3019784987 0.9522144794 0.04578824341
v -87.22410583 -98.61830902 11.74999619
vn -0.904989481 0.4041306973 0.1329376847
v -85.67914581 -100.8336563 11.80624485
vn -0.0002792254963 -0.06054815277 0.9981652498
v -88.08255005 -102.9754562 -13.869771
vn -0.580167532 -0.8144090772 -0.01197773777
v -85.91283417 -101.0865402 11.74999619
vn -0.5292954445 -0.8477759361 0.03350141644
v -88.70493317 -102.0152435 -14.15409279
vn -0.1462088227 -0.03091979958 -0.9887704253
v -82.77294922 -102.2308426 -14.15836716
vn 0.1188719124 -0.06219173968 -0.9909599423
v -86.58885956 -99.67503357 11.79999542
vn -0.05885902792 0.01339472644 0.9981764555
v -86.07270813 -98.97222137 11.79999542
vn -0.0324553661 0.05762718245 0.997810483
v -83.84417725 -102.9396973 -14.23219109
vn 0.03702704236 -0.05518855527 -0.9977891445
v -84.6506958 -100.6161499 11.74999619
vn 0.5468318462 -0.8358389139 0.04845803231
v -85.52352142 -103.5221252 -14.19125748
vn 0.02806980722 -0.1181874722 -0.9925944805
v -85.38395691 -100.7861023 5.749986649
vn 0.03660074249 -0.3072945774 0.9509103298
v -86.5422287 -99.42321014 5.749986649
vn -0.2826809585 0.2043580264 0.9371922612
v -86.81958771 -99.36642456 7.749990463
vn -0.9878276587 -0.05828877538 -0.1442183107
v -87.68736267 -96.58662415 -14.09686279
vn -0.3716163635 0.6018099189 -0.706913054
v -86.88005829 -96.20448303 -14.09686279
vn -0.2611394525 0.6805421114 -0.6845937967
v -89.36363983 -99.5456543 -14.16494465
vn -0.1308252364 0.01475677919 -0.9912956357
v -87.26855469 -99.49645996 11.74999619
vn -0.3645344079 0.9287347794 0.06757456809
v -86.03826141 -100.7660294 5.749986649
vn -0.2145171463 -0.4199270606 0.8818410635
v -89.20697021 -100.1819153 -14.23454952
vn -0.1094348505 -0.009768384509 -0.9939459562
v -86.46733856 -101.480072 11.74999619
vn 0.2603291273 -0.9577118158 0.1225429997
v -87.30574799 -99.89910889 11.74999619
vn -0.4693782926 -0.8785088658 0.0889165476
v -85.69300842 -95.88861084 -13.84919262
vn -0.05384123698 0.9984318018 -0.0153305186
v -84.07344818 -99.33422852 7.749990463
vn 0.3969980776 0.912979126 -0.09413620085
v -81.76218414 -99.01624298 5.334050179
vn 0.984952271 0.172626704 0.00830692891
v -87.3888092 -103.1208572 5.668703556
vn -0.0841543451 -0.1152747422 0.989762485
v -84.60186768 -98.56415558 7.749990463
vn -0.168081969 0.9832316041 -0.07073909044
v -85.0091095 -98.75634766 7.749990463
vn 0.2791441977 0.9586265683 -0.0558001399
v -86.29166412 -101.3768768 7.749990463
vn 0.3977603018 -0.9096458554 -0.11971277
v -83.01288605 -102.8154449 5.339408875
vn 0.6546390653 -0.7558678985 0.01055651624
v -85.38395691 -100.7861023 7.749990463
vn 0.3661553264 -0.8183407187 -0.4429996908
v -88.70493317 -102.0152435 5.654082298
vn -0.158555612 -0.1126769036 0.980899632
v -81.97841644 -100.148819 5.691579819
vn 0.1610628664 -0.01361599192 0.9868502021
v -88.90834808 -101.2773209 5.738670826
vn -0.05857036635 -0.04813291132 0.9971222281
v -85.3636322 -101.4818115 7.749990463
vn 0.8134824634 -0.5709608197 -0.11067985
v -85.65753937 -101.6738434 7.749990463
vn -0.6840589046 -0.721108079 -0.1098475158
v -81.74572754 -99.2480545 -13.92508221
vn 0.9853229523 0.1692727506 -0.02203297988
v -86.66648102 -103.3194733 5.711497784
vn -0.03486825898 -0.1398456097 0.9895591736
v -85.94443512 -101.0741806 7.749990463
vn 0.08000999689 -0.9849221706 -0.1533841193
v -89.23757935 -98.20081329 5.412379742
vn -0.907473743 0.419917196 0.01268659066
v -83.68738556 -99.46459961 11.74999619
vn 0.900187552 0.4203413725 0.113909848
v -83.14517975 -97.31404114 5.737359524
vn 0.06613027304 0.06278157979 0.9958339334
v -81.93901825 -98.83196259 5.596852303
vn 0.6689106226 0.1840500981 0.7201972604
v -89.12008667 -101.4921188 5.596852303
vn -0.6816434264 -0.3592344522 0.637426734
v -88.73600769 -102.3737259 5.29833746
vn -0.8002486825 -0.5995337367 0.01270420291
v -81.90328217 -101.0759277 5.432776451
vn 0.943143785 -0.3321934938 0.01128322724
v -89.44469452 -101.0731812 -13.79834366
vn -0.9605734348 -0.2778279483 -0.01050317381
v -82.05457306 -98.8636322 -14.16494465
vn 0.1140164733 0.06805313379 -0.9911453128
v -88.1007309 -102.9868546 5.314452648
vn -0.6258614063 -0.7798717618 0.009874373674
v -85.9431839 -103.8034363 5.361704826
vn -0.1563412249 -0.987575829 0.01585720852
v -87.0696106 -103.4860687 -14.02084064
vn -0.2471679002 -0.6616175175 -0.7079338431
v -83.84151459 -99.59781647 7.749990463
vn 0.7426562309 -0.6612980962 -0.1055772528
v -85.64896393 -99.84902954 -14.25
vn 0.0004412301641 0.000518170069 -0.9999997616
v -87.35302734 -103.4572067 -13.78222847
vn -0.3766021729 -0.9263634086 -0.004648831207
v -84.46308899 -103.3598175 -14.16871357
vn 0.001724446542 -0.1433588117 -0.9896692634
v -81.7739563 -100.6102524 -13.92508221
vn 0.9801014662 -0.1977423131 -0.01729384065
v -84.52973938 -99.26104736 7.749990463
vn 0.7550154924 0.6541370153 -0.04534704611
v -82.12931824 -100.661972 -14.22225666
vn 0.1037727073 -0.03579280525 -0.9939568043
v -87.08041382 -96.58322144 -14.2348156
vn -0.01610480249 0.08186125755 -0.9965136051
v -85.77651215 -96.19891357 -14.20286655
vn 0.002754389076 0.1007186323 -0.9949111342
v -86.38276672 -98.3628006 7.749990463
vn -0.9494063854 0.2888439596 -0.1232747063
v -88.09328461 -102.4730759 -14.22836208
vn -0.08170475811 -0.04199746624 -0.9957713485
v -85.21547699 -98.98756409 7.749990463
vn 0.3103038967 0.8907026649 -0.3322051466
v -83.33739471 -103.0941925 -13.81445885
vn 0.5567646623 -0.8306627274 -0.003543384839
v -83.97652435 -103.417984 -13.93278599
vn 0.4734839797 -0.88057971 -0.01980494708
v -87.06980133 -98.99543762 7.749990463
vn -0.9478344917 -0.3088956773 -0.07869733125
v -85.32327271 -98.05351257 11.74999619
vn -0.5354316235 0.8396670222 0.09095171839
v -84.60186768 -98.56415558 11.74999619
vn -0.3656735122 0.9236143827 0.1149751991
v -89.49837494 -99.75987244 5.584076405
vn -0.7307552695 0.03546955064 0.6817174554
v -82.14180756 -100.7668381 5.720685005
vn 0.1665470451 -0.01670035534 0.9858920574
v -86.88005829 -96.20448303 5.596852303
vn -0.1997974217 0.635013938 0.7462159991
v -83.85089874 -96.69570923 5.709844589
vn 0.07764351368 0.1238250211 0.9892617464
v -86.19536591 -96.26516724 5.720685005
vn -0.01903184876 0.1215437502 0.9924036264
v -87.68736267 -96.58662415 5.596852303
vn -0.3716734946 0.5625403523 0.7385168672
v -85.70987701 -98.5893631 11.74999619
vn 0.2599985301 0.9528411627 0.1565072089
v -86.64064026 -103.6494217 -13.9494133
vn -0.2293952256 -0.9732867479 -0.009526775219
v -81.90328217 -101.0759277 -13.93278599
vn 0.9460019469 -0.323843807 -0.01433484908
v -88.99358368 -101.2001724 -14.23302746
vn -0.00776070077 -0.05453137308 -0.9984818697
v -86.73855591 -96.0129776 -13.79834366
vn -0.2819761932 0.9593794346 -0.008972435258
v -88.29956818 -97.22888947 -14.16494465
vn -0.1224413887 0.02434761822 -0.9921770692
v -85.12664795 -98.10055542 7.749990463
vn 0.8507692814 0.5195893645 -0.07885760069
v -85.6735611 -95.99981689 5.575127125
vn -0.004232568666 0.702544868 0.7116268873
v -84.64435577 -95.98701477 -13.81445885
vn 0.2098598927 0.9776659012 -0.0113210585
v -89.41413879 -100.8812408 5.495827198
vn -0.9732860327 -0.2276872247 0.02954453602
v -86.63547516 -99.92686462 5.749986649
vn -0.3664206564 0.002485431964 0.9304459691
v -87.76905823 -102.9143448 5.664935589
vn -0.1107659712 -0.1323088259 0.9850001335
v -81.72879028 -100.391571 5.384898663
vn 0.9858198762 -0.1673038304 0.01298248023
v -81.94665527 -98.41279602 5.353648186
vn 0.9142338037 0.4047426879 0.01896998845
v -87.26855469 -99.49645996 7.749990463
vn -0.3185888827 0.9425324798 -0.1006660312
v -87.30574799 -99.89910889 7.749990463
vn -0.520876646 -0.852030158 -0.05226980895
v -85.05295563 -96.35684967 5.74196434
vn 0.01426539198 0.06524924934 0.9977670312
v -85.30097198 -103.5786591 5.654082298
vn -0.002153390786 -0.163300842 0.9865739942
v -89.49504089 -98.84809113 5.340275764
vn -0.9674554467 0.2524973452 0.01658428833
v -82.51766205 -102.2957001 5.376952648
vn 0.7740958929 -0.6329553127 0.01196283195
v -87.32473755 -96.27312469 5.425073147
vn -0.4253188968 0.9049716592 0.01140739024
v -85.73586273 -103.575058 5.664935589
vn 0.0172199402 -0.1743370891 0.9845354557
v -83.79488373 -96.36235046 5.412379742
vn 0.498024404 0.8670629859 0.01316939108
v -83.22136688 -96.73045349 5.388750076
vn 0.6175740957 0.786295712 0.01847327687
v -85.38238525 -98.88818359 11.81249428
vn 0.006376608741 0.06724896282 0.9977158308
v -85.29043579 -103.8234024 5.314452648
vn 0.06644844264 -0.9977447987 0.009482393041
v -84.39491272 -103.5616684 5.455652714
vn 0.2901205122 -0.9567902088 0.01955999993
v -83.41702271 -96.60042572 -13.93278599
vn 0.5491320491 0.8356513381 -0.01186729595
v -86.34572601 -98.16246033 11.74999619
vn -0.9068668485 0.4131234884 0.08319579065
v -88.07570648 -97.15125275 5.716011524
vn -0.07470404357 0.05437976494 0.9957219362
v -86.41411591 -96.24863434 -14.17926311
vn -0.004140452947 0.1642567068 -0.9864089489
v -84.04605103 -96.60935211 -14.22069359
vn 0.03894606978 0.1204262227 -0.9919580221
v -87.92051697 -97.0100708 -14.2175703
vn -0.09096120298 0.04214417189 -0.994962275
v -86.00753784 -95.87466431 5.314452648
vn -0.1187068596 0.9929124117 0.005803193897
v -86.03826141 -100.7660294 7.749990463
vn -0.2025542259 -0.9404779673 -0.2728974521
v -88.50785828 -102.422966 -14.09686279
vn -0.5250951052 -0.5360704064 -0.6609869003
v -87.64617157 -103.1292114 -14.09686279
vn -0.3874192536 -0.5809018612 -0.7158626318
v -82.87392426 -102.6610718 -13.90896702
vn 0.7279420495 -0.6855342984 -0.01196108386
v -89.19354248 -98.69716644 -14.16494465
vn -0.1548307538 0.04398235306 -0.986961484
v -86.36129761 -103.4036484 -14.22069359
vn 0.0004958150093 -0.1253664494 -0.9921103716
v -85.46274567 -98.20201874 7.749990463
vn -0.63031286 0.7520698309 -0.1926049143
v -87.55186462 -96.37387848 -13.869771
vn -0.4878280759 0.8728713989 -0.01091937907
v -84.39185333 -103.2353592 5.715593338
vn 0.0303555429 -0.1682646871 0.9852743745
v -84.85484314 -101.3039246 11.74999619
vn -0.3451359272 -0.9292410016 0.1318800151
v -82.03495026 -99.51180267 -14.2175703
vn 0.1117225811 0.02829779126 -0.9933364391
v -82.46559906 -101.7873001 -14.16494465
vn 0.08516472578 -0.07279203087 -0.993704319
v -83.98125458 -96.26717377 -13.8932209
vn 0.4444449544 0.8956373334 -0.01738929749
v -88.73600769 -102.3737259 -13.79834366
vn -0.7353664637 -0.6776261926 -0.007677232847
v -81.72048187 -100.1698837 -13.93278599
vn 0.997630775 -0.06429063529 -0.02448662184
v -88.95191956 -97.62413025 5.29833746
vn -0.7707473636 0.6370665431 0.009733790532
v -89.63467407 -99.71950531 5.29833746
vn -0.999584496 0.02858004533 0.003742412664
v -87.24369049 -103.4956207 5.329587936
vn -0.4633019269 -0.8860524893 0.01619619504
v -85.9431839 -103.8034363 -13.86171246
vn -0.07599677145 -0.9969484806 -0.01783708669
v -82.29314423 -101.390358 -14.17881298
vn 0.1198440641 -0.09876619279 -0.987867713
v -84.87422943 -103.4946594 -14.16494465
vn 0.04848901927 -0.1373078227 -0.9893409014
v -85.13309479 -96.17946625 -14.16871357
vn 0.04485469684 0.1738253534 -0.983754456
v -83.42811584 -102.9820862 -14.09686279
vn 0.4062508047 -0.5559552908 -0.7251717448
v -87.13969421 -103.0967941 -14.23454952
vn -0.02322120965 -0.05723978579 -0.9980903864
v -88.26804352 -96.86885834 -13.85365486
vn -0.6886517406 0.7249993682 -0.01160913985
v -88.02735138 -96.66695404 5.322020054
vn -0.619155705 0.7852165103 0.009017044678
v -88.38478088 -97.14465332 5.596852303
vn -0.5839856863 0.585015595 0.5627766252
v -89.55427551 -100.4565201 -13.88541889
vn -0.9850004315 -0.1717270762 -0.01685133018
v -88.76026917 -97.70139313 -14.1309042
vn -0.1674259305 0.1720475256 -0.9707565308
v -86.6427536 -101.3795395 7.749990463
vn -0.9578058124 -0.2591786087 -0.1242355481
v -89.20697021 -100.1819153 5.734539986
vn -0.1222973391 -0.01209457498 0.9924198389
v -82.26984406 -101.6467896 5.606952667
vn 0.610770762 -0.3285714388 0.7204164863
v -82.79743195 -97.28172302 5.601457119
vn 0.5103381872 0.5223280191 0.6831752062
v -86.89360046 -100.091362 7.749990463
vn -0.8976926804 -0.4078511894 -0.1667490005
v -88.1256485 -94.61949921 -24.25000763
vn -0.3322198689 0.7693576217 -0.5456361175
v -57.85513306 -71.56249237 7.677800179
vn -0.03132128716 0.07001622021 0.9970540404
v -80.81156921 -95.02957916 7.749990463
vn 0.1403703541 0.1479848623 0.9789773226
v -97.33708954 -92.49905396 1.74998939
vn -0.01680327952 0.9990811348 -0.03942793608
v -88.19402313 -94.93531036 -26.39348602
vn -0.1411544979 0.2768775523 -0.9504810572
v -82.51972198 -93.72515869 -24.25000763
vn 0.5657610297 0.8232230544 -0.0470985584
v -84.79266357 -94.33986664 -26.37916183
vn 0.06583135575 0.5315037966 -0.844493866
v -55.61001587 -80.28252411 -1.250001431
vn 0.03169287741 0.026107857 -0.9991565943
v -50.43626785 -71.07313538 0.0507681109
vn 0.5065253973 0.8448423147 -0.1722598672
v -59.33087921 -70.73571014 -0.3709345758
vn -0.4078138471 0.582764864 -0.7029032707
v -78.88346863 -99.97290802 7.749990463
vn 0.2776705027 -0.01531020831 0.9605543613
v -57.43176651 -68.36031342 0.7499924898
vn -0.6001855731 0.7995030284 0.02391908132
v -79.91361237 -96.14022064 -1.250011086
vn 0.6323116422 0.4264855385 -0.6467550397
v -78.95400238 -99.66555023 11.58250904
vn 0.7538489103 -0.004563608672 0.6570319533
v -90.38761902 -98.20602417 -26.7189827
vn -0.1160772741 0.02928817831 -0.9928082824
v -81.99445343 -103.2610092 -26.67023849
vn 0.07589120418 -0.1173199937 -0.9901901484
v -91.4695816 -99.80755615 -26.01776123
vn -0.9517385364 0.05295207351 -0.3023076057
v -59.76393127 -70.59263611 6.05784893
vn -0.6003114581 0.7861803174 0.1467876136
v -57.00209427 -69.59473419 0.4921582341
vn 0.3155482411 0.9235931635 -0.2177268565
v -58.28594971 -71.6833725 -1.160030007
vn -0.07686062902 0.118140623 -0.9900177717
v -56.09867859 -79.25234985 7.749990463
vn 0.04232910275 -0.007479566615 0.9990757108
v -60.03611374 -71.38127899 7.206944466
vn -0.336697638 0.4726843238 0.8143735528
v -82.2184906 -97.94340515 7.749990463
vn -0.8136762977 -0.5795143247 0.04576073587
v -80.80504608 -100.6595764 7.749990463
vn -0.9714756012 0.1443022639 0.1881809533
v -94.92541504 -99.88271332 -20.82227325
vn -0.7800919414 0.2800967991 -0.5594661236
v -53.71978378 -70.73163605 -0.9628224373
vn 0.05673094094 0.185300678 -0.9810429215
v -88.27020264 -93.40512848 7.523453236
vn -0.3224289715 0.583789885 0.745136857
v -95.90438843 -93.61912537 -6.781255722
vn -0.2514257133 0.9452978969 -0.2078388333
v -86.11004639 -117.8107758 1.74998939
vn 0.7500544786 -0.6495819688 -0.1243444383
v -79.19906616 -101.9022903 -24.25000763
vn 0.9265565872 -0.3711304665 -0.06127898395
v -52.2686348 -70.10605621 6.100601196
vn 0.314598918 0.9436534643 0.1026921123
v -90.43243408 -96.70739746 -26.209198
vn -0.7739220858 0.5845732093 -0.2435543388
v -91.82048035 -94.91676331 -20.23035049
vn -0.4085277617 0.8931277394 -0.1882229149
v -55.78403854 -78.77206421 -1.250001431
vn 0.01863810234 -0.03365373611 -0.9992597699
v -80.15167236 -101.9535217 -24.25000763
vn 0.9386270642 -0.2855774462 -0.1934547275
v -85.86988068 -92.87722015 -24.25000763
vn 0.02593229152 0.9977135658 -0.06241136044
v -84.59191132 -96.17843628 7.749990463
vn -0.1104103178 -0.993175447 0.03757727891
v -89.75824738 -94.18212891 -13.02734756
vn -0.0820030123 0.9960786104 -0.03320993856
v -86.6761322 -94.1526947 -26.19932747
vn -0.1702142507 0.9756510258 -0.1383192092
v -84.85726929 -103.727272 -14.25
vn -0.1753385365 0.9689745903 0.1741972566
v -81.94161987 -98.92917633 -14.25
vn -0.9658415914 -0.2209434062 0.1354032308
v -81.41996765 -105.5797501 -0.7218919992
vn 0.7158460617 -0.6016228199 -0.3544212282
v -53.9774704 -69.6782608 0.3457823992
vn 0.171898663 0.9801949263 -0.09832987934
v -82.79053497 -104.9947662 -24.25000763
vn 0.4208827913 -0.6794602275 -0.6009920239
v -48.84719849 -86.75340271 6.070331097
vn 0.5476371646 -0.8333021998 0.07550493628
v -84.10321045 -93.30447388 11.49309349
vn 0.2753494084 0.8622398973 0.4251176417
v -54.57248306 -79.42618561 -1.250001431
vn -0.2071119547 0.03380995244 -0.9777328372
v -89.7461853 -94.3499527 11.51636982
vn -0.02570820227 0.7595099211 0.6499875188
v -46.46080017 -83.53823853 6.257830143
vn 0.8954392076 -0.4330236912 0.1033397317
v -91.74794006 -94.02773285 -13.31934166
vn -0.0529066287 0.9921060801 -0.1136941314
v -83.06440735 -95.67284393 11.74998665
vn -0.3485830128 -0.7541421056 0.5565604568
v -53.22231293 -71.07309723 7.538496971
vn 0.03812522814 0.1532260329 0.9874554276
v -80.3132782 -97.61022186 -24.25000763
vn 0.6977398992 0.2947805524 -0.6528885365
v -49.0107193 -71.95783997 6.305016994
vn 0.6233513951 0.7752577662 0.1020218655
v -80.65129852 -96.77371216 -25.97644615
vn 0.756142199 0.6320121884 -0.1697337925
v -50.39271927 -86.05206299 7.6952672
vn 0.03435997292 -0.05602106452 0.9978381991
v -88.26811981 -97.01690674 7.749990463
vn 0.6044126153 -0.7952490449 0.04758463427
v -85.11712646 -103.70784 7.749990463
vn -0.02898376808 0.9837025404 0.177451998
v -80.71060181 -95.06562805 11.41509628
vn 0.5596530437 0.7089210749 0.4292078316
v -49.26076508 -86.28629303 7.192383289
vn 0.4059619606 -0.6080883145 0.6822195053
v -90.44760132 -107.5657806 -21.40625954
vn -0.351949662 -0.6866764426 -0.6360871792
v -84.02928162 -105.4788971 -26.02011299
vn 0.2652242482 -0.8824808002 -0.3884375095
v -94.51987457 -105.7656937 -8.250008583
vn -0.8930566311 -0.4395451844 0.09617617726
v -82.55669403 -111.3694382 11.45810318
vn 0.9467882514 -0.2344124317 0.2205510587
v -55.27956009 -80.33512878 7.749990463
vn -0.03105532937 0.06086288765 0.9976629019
v -83.98151398 -108.2805862 11.74998665
vn -0.7814119458 0.1291139275 0.6105120182
v -90.76961517 -104.3897018 -24.25000763
vn -0.5313580036 -0.4183601439 -0.736636579
v -95.54026031 -102.9761887 -19.90478134
vn -0.6979714632 -0.1025618315 -0.708743155
v -100.1205521 -98.60810089 -12.09516811
vn -0.7203500867 0.527282238 -0.4506319463
v -79.97706604 -100.8149185 -26.24004936
vn 0.7778815031 -0.2078450173 -0.593043685
v -81.87379456 -106.3739777 6.515259266
vn 0.5657653213 -0.8146257997 0.1276496351
v -94.39102173 -94.85766602 11.74998665
vn -0.01629830152 -0.84635216 0.5323743224
v -105.1462021 -95.239151 11.53490829
vn -0.5625119805 0.8014802933 0.2030014843
v -99.39844513 -108.6241302 -8.250008583
vn 0.9508645535 0.2774815857 0.1373339295
v -57.43176651 -68.36031342 5.749997139
vn 0.0813947022 0.973240912 0.2148884833
v -108.3707809 -98.18125153 11.44640064
vn -0.8044465184 0.5753854513 0.1476394385
v -48.47215271 -72.84872437 -0.3995190263
vn 0.5586944222 0.4928862453 -0.6670259833
v -93.8236618 -106.3469162 -19.97395134
vn -0.4142623544 -0.390309751 -0.8222195506
v -102.1271667 -101.0965271 -12.75868702
vn -0.7093436718 0.4855930209 -0.5109118819
v -95.11582947 -105.1496964 7.749990463
vn -0.3907747865 -0.5243368745 0.7565487027
v -93.35341644 -114.5226212 -13.24739933
vn 0.2459397912 -0.8307061195 -0.4994406402
v -46.1605072 -76.135849 6.392963409
vn 0.9405412078 0.2926582098 0.1724339277
v -81.79616547 -100.5943146 7.749990463
vn -0.9914786816 0.1245963573 0.03802295402
v -47.09490204 -74.00269318 0.4704521596
vn 0.809009552 0.5851318836 -0.05589488894
v -107.3417435 -99.82707977 7.749990463
vn 0.3458875418 -0.2649808228 0.9000816345
v -107.9742432 -113.6840668 7.749990463
vn 0.4068600833 0.2376667112 0.8820314407
v -82.18314362 -106.3211136 -15.9980526
vn 0.9293634295 -0.3655705154 -0.05139882863
v -96.62581635 -110.2655563 7.749990463
vn -0.07979489118 0.4898280501 0.8681597114
v -81.65973663 -102.4983139 11.74998665
vn -0.5947535038 0.3430507183 0.7270381451
v -84.3734436 -107.4986038 -21.85059166
vn 0.3189896345 -0.8689326644 -0.3784199059
v -56.62675476 -70.14326477 -0.637434721
vn -0.06301660091 0.6826298833 -0.7280421257
v -109.6692886 -105.6351852 11.74998665
vn 0.7394067049 -0.05853592232 0.6707095504
v -108.8431473 -111.7981491 11.74998665
vn 0.8103149533 0.2322939783 0.5379862785
v -91.33986664 -101.5419464 -24.25000763
vn -0.8176540732 -0.2322129756 -0.5268006325
v -86.87289429 -115.4246216 11.74998665
vn -0.6844284534 0.5033186674 0.5274732113
v -89.19346619 -104.0559235 -26.42409325
vn -0.2346205413 -0.3137697279 -0.9200553298
v -100.6071625 -95.01275635 11.74998665
vn 0.1380099803 -0.7005150318 0.7001656294
v -92.46456909 -99.64813995 -24.25000763
vn -0.746923089 0.07119569927 -0.661087811
v -45.6337204 -80.38859558 6.158924103
vn 0.9917458892 -0.03733655438 0.1226623654
v -96.65621948 -122.1049347 11.58023739
vn 0.01478028111 -0.9773529172 0.2110990286
v -94.08545685 -108.4605637 -8.250008583
vn -0.9647123814 0.2025380433 0.168250829
v -86.52271271 -105.7217407 -24.25000763
vn -0.09428201616 -0.9276760817 -0.361286521
v -89.03111267 -97.91654205 -14.25
vn 0.8949220181 -0.4306329191 0.1169183925
v -89.12831116 -120.243927 1.74998939
vn 0.4509417415 -0.8641807437 -0.2232557833
v -83.58792877 -93.28807831 -1.250001431
vn 0.2639563382 0.7018206716 -0.661645472
v -88.94654083 -93.75328064 -24.25000763
vn -0.353225559 0.9339146614 -0.05509204417
v -102.5010071 -107.6882019 -15.15380573
vn -0.6697804928 -0.1389891654 -0.7294355035
v -91.14629364 -97.74455261 -24.25000763
vn -0.7721283436 0.3365515172 -0.5390277505
v -108.7129135 -110.8322296 -2.335397482
vn -0.896001637 -0.1813161522 -0.4053461552
v -85.54219055 -92.91281128 7.744709492
vn -0.02112769336 0.1329404265 0.990898788
v -104.0611801 -100.8691101 -8.343972206
vn -0.8058291078 0.4128228128 -0.4245194197
v -49.60993195 -73.27940369 -1.101651311
vn 0.08639512211 0.09457786381 -0.9917615056
v -109.9727173 -114.0406265 11.51917839
vn -0.8698259592 -0.4431219697 0.216900304
v -78.9668808 -101.497467 -1.24749136
vn 0.5790400505 -0.08339642733 -0.8110225797
v -82.86980438 -107.1357956 -19.92090416
vn 0.7253502607 -0.6652947068 -0.1767767221
v -91.25559998 -95.79295349 -24.25000763
vn -0.6865586042 0.4787658751 -0.5471933484
v -110.0466766 -114.3304977 1.74998939
vn -0.8914622068 -0.4249836206 -0.1571115553
v -95.79092407 -97.00203705 -17.31836319
vn -0.6927078366 0.5876508355 -0.4181175828
v -100.2752914 -116.1385803 -10.49223614
vn -0.3050203919 -0.812404871 -0.4969516098
v -102.4467697 -93.56012726 1.74998939
vn -0.3943020403 0.9110715389 -0.1203100458
v -47.36774445 -85.10678864 0.3046588004
vn 0.8197109699 -0.5680626035 -0.07334042341
v -86.95754242 -93.00353241 -1.181800842
vn -0.1171995699 0.554551661 -0.823854804
v -107.3487854 -117.8522568 11.47470188
vn -0.7357236147 -0.6439968944 0.2097111791
v -49.55559921 -85.60831451 -1.125502229
vn 0.08119628578 -0.1226654947 -0.9891210198
v -95.28276062 -120.1967392 7.749990463
vn -0.05337180942 0.5000029206 0.8643775582
v -103.6726685 -114.3242188 -10.14230537
vn -0.6095756292 -0.6230426431 -0.4901381433
v -97.07966614 -92.66871643 11.5265007
vn -0.02523483522 0.9439312816 0.3291761577
v -83.09311676 -113.1371002 1.74998939
vn 0.9115798473 -0.4077126682 -0.05284428224
v -98.58322144 -107.365448 -17.89658737
vn -0.4901710153 -0.1529825032 -0.8580960035
v -100.8901749 -118.2396317 -3.327835083
vn -0.3230939507 -0.8467213511 -0.4226975441
v -50.93271637 -71.2579422 7.146631718
vn 0.3390578032 0.5565436482 0.7584846616
v -49.94105148 -87.3658905 -0.07263823599
vn 0.5170535445 -0.8468127847 -0.1247548163
v -99.39723969 -95.01204681 -7.187505245
vn -0.4519392848 0.8461436033 -0.282474488
v -85.64896393 -99.84902954 -14.25
vn 0 6.123234263e-17 1
v -89.74874115 -93.95252991 -0.6887357831
vn -0.4072212577 0.8004426956 -0.4398435354
v -87.58148956 -103.231163 -14.25
vn 0.4362444282 0.8942244649 0.1002668664
v -90.70506287 -102.1897507 -26.35876846
vn -0.4185195565 -0.2410409451 -0.8756372929
v -98.91543579 -105.4358215 -8.250008583
vn 0.8262271285 -0.5471193194 0.134198159
v -89.50773621 -96.66941071 11.74998665
vn -0.1542625427 -0.9468435645 0.2822946906
v -84.1377182 -104.615181 7.749990463
vn -0.5148964524 0.0762071833 0.8538583517
v -100.9765854 -121.5810776 11.53975964
vn -0.2333859652 -0.9531134963 0.1926282495
v -82.10020447 -108.177063 -3.429694653
vn 0.970693171 -0.2379146218 -0.03393244371
v -81.85189056 -106.677063 1.74998939
vn 0.5466145873 -0.8354144096 -0.05740382895
v -82.05610657 -107.7862549 11.50570679
vn 0.9822432995 -0.1455594301 0.1183661446
v -89.57268524 -99.78411865 7.749990463
vn 0.9763507843 -0.06086495519 0.207447961
v -86.53330231 -105.355896 -26.34283257
vn -0.1191691682 -0.4197481573 -0.8997834325
v -100.4599686 -119.7696838 11.74998665
vn 0.1698996872 0.8431564569 0.5101189017
v -94.67697906 -113.085289 -15.58902168
vn 0.08813443035 -0.7323787808 -0.6751693487
v -93.58145142 -121.9717331 1.74998939
vn 0.1469165534 -0.9543250203 -0.2601523995
v -106.6419601 -108.7386246 -9.597280502
vn -0.8749911189 -0.05503306165 -0.4810009599
v -89.50673676 -104.2950439 -24.25000763
vn -0.5662660003 -0.6932534575 -0.4458054006
v -103.9889069 -116.6887207 -5.476639748
vn -0.468544513 -0.8280338645 -0.3079382181
v -108.2775574 -113.4529419 -0.7321793437
vn -0.756616652 -0.5129185915 -0.4055191576
v -94.25122833 -108.3970947 7.749990463
vn -0.5554152131 0.1425546706 0.8192631602
v -111.629425 -107.0109024 1.74998939
vn -0.979532361 0.003233733587 -0.2012607157
v -82.65381622 -102.3394852 -14.25
vn -0.7801962495 0.615016818 0.1142285839
v -107.5992126 -105.1708069 -3.912410736
vn -0.880284369 0.2001498491 -0.430162102
v -92.81281281 -93.18122864 11.45083523
vn 0.1926330775 0.975243032 0.1085979417
v -96.84537506 -118.0893555 -5.394711494
vn 0.01105384529 -0.9012832642 -0.4330892861
v -83.66249847 -111.4855576 -7.289067745
vn 0.8452278376 -0.5129759312 -0.149818629
v -99.14105225 -109.2008133 7.749990463
vn 0.3487815559 0.3496938646 0.8695203662
v -109.5000381 -105.6585693 7.749990463
vn 0.505012989 -0.02796377428 0.8626586199
v -104.1827698 -120.2829514 11.47621441
vn -0.4610352218 -0.8702682257 0.1734352112
v -47.75500488 -81.83167267 7.703754902
vn 0.06836751848 -0.01080221124 0.9976017475
v -47.12676239 -79.76531982 -1.129950762
vn 0.1033354849 0.003081673291 -0.9946417809
v -84.27775574 -109.8218384 7.749990463
vn -0.4999661744 0.181267187 0.8468624949
v -85.63262939 -106.7018204 -24.25000763
vn -0.0849846378 -0.6825546622 -0.7258765697
v -48.43813324 -74.38460541 7.527702332
vn 0.1311891079 0.1025537625 0.9860386252
v -46.59091568 -78.10842133 7.434126854
vn 0.5184841156 0.06520195305 0.8525977731
v -79.90718079 -98.71652222 -26.08333397
vn 0.9908698201 0.1128314063 -0.07379759103
v -85.64896393 -99.84902954 -26.75000572
vn -0.007768848911 0.007666974794 -0.999940455
v -81.70436096 -97.05631256 7.749990463
vn -0.728069365 -0.637419343 0.2522132099
v -101.7921295 -93.42191315 11.45206738
vn -0.2628861964 0.9476315379 0.1813429445
v -87.6491394 -93.29610443 11.37815666
vn -0.1704931408 0.9133121967 0.3698552251
v -84.24598694 -96.18415833 -14.25
vn -0.5222824812 -0.8442215919 0.1204611361
v -86.92995453 -96.13975525 -14.25
vn 0.2894212008 -0.9525594115 0.09415888041
v -85.92959595 -95.11058807 7.749990463
vn -0.08576339483 -0.9592662454 0.2691707611
v -100.0786667 -121.8840942 1.74998939
vn -0.221842438 -0.9542949796 -0.2002673596
v -46.10260773 -80.39543152 -0.6249369383
vn 0.6998580694 -0.06612546742 -0.7112145424
v -81.02008057 -98.31224823 11.74998665
vn -0.8832917213 -0.1899493933 0.428619802
v -79.5819931 -96.88113403 11.50534248
vn 0.8776868582 0.3525569439 0.3246064782
v -96.78543091 -104.465538 -8.250008583
vn -0.06707922369 -0.992849648 0.09874198586
v -94.39102173 -94.85766602 7.749990463
vn -0.05007367954 -0.406058073 0.9124743938
v -80.47652435 -104.4174042 7.553562641
vn 0.1514327675 -0.1668277234 0.9742877483
v -79.59913635 -102.8361511 11.53237915
vn 0.8871561885 -0.3728204966 0.2719536424
v -98.3352356 -104.9650879 7.749990463
vn 0.1897322237 -0.4788123071 0.8571700454
v -97.48246002 -114.773407 -13.48026276
vn -0.1228811964 -0.7758727074 -0.6188067198
v -95.4048996 -109.9811783 -8.250008583
vn -0.5442453623 0.834502995 0.0860331282
v -88.48112488 -102.4681778 7.749990463
vn 0.6525970697 0.6750711203 0.3440873027
v -84.1377182 -104.615181 11.74998665
vn -0.8468492031 0.4471009672 0.2880054712
v -88.30177307 -116.9312515 7.749990463
vn -0.2865869105 0.3471629322 0.8929422498
v -110.9894943 -103.504982 11.56937027
vn -0.9561699033 0.231411919 0.1794090122
v -93.75934601 -119.8193207 11.74998665
vn -0.2882182896 0.7927366495 0.5371208787
v -97.39306641 -110.2979126 -8.250008583
vn 0.3466057777 0.9315314889 0.1100612953
v -89.21300507 -96.36768341 7.749990463
vn 0.04980261996 -0.4880416989 0.8713983297
v -46.75539017 -82.41374207 7.28924036
vn 0.6034020185 -0.1978690773 0.7724984288
v -89.35826874 -101.1300278 -14.25
vn 0.9461571574 0.3005951643 0.1201216802
v -45.73281097 -77.26003265 0.4526635408
vn 0.9861482382 0.1555375904 -0.05761705339
v -97.39861298 -109.4358139 -17.75812912
vn -0.3132831454 -0.4244076014 -0.8495480418
v -102.4882278 -95.94017792 7.749990463
vn 0.1599879563 -0.5256034136 0.8355506659
v -100.87677 -112.3485031 -14.37481117
vn -0.4541113079 -0.5155007243 -0.7266649008
v -108.5425415 -109.0317535 -4.176961899
vn -0.9706789255 0.04242740571 -0.236605823
v -99.72373962 -106.84935 7.749990463
vn 0.736395359 -0.1278395057 0.6643635631
v -105.008873 -111.0721893 -11.38946342
vn -0.7228792906 -0.3357677162 -0.6039085984
v -96.83411407 -107.4083176 -8.250008583
vn 0 6.123234263e-17 1
v -47.84779739 -84.74824524 -0.6977471113
vn 0.5506863594 -0.3099180758 -0.7750453949
v -81.17678833 -103.5693359 -26.07623291
vn 0.7280368209 -0.6389510632 -0.248402819
v -108.1214981 -101.1998138 11.74998665
vn 0.7534214258 -0.3744201064 0.5405235887
v -107.0899124 -96.61791229 1.74998939
vn -0.6773029566 0.6926273704 -0.2480484992
v -106.5372849 -115.2014465 -3.696214914
vn -0.7709702849 -0.5739257932 -0.2760689259
v -91.90287781 -121.2554932 11.55461311
vn 0.3574519753 -0.9179441333 0.17206572
v -59.77489471 -70.55893707 0.6112017035
vn -0.5404847264 0.7201681137 -0.4350105226
v -105.0684738 -116.9573288 -1.387880325
vn -0.5965139866 -0.6840584874 -0.41980353
v -105.4999466 -117.041008 11.74998665
vn 0.6120385528 0.6574694514 0.4394800663
v -47.29175568 -73.78321838 6.175582886
vn 0.8101199865 0.5565387011 0.1843103617
v -95.25230408 -111.0122604 -17.30307961
vn -0.1249776259 -0.5762729049 -0.8076447845
v -105.4406357 -103.1049576 -9.072508812
vn -0.8304824233 0.4400961101 -0.3414884508
v -107.0551529 -106.2601776 -8.118738174
vn -0.9135398269 0.2319130003 -0.3341576159
v -96.30635071 -116.9423447 -9.373233795
vn 0.1152107194 -0.9247385263 -0.3627466857
v -106.308197 -118.961441 1.74998939
vn -0.5828552246 -0.7885308266 -0.1962114722
v -86.80715942 -118.2961502 11.43366718
vn 0.5954975486 -0.7418069243 0.3083913028
v -110.4109497 -101.1739807 1.74998939
vn -0.8723953366 0.4070767462 -0.2705824673
v -84.22690582 -115.0839005 11.5460453
vn 0.8397229314 -0.5262821317 0.1337630004
v -104.3692856 -96.86759186 11.74998665
vn 0.5861516595 -0.7108498812 0.3887398243
v -85.99090576 -112.5655746 -11.21192074
vn 0.5153401494 -0.7924856544 -0.3261763453
v -107.2997513 -112.1289673 -6.793084621
vn -0.8580740094 -0.3621263206 -0.3641065061
v -91.53011322 -110.5272751 -17.30918312
vn -0.01283980813 -0.7455962896 -0.6662741899
v -82.57540894 -103.040657 7.749990463
vn -0.6919737458 0.7181966901 0.07325190306
v -99.79486084 -103.8771515 -16.96877289
vn -0.6079396605 0.1812895536 -0.7730093598
v -87.21501923 -95.31906891 11.74998665
vn 0.1888497025 -0.7867626548 0.5876566768
v -90.56694031 -93.78634644 1.171312928
vn -0.5856348872 0.8073765635 -0.07193639874
v -46.48417282 -76.24246979 -0.4587807357
vn 0.5474599004 0.2055571228 -0.8111928701
v -82.61919403 -95.05540466 -26.18531418
vn 0.1874620765 0.3290075958 -0.9255333543
v -90.21360016 -93.95236969 6.691331387
vn -0.5366286635 0.8326827288 0.1366351694
v -91.76290894 -93.36656189 -0.2812594771
vn 0.1791134477 0.9835730195 -0.02241715789
v -79.38737488 -97.00535583 -24.25000763
vn 0.9532914758 0.3005644679 -0.02993831038
v -100.4135056 -117.6105576 -7.000360966
vn -0.1641612947 -0.9426215291 -0.290715903
v -54.69810104 -79.00203705 7.749990463
vn -0.09157065302 -0.1056928411 0.9901736379
v -104.1906281 -105.5769272 -13.20385265
vn -0.7846152782 0.2405836135 -0.5714003444
v -82.05654144 -105.7893677 -24.25000763
vn 0.7713727355 -0.6272728443 -0.1072980314
v -87.62728119 -108.2571716 -21.45703697
vn -0.01033844333 -0.849335134 -0.5277526975
v -101.9009476 -119.1477509 7.749990463
vn 0.1908163279 0.3661209941 0.910793364
v -91.04928589 -114.4745712 -11.32292175
vn 0.2393159121 -0.8679478765 -0.4351946414
v -111.3950348 -109.9383469 11.41611195
vn -0.9744536877 -0.1417199373 0.1742282361
v -99.17320251 -100.5311966 -15.53380299
vn -0.6907248497 0.3702854216 -0.6211182475
v -45.81378174 -81.27279663 0.2632170618
vn 0.9691983461 -0.2248010039 -0.1005938202
v -56.1707077 -69.73059082 6.478376865
vn 0.1135607287 0.9329861999 0.3415269554
v -80.71635437 -98.61483765 -26.70836639
vn 0.1098422483 0.07017929107 -0.99146837
v -83.54449463 -94.35173035 -24.25000763
vn 0.3406080306 0.8039736748 -0.4874551296
v -81.51718903 -105.3121262 11.47435665
vn 0.7867304683 -0.4261230826 0.4466254413
v 48.58391953 46.86834717 -0.2500045002
vn 0.5003038645 -0.8048199415 0.3193131089
v 47.25189972 46.61448288 -2.249998331
vn -0.1739564538 -0.9296323657 -0.3248426914
v 46.94275665 46.69290924 -2.249998331
vn -0.3403559923 -0.7947127223 -0.5025827885
v 46.55612564 46.86834717 -0.2500045002
vn -0.4528247416 -0.8491905332 0.2717078924
v 46.94275665 46.69290924 -0.2500045002
vn -0.2633198202 -0.7963390946 0.544524312
v 46.29354095 47.04934692 -0.2500045002
vn -0.5708651543 -0.6885615587 0.4472090602
v 46.9552269 47.81807327 -0.2500045002
vn 0.4180462658 0.6511465907 0.633439362
v 46.06702042 47.27384949 -2.249998331
vn -0.6635619998 -0.5558187962 -0.5007504225
v 46.42483521 46.95884705 -2.249998331
vn -0.5577224493 -0.7716664672 -0.3057392836
v 47.59663773 46.59113312 -0.2500045002
vn 0.05702451989 -0.9476251006 0.3142529726
v 45.82297516 47.62128448 -2.249998331
vn -0.8430296183 -0.4284745157 -0.3251318038
v 46.9552269 47.81807327 -2.249998331
vn 0.5791141391 0.5905063152 -0.5620756745
v 46.62776566 48.29836273 -2.249998331
vn 0.7739809155 0.1767893285 -0.6080288887
v 45.65789413 48.01244354 -0.2500045002
vn -0.89701581 -0.3057285547 0.319206357
v 45.65789413 48.01244354 -2.249998331
vn -0.9164996743 -0.2411141992 -0.3192056715
v 45.57921982 48.42966461 -2.249998331
vn -0.8696998358 -0.03850389645 -0.4920768738
v 47.49633026 47.60570526 -2.249998331
vn 0.1453040689 0.811109066 -0.5665587187
v 46.06702042 47.27384949 -0.2500045002
vn -0.6978337169 -0.6517547965 0.2970585525
v 47.59663773 46.59113312 -2.249998331
vn -0.0007422090275 -0.9446944594 -0.3279508948
v 45.57921982 48.42966461 -0.2500045002
vn -0.939114213 -0.108946085 0.325876087
v 46.62776566 48.29836273 -0.2500045002
vn 0.7318267226 0.3256511092 0.5986492634
v 46.61155701 48.84600067 -2.249998331
vn 0.7638678551 -0.2527913451 -0.5938033462
v 45.5905304 48.85408401 -0.2500045002
vn -0.8667367101 0.06513653696 0.4944943488
v 45.5905304 48.85408401 -2.249998331
vn -0.9338404536 0.1251498312 -0.3350813091
v 46.84719086 49.25971222 -0.2500045002
vn 0.60645926 -0.4804850519 0.6335150003
v 45.65517044 49.16639709 -0.2500045002
vn -0.9153059721 0.2466213703 0.3184225261
v 45.82297516 47.62128448 -0.2500045002
vn -0.7405101657 -0.4453621209 0.5032864809
v 46.61155701 48.84600067 -0.2500045002
vn 0.8663912416 -0.1166751683 0.4855441451
v 46.84719086 49.25971222 -2.249998331
vn 0.5244640708 -0.5688543916 -0.6335157156
v 45.77394485 49.46238708 -2.249998331
vn -0.7627334595 0.3935278952 -0.5131992698
v 45.77394485 49.46238708 -0.2500045002
vn -0.7805271149 0.3569382429 0.5131983161
v 47.99218369 46.63698196 -2.249998331
vn 0.1392114908 -0.8436347842 -0.5185561776
v 45.93341827 49.73858261 -0.2500045002
vn -0.7903276682 0.5208613873 0.3226229548
v 46.1391449 49.98229599 -2.249998331
vn -0.6630674601 0.6770056486 -0.3193821311
v 46.37729645 50.19443512 -2.249998331
vn -0.5412976146 0.7755843401 -0.324755013
v 45.65517044 49.16639709 -2.249998331
vn -0.8990774751 0.3004448116 -0.3184220493
v 45.93341827 49.73858261 -2.249998331
vn -0.7580761313 0.5667766333 -0.322621733
v 47.24213409 49.52560425 -2.249998331
vn 0.2488087714 -0.7823822498 -0.5709397793
v 46.37729645 50.19443512 -0.2500045002
vn -0.5863003135 0.7421510816 0.3247518539
v 48.29834366 46.72634506 -0.2500045002
vn 0.3705718815 -0.8707472086 0.3232271671
v 47.24213409 49.52560425 -0.2500045002
vn 0.3702639639 -0.7487413883 0.5498098731
v 47.04455948 50.51581955 -2.249998331
vn -0.2167018056 0.9229504466 -0.3181239665
v 46.64914703 50.36120224 -0.2500045002
vn -0.3977755904 0.7652484775 0.5061317682
v 47.64453888 49.58342743 -0.2500045002
vn -0.01797802746 -0.8865389228 0.4623046219
v 46.64914703 50.36120224 -2.249998331
vn -0.3606833518 0.8052305579 -0.4706498682
v 46.1391449 49.98229599 -0.2500045002
vn -0.6944097281 0.6448178887 0.3193822801
v 47.46373367 50.58335114 -2.249998331
vn -0.01577644423 0.8951634765 -0.4454586804
v 47.99218369 46.63698196 -0.2500045002
vn 0.1820852458 -0.8171896935 0.5468509793
v 47.88770294 50.56074905 -2.249998331
vn 0.172687158 0.8726808429 -0.4567354321
v 47.64453888 49.58342743 -2.249998331
vn -0.1580267549 -0.8779675364 -0.4518855512
v 47.46373367 50.58335114 -0.2500045002
vn -0.0794499144 0.8917722702 0.4454547465
v 47.04455948 50.51581955 -0.2500045002
vn -0.2818509042 0.9051824212 0.3181270957
v 48.29730988 50.44904709 -2.249998331
vn 0.3428504765 0.8764899969 -0.3379628658
v 47.88770294 50.56074905 -0.2500045002
vn 0.1101401523 0.8827584386 0.4567348361
v 48.29730988 50.44904709 -0.2500045002
vn 0.2941813767 0.9039782286 0.3102913201
v 48.58534622 50.31211853 -2.249998331
vn 0.5049492121 0.801612556 -0.3200680614
v 48.58534622 50.31211853 -0.2500045002
vn 0.4565679431 0.8301205039 0.32007128
v 48.84469986 50.12649155 -0.2500045002
vn 0.6003745794 0.7243487835 0.3389236033
v 48.84469986 50.12649155 -2.249998331
vn 0.605807364 0.6498790383 -0.458971262
v 48.06304932 49.44297028 -2.249998331
vn -0.4433766007 -0.6607881188 -0.6056205034
v 48.06304932 49.44297028 -0.2500045002
vn -0.3234213293 -0.6590799093 0.67897892
v 48.5284996 48.84600067 -0.2500045002
vn -0.7276859879 -0.2126625776 0.652110219
v 48.39395905 49.15076065 -0.2500045002
vn -0.6657069921 -0.5962098241 0.4487405717
v 48.29834366 46.72634506 -2.249998331
vn 0.3183233142 -0.8911759853 -0.3232268393
v 49.14089584 49.8223114 -0.2500045002
vn 0.679761827 0.5739740133 0.4565935135
v 48.5284996 48.84600067 -2.249998331
vn -0.8396340013 -0.1427338868 -0.5240627527
v 49.36610031 49.46238708 -2.249998331
vn 0.8012164235 0.38948071 -0.4542653859
v 49.5495224 48.85408401 -0.2500045002
vn 0.9338379502 0.125170812 0.3350804448
v 48.39395905 49.15076065 -2.249998331
vn -0.6639224887 -0.4417569637 -0.6033719182
v 49.14089584 49.8223114 -2.249998331
vn 0.7664535046 0.5588076115 -0.3166750073
v 49.48486328 49.16639709 -0.2500045002
vn 0.8990787268 0.3004452288 0.3184182346
v 49.36610031 49.46238708 -0.2500045002
vn 0.7915110588 0.4434797764 0.4205186963
v 49.5495224 48.85408401 -2.249998331
vn 0.8925790787 0.06707126647 -0.4458745122
v 48.55608368 48.44039154 -0.2500045002
vn -0.8873578906 0.04214426503 0.4591512382
v 49.56082153 48.42966461 -2.249998331
vn 0.9421964884 -0.1093144044 -0.316727221
v 48.44742966 48.12547302 -2.249998331
vn -0.6615565419 0.5297298431 -0.5307817459
v 48.44742966 48.12547302 -0.2500045002
vn -0.6916612387 0.4079020917 0.59600389
v 49.48486328 49.16639709 -2.249998331
vn 0.9153007269 0.2466485351 -0.3184164464
v 48.55608368 48.44039154 -2.249998331
vn -0.7833456993 0.1435331851 -0.6047873497
v 49.4821434 48.01244354 -0.2500045002
vn 0.8765274882 -0.230598256 0.4225209653
v 49.4821434 48.01244354 -2.249998331
vn 0.8578932285 -0.292394489 -0.4225217998
v 48.58391953 46.86834717 -2.249998331
vn 0.4615924954 -0.8276299834 -0.3193132877
v 48.06304932 47.7350502 -2.249998331
vn -0.3139768839 0.734172523 -0.6020042896
v 48.84651566 47.04934692 -0.2500045002
vn 0.6251219511 -0.7100967169 0.3240141273
v 49.56082153 48.42966461 -0.2500045002
vn 0.8944792747 -0.03962124884 0.4453503788
v 49.31706238 47.62128448 -2.249998331
vn 0.8126321435 -0.4887095094 -0.3174776435
v 48.06304932 47.7350502 -0.2500045002
vn -0.446208328 0.6546998024 0.6101362705
v 49.31706238 47.62128448 -0.2500045002
vn 0.8453504443 -0.4296397567 0.3174780309
v 49.07304001 47.27384949 -2.249998331
vn 0.6374341846 -0.5579039454 -0.5314328074
v 48.84651566 47.04934692 -2.249998331
vn 0.5819531083 -0.745886147 -0.3240130544
v 49.07304001 47.27384949 -0.2500045002
vn 0.6858789921 -0.5330914259 0.4953620136
v 47.49633026 47.60570526 -0.2500045002
vn -0.02278496325 0.823707521 0.5665569305
v 47.25189972 46.61448288 -0.2500045002
vn -0.1179138646 -0.9410319328 0.3171045184
v 47.25189972 -81.38552856 -0.2500045002
vn -0.1176635623 -0.9391061664 0.3228542805
v 47.25189972 -81.38552856 -2.250008106
vn -0.1735916883 -0.9276337624 -0.3306984901
v 47.20977783 -80.32888794 -2.250008106
vn 0.2897155583 0.7322734594 -0.616312027
v 46.83903122 -80.08925629 -0.2500045002
vn 0.5564127564 0.6115342379 0.5625216961
v 46.51340485 -81.09991455 -2.250008106
vn -0.5349526405 -0.7488534451 -0.3912086189
v 46.94275665 -81.30709076 -0.2500045002
vn -0.2761814594 -0.9063689709 0.319717139
v 46.83903122 -80.08925629 -2.250008106
vn 0.6855249405 0.5358354449 -0.4928853214
v 46.37898254 -81.01413727 -0.2500045002
vn -0.4838922322 -0.611569643 0.6259639859
v 46.94275665 -81.30709076 -2.250008106
vn -0.3443913162 -0.8744360805 -0.3416960239
v 46.64782715 -81.18569183 -0.2500045002
vn -0.4323004186 -0.8584411144 0.2760347724
v 46.06702042 -80.72614288 -0.2500045002
vn -0.680922389 -0.6763339043 0.2809220254
v 47.59663773 -81.40886688 -0.2500045002
vn 0.05141847208 -0.8545843363 0.5167608261
v 45.82297516 -80.37872314 -2.250008106
vn -0.8222932816 -0.4553655982 -0.341285795
v 45.68861771 -80.08946228 -0.2500045002
vn -0.8812020421 -0.3476322889 0.3203666508
v 47.59663773 -81.40886688 -2.250008106
vn -0.000656379445 -0.8449431062 -0.534855783
v 46.62776566 -79.70162964 -0.2500045002
vn 0.7331939936 0.2283685952 0.6405265927
v 45.60743713 -79.78103638 -2.250008106
vn -0.9345530868 -0.1533579975 -0.3210792542
v 46.06702042 -80.72614288 -2.250008106
vn -0.670260489 -0.5861227512 -0.4552043676
v 46.62776566 -79.70162964 -2.250008106
vn 0.7784403563 0.1060854793 -0.6186893582
v 45.60743713 -79.78103638 -0.2500045002
vn -0.9262347221 -0.1974797994 0.3210778236
v 45.68861771 -80.08946228 -2.250008106
vn -0.9002538919 -0.2947999239 -0.3203684986
v 45.5905304 -79.14590454 -2.250008106
vn -0.9347407222 0.1477795392 -0.3231423199
v 45.57073593 -79.46422577 -0.2500045002
vn -0.942376554 -0.05307066813 0.3303179145
v 45.57073593 -79.46422577 -2.250008106
vn -0.8322481513 0.002524902811 -0.554397583
v 45.82297516 -80.37872314 -0.2500045002
vn -0.7509512901 -0.4749784172 0.4587675929
v 46.62776566 -79.12033844 -2.250008106
vn 0.7232105136 -0.307187289 -0.6185486913
v 45.77394485 -78.53760529 -2.250008106
vn -0.8292921185 0.4646683335 -0.310415715
v 46.62776566 -79.12033844 -0.2500045002
vn 0.8089433908 -0.1612396985 0.5653426647
v 45.65517044 -78.83359528 -0.2500045002
vn -0.9147700071 0.2464795262 0.32006827
v 45.77394485 -78.53760529 -0.2500045002
vn -0.8463962674 0.4114665389 0.3380955756
v 45.99915314 -78.17768097 -2.250008106
vn -0.6596799493 0.5180499554 -0.5444691777
v 46.9552269 -78.64004517 -2.250008106
vn 0.4519404769 -0.7039326429 -0.5479312539
v 46.21339798 -77.94143677 -0.2500045002
vn -0.6628073454 0.676594615 0.3207898438
v 45.5905304 -79.14590454 -0.2500045002
vn -0.8283718228 0.09099013358 0.552739501
v 45.65517044 -78.83359528 -2.250008106
vn -0.8985516429 0.3002706766 -0.3200663626
v 46.46599579 -77.74671936 -2.250008106
vn -0.5048292875 0.8015679717 -0.320368737
v 47.99218369 -81.36302948 -2.250008106
vn 0.1548334956 -0.9383801222 -0.30898121
v 48.29834366 -81.27365875 -0.2500045002
vn 0.3705981076 -0.870775342 0.3231212795
v 46.74359131 -77.58970642 -2.250008106
vn -0.3213072717 0.7678428888 -0.5542373061
v 47.04455948 -77.48419189 -2.250008106
vn -0.1964823455 0.9304262996 -0.3093567193
v 46.21339798 -77.94143677 -2.250008106
vn -0.6215452552 0.7146871686 -0.3207861781
v 46.9552269 -78.64004517 -0.2500045002
vn 0.5590807199 -0.570074141 0.6020334363
v 46.74359131 -77.58970642 -0.2500045002
vn -0.4156152606 0.8481390476 0.328518033
v 45.99915314 -78.17768097 -0.2500045002
vn -0.7071672678 0.4916144311 0.5081630349
v 47.49633026 -78.42767334 -0.2500045002
vn 0.2015587538 -0.8288041949 0.521974802
v 47.46373367 -77.41664886 -0.2500045002
vn -0.08411078155 0.9439266324 0.3192614913
v 47.49633026 -78.42767334 -2.250008106
vn 0.05641407892 -0.7815198302 -0.6213245392
v 47.04455948 -77.48419189 -0.2500045002
vn -0.2209109217 0.80976367 0.5435817838
v 47.99218369 -81.36302948 -0.2500045002
vn 0.2052821666 -0.9212962985 0.3302610517
v 46.46599579 -77.74671936 -0.2500045002
vn -0.5422339439 0.7767543197 0.3203670979
v 47.88770294 -77.43924713 -2.250008106
vn 0.172595948 0.8722199202 -0.4576494694
v 47.46373367 -77.41664886 -2.250008106
vn -0.01670631021 0.9475182295 -0.319265008
v 47.93434143 -78.48271179 -0.2500045002
vn -0.2252983749 -0.8118007779 0.5387207866
v 48.29730988 -77.5509491 -2.250008106
vn 0.3438642323 0.8790816069 -0.3301104903
v 48.58534622 -77.68788147 -0.2500045002
vn 0.4214874208 0.7663539648 0.4848194718
v 48.84469986 -77.87349701 -2.250008106
vn 0.6494477987 0.6966942549 -0.3046879172
v 48.29730988 -77.5509491 -0.2500045002
vn 0.2949140966 0.906229794 0.3029410541
v 47.88770294 -77.43924713 -0.2500045002
vn 0.1100819781 0.8822921515 0.4576488435
v 47.93434143 -78.48271179 -2.250008106
vn -0.3471097648 -0.7597914338 -0.5497561693
v 48.84469986 -77.87349701 -0.2500045002
vn 0.6019453406 0.7262594104 0.3319775462
v 48.58534622 -77.68788147 -2.250008106
vn 0.4661462605 0.7400403619 -0.4848174751
v 48.29834366 -81.27365875 -2.250008106
vn 0.3183481097 -0.8912054896 -0.3231211901
v 48.51228333 -79.12033844 -0.2500045002
vn -0.7219379544 -0.2474534363 0.6461983919
v 49.14089584 -78.17768097 -0.2500045002
vn 0.6748745441 0.5698444843 0.4688513875
v 47.78944397 -80.37232971 -2.250008106
vn -0.08673781902 0.823644042 -0.5604346395
v 48.27181244 -78.70941925 -0.2500045002
vn -0.5746647716 -0.6086232662 0.5471180081
v 48.27181244 -78.70941925 -2.250008106
vn -0.6703827977 -0.5232466459 -0.5261177421
v 48.51228333 -79.12033844 -2.250008106
vn -0.81673491 -0.1248174459 -0.5633512735
v 49.36610031 -78.53760529 -0.2500045002
vn 0.8292993307 0.4646567702 0.3104137182
v 49.36610031 -78.53760529 -2.250008106
vn 0.8464051485 0.4114495516 -0.338093996
v 49.5495224 -79.14590454 -0.2500045002
vn 0.934736371 0.1478073448 0.3231422007
v 49.5495224 -79.14590454 -2.250008106
vn 0.8283718228 0.09099013358 -0.552739501
v 48.51228333 -79.70162964 -0.2500045002
vn -0.8025971651 0.1226568371 0.5837748647
v 49.48486328 -78.83359528 -0.2500045002
vn 0.8985524774 0.3002709746 0.3200637102
v 49.14089584 -78.17768097 -2.250008106
vn 0.7137218118 0.5203642845 -0.4688519835
v 49.48486328 -78.83359528 -2.250008106
vn 0.9147644639 0.2465065718 -0.3200633228
v 49.56930923 -79.46422577 -2.250008106
vn 0.9423766136 -0.05308963731 -0.3303147554
v 48.51228333 -79.70162964 -2.250008106
vn -0.7091915607 0.2430844456 -0.6617833972
v 48.58391953 -81.13165283 -2.250008106
vn 0.4298866391 -0.729778707 -0.5316206813
v 49.41003036 -80.18753815 -2.250008106
vn 0.8590153456 -0.3991356194 -0.3205985129
v 49.20430756 -80.55893707 -2.250008106
vn 0.7041153312 -0.5329880118 -0.4691964984
v 49.56930923 -79.46422577 -0.2500045002
vn 0.8322489262 0.0025040037 0.5543965101
v 49.53260422 -79.78103638 -2.250008106
vn 0.923476994 -0.2303799391 -0.3067822754
v 48.92473221 -80.87846375 -0.2500045002
vn 0.6675891876 -0.6733654141 0.3176534772
v 49.53260422 -79.78103638 -0.2500045002
vn 0.9261965752 -0.174523294 0.3342177868
v 49.41003036 -80.18753815 -0.2500045002
vn 0.8852445483 -0.3369864821 0.3205966949
v 49.20430756 -80.55893707 -0.2500045002
vn 0.7402625084 -0.4815233648 0.4691978693
v 48.92473221 -80.87846375 -2.250008106
vn 0.6179563999 -0.7191838026 -0.3176547587
v 47.78944397 -80.37232971 -0.2500045002
vn -0.2423452735 0.7861107588 0.5685935616
v 48.27181244 -80.11254883 -0.2500045002
vn -0.6232202649 0.5550509691 0.550921917
v 48.27181244 -80.11254883 -2.250008106
vn -0.5175305009 0.6703329682 -0.5318043232
v 48.58391953 -81.13165283 -0.2500045002
vn 0.4836532474 -0.7214645743 0.4955486357
v 47.20977783 -80.32888794 -0.2500045002
vn 0.1656862795 0.776404798 0.6080655456
v -53.51784897 -79.98754883 -0.2500045002
vn 0.837587297 -0.2003284097 0.5082480311
v -53.79569626 -80.55893707 -2.250008106
vn 0.7459318638 -0.5914973021 -0.3061317503
v -53.79569626 -80.55893707 -0.2500045002
vn 0.7715169787 -0.5417801142 0.3335203826
v -54.96615219 -80.28823853 -0.2500045002
vn -0.4164192379 0.6884329319 0.593847692
v -54.61524963 -79.96645355 -2.250008106
vn -0.6508414745 0.4739532173 -0.5931051373
v -54.96615219 -80.28823853 -2.250008106
vn -0.2869865298 0.7664498091 -0.5746245384
v -54.07526779 -80.87846375 -0.2500045002
vn 0.6216139793 -0.626979053 0.4695671201
v -53.63135147 -80.28560638 -2.250008106
vn 0.8384594321 -0.4389121234 -0.3230200708
v -54.41607285 -81.13165283 -2.250008106
vn 0.4787243307 -0.8126688004 -0.3322535753
v -54.70164108 -81.27365875 -0.2500045002
vn 0.3710050285 -0.871717155 0.3201006949
v -54.70164108 -81.27365875 -2.250008106
vn 0.3186977506 -0.892170012 -0.3201007247
v -53.43917084 -79.57032776 -2.250008106
vn 0.9410753846 -0.1091803387 -0.3200886548
v -55.4299736 -81.40817261 -2.250008106
vn -0.03374729678 -0.9468218684 -0.3199836016
v -55.00779724 -81.36302948 -2.250008106
vn 0.13397111 -0.8579800725 -0.4959051609
v -54.07526779 -80.87846375 -2.250008106
vn 0.5754005909 -0.6696402431 -0.4695700705
v -54.41607285 -81.13165283 -0.2500045002
vn 0.5303186178 -0.7910556197 0.3049477041
v -55.00779724 -81.36302948 -0.2500045002
vn 0.179098174 -0.8275924325 0.5319911242
v -55.50365829 -80.39430237 -2.250008106
vn 0.1533059627 0.779168427 -0.6077777743
v -55.4299736 -81.40817261 -0.2500045002
vn 0.03374706954 -0.9468225837 0.319981426
v -53.45048141 -79.14590454 -0.2500045002
vn 0.9339524508 0.1251824647 0.3347568512
v -56.30108643 -81.20265961 -2.250008106
vn -0.441192925 -0.7725278139 -0.4566722512
v -56.0447731 -80.18192291 -0.2500045002
vn 0.4498874545 0.7007332444 0.5536914468
v -55.50365829 -80.39430237 -0.2500045002
vn 0.0001213983414 0.7878238559 0.6159005761
v -55.85214615 -81.36302948 -2.250008106
vn -0.2533303201 -0.9139893651 -0.3169341087
v -56.30108643 -81.20265961 -0.2500045002
vn -0.3707965314 -0.7942666411 0.481300801
v -55.85214615 -81.36302948 -0.2500045002
vn -0.1797299534 -0.9273444414 0.3282215595
v -56.78467941 -80.87846375 -0.2500045002
vn -0.584179759 -0.7524810433 0.3041484952
v -56.37223053 -79.70162964 -2.250008106
vn 0.7959569097 0.1586507559 -0.5841939449
v -56.37223053 -79.70162964 -0.2500045002
vn 0.7123587728 0.3025770187 0.6332393885
v -57.06426239 -80.55893707 -2.250008106
vn -0.724183619 -0.4710546434 -0.5036522746
v -56.0447731 -80.18192291 -2.250008106
vn 0.5830636024 0.5945285559 -0.5536900163
v -56.78467941 -80.87846375 -2.250008106
vn -0.6394514441 -0.692233026 -0.3345374465
v -53.45048141 -79.14590454 -2.250008106
vn 0.9489403367 0.07132180035 -0.3072871566
v -57.06426239 -80.55893707 -0.2500045002
vn -0.6888185143 -0.5214088559 0.5036485791
v -57.26997375 -80.18753815 -0.2500045002
vn -0.8590167165 -0.399132669 0.3205984831
v -57.42926025 -79.46422577 -2.250008106
vn -0.8322481513 0.002504001372 -0.5543977022
v -54.44389725 -79.41098785 -2.250008106
vn -0.8011088967 0.1323839426 -0.5836942792
v -57.39256287 -79.78103638 -2.250008106
vn -0.9261962771 -0.1745189726 -0.334220916
v -57.26997375 -80.18753815 -2.250008106
vn -0.885240376 -0.3369992077 -0.3205946982
v -57.39256287 -79.78103638 -0.2500045002
vn -0.9234728217 -0.2303945422 0.3067838848
v -56.37223053 -79.12033844 -2.250008106
vn 0.7206324935 -0.2244542986 -0.6559794545
v -56.37223053 -79.12033844 -0.2500045002
vn 0.819265008 -0.1116465181 0.5624409914
v -57.42926025 -79.46422577 -0.2500045002
vn -0.9423771501 -0.05307544395 0.3303155005
v -57.40947723 -79.14590454 -2.250008106
vn -0.9347339869 0.1478212029 -0.3231427968
v -57.34481049 -78.83359528 -2.250008106
vn -0.898549974 0.3002796173 -0.3200626969
v -57.2260437 -78.53760529 -2.250008106
vn -0.8293063045 0.4646449983 -0.3104127645
v -56.16096878 -78.73271942 -2.250008106
vn 0.6161883473 -0.6376755834 -0.4622572064
v -57.40947723 -79.14590454 -0.2500045002
vn -0.8283712268 0.09099006653 0.5527403951
v -53.51512909 -78.83359528 -2.250008106
vn 0.836784482 0.2254798263 -0.4989494681
v -57.00085068 -78.17768097 -0.2500045002
vn -0.71884799 0.5240882635 0.4567154944
v -57.2260437 -78.53760529 -0.2500045002
vn -0.8464092612 0.4114430249 0.3380917609
v -57.00085068 -78.17768097 -2.250008106
vn -0.6797190309 0.5739283562 -0.4567146301
v -56.70465469 -77.87349701 -2.250008106
vn -0.559766829 0.6753622293 -0.4801529944
v -56.44530487 -77.68788147 -0.2500045002
vn -0.5048894286 0.8015383482 0.320348233
v -55.82665253 -78.50139618 -2.250008106
vn 0.2874299586 -0.7014912367 -0.6521457434
v -57.34481049 -78.83359528 -0.2500045002
vn -0.9147601724 0.2465244532 0.3200617433
v -56.16097641 -78.73271179 -0.2500045002
vn 0.7130249739 -0.5361299515 0.4518407285
v -56.44530487 -77.68788147 -2.250008106
vn -0.4565174878 0.8300412893 -0.3203486204
v -56.15726852 -77.5509491 -2.250008106
vn -0.2947288156 0.9056682587 -0.3047948182
v -55.82665253 -78.50139618 -0.2500045002
vn 0.3769694567 -0.6822350621 0.6264578104
v -55.50449371 -78.41656494 -0.2500045002
vn 0.118815057 -0.8662497401 0.4852776229
v -55.74765396 -77.43924713 -2.250008106
vn -0.1122128144 0.8993808031 -0.4225191772
v -56.70465469 -77.87349701 -0.2500045002
vn -0.6104823947 0.6548904777 0.4454545379
v -53.63389969 -78.53760529 -0.2500045002
vn 0.831394732 0.4658268988 0.3029654622
v -55.50449371 -78.41656494 -2.250008106
vn 0.01163527369 -0.8742827773 -0.4852774739
v -55.32368469 -77.41664886 -0.2500045002
vn -0.004414398689 0.9072801471 0.4205035269
v -53.51512909 -78.83359528 -0.2500045002
vn 0.8219519854 0.2746732235 0.4989484847
v -55.17328644 -78.45243073 -2.250008106
vn -0.2954781055 -0.7327584624 -0.6129908562
v -54.7026825 -77.5509491 -0.2500045002
vn 0.3430942893 0.8777958155 0.3343065381
v -56.15726852 -77.5509491 -0.2500045002
vn -0.3436093628 0.8784343004 0.3320929706
v -55.74765396 -77.43924713 -0.2500045002
vn -0.1759368926 0.8891137242 0.422519803
v -55.32368469 -77.41664886 -2.250008106
vn 0.04752899334 0.8896076679 -0.4542457461
v -55.17328644 -78.45243073 -0.2500045002
vn -0.1941161901 -0.7351036668 0.6495702267
v -55.00720596 -77.45618439 -2.250008106
vn 0.227729544 0.9201214314 -0.3186154366
v -54.073349 -77.94143677 -0.2500045002
vn 0.6220586896 0.715282321 0.3184559643
v -54.7026825 -77.5509491 -2.250008106
vn 0.3974910378 0.8647732139 -0.3068683743
v -54.78281403 -78.65872955 -2.250008106
vn -0.5862041116 -0.6191932559 -0.5224600434
v -55.00720596 -77.45618439 -0.2500045002
vn 0.1728180647 0.9319977164 0.3186128736
v -54.32594681 -77.74671936 -2.250008106
vn 0.4808489084 0.724665463 -0.4936033785
v -54.78281403 -78.65872955 -0.2500045002
vn -0.4971060455 -0.7008211613 0.5116007328
v -54.53152466 -78.97831726 -0.2500045002
vn -0.7319588661 -0.4030503035 0.5493511558
v -53.85909653 -78.17768097 -2.250008106
vn 0.7349993587 0.5109518766 -0.4457623959
v -53.51784897 -79.98754883 -2.250008106
vn 0.8029884696 -0.2422301024 -0.5445494056
v -54.53152466 -78.97831726 -2.250008106
vn -0.7929310203 -0.2854352891 -0.5383188128
v -53.63389969 -78.53760529 -2.250008106
vn 0.8489406705 0.4126863778 -0.3301358819
v -54.073349 -77.94143677 -2.250008106
vn 0.6633530855 0.6771612763 -0.3184576333
v -54.32594681 -77.74671936 -0.2500045002
vn 0.447439611 0.7678487301 0.4584824443
v -53.85909653 -78.17768097 -0.2500045002
vn 0.6897476315 0.5416622162 0.48046875
v -54.44389725 -79.41098785 -0.2500045002
vn -0.784076035 -0.002151310677 0.6206610203
v -53.43917084 -79.57032776 -0.2500045002
vn 0.9464606643 -0.04190556332 0.3200876713
v -53.63135147 -80.28560638 -0.2500045002
vn 0.8630007505 -0.3884446919 0.3230176568
v -54.61524963 -79.96645355 -0.2500045002
vn -0.7420624495 0.3592478037 0.5659366846
v -54.93694687 49.44297028 -0.2500045002
vn -0.3807625771 -0.7319626808 0.5650225282
v -54.70713806 49.25971222 -2.249998331
vn -0.6418884993 -0.5769809484 -0.5050467253
v -54.46474457 50.33178329 -0.2500045002
vn 0.4447052479 0.8336794972 0.3274380565
v -54.60604477 49.15076065 -0.2500045002
vn -0.552572608 -0.4308268428 0.7134786248
v -53.73690414 49.64834595 -2.249998331
vn 0.7306503057 0.4570459127 -0.5072072148
v -54.4715004 48.84600067 -2.249998331
vn -0.7801272869 -0.1852273941 -0.597571969
v -54.90451431 50.51581955 -2.249998331
vn 0.3021395206 0.9008013606 -0.3118791282
v -53.58734894 49.36666489 -2.249998331
vn 0.8831098676 0.3422261775 -0.3209334314
v -53.48986816 49.0629921 -2.249998331
vn 0.9262135625 0.2031302303 -0.317595005
v -53.9990921 49.98229599 -0.2500045002
vn 0.5945250988 0.6869450808 0.4179071784
v -55.32368469 50.58335114 -2.249998331
vn 0.07890697569 0.885674715 -0.4575521052
v -53.73690414 49.64834595 -0.2500045002
vn 0.7772040963 0.5515950322 0.3028146923
v -54.44390106 48.44039154 -0.2500045002
vn -0.8873585463 0.04213279486 0.4591509998
v -53.43635559 48.74858093 -2.249998331
vn 0.8733462095 0.0439141579 -0.4851163924
v -55.74765396 50.56074905 -0.2500045002
vn -0.1500545442 0.9306717515 0.3336670995
v -53.58734894 49.36666489 -0.2500045002
vn 0.8091642857 0.3701203763 0.4563596249
v -54.4715004 48.84600067 -0.2500045002
vn -0.7626481652 -0.2698817253 0.5878193378
v -53.43635559 48.74858093 -0.2500045002
vn 0.9407539368 0.1034422368 0.3229269087
v -53.48986816 49.0629921 -0.2500045002
vn 0.9155445099 0.2468026727 0.3175951838
v -53.51784897 48.01244354 -0.2500045002
vn 0.8765252233 -0.2306045145 0.4225222468
v -53.43917084 48.42966461 -0.2500045002
vn 0.8745776415 -0.06989014894 0.4798221588
v -55.32368469 50.58335114 -0.2500045002
vn 0.01668585092 0.9467672706 0.3214861453
v -54.44390106 48.44039154 -2.249998331
vn -0.8018516898 0.1469338238 -0.5791755319
v -54.55257034 48.12546921 -0.2500045002
vn -0.6847168803 0.4038227797 0.6067041755
v -54.55257034 48.12546921 -2.249998331
vn -0.6562697291 0.525506258 -0.541436255
v -53.51784897 48.01244354 -2.249998331
vn 0.8578915 -0.2923973203 -0.4225233197
v -53.68292999 47.62128448 -0.2500045002
vn 0.837525785 -0.4405870438 0.3231618702
v -53.9660759 47.23774719 -2.249998331
vn 0.6157053113 -0.6490557194 -0.4468038678
v -54.93694687 47.73505402 -0.2500045002
vn -0.4904926419 0.6320947409 0.5998942852
v -54.41607285 46.86834717 -2.249998331
vn 0.5050299764 -0.7892528176 -0.3493204117
v -53.43917084 48.42966461 -2.249998331
vn 0.9439256191 -0.1310916394 -0.3030172288
v -53.68292999 47.62128448 -2.249998331
vn 0.8033263087 -0.5072661042 -0.3120062947
v -54.41607285 46.86834717 -0.2500045002
vn 0.5702689886 -0.7675759196 0.2926098406
v -54.93694687 47.73505402 -2.249998331
vn -0.3745769858 0.6814892292 -0.6287006736
v -54.70164108 46.72634506 -2.249998331
vn 0.3183276057 -0.8911737204 -0.3232289255
v -54.70164108 46.72634506 -0.2500045002
vn 0.3705767691 -0.8707444072 0.3232291341
v -55.35544586 47.59460068 -2.249998331
vn 0.008687804453 0.8911593556 -0.4536072016
v -53.9660759 47.23774719 -0.2500045002
vn 0.657486856 -0.5879545808 0.4711905122
v -55.00779724 46.63698196 -2.249998331
vn 0.137160033 -0.8783792853 -0.4578613341
v -55.4299736 46.59183502 -2.249998331
vn -0.03169256821 -0.8890795112 -0.4566543102
v -55.35544586 47.59460068 -0.2500045002
vn -0.1312502772 0.8166233301 0.5620495677
v -55.79022217 47.67110443 -2.249998331
vn 0.395540297 0.6632246375 -0.6353589296
v -55.85214615 46.63698196 -2.249998331
vn -0.1990221143 -0.9196784496 -0.3384993374
v -55.74765396 50.56074905 -2.249998331
vn -0.09663449228 0.9475648999 -0.3046022356
v -55.4299736 46.59183502 -0.2500045002
vn 0.03378831968 -0.9478794336 0.3168326318
v -56.44386673 46.86834717 -0.2500045002
vn -0.477620095 -0.8107942939 0.3383660913
v -55.00779724 46.63698196 -0.2500045002
vn 0.1840216815 -0.8503616452 0.4929717183
v -55.85214615 46.63698196 -0.2500045002
vn -0.1370710284 -0.8777982593 0.4590008557
v -56.78467941 47.1215477 -2.249998331
vn -0.6083194613 -0.6135959625 -0.5034356117
v -55.79022217 47.67110443 -0.2500045002
vn 0.2894135416 0.7434079647 0.6029795408
v -56.05813217 50.48781204 -2.249998331
vn -0.2706921697 0.90766114 -0.3207444251
v -56.44386673 46.86834717 -2.249998331
vn -0.5292912126 -0.7895172834 -0.3106659055
v -57.06426239 47.44106674 -2.249998331
vn -0.7715277076 -0.541762054 -0.3335249126
v -56.24469757 48.03354645 -0.2500045002
vn 0.5971930027 0.5700565577 0.5642659068
v -56.15830231 46.72634506 -0.2500045002
vn -0.3186884522 -0.8921887279 0.3200577199
v -56.15830231 46.72634506 -2.249998331
vn -0.3709999621 -0.8717340231 -0.3200606406
v -56.78467941 47.1215477 -0.2500045002
vn -0.5631021261 -0.6553394794 0.50343436
v -57.06426239 47.44106674 -0.2500045002
vn -0.7459266782 -0.5915024877 0.3061343133
v -57.2285881 47.71440125 -2.249998331
vn -0.8629935384 -0.3884616494 -0.3230166137
v -56.41604233 48.44039154 -2.249998331
vn 0.8824973702 0.08414848149 -0.4627282917
v -57.34210205 48.01244354 -0.2500045002
vn -0.8329331875 -0.2512821853 0.4930310547
v -56.24469757 48.03354645 -2.249998331
vn 0.6613929868 0.4482845366 -0.601332128
v -57.2285881 47.71440125 -0.2500045002
vn -0.8384687304 -0.4388957024 0.323018223
v -57.34210205 48.01244354 -2.249998331
vn -0.8646074533 -0.2067825645 -0.4579245746
v -56.35085297 50.36120224 -0.2500045002
vn -0.4872582257 0.8177700639 0.306319356
v -56.41604233 48.44039154 -0.2500045002
vn 0.8009096384 0.2069703937 0.5618781447
v -56.38844299 48.84600067 -2.249998331
vn 0.7276838422 -0.2126722485 -0.6521094441
v -56.38844299 48.84600067 -0.2500045002
vn 0.8396302462 -0.1427548677 0.5240630507
v -57.40947723 48.85408401 -0.2500045002
vn -0.8925786018 0.06707122922 0.4458754659
v -56.05813217 50.48781204 -0.2500045002
vn -0.2877162695 0.7903241515 0.5409317017
v -57.42076874 48.42966461 -2.249998331
vn -0.8944798708 -0.03962127492 -0.4453492165
v -57.42076874 48.42966461 -0.2500045002
vn -0.9421985149 -0.1093038842 0.3167248666
v -56.25390244 49.15076065 -0.2500045002
vn 0.6802558303 -0.4049068689 0.6109848022
v -57.34481049 49.16639709 -0.2500045002
vn -0.9152960181 0.2466662973 0.3184163272
v -55.50365829 49.57232666 -0.2500045002
vn 0.09533968568 -0.851783216 0.5151462555
v -57.00085068 49.8223114 -2.249998331
vn -0.6924949884 0.5847187638 -0.4225572348
v -57.2260437 49.46238708 -2.249998331
vn -0.7915166616 0.4434680045 -0.4205205142
v -57.34481049 49.16639709 -2.249998331
vn -0.8990756869 0.3004537225 -0.3184186816
v -57.2260437 49.46238708 -0.2500045002
vn -0.8012194037 0.3894740939 0.4542658031
v -56.70465469 50.12649155 -2.249998331
vn -0.5787680149 0.7509906888 -0.3178687096
v -57.40947723 48.85408401 -2.249998331
vn -0.9338355064 0.1251832694 -0.3350827098
v -56.01935959 49.38734055 -0.2500045002
vn 0.4550864398 -0.6809440851 0.5737695098
v -56.70465469 50.12649155 -0.2500045002
vn -0.6027319431 0.6764578223 0.4232245982
v -56.01935959 49.38734055 -2.249998331
vn 0.3881919384 -0.7494656444 -0.5362912416
v -55.17328644 49.54756546 -2.249998331
vn -0.2390812784 -0.8127470016 -0.5313026309
v -55.61461258 49.56401062 -2.249998331
vn 0.1217812896 -0.6430718899 -0.7560607195
v -56.25390244 49.15076065 -2.249998331
vn 0.6908631921 -0.5360701084 -0.4851153195
v -57.00085068 49.8223114 -0.2500045002
vn -0.7664596438 0.5587977767 0.3166775405
v -54.90451431 50.51581955 -0.2500045002
vn 0.2096111774 0.8395740986 0.5011770725
v -56.35085297 50.36120224 -2.249998331
vn -0.4009065926 0.7717264295 -0.4936722219
v -53.9990921 49.98229599 -2.249998331
vn 0.6752365828 0.6570808291 -0.3351123929
v -54.46474457 50.33178329 -2.249998331
vn 0.4844148159 0.7521647811 -0.4467554688
v 12.39111328 1.839230299 -2.901345253
vn -0.5054250956 0.2291504741 0.8318867087
v 46.0446434 36.38469315 -0.937502265
vn 0.5778778791 -0.3320395947 0.7455245852
v -12.0563345 55.19343948 -11.75000381
vn -0.6664427519 -0.3634621501 -0.6509603262
v 47.93970108 57.38962936 -3.000000954
vn -0.02486663871 0.3097004294 -0.9505089521
v 12.55478382 28.21026611 -5.546219349
vn 0.1483194828 0.01818440855 -0.9887722731
v -3.197143316 57.88118362 -12.00000572
vn 0.2446889281 0.9099197388 -0.3349229395
v 12.4516983 54.29359055 -5.866309166
vn -0.6636360884 -0.05661369488 0.7459101677
v 17.72501564 43.19673157 -2.937624454
vn -0.5200849175 -0.825224936 -0.2202623188
v 55.5004158 52.19464111 -3.125001907
vn 0.1727369726 -0.004383864347 0.9849582314
v 45.37796402 49.37537003 -3.25
vn 0.01720654033 -0.05230500922 0.998482883
v 3.487165213 42.60838318 -11.75000381
vn 0.6551772952 -0.03372177854 0.7547221184
v 52.81138229 48.41041183 -4.999999523
vn 0.1540821046 -0.02920586802 -0.9876263142
v -10.80497169 60.46029282 -5.379999638
vn -0.08438751847 -0.9880117178 0.1292731762
v -7.409506798 44.94667816 -11.50000095
vn 0.007903703488 0.009595569223 0.9999227524
v 4.423318386 51.01858902 -11.75000381
vn -0.005816372577 -0.07213395089 -0.9973779917
v 4.376016617 55.13085556 -11.75000381
vn -0.07856763899 -0.2963392138 -0.9518457055
v -0.9346002936 51.92375183 -12.25000668
vn 0.05596207082 -0.0494370088 -0.9972082376
v 7.277726173 65.64431 -4.962759972
vn 0.7083016038 0.1172696352 0.6961010098
v 0.696267426 46.78301239 -11.75000381
vn -0.6976821423 -0.0320321247 -0.7156909704
v 3.724001884 46.10196304 -11.25
vn 0.106874615 0.1786236018 0.9780958295
v 2.911570549 47.87356949 -11.25
vn -0.01237757597 -0.02831552736 0.999522388
v 11.75026703 34.52431107 -6.058924198
vn 0.764444828 0.3447527587 0.5447657108
v -13.4299736 63.80466843 -5.095598698
vn 0.1438432336 0.9846577644 -0.09878388792
v -7.377206802 46.8884964 -11.75000381
vn -0.3635271788 -0.09088938683 -0.9271392226
v 4.318072796 49.9781723 -11.75000381
vn 0.2286148369 0.9734098911 -0.0144380182
v 0.07794413716 45.28073502 -11.25
vn 0.005256506149 -0.02704433165 0.9996204376
v 0.3673554659 43.12925339 -11.75000381
vn -0.2923907936 -0.9371923804 -0.1902052611
v -0.7601422668 48.158638 -12.00000572
vn 0.0427785702 0.05522513017 -0.9975571036
v 30.35738182 26.45475197 -2.375000238
vn -0.4022524357 0.1752367616 0.8986017108
v -10.3743248 51.58793259 -12.25000668
vn -0.01671575569 -0.0546586588 -0.9983651638
v 4.226902485 41.99366379 -11.75000381
vn 0.03229860589 0.36525473 -0.9303471446
v 11.90884972 47.63864899 -5.494776726
vn -0.9232287407 0.05987134948 0.3795577586
v -4.88367033 31.92121887 -12.25000668
vn -0.0182528384 -0.07622539997 -0.9969235063
v 12.17102242 42.05118179 -5.764049053
vn -0.4687869549 -0.1444562674 0.8714190722
v 11.98057938 46.55131531 -6.198187351
vn -0.4578657746 -0.6620011926 0.5933913589
v 4.071624756 35.13424301 -11.75000381
vn 0.2409223616 -0.3265751004 0.9139502645
v 12.48345089 38.53335571 -6.049010754
vn 0.8306307793 -0.06120889634 -0.5534491539
v 6.521979332 45.02874374 -11.68573761
vn 0.232466504 -0.1289856285 -0.9640135169
v -4.931279182 53.30328369 -12.25000668
vn 0.01593934558 0.004487669561 -0.9998629093
v -4.470489025 50.19812393 -11.75000381
vn 0.9136742949 0.1536064744 -0.3763035536
v -2.627261877 42.59308243 -12.25000668
vn -0.01469916943 -0.01801209897 -0.9997296929
v 4.517295361 34.25989532 -11.75000381
vn -0.2252192795 0.1587913483 0.96128124
v 4.249655724 29.99175453 -11.75000381
vn -0.09488923848 0.1124398634 0.9891174436
v 11.49785328 6.018643379 -5.794150352
vn 0.3541607857 -0.2977980971 -0.8865023851
v 0.1044662967 37.99903107 -11.75000381
vn -0.0386403054 0.1995906234 -0.9791172147
v 4.411922932 38.10073853 -11.75000381
vn -0.1850608885 0.1322674453 -0.9737852812
v 8.766441345 38.62951279 -10.3422699
vn -0.4961366057 0.8512179255 0.1711038053
v -6.61126852 38.53218842 -12.25000668
vn 0.02546921 -0.008594854735 -0.9996386766
v -4.028749943 47.90966034 -11.25
vn 0.003948016558 -0.01873330772 0.9998167157
v -1.174664497 51.66618729 -11.25
vn 0.05361908302 -0.01553466357 0.9984406233
v 7.523322105 27.46629333 -10.92368698
vn 0.4424840808 -0.05235327035 0.8952468634
v -26.73960686 61.80414581 -1.091614008
vn -0.1290283948 0.9907962084 0.0409216024
v 11.2464447 30.17665672 -5.740451336
vn -0.3896526694 0.003996040672 0.9209532142
v 4.486439228 54.1937294 -11.75000381
vn -0.02391329594 0.01649764739 -0.9995778799
v -1.646493316 31.48630142 -11.50000095
vn -0.005737915635 -0.05549009517 0.9984427691
v 12.2702198 32.69412613 -5.260362148
vn -0.1626413912 0.04737319052 0.9855473638
v 1.406067729 35.68638611 -12.25000668
vn 0.02966544218 0.03255857527 -0.9990294576
v 7.724665642 4.532427311 -7.983318806
vn -0.2180307508 0.1100282222 0.9697197676
v 3.478506565 38.72214508 -11.75000381
vn 0.8619042635 -0.2377883494 0.447859019
v 0.9919428825 54.04032516 -11.75000381
vn -0.1041884199 -0.0535251312 -0.9931162
v 7.83082056 35.11872864 -10.68956947
vn -0.7135583758 0.03694711626 0.6996208429
v 4.62052536 46.40860367 -11.75000381
vn -0.1570135951 -0.01888364367 0.9874159098
v -1.079207778 33.84518814 -12.25000668
vn 0.06267599016 -0.1332828254 -0.9890942574
v -0.4232037663 42.60420227 -11.75000381
vn 0.6867210269 0.2286322713 0.690030098
v 7.924739838 49.09518814 -10.93752766
vn -0.5327398777 -0.07240397483 0.8431760669
v 3.194047213 39.89443588 -11.25
vn -0.05261134356 -0.01077290904 0.9985569715
v 2.372959852 45.85202026 -12.25000668
vn 0.08818962425 0.03001815639 -0.9956513047
v -4.567382336 34.68638229 -11.75000381
vn 0.4096405804 -0.0761757046 0.909060955
v 48.91281891 49.90000916 -4.249999523
vn -0.4151439965 0.3482685089 0.840454936
v 3.242025137 39.89651871 -12.25000668
vn 0.03550571948 0.0001157879378 -0.9993694425
v -11.60509968 30.13337708 -11.75000381
vn -0.1323917657 0.03524269536 0.990570724
v -3.099545956 39.3122406 -11.75000381
vn 0.04266209155 -0.06922050565 0.9966887236
v -10.61524677 35.50960541 -11.25
vn -0.02646719292 -0.007876211777 0.9996186495
v 46.17199707 48.14742661 -5.249999046
vn 0.119022809 -0.0460030362 -0.991825223
v -7.108652592 31.18838882 -11.75000381
vn -0.09446506947 -0.03011633642 0.9950725436
v -10.93918228 43.90771866 -11.25
vn -0.04833508655 0.01145872194 0.9987654686
v -8.390462875 46.79393387 -11.75000381
vn 0.5933748484 0.04023117945 0.8039202094
v -0.3558112383 38.95252228 -11.75000381
vn 0.1498530656 -0.3494721353 -0.924885571
v -8.5379076 34.7192688 -11.75000381
vn 0.8126985431 -0.3617846966 0.4567635059
v 41.98262787 55.55285263 -2.750001669
vn 0.2554669678 0.4825823903 -0.8377653956
v -7.6101017 35.08457184 -11.25
vn -0.02097373083 -0.162399292 0.9865021706
v -8.467150688 36.9651413 -12.00000572
vn -0.0343464762 0.0177650433 -0.9992520809
v -7.654772758 34.038517 -11.75000381
vn -0.4540242255 0.177173093 -0.8731962442
v 13.04648113 50.10768509 -5.736496925
vn 0.7977327704 -0.04850796983 -0.6010568738
v -11.3927002 38.38197327 -11.75000381
vn -0.6757845283 0.6848545074 -0.2725612223
v -13.5820322 37.08154297 -12.25000668
vn -0.1767254174 -0.05045104027 -0.9829663634
v -13.82180786 45.14440155 -11.35002804
vn 0.5336675644 -0.02843240835 0.8452162743
v -8.139165878 39.18995285 -11.75000381
vn -0.2689943016 -0.8771882653 -0.397721976
v -14.55501938 61.64294815 -11.07701588
vn 0.5733075142 0.1533823162 0.8048554659
v -10.71751785 33.36904907 -12.25000668
vn 0.02110866457 -0.06356117874 -0.997754693
v -11.17014217 8.743211746 -9.740021706
vn 0.2092057616 0.1013724655 0.9726029634
v -15.52158451 27.21043968 -10.8065691
vn 0.6456439495 0.1404388696 0.7506136298
v -20.09381294 46.47719193 -5.956676006
vn -0.7632872462 -0.4582656324 -0.4553956687
v -21.66871643 40.06350327 -4.409245014
vn -0.0105325887 0.150258258 -0.9885906577
v -12.06470585 35.1492157 -11.75000381
vn -0.09890896827 -0.3591306806 -0.9280313253
v -16.73231125 31.81229591 -10.95638847
vn -0.7669053078 -0.3935432434 -0.5069319606
v -13.68393898 31.31907654 -11.45243073
vn 0.1797212213 -0.03676525503 0.9830303192
v 15.96855068 58.71447754 -1.569850087
vn 0.05963582546 0.6637597084 0.7455646396
v -12.02444839 39.15756989 -11.75000381
vn 0.655595243 -0.7547855377 -0.02221804298
v -15.88665295 47.34839249 -10.83149242
vn 0.472117573 0.1218172833 0.873078227
v -45.20225525 53.10038757 -2.249998331
vn 0.2303473651 -0.3298717141 -0.9154915214
v -11.37039757 50.45239258 -11.75000381
vn -0.5257306695 -0.3471452296 0.7765935063
v -7.414624214 50.55174637 -11.75000381
vn -0.6561492085 -0.7312317491 0.1864627451
v -20.06529999 50.55027008 -6.142025471
vn 0.6895926595 -0.5110194087 0.5131482482
v -14.42145157 36.7736702 -11.19829655
vn 0.3054511249 -0.04959055781 0.950915575
v -9.102056503 41.35486603 -11.25
vn 0.04138999805 -0.001023356454 0.9991425276
v -16.48845673 34.8179245 -10.52183056
vn -0.3625641167 0.8423659205 -0.3987065256
v -3.282150269 37.71590805 -11.75000381
vn 0.003461061046 0.1218322888 -0.992544651
v -3.743016958 33.96583557 -11.75000381
vn -0.1754390895 0.2901547551 0.9407610297
v -20.01370049 42.46052551 -5.917560577
vn 0.6422923207 -0.3753930628 0.6682369709
v -14.43753052 63.19636917 -11.88911629
vn -0.494543463 0.1854894012 -0.8491292
v 23.55246735 13.9390192 -0.7085971236
vn 0.6004472971 -0.3502690196 0.7188704014
v -17.17470169 -0.8173778057 -7.471930504
vn 0.6269866228 0.1654041559 0.7612681985
v -11.8247118 31.21715736 -11.75000381
vn -0.2112026811 -0.1972138882 -0.9573401213
v -8.759488106 31.25186539 -11.75000381
vn 0.06569492817 -0.1320115477 0.9890688062
v -56.57652664 47.07413483 -3.25
vn 0.02417029999 0.01739206351 0.9995565414
v -19.53144836 32.7012825 -5.357797623
vn 0.1383173764 0.06787305325 0.9880594611
v -16.8543396 44.97554398 -11.14525509
vn -0.5742442012 0.07022635639 -0.8156664968
v -39.88472366 -68.03104401 1.87499547
vn -0.6263491511 0.1400352269 -0.7668616772
v -16.45555305 30.70843887 -10.45256901
vn -0.3719670177 0.5626532435 -0.7382830381
v -20.2976284 41.50843048 -5.493696213
vn -0.5132920146 0.2413289696 -0.8235846162
v -10.61673355 8.982709885 -9.178496361
vn -0.1358835995 -0.1063667163 -0.9849983454
v -9.435693741 1.292195678 -7.513547897
vn -0.02449249662 0.1648581624 -0.9860131145
v 11.30992126 38.46141052 -5.96252203
vn -0.6662407517 -0.2122447491 0.7148954272
v -49.83218765 55.68544388 -2.000001431
vn -0.7373489141 0.5120698214 0.4405690432
v -11.73976421 42.18610001 -11.75000381
vn -0.5475491285 0.5266059637 0.6502892375
v -20.56851959 35.70332336 -5.747171879
vn -0.7452229857 -0.0798375532 -0.6620185971
v -11.71488953 47.0871582 -11.75000381
vn -0.2955293655 -0.2096859813 -0.9320376515
v -8.035784721 -5.130288124 -9.250005722
vn -0.05169558153 0.1162080094 -0.9918786287
v -21.02702332 45.57956696 -5.501039982
vn -0.7148839831 -0.03047782555 -0.6985785365
v 6.257090569 -20.00194168 -8.121317863
vn -0.1877340525 -0.08156082779 0.9788277745
v -16.75341225 50.72511673 -10.59165287
vn 0.5007280707 0.552075386 -0.6666964889
v -56.79127502 47.68903732 -5.249999046
vn -0.004003187642 -0.02354113199 -0.9997148514
v -53.48113632 48.02850723 -4.249999523
vn 0.2648517191 0.05365578085 0.962795198
v -63.59836197 47.13959122 -4.125000954
vn -0.5869586468 -0.7211472392 -0.3680030704
v 9.605463028 -16.97182274 -7.344685555
vn 0.9670029879 0.1733388454 -0.1867053658
v 3.596558094 -14.00318336 -8.249999046
vn -0.05626410246 -0.04982119054 0.9971721172
v -4.705998898 -41.18268967 -9.250005722
vn 0.1536634862 -0.1404072493 -0.9780967832
v -8.372242928 54.16888428 -11.75000381
vn 0.9554228783 -0.005502713379 0.2951895595
v 9.996017456 -5.070407391 -7.179998875
vn 0.4741457105 0.3962867856 -0.7862204909
v -21.56673241 1.408435106 -2.733440876
vn -0.7624897957 -0.007092805114 -0.6469613314
v 19.18185425 -46.10291672 -1.500003099
vn -0.5001841187 -0.1514479369 0.8525722027
v 6.037437916 -2.458018303 -8.503985405
vn 0.1958756745 0.0471967496 -0.9794923067
v 0.5109715462 50.21673965 -11.75000381
vn -0.3610335886 0.3984169662 0.843159914
v 8.777984619 -51.11153412 -6.27438736
vn 0.1482013017 0.003407254117 -0.9889513254
v 10.99671364 -37.28493118 -3.869270563
vn 0.2860058248 -0.1229797974 0.9503034353
v 8.807213783 51.82689667 -11.50166512
vn 0.6801802516 0.136464417 -0.7202306986
v -7.459488392 42.94287491 -11.75000381
vn -0.6899157166 0.1088023037 0.7156663537
v 27.77553558 -58.55476379 1.499994874
vn 0.4827331007 0.2836141884 -0.8285720944
v 9.129424095 -5.868100166 -7.799540997
vn -0.2589704096 -0.02678703889 0.9655137658
v 12.49627972 -9.831389427 -3.103069544
vn -0.8379004598 -0.1387287229 0.5278987885
v 13.07471085 -18.21630859 -2.69681859
vn 0.8964034915 0.352704674 -0.268440336
v -11.33644009 54.3493576 -11.75000381
vn -0.8570764065 -0.5102402568 0.07123823464
v 9.457112312 -12.56373024 -7.744186401
vn 0.2396235168 -0.003291146131 0.9708603024
v -15.84475708 -36.53346634 -7.461852551
vn -0.1749855876 0.03954216838 -0.983776629
v -12.39759922 54.19251633 -11.75000381
vn 0.2337082773 0.2167049944 0.9478498697
v -6.455895424 -26.7400341 -9.250005722
vn 0.1345012784 -0.2221425623 -0.9656925201
v -2.578187943 -35.93239975 -9.250005722
vn -0.03285307065 -0.007129858248 -0.9994347692
v -62.64236069 53.0918541 -2.750001669
vn -0.1749743968 0.1117963493 0.9782052636
v 11.84867954 -14.05419064 -2.98037672
vn -0.9374953508 0.2997834682 0.1767268777
v 3.721631289 -37.03541946 -8.249999046
vn -0.1829397231 -0.00690770708 0.9830998778
v -12.99784946 -54.35051727 -7.626102448
vn 0.1345017105 0.1590010077 0.978073597
v -12.43881416 34.18323135 -11.75000381
vn 0.1262711734 0.05685991794 0.9903648496
v -1.344558358 -31.55849266 -9.250005722
vn -0.06335077435 -0.05338900536 -0.9965622425
v 1.950715184 -26.36381721 -8.750002861
vn 0.2140123993 0.1892582774 -0.9583214521
v -55.67102814 50.54027176 -4.249999523
vn 0.2281382382 -0.8361663222 0.4987773001
v 3.898209572 -34.53231049 -9.250005722
vn 0.0008137638215 -0.1413669288 -0.9899569154
v -9.289282799 -31.91137123 -9.250005722
vn -0.08204217255 -0.09523267299 -0.9920684695
v 7.033840179 -55.49040222 -7.669948101
vn -0.4007363915 0.3069525659 0.8632441759
v -20.56541061 45.75955963 -4.44943285
vn 0.5043807626 0.02240727283 0.8631905317
v 9.403661728 -21.91389084 -8.428738594
vn 0.4432134628 -0.04127487913 -0.895465374
v -3.511302471 34.92202377 -11.75000381
vn -0.2924891114 -0.3230077326 0.900064528
v 12.87352276 -24.32895279 -2.686994791
vn 0.7354918718 0.1081265137 -0.6688500643
v -9.831784248 -31.36380196 -8.750002861
vn -0.5793123841 0.700686574 0.4164558649
v 3.37449789 -41.60440826 -8.750006676
vn 0.3744568825 -0.3370230198 -0.8638272285
v 11.92072964 -21.57873154 -3.426991701
vn 0.6065125465 -0.7266018391 -0.3227883875
v -9.582259178 42.178936 -12.25000668
vn -0.01886074245 -0.02540704794 -0.9994992614
v -3.382336378 46.41136932 -11.75000381
vn -0.2925747931 -0.1848944277 -0.9381972551
v 9.804224014 -24.64803696 -7.670079708
vn 0.8637328148 0.0297200121 -0.5030729175
v -6.375768185 -16.76890564 -9.250005722
vn -0.02956914902 -0.06912362576 -0.9971697927
v -0.215080753 -3.381263733 -8
vn -0.007645063102 -0.07793569565 0.9969290495
v -18.10697746 -8.722308159 -7.554690838
vn -0.9457782507 -0.3133657277 0.08547158539
v -3.268690586 -9.906949043 -8.249999046
vn -0.05764944479 -0.008079828694 0.9983041883
v 4.067595959 -10.42434978 -9.000003815
vn 0.0003540481557 0.05401560292 -0.9985400438
v -16.88684464 27.00810623 -10.60285378
vn -0.5780644417 -0.2011707723 -0.790804565
v -11.24467087 -12.33077717 -9.250005722
vn -0.1550195962 0.2214100212 -0.9627805948
v 36.75844193 -83.47132111 -2.250008106
vn -0.006829369813 0.2200153768 -0.9754725099
v -6.600239277 38.62071228 -11.25
vn 0.0003289516317 0.01657867432 0.9998624921
v -9.100997925 51.8110733 -11.25
vn -0.005616094917 -0.2537713647 0.9672479033
v 3.37974453 61.13877106 -11.05591869
vn -0.3503423929 -0.6934787631 0.6295612454
v -20.59228706 -22.164217 -2.931842089
vn -0.826461792 -0.1056009904 -0.5530003309
v -21.414608 11.94342709 -3.499999285
vn -0.2966672778 -0.2245988548 -0.9281938672
v -20.45133591 -4.852540493 -4.11277914
vn -0.5871607065 -0.7933453918 -0.1607649922
v -20.38652992 -14.36191845 -2.769442081
vn 0.7092716694 0.447935611 0.5443229079
v -0.06022195145 30.12248421 -11.75000381
vn -0.2269039303 -0.03667214513 -0.9732264876
v 33.67971802 -57.01904678 -1.250001431
vn 0.3157547116 0.09415294975 -0.9441578984
v -18.19540024 -14.24763298 -7.180474758
vn -0.8704191446 0.01909256354 -0.4919410944
v -20.18040085 -25.57130432 -3.403735638
vn -0.8402963281 -0.3281547129 -0.4315281808
v -11.63154697 -27.05656052 -8.750002861
vn -0.446434319 -0.4570167363 -0.7693062425
v -16.47791481 -24.87134552 -7.589239597
vn 0.4100615382 -0.01412727591 0.9119484425
v -5.411459923 -30.92160797 -8.249999046
vn 0.03753768653 -0.03418882936 0.9987102151
v 55.828022 -76.38685608 -4.750005245
vn 0.2255783379 0.3744565547 -0.8993868232
v -20.24954224 -9.630367279 -3.245989323
vn 0.009535772726 -0.8152890205 0.5789757371
v -50.59228134 -86.54656219 -3.125004292
vn 0.08092986047 -0.9095725417 0.4075882137
v -12.51083279 42.67798233 -11.75000381
vn 0.3145402968 -0.2304375917 0.9208490252
v -6.253676414 -36.85197449 -8.750002861
vn -0.400447309 0.1665370017 -0.9010590315
v -56.05775833 -78.22966766 -5.250008583
vn -0.07230301201 -0.0302601736 -0.9969235659
v 48.17285538 -77.92501831 -3.500006914
vn -0.4461276531 -0.608366549 0.6563994884
v -3.397975206 -16.30912781 -8.249999046
vn 0.02039152756 -0.04333600774 0.9988524318
v 9.363946915 -13.08906841 -6.939686775
vn -0.8282677531 0.2973712981 0.4749135375
v -19.33700943 -23.97509766 -2.959032536
vn 0.9307802916 0.05283557996 0.361740917
v -0.006626918912 -45.05550385 -8.750007629
vn 0.09122903645 -0.1694988906 -0.9812988043
v 8.778409004 -22.83202171 -7.500403881
vn -0.6630349159 0.1209264174 0.7387567163
v -5.080287457 53.30445099 -11.25
vn 0.233041659 -0.215472132 0.9482949972
v -14.15718079 -16.88036728 -7.981482029
vn 0.286921829 0.00176107476 0.9579523802
v 12.66108418 -6.598237991 -2.081928968
vn -0.2557261586 0.04302138463 0.9657915235
v 55.69336319 -76.89091492 -2.750001669
vn -0.2120619565 -0.241995573 0.9468199015
v -19.97647476 -29.75549698 -2.033481121
vn 0.3241420686 -0.07339969277 0.9431566
v -1.497171044 -31.8605938 -8.500000954
vn 0.2519836128 -0.2450181395 0.9361999631
v -11.5678215 -21.89722252 -8.249999046
vn 0.146897316 -0.1862601638 0.9714568257
v 9.400780678 -8.990194321 -7.035538197
vn -0.7061505914 0.5024446249 0.4988994896
v -17.96158409 -23.63396263 -7.136203766
vn -0.87672019 -0.1839360297 -0.4444426596
v 2.78770256 31.60894012 -12.25000668
vn 0.01914749108 -0.08681155741 -0.9960407019
v -41.53966522 -57.01904678 -1.500003099
vn -0.6059507132 0.6238405704 0.4936057925
v 0.6275627613 38.80786133 -11.75000381
vn -0.2875330448 -0.02863674797 -0.9573425055
v -6.774294853 -68.03475189 -3.923767805
vn 0.08770515025 -0.297901094 0.9505591989
v -4.567382336 30.49164391 -11.75000381
vn 0.1973848641 -0.02911641262 0.9798935652
v -2.748625755 -26.64525223 -9.250005722
vn 0.00834069401 0.01228459645 -0.9998897314
v 0.4683579803 42.12363815 -11.75000381
vn -0.7094550133 0.233444944 0.6649639606
v -11.96505833 45.35745621 -12.00000572
vn -0.07191685587 0.05528148636 -0.9958774447
v -3.865383387 43.20075989 -11.75000381
vn -0.1189745367 -0.193314299 0.9738966227
v 3.209587812 47.87591553 -12.25000668
vn 0.01647961885 0.0009963925695 -0.9998636842
v -9.831784248 -16.36381912 -8.750002861
vn -0.2649709284 0.5670443773 -0.7799045444
v 2.226194859 -31.61214828 -8.750002861
vn 0.1966054738 0.2947842479 0.9351195097
v -18.33049774 -0.7523086667 -7.53743124
vn -0.483485043 -0.03959589824 -0.8744566441
v 1.575964093 5.493216038 -7.540442467
vn -0.1039059684 -0.2192463726 -0.9701209068
v -11.79483223 -11.81933594 -8.750002861
vn -0.07007857412 -0.1662820131 -0.9835849404
v -6.714339733 43.35450745 -12.25000668
vn 0.01120500732 0.06286004186 -0.997959435
v -20.67434883 54.1435318 -5.873095512
vn -0.6119429469 -0.08897589892 -0.7858811021
v -56.04434967 57.37365723 -4.750000477
vn 0.03653816506 0.2749501169 -0.9607639909
v -16.70540237 -28.57774734 -8.019515991
vn -0.2009423673 -0.007853668183 -0.9795715809
v -20.44445801 30.94026566 -5.731442928
vn -0.099436149 -0.04371586442 -0.9940831661
v 2.226194859 -16.61216354 -8.750002861
vn 0.4897505045 0.4969794154 0.7163490057
v -1.914818168 -37.2311058 -8.750002861
vn 0.9362611175 0.3127132654 0.1600799263
v -2.578187943 -35.93239975 -8.249999046
vn -0.02518519014 -0.03909837455 0.9989179373
v -1.402832627 -21.70710373 -8.750002861
vn 0.1912456155 -0.1298291832 0.9729180336
v -13.24277401 -3.822277546 -7.690854073
vn 0.02217033505 -0.02506164275 0.9994400144
v -35.62849808 18.38487244 0.2499987483
vn -0.0607708618 -0.04187915474 -0.9972727895
v -11.02967739 49.25630951 -11.25
vn 0.004020328168 0.03205185384 0.9994781017
v -8.600963593 49.81353378 -11.75000381
vn 0.04999595135 0.09116247296 -0.9945802093
v 9.769170761 -28.83773613 -7.554820538
vn 0.8638595939 0.005666042678 -0.5037007928
v 49.42160034 -87.34812927 -4.250001907
vn 0.04148191959 0.2445805967 0.9687412381
v -5.071164131 -41.14796448 -8.250003815
vn -0.00948043447 0.01792724989 0.999794364
v -4.979060173 -18.26584625 -8.249999046
vn -0.09526511282 0.1001783684 0.9903983474
v -0.2841180861 54.01678848 -11.75000381
vn 0.1031679288 0.4140663743 0.9043812156
v -4.430856705 42.3962059 -11.75000381
vn 0.1936750114 0.6964969635 0.69092834
v -3.565211058 42.10652161 -11.25
vn -0.02669879049 0.01876504719 0.9994673729
v 1.682847738 52.29318237 -11.25
vn -0.01543478761 -0.02492523566 0.9995701313
v -11.81598759 -42.0198288 -8.750007629
vn -0.3639983535 0.1452198923 0.9200088978
v 13.00384712 -2.206207514 -2.917577982
vn 0.44405967 -0.1353247315 -0.8857190609
v 4.162847996 -45.73371887 -8.250008583
vn -0.09755317122 0.121157378 0.9878280759
v -57.84650421 -79.26329803 -3.250005007
vn 0.188264057 -0.0879034251 0.978176713
v 43.7882843 -87.51030731 -3.062503576
vn -0.08681090176 -0.4636453092 -0.8817578554
v -55.3971405 -81.34262848 -4.000007629
vn -0.9054692984 0.4236057103 0.02614511363
v -11.22479343 -36.87646103 -8.249999046
vn 0.06661508977 -0.1433213949 0.987431705
v -38.41183472 -58.02598572 -2.672793627
vn 0.2193711698 -0.03658403829 0.9749553204
v -10.15980339 -41.62128067 -8.750007629
vn -0.1094582379 0.006469440181 -0.9939703345
v -11.14385986 -22.39367676 -9.250005722
vn -0.05751897767 0.1708178073 -0.9836223125
v -53.62109756 -79.56924438 -5.250008583
vn 0.0355056189 -0.1183242649 -0.9923400283
v 3.408394098 50.58136368 -11.75000381
vn 0.7476994991 0.3493915498 -0.564686656
v -11.78670311 -19.30915642 -9.250005722
vn -0.03914512321 -0.05412027985 -0.9977668524
v -16.91032028 -10.90137386 -7.479877949
vn 0.4945051968 0.139353931 0.8579307199
v 11.73925209 -22.41155815 -2.726010799
vn -0.1412996352 0.152030021 0.9782235622
v -19.12510109 -19.39675903 -3.563001633
vn 0.7843379378 -0.03932221234 0.619086206
v 11.59401608 -26.54378128 -2.738919973
vn -0.4859642684 0.06710983068 0.8713983297
v -17.71576881 -24.88405991 -7.480518341
vn -0.7494603395 0.1737924665 -0.6388312578
v 8.818341255 -33.08020782 -7.989276409
vn 0.3167235851 -0.1552663893 -0.9357235432
v -17.94575119 -19.23907852 -6.416635513
vn -0.6166279912 -0.7152804732 -0.3288521767
v -19.44314575 -30.10783386 -4.3665452
vn -0.8573215008 -0.4928672612 -0.1485992074
v -2.32047224 -9.457174301 -9.250005722
vn 0.03714494407 0.009364646859 -0.9992660284
v -63.51779556 -78.13136292 -3.687502861
vn -0.6237698197 0.4492840767 -0.6395741105
v 3.230406046 -22.34705353 -8.750002861
vn 0.01964678243 0.1683300138 0.9855349064
v 13.19024849 -5.691543579 -3.151200533
vn 0.7350150943 -0.3098201752 -0.6031287313
v -6.389348507 -11.79535198 -8.750002861
vn 0.04503301159 -0.1792270839 -0.9827765226
v -5.995555401 -32.07813263 -8.750002861
vn -0.2658860683 -0.09250546992 -0.9595558047
v 11.92490768 -25.60719872 -3.207606792
vn -0.4811834991 -0.2823176384 0.8299151659
v 4.204340458 -25.38813972 -9.250005722
vn 0.08773192018 -0.02811438218 -0.9957473278
v -9.831784248 -26.36381721 -8.750002861
vn -0.5498904586 0.7263627052 -0.4123320282
v -19.94225121 38.48490906 -5.01589489
vn 0.04728764668 -0.1563944966 0.9865620136
v -57.45333099 -87.46406555 -2.000001431
vn -0.009811203927 0.02048680559 0.9997419715
v -5.000860214 47.8481636 -12.25000668
vn -0.03864719346 -0.0102305254 -0.9992005229
v 6.868102074 60.77659225 -12.25000668
vn 0.2354744077 0.7654457092 -0.5988694429
v 8.305037498 31.2534256 -10.78284264
vn -0.004925350659 0.1261576116 0.9919979572
v -14.18778038 50.77096939 -11.92891884
vn -0.2311671972 -0.01353979111 -0.9728198051
v -4.403479576 46.14280319 -11.75000381
vn 0.4215503037 0.2967990935 -0.8568580151
v -19.95028305 -10.3509903 -2.746637106
vn 0.7340605855 0.3853153288 -0.5591843128
v -7.983542919 57.59771729 -12.00000572
vn 0.03186677024 0.02697078697 -0.9991281629
v -13.78997135 -32.4410553 -8.144973755
vn 0.2217801064 0.01424902305 0.9749925733
v -13.32399559 50.79472733 -11.25
vn 0.1826208681 -0.03652352095 0.9825047851
v -8.301154137 -57.04790497 -8.317268372
vn -0.09150286764 -0.2332988232 -0.9680903554
v -19.8184948 29.46180534 -5.689429283
vn -0.01551495306 0.2572416663 -0.9662225246
v -3.608679771 -26.61936951 -8.249999046
vn -0.03231878951 -0.00368412747 0.99947083
v 3.56638217 54.40571594 -12.25000668
vn 0.04105649889 -0.04380476102 -0.998196125
v -7.357420444 54.52600861 -11.75000381
vn -0.8460403681 -0.5221991539 -0.1073487401
v 13.36209488 -9.325456619 -2.706754684
vn 0.2966922522 0.00157372572 -0.9549718499
v -3.40039134 54.89753723 -11.75000381
vn -0.2301045954 0.1773993969 0.9568601251
v -16.99645424 -20.54287529 -8.35772419
vn -0.2940281332 0.01737494208 -0.9556388259
v 3.562385798 -27.13632774 -8.750002861
vn -0.2246973813 0.09554283321 0.9697332978
v -17.31411743 -4.47685051 -8.029979706
vn -0.1753358692 0.119431667 -0.9772376418
v -33.74069595 15.71575928 -0.5000013709
vn 0.2734168172 0.1106645465 0.9555085301
v -20.72917938 7.284377098 -2.942925692
vn 0.2219604403 0.1056440473 0.9693157077
v -19.33672523 60.03969193 -3.253385544
vn 0.3019714057 -0.4320265055 0.8498037457
v -7.774158001 30.00835228 -11.75000381
vn -0.03485181183 -0.9064152837 0.4209474027
v 4.510451794 31.00829506 -11.75000381
vn -0.108257778 -0.9882668257 -0.1077446267
v 3.527667046 34.33358383 -11.75000381
vn 0.1926960498 0.1208562776 0.9737874269
v -0.5180043578 36.23923874 -11.25
vn -0.01522768103 0.008966294117 0.9998438358
v 3.938609362 -19.47806168 -9.250005722
vn -0.01169419196 -0.1017018333 -0.9947462082
v -2.718113899 -16.56810188 -9.250005722
vn 0.03599584848 0.03289369121 -0.9988104701
v -19.96828651 49.77570343 -5.406822205
vn 0.958419621 0.2737829089 0.08046580106
v 0.5527039766 30.93889236 -11.75000381
vn -0.934440136 0.233171761 -0.2691702247
v 9.726932526 -10.18158722 -8.339069366
vn 0.3512526155 0.02685000561 -0.9358956814
v 14.40062428 71.5798111 -0.06370417029
vn -0.5832327604 -0.7740484476 0.2463504076
v 13.01081944 -16.02483559 -2.915024996
vn 0.7929341793 -0.3959387541 -0.4631283581
v -6.426286697 -21.76003838 -8.750002861
vn -0.3011907339 -0.7920060754 -0.531046629
v 10.00354767 50.57636261 -8.176665306
vn -0.8194126487 0.131980747 0.557802856
v 11.7513504 -18.04385376 -2.934061766
vn -0.4894817173 0.07512108982 0.8687717915
v 48.27517319 -81.33299255 -4.250007153
vn -0.1312992871 -0.3555321991 -0.9253957868
v 11.80180359 -29.64027405 -3.188920975
vn 0.5711078048 -0.808200717 0.1436923593
v 8.467155457 36.99308014 -11.56799984
vn 0.4721617103 -0.06803563237 -0.8788825274
v 1.666488171 33.08375549 -11.25
vn 0.001077738474 0.02495904267 0.9996879101
v -3.523478746 30.27317238 -11.75000381
vn -0.9914509654 0.1106323227 0.0691767931
v 8.705788612 27.58340645 -10.98492241
vn 0.8054975271 -0.4777625799 0.350594759
v 13.39323235 42.81408691 -4.966155529
vn 0.04838420823 0.1664446294 -0.9848629832
v 8.543498993 18.47195625 -10.53971004
vn 0.124326013 -0.1154111102 -0.9855066538
v -0.192392081 34.11435318 -11.75000381
vn 0.1213314682 0.9522472024 0.2801855505
v 7.763508797 41.16294861 -10.94463921
vn -0.4191192389 -0.0002009564341 0.907931149
v 9.206586838 44.99831772 -10.76939106
vn 0.7363382578 0.006836650427 -0.6765790582
v -3.996614933 51.12204742 -11.75000381
vn -0.2794192731 -0.9448564649 -0.1707955301
v -20.69008827 -26.91073608 -2.483769894
vn -0.3997020721 0.08961714804 -0.9122537971
v -44.61840057 -83.47132111 -2.250008106
vn 0.01936023869 0.1986658424 -0.9798760414
v -0.3289203048 55.03891373 -11.75000381
vn 0.7256745696 -0.2233601362 -0.6507738829
v -44.8902626 29.54593086 1.749996543
vn -0.2629952431 -0.1621342599 0.9510762095
v 45.70074081 -79.73931885 -4.250007153
vn -0.007691302337 -0.03364683315 0.999404192
v 53.57175827 -86.31221008 -2.875002384
vn 0.1295748502 -0.1651194245 -0.9777248502
v 1.950715184 -36.36382294 -8.750002861
vn 0.146059081 0.2760419548 -0.9499829412
v -21.27160454 -8.278105736 -2.654335976
vn -0.7322898507 0.1333754361 -0.6678043008
v 6.38145256 -30.57788277 -7.966136932
vn -0.2616336048 -0.009966003709 0.9651158452
v -20.06168938 -13.60246468 -3.325131893
vn 0.3762456477 -0.3872180283 0.8417252302
v -3.354880333 -50.23238754 -8.250008583
vn 0.01838559471 0.1320923567 0.9910668731
v -19.98461342 -6.104202747 -2.922342777
vn 0.7280411124 0.3573936224 0.585000813
v -19.15991783 -26.85835648 -3.081758499
vn 0.932538569 0.271590203 0.2379297018
v -3.425503016 50.22953033 -11.75000381
vn -0.2379237562 0.1816600412 -0.9541445971
v -20.74315453 -18.07341385 -2.928539991
vn -0.8618119955 0.01045828685 -0.5071200132
v -19.33948898 -2.257559061 -4.5690732
vn 0.7706336975 -0.1107048318 0.6275891662
v -16.40163612 39.0850029 -10.75841331
vn -0.8871322274 -0.3055124581 -0.3459169269
v -21.14369202 -3.037713289 -2.223845005
vn -0.2077216059 -0.005731203593 -0.9781711698
v -4.52951479 38.73421478 -11.75000381
vn 0.3040290475 -0.1822950542 -0.9350587726
v 47.41994476 -77.42478943 6.749993324
vn -0.01261031907 0.952418983 -0.3045309484
v 47.22798157 -78.48271942 6.749993324
vn 0.3006640077 -0.7922920585 -0.530918479
v 46.96504593 -77.51488495 8.749997139
vn -0.3666855991 0.8788810968 0.3051388562
v 46.96504593 -77.51488495 6.749993324
vn -0.2712067664 0.8679257035 -0.4161152542
v 46.44712067 -77.78082275 6.749993324
vn -0.4717853963 0.7763869166 -0.4179017544
v 46.8694725 -78.74029541 8.749997139
vn 0.6575772166 -0.5028977394 0.5609688163
v 46.08930969 -78.09583282 6.749993324
vn -0.6775792837 0.6652526259 -0.3135686219
v 47.41994476 -77.42478943 8.749997139
vn -0.08784320951 0.9049187303 0.4164200425
v 46.63384628 -79.15399933 8.749997139
vn 0.8152222633 -0.1332443506 0.5636121631
v 45.84526443 -78.44326019 6.749993324
vn -0.7452375293 0.4713571668 -0.4716391265
v 45.71091461 -78.7325058 8.749997139
vn -0.9005987048 0.2949285805 0.3192790747
v 46.8694725 -78.74029541 6.749993324
vn 0.5730839372 -0.5877602696 -0.5710627437
v 46.08930969 -78.09583282 8.749997139
vn -0.7250428796 0.6073227525 0.3247644305
v 45.84526443 -78.44326019 8.749997139
vn -0.7539727688 0.4175222814 0.5071491003
v 46.63384628 -79.15399933 6.749993324
vn 0.7312043905 -0.256890595 -0.6319393516
v 45.71091461 -78.7325058 6.749993324
vn -0.8815431595 0.3477667272 -0.3192804456
v 45.62972641 -79.0409317 6.749993324
vn -0.9271380305 0.1976866573 -0.3183316588
v 45.62972641 -79.0409317 8.749997139
vn -0.9354689121 0.1535059512 0.3183296919
v 45.61281586 -79.67606354 6.749993324
vn -0.8478038907 -0.1134151667 -0.5180401206
v 45.59302902 -79.35774994 8.749997139
vn -0.8498774767 -0.002565606497 0.5269741416
v 47.55505371 -78.41936493 8.749997139
vn 0.07730599493 -0.8409686089 0.5355329514
v 45.59302902 -79.35774994 6.749993324
vn -0.9438695908 0.05315421522 -0.3260135651
v 45.71357727 -80.08850861 8.749997139
vn -0.8376592398 -0.3022165298 0.4549638629
v 45.61281586 -79.67606354 8.749997139
vn -0.934845984 -0.1809773445 0.3054671586
v 46.63384628 -79.66796875 6.749993324
vn 0.8533093333 0.08614751697 -0.5142390728
v 46.76839066 -79.97273254 8.749997139
vn 0.6576479673 0.5102754831 0.5541823506
v 48.01447296 -77.45895386 8.749997139
vn 0.09697999805 0.9195340276 0.380856961
v 45.71357727 -80.08850861 6.749993324
vn -0.9132680297 -0.2705471516 -0.3045419157
v 46.63384628 -79.66796875 8.749997139
vn 0.7964216471 0.1907522827 0.5738694072
v 46.76839066 -79.97273254 6.749993324
vn 0.6977062225 0.4152867496 -0.5837318897
v 47.00292206 -80.20932007 8.749997139
vn 0.4215979874 0.6995085478 0.5770120621
v 47.00292206 -80.20932007 6.749993324
vn 0.4881865382 0.6311686635 -0.6027437449
v 45.84280014 -80.38008881 6.749993324
vn -0.7909789085 -0.4080067873 -0.4559416473
v 46.02144623 -80.64428711 8.749997139
vn -0.6799291372 -0.6008241177 0.4203649461
v 46.3176384 -80.94846344 8.749997139
vn -0.5787823796 -0.7509824634 0.317862004
v 46.67144012 -81.18318939 8.749997139
vn -0.3842054307 -0.8084889054 0.4457935095
v 45.84280014 -80.38008881 8.749997139
vn -0.8153384328 -0.4837667346 0.3181084096
v 48.32063675 -77.54831696 6.749993324
vn 0.3486307859 0.8191553354 -0.4554570317
v 48.01447296 -77.45895386 6.749993324
vn 0.155049026 0.8789390326 -0.451027751
v 46.02144623 -80.64428711 6.749993324
vn -0.7421861887 -0.5825473666 -0.3313582242
v 46.3176384 -80.94846344 6.749993324
vn -0.6027385592 -0.6764545441 -0.4232203066
v 47.06685638 -81.33779907 8.749997139
vn -0.2168346196 -0.9235511422 0.3162848055
v 47.37041473 -80.38319397 8.749997139
vn 0.1230136231 0.8092930317 0.5743800402
v 47.48602295 -81.40532684 6.749993324
vn -0.04794581234 -0.8944647312 -0.444560498
v 47.77695465 -80.3859787 6.749993324
vn -0.1096983477 0.7808530331 -0.6150079966
v 47.37041473 -80.38319397 6.749993324
vn 0.2605500221 0.8484873176 -0.4606331885
v 46.67144012 -81.18318939 6.749993324
vn -0.4663867652 -0.8243336678 -0.3208697736
v 48.06522751 -81.34625244 8.749997139
vn 0.2266220003 -0.8678377271 0.4421540499
v 47.48602295 -81.40532684 8.749997139
vn 0.02928065695 -0.9126904011 0.4076013863
v 47.88707352 -78.45542145 6.749993324
vn -0.3179801702 -0.8356792331 -0.4478044808
v 47.77695465 -80.3859787 8.749997139
vn -0.2412362993 0.8368685246 0.491381824
v 48.51319122 -81.18318939 6.749993324
vn 0.3671540022 -0.8181020617 -0.4426137507
v 48.06522751 -81.34625244 6.749993324
vn 0.1641332209 -0.9375982285 -0.3065451086
v 47.06685638 -81.33779907 6.749993324
vn -0.2661828995 -0.8548961878 -0.4453079402
v 48.18170166 -80.20932007 8.749997139
vn -0.5370188355 0.6223948002 0.5694167614
v 47.88707352 -78.45542145 8.749997139
vn -0.208049342 -0.869591713 0.4478009939
v 48.18170166 -80.20932007 6.749993324
vn -0.439689815 0.7012875676 -0.561131537
v 48.51319122 -81.18318939 8.749997139
vn 0.4536940455 -0.8288674355 0.3273231685
v 48.32063675 -77.54831696 8.749997139
vn 0.2994756997 0.8383772373 0.4554535449
v 48.4697113 -79.87453461 8.749997139
vn -0.7465932369 0.2989801466 0.5943142176
v 49.34184265 -80.38008881 8.749997139
vn 0.7833830714 -0.4339490235 0.4449709952
v 48.86699295 -80.94846344 8.749997139
vn 0.5915967226 -0.6639433503 0.4573757052
v 48.86699295 -80.94846344 6.749993324
vn 0.5787838101 -0.7509807944 -0.3178634048
v 49.47104645 -80.08850861 8.749997139
vn 0.8651403785 -0.2709549963 0.4220373333
v 49.1631813 -80.64428711 8.749997139
vn 0.7701554894 -0.5652964115 0.2954665422
v 49.1631813 -80.64428711 6.749993324
vn 0.6876847744 -0.5643105507 -0.4567748904
v 48.57837296 -79.41098785 8.749997139
vn -0.8018419743 -0.06265408546 0.5942423344
v 49.57181168 -79.67606354 6.749993324
vn 0.9206314087 -0.2042134404 -0.3327682316
v 49.59160995 -79.35774994 6.749993324
vn 0.9473584294 -0.002869398799 -0.3201620877
v 49.40644836 -80.23429871 6.749993324
vn 0.8207744956 -0.3858817816 -0.4212179184
v 48.4697113 -79.87453461 6.749993324
vn -0.7567818165 0.4572823346 -0.4670911431
v 49.57181168 -79.67606354 8.749997139
vn 0.9331579208 -0.1248504594 0.3370885253
v 48.57837296 -79.41098785 6.749993324
vn -0.737691164 0.05764109641 -0.6726731658
v 48.4697113 -78.94744873 6.749993324
vn -0.7599449158 -0.3043338656 -0.5743384361
v 48.4697113 -78.94744873 8.749997139
vn -0.693564415 -0.4190940857 0.5859424472
v 49.55490112 -79.0409317 6.749993324
vn 0.9335234165 0.1532056779 -0.3241328001
v 49.59160995 -79.35774994 8.749997139
vn 0.9458646178 0.05327608436 0.3201589882
v 48.60620499 -77.69032288 8.749997139
vn 0.4787368476 0.8126913309 0.3321803808
v 49.16541672 -78.17594147 6.749993324
vn 0.7614422441 0.5621429086 -0.3228018284
v 49.55490112 -79.0409317 8.749997139
vn 0.8391519189 0.1789346486 0.5136209726
v 48.94701767 -77.94351959 6.749993324
vn 0.5900582075 0.6390122771 -0.4934517741
v 49.3393631 -78.44326019 8.749997139
vn 0.8183524013 0.4790011048 0.3175804019
v 49.16541672 -78.17594147 8.749997139
vn 0.6652760506 0.5549493432 0.4994386435
v 48.94701767 -77.94351959 8.749997139
vn 0.6042542458 0.7361044884 0.3050032258
v 48.60620499 -77.69032288 6.749993324
vn 0.5303294063 0.7910757065 -0.3048769534
v 49.47370911 -78.7325058 8.749997139
vn 0.8809918761 0.3475492597 0.321034044
v 49.47370911 -78.7325058 6.749993324
vn 0.8158279657 0.2671678066 -0.5128802061
v 48.18170166 -78.6126709 8.749997139
vn -0.4527960718 -0.6117984056 0.6485973001
v 48.18170166 -78.6126709 6.749993324
vn -0.5807646513 -0.6115652323 -0.5373084545
v 49.3393631 -78.44326019 6.749993324
vn 0.8401371837 0.4396720529 -0.3175814152
v 47.55505371 -78.41936493 6.749993324
vn -0.006675146054 -0.7552915215 -0.6553550363
v 46.44712067 -77.78082275 8.749997139
vn -0.5272978544 0.7259784341 0.441488713
v 47.22798157 -78.48271942 8.749997139
vn 0.3852877915 -0.6953628659 0.6066496372
v 47.37041473 49.56121826 6.749993324
vn 0.1324870884 -0.8715481162 -0.472070992
v 46.96504593 50.48511505 8.749997139
vn -0.2942378521 0.8286944032 0.4761193991
v 47.00292206 49.38734055 8.749997139
vn 0.4660720527 -0.6025816798 0.6478211284
v 47.37041473 49.56121826 8.749997139
vn 0.2587898076 -0.8427206278 0.4720697105
v 46.40127182 50.19216156 6.749993324
vn -0.5562677979 0.7030622959 -0.443023175
v 47.00292206 49.38734055 6.749993324
vn 0.4023512304 -0.6675692201 -0.6264701486
v 46.67012405 50.36371613 6.749993324
vn -0.4322907329 0.8584094644 -0.2761483192
v 46.76839066 49.15076065 8.749997139
vn 0.7513127327 -0.447201848 0.4853243232
v 46.08930969 49.90417099 6.749993324
vn -0.6562000513 0.65178442 -0.3802348971
v 46.08930969 49.90417099 8.749997139
vn -0.681748569 0.5961637497 0.4240372777
v 46.63384628 48.84600067 8.749997139
vn 0.8175526857 -0.1154761463 0.5641567707
v 46.96504593 50.48511505 6.749993324
vn -0.218839705 0.8741286993 -0.4335990548
v 46.76839066 49.15076065 6.749993324
vn 0.6907765865 -0.5359901786 -0.485326916
v 45.84526443 49.55673981 6.749993324
vn -0.7767049074 0.4671347439 -0.4225098491
v 47.41994476 50.5752182 8.749997139
vn -0.08702884614 0.8965001702 0.4344115555
v 45.68018341 49.16558075 8.749997139
vn -0.917039156 0.2412399054 0.3175571263
v 45.60151672 48.74835968 8.749997139
vn -0.8668433428 0.06928294152 0.4937433302
v 46.61725998 48.40468216 6.749993324
vn 0.8073848486 0.07558128238 -0.5851642489
v 46.63384628 48.84600067 6.749993324
vn 0.7166901231 -0.1948359013 -0.6696224809
v 45.84526443 49.55673981 8.749997139
vn -0.8079841137 0.410664171 0.4225122929
v 45.59868622 48.42943954 8.749997139
vn -0.9417775869 -0.1035516039 0.3198938668
v 45.68018341 49.16558075 6.749993324
vn -0.8975422382 0.3058995903 -0.3175584674
v 45.59868622 48.42943954 6.749993324
vn -0.8655529022 -0.04350052401 -0.4989246726
v 46.61725998 48.40468216 8.749997139
vn 0.7794055343 0.1861426234 0.598228991
v 46.76839066 48.02726746 8.749997139
vn 0.6587148309 0.4802986979 0.5791441202
v 45.89925385 47.52967834 6.749993324
vn -0.7439199686 -0.4653470218 -0.4796198905
v 45.60151672 48.74835968 6.749993324
vn -0.9425762296 0.1308908612 -0.3072745204
v 45.65220642 48.1150322 6.749993324
vn -0.9261050224 -0.2031211555 -0.3179171085
v 48.01447296 50.54104614 8.749997139
vn 0.1004006267 0.9519095421 0.2894614935
v 45.65220642 48.1150322 8.749997139
vn -0.9154381752 -0.2467838973 0.3179160655
v 45.74968719 47.81136322 6.749993324
vn -0.8819402456 -0.3417842686 -0.3245996237
v 45.89925385 47.52967834 8.749997139
vn -0.7772119641 -0.5515844226 0.302813828
v 47.00292206 47.79068375 8.749997139
vn 0.4303724468 0.714061141 0.5521740913
v 47.00292206 47.79068375 6.749993324
vn 0.463897109 0.5997686982 -0.6519792676
v 46.76838684 48.02727127 6.749993324
vn 0.7816031575 0.4231924713 -0.4582626522
v 45.74968719 47.81136322 8.749997139
vn -0.7952462435 -0.3637696803 0.4850310087
v 46.16143417 47.19572449 6.749993324
vn -0.6714448333 -0.6087510586 -0.4225920439
v 46.16143417 47.19572449 8.749997139
vn -0.6264049411 -0.6550067663 0.422590822
v 47.37041473 47.61680603 6.749993324
vn 0.2605567873 0.8484861851 -0.4606314301
v 46.48828888 46.92475128 8.749997139
vn -0.5214634538 -0.7862656713 0.3314546347
v 46.76589203 46.76774216 6.749993324
vn -0.4162335694 -0.8494006395 -0.3244506121
v 47.06685638 46.66221237 8.749997139
vn -0.1969234794 -0.9324810505 0.3028204739
v 47.37041473 47.61680603 8.749997139
vn 0.1255193055 0.8257556558 0.5498840213
v 48.32063675 50.45168304 6.749993324
vn 0.3392634094 0.7971454859 -0.4994591475
v 48.01447296 50.54104614 6.749993324
vn 0.1628773808 0.9232954979 -0.3478454053
v 47.48602295 46.59467697 8.749997139
vn -0.0157723166 -0.8951145411 0.4455572069
v 46.48828888 46.92475128 6.749993324
vn -0.5718117952 -0.7619024515 -0.3041971624
v 47.48602295 46.59467697 6.749993324
vn -0.0794500038 -0.8917217851 -0.4455558062
v 47.06685638 46.66221237 6.749993324
vn -0.2309615463 -0.846524179 -0.4796389937
v 47.77695465 47.6140213 8.749997139
vn -0.2291814387 0.7950274944 0.5616111755
v 47.9099884 46.61728287 8.749997139
vn 0.1840666384 -0.9302127361 0.3175275326
v 46.76589203 46.76774216 8.749997139
vn -0.3375888765 -0.8067036271 0.4850391448
v 47.77695465 47.6140213 6.749993324
vn -0.1140539572 0.8118343353 -0.572640121
v 48.18170166 47.79068375 6.749993324
vn -0.4526857734 0.6932781339 -0.5607504249
v 47.9099884 46.61728287 6.749993324
vn 0.1174041107 -0.9409529567 -0.3175277412
v 48.31960297 46.7289772 6.749993324
vn 0.2941043079 -0.8391406536 -0.4575430155
v 47.77695465 49.56401062 8.749997139
vn -0.1127718091 -0.8027305007 0.5855820179
v 48.31960297 46.7289772 8.749997139
vn 0.3530950546 -0.8160759807 0.4575411081
v 48.48072052 48.16117477 8.749997139
vn -0.7494506836 0.2913897038 0.5944877863
v 49.02318954 47.19572449 6.749993324
vn 0.5952525735 -0.6511232257 -0.4708639979
v 48.18170166 47.79068375 8.749997139
vn -0.5635378957 0.6158268452 0.5506199598
v 48.69634628 46.92475128 8.749997139
vn 0.5519503951 -0.7709519267 0.3177796006
v 48.32063675 50.45168304 8.749997139
vn 0.2914291918 0.8158512115 0.4994555414
v 49.02318954 47.19572449 8.749997139
vn 0.6179023981 -0.6015067697 0.5063459873
v 49.3883934 47.71564102 8.749997139
vn 0.8789167404 -0.3659112155 0.3059645593
v 49.22891235 47.43944168 8.749997139
vn 0.7899931669 -0.5206520557 0.3237781525
v 49.53242111 48.1150322 8.749997139
vn 0.8372240067 -0.2044393271 0.5072085857
v 49.22891235 47.43944168 6.749993324
vn 0.7577632666 -0.5665355325 -0.3237782121
v 48.69634628 46.92475128 6.749993324
vn 0.495682925 -0.8082800508 -0.317776382
v 49.3883934 47.71564102 6.749993324
vn 0.8478187323 -0.4124168456 -0.3333402872
v 49.53242111 48.1150322 6.749993324
vn 0.9088561535 -0.2788792849 -0.3101722896
v 48.48072052 48.16117477 6.749993324
vn -0.6566913724 0.3819286227 -0.6502975821
v 49.58594513 48.42943954 8.749997139
vn 0.9461506605 -0.04756544158 0.3202131391
v 49.58311844 48.74835968 6.749993324
vn 0.9309599996 0.1090764478 -0.3484477103
v 49.58311844 48.74835968 8.749997139
vn 0.9399015903 0.1772280484 0.2918478549
v 48.58394623 48.62596512 6.749993324
vn -0.827019155 0.05623427778 -0.5593541265
v 49.58594513 48.42943954 6.749993324
vn 0.8535374999 -0.0938622579 -0.5125072002
v 49.44769287 49.31460571 8.749997139
vn 0.830365479 0.3399273753 0.4415229559
v 48.58394623 48.62596512 8.749997139
vn -0.770311892 -0.0732017532 0.6334517002
v 48.4697113 49.05255508 6.749993324
vn -0.7531092167 -0.327422291 -0.5706322789
v 48.94701767 50.05648041 6.749993324
vn 0.6260536909 0.6314873695 -0.4574718475
v 48.4697113 49.05255508 8.749997139
vn -0.7482177615 -0.4711555243 0.4671002924
v 48.60620499 50.30967712 6.749993324
vn 0.5303298235 0.7910763025 -0.304874748
v 49.22660065 49.73696136 8.749997139
vn 0.7167187929 0.5268761516 0.4568541348
v 48.60620499 50.30967712 8.749997139
vn 0.4787372649 0.8126920462 0.3321780264
v 49.44769287 49.31460571 6.749993324
vn 0.8661581278 0.2740460932 -0.4179339707
v 48.94701767 50.05648041 8.749997139
vn 0.6176358461 0.7188143134 0.319111228
v 48.18170166 49.38734055 6.749993324
vn -0.5510362387 -0.6386334896 -0.5371277928
v 49.22660065 49.73696136 6.749993324
vn 0.8071019053 0.5003600121 -0.3134108186
v 48.18170166 49.38734055 8.749997139
vn -0.414000392 -0.6602955461 0.6265887618
v 47.77695465 49.56401062 6.749993324
vn -0.2267107368 -0.7864459753 -0.5745476484
v 46.53569794 50.27793884 8.749997139
vn -0.5568319559 0.7794944644 0.2869260311
v 47.41994476 50.5752182 6.749993324
vn -0.01210025232 0.9140962958 -0.4053165913
v -55.18825912 47.62767029 6.749993324
vn -0.1244187504 0.7859427929 -0.6056516171
v -54.5812645 46.76774216 8.749997139
vn 0.4160394967 -0.8490188122 0.3256964982
v -54.78593826 47.80936432 8.749997139
vn -0.6124823689 0.6473107338 0.4537115693
v -54.30365372 46.92475128 6.749993324
vn 0.4810760617 -0.725377202 -0.4923350215
v -54.5812645 46.76774216 6.749993324
vn 0.3649903536 -0.8721823692 -0.3256992102
v -54.51926804 48.16117477 8.749997139
vn -0.7265947461 0.268266201 0.6325293183
v -53.71461105 47.52967834 8.749997139
vn 0.8202810287 -0.4734584689 0.3208989203
v -54.88222504 46.66221237 6.749993324
vn 0.1967268139 -0.9315223694 -0.3058834374
v -54.51926804 48.16117477 6.749993324
vn -0.6729331613 0.3666181564 -0.6424578428
v -53.97680664 47.19572449 6.749993324
vn 0.6147423983 -0.6428083777 -0.4570440054
v -54.88222504 46.66221237 8.749997139
vn 0.2481736094 -0.9095888138 0.3332537413
v -54.78593826 47.80936432 6.749993324
vn -0.4947953224 0.7411609292 -0.453715831
v -53.52894592 47.91149902 6.749993324
vn 0.8790174723 -0.3528433442 -0.3206709027
v -53.71461105 47.52967834 6.749993324
vn 0.7844996452 -0.5306470394 -0.3208955824
v -53.42818832 48.32393646 8.749997139
vn 0.8789072037 -0.08596380055 0.4691826403
v -54.41605377 48.62596512 6.749993324
vn -0.8106147051 0.06927386671 -0.5814678669
v -53.97680664 47.19572449 8.749997139
vn 0.6589376926 -0.5974251628 0.4570386112
v -55.30137634 46.59467697 8.749997139
vn 0.1057121605 -0.9453181028 0.3085427284
v -55.62027359 46.6003418 6.749993324
vn -0.1286377013 -0.9390300512 -0.3188651204
v -53.52894592 47.91149902 8.749997139
vn 0.9019018412 -0.289383769 0.3206712604
v -53.41688538 48.74835968 8.749997139
vn 0.9399052262 0.156673044 0.3033672571
v -53.5522995 49.31460571 8.749997139
vn 0.8350000978 0.341827482 0.4311946034
v -54.50922394 49.02168274 6.749993324
vn -0.8282058239 -0.2991672158 -0.4738924801
v -53.42818832 48.32393646 6.749993324
vn 0.8705593944 -0.1483003199 -0.4691836834
v -54.41605377 48.62596512 8.749997139
vn -0.7962988615 -0.05269417167 0.6026039124
v -53.41688538 48.74835968 6.749993324
vn 0.9396987557 0.07491067052 -0.3336984217
v -55.30137634 46.59467697 6.749993324
vn 0.0461572744 -0.8679974675 -0.4944187403
v -54.50922394 49.02168274 8.749997139
vn -0.7683174014 -0.4004237354 0.4993488193
v -53.77339554 49.73696136 6.749993324
vn 0.7871226072 0.4638771117 -0.4065169394
v -54.70589828 49.29058075 8.749997139
vn -0.4923963547 -0.7253031731 0.4811249077
v -53.77339554 49.73696136 8.749997139
vn 0.7369889617 0.5013834238 0.4532791078
v -54.70589828 49.29058075 6.749993324
vn -0.5161188841 -0.566680491 -0.6422573924
v -53.5522995 49.31460571 6.749993324
vn 0.8704892993 0.2754057348 -0.4079216123
v -54.21663284 50.19216156 8.749997139
vn 0.4768556952 0.7265009284 0.4947777689
v -55.18825912 49.55035782 6.749993324
vn -0.2903619707 -0.7697054148 -0.5685450435
v -53.97476959 49.98427963 8.749997139
vn 0.6592909694 0.6811854243 0.3183109164
v -54.58243561 50.40769958 6.749993324
vn 0.3612286448 0.7954233289 -0.4866370559
v -54.21663284 50.19216156 6.749993324
vn 0.5617928505 0.7559953332 -0.3359461427
v -55.14338303 50.56361389 8.749997139
vn 0.1105430424 0.9381796122 0.3280232549
v -53.97476959 49.98427963 6.749993324
vn 0.6984989047 0.6409204006 -0.3183086514
v -55.62027359 46.6003418 8.749997139
vn -0.06655953825 -0.8644074202 0.4983669817
v -55.14338303 50.56361389 6.749993324
vn 0.1884275079 0.9322888255 -0.3087598383
v -55.18825912 49.55035782 8.749997139
vn -0.1500278115 -0.727496624 0.6695075035
v -55.61996841 50.57485962 8.749997139
vn -0.07965561002 0.8677900434 0.4905052781
v -55.93388367 50.51854706 6.749993324
vn -0.2222833037 0.9219598174 -0.3171438873
v -55.61996841 50.57485962 6.749993324
vn -0.02393676154 0.8967846036 -0.4418194592
v -54.58243561 50.40769958 8.749997139
vn 0.3179423511 0.8969128132 0.3073435724
v -55.62958527 49.56121826 8.749997139
vn 0.1951527447 -0.8125735521 0.5492172241
v -55.93314743 46.66221237 8.749997139
vn -0.2278256267 -0.9208679795 0.3163820505
v -55.62958527 49.56121826 6.749993324
vn 0.07927333564 -0.8552113175 -0.512180984
v -55.93388367 50.51854706 8.749997139
vn -0.2765315175 0.9071662426 0.3171430826
v -56.23293304 50.40769958 6.749993324
vn -0.3679387569 0.8111232519 -0.4546428621
v -56.23410416 46.76774216 6.749993324
vn -0.4167684019 -0.8505110145 -0.3208349943
v -56.24782562 49.11709213 6.749993324
vn 0.7052094936 -0.4906310737 -0.511820972
v -56.59872818 50.19216156 6.749993324
vn -0.5226800442 0.7963114977 -0.304456085
v -56.23293304 50.40769958 8.749997139
vn -0.4221710563 0.8028890491 0.4208809733
v -55.93549728 49.42932129 6.749993324
vn 0.4022323191 -0.6453280449 -0.649431169
v -56.59872818 50.19216156 8.749997139
vn -0.5626810193 0.7571948171 0.3317319751
v -55.93549728 49.42932129 8.749997139
vn 0.530855298 -0.6531248689 0.5400190353
v -56.84059906 49.98427963 6.749993324
vn -0.6574226618 0.6792645454 -0.3261826038
v -57.20631409 49.46362305 6.749993324
vn -0.8393864036 0.4393973649 -0.3199382126
v -57.20631409 49.46362305 8.749997139
vn -0.8639476299 0.3888837397 0.3199437261
v -56.84059906 49.98427963 8.749997139
vn -0.6383094192 0.5856968164 0.4995200634
v -56.24782562 49.11709213 8.749997139
vn 0.7461631298 -0.3546716571 0.5634258389
v -57.31981659 49.16558075 8.749997139
vn -0.8514945507 0.2036347836 0.4832079411
v -57.0419693 49.73696136 8.749997139
vn -0.7885552645 0.5264264941 0.3178926408
v -56.39931488 48.62596512 8.749997139
vn 0.834443748 0.03227477148 0.5501472354
v -56.39931488 48.62596512 6.749993324
vn 0.8338980079 -0.1151162535 -0.5397799015
v -57.38718033 48.32393646 6.749993324
vn -0.878906548 -0.0859670788 -0.4691832066
v -55.62958527 47.61680603 6.749993324
vn 0.1949620992 0.8117797375 -0.5504574776
v -55.93314743 46.66221237 6.749993324
vn -0.2545508146 -0.8531956673 -0.4552592635
v -57.0419693 49.73696136 6.749993324
vn -0.697660625 0.5151652694 -0.4978698194
v -57.38718033 48.32393646 8.749997139
vn -0.8705581427 -0.148306787 0.4691839516
v -57.31981659 49.16558075 6.749993324
vn -0.8183422685 0.2468582988 -0.5190153122
v -57.2864151 47.91149902 8.749997139
vn -0.8790162802 -0.3528464139 0.3206709027
v -56.2960968 48.16117477 8.749997139
vn 0.6678799391 0.4269169271 0.6096542478
v -56.2960968 48.16117477 6.749993324
vn 0.7164709568 0.3027198315 -0.6285142303
v -57.2864151 47.91149902 6.749993324
vn -0.9018998742 -0.2893902659 -0.3206710219
v -57.39847946 48.74835968 8.749997139
vn -0.9472696781 0.04194512218 0.3176803589
v -57.39847946 48.74835968 6.749993324
vn -0.9418821931 0.1092591882 -0.317679733
v -57.10074997 47.52967834 6.749993324
vn -0.8202810287 -0.4734584689 -0.3208989203
v -55.93549728 47.748703 8.749997139
vn 0.4679461718 0.6728749871 0.5729447007
v -55.93549728 47.748703 6.749993324
vn 0.5574737191 0.5984119773 -0.5754356384
v -55.62958527 47.61680603 8.749997139
vn 0.07925448567 0.8550079465 0.5125232935
v -56.51171875 46.92475128 6.749993324
vn -0.5717506409 -0.7618014216 -0.3045649529
v -56.51171875 46.92475128 8.749997139
vn -0.5213845372 -0.7861551642 0.3318406343
v -57.10074997 47.52967834 8.749997139
vn -0.7844996452 -0.5306470394 0.3208955824
v -56.8385582 47.19572449 8.749997139
vn -0.6017975211 -0.6292593479 0.4918052554
v -56.23410416 46.76774216 8.749997139
vn -0.3434971273 -0.8208175898 0.4563641548
v -56.8385582 47.19572449 6.749993324
vn -0.6450596452 -0.5848361254 -0.4917975068
v -55.18825912 47.62767029 8.749997139
vn -0.2153503597 0.7169508338 0.6630277038
v -54.30365372 46.92475128 8.749997139
vn 0.5338355303 -0.7112942338 0.4572527707
v -54.46542358 -79.12033844 6.749993324
vn -0.7660835385 -0.1388040632 -0.627574265
v -54.70589828 -78.70942688 6.749993324
vn -0.6239212155 -0.5556851029 -0.549487412
v -54.70589828 -78.70942688 8.749997139
vn -0.518027246 -0.6709752679 0.5305091739
v -53.66062927 -78.44326019 8.749997139
vn 0.7452646494 0.4713852108 0.4715682566
v -53.44510269 -79.0409317 6.749993324
vn 0.9345536232 0.1533652544 -0.3210742176
v -53.90467453 -78.09583282 6.749993324
vn 0.6851938367 0.5577606559 -0.4684148133
v -55.18825912 -78.449646 6.749993324
vn -0.290363729 -0.7697031498 -0.5685472488
v -53.66062927 -78.44326019 6.749993324
vn 0.822291255 0.4553672969 -0.3412882388
v -54.21663284 -77.80783844 8.749997139
vn 0.4943113327 0.7173764706 0.4909453094
v -54.58243561 -77.59230042 6.749993324
vn 0.361228019 0.795421958 -0.4866397381
v -53.40839005 -79.35774994 8.749997139
vn 0.9423770308 0.05308912694 0.3303135633
v -55.18825912 -78.449646 8.749997139
vn -0.1500248313 -0.7274945974 0.6695103645
v -55.14338303 -77.43638611 6.749993324
vn 0.1884274185 0.9322884083 -0.3087611496
v -55.14338303 -77.43638611 8.749997139
vn 0.1105429828 0.9381791353 0.3280246258
v -53.90467453 -78.09583282 8.749997139
vn 0.6908098459 0.649328649 0.3180471659
v -54.21663284 -77.80783844 6.749993324
vn 0.5916392803 0.7397817373 -0.320446521
v -55.62958527 -78.43878937 6.749993324
vn 0.07927661389 -0.8552094698 -0.512183547
v -54.58243561 -77.59230042 8.749997139
vn 0.3179422021 0.8969124556 0.3073447943
v -55.62958527 -78.43878937 8.749997139
vn 0.1951487809 -0.8125724196 0.5492203832
v -55.61996841 -77.42514038 6.749993324
vn -0.02393672615 0.8967832327 -0.4418221712
v -53.42818832 -79.67606354 6.749993324
vn 0.9348464012 -0.180977419 -0.3054658771
v -55.61996841 -77.42514038 8.749997139
vn -0.07965546101 0.867788434 0.4905081093
v -55.93388367 -77.48145294 6.749993324
vn -0.2222830951 0.9219589829 -0.3171465099
v -55.93549728 -78.57068634 6.749993324
vn 0.4223359823 -0.6775985956 -0.6020734906
v -56.23293304 -77.59230042 6.749993324
vn -0.3679384291 0.8111225367 -0.4546444118
v -55.93549728 -78.57068634 8.749997139
vn 0.5204057097 -0.6402805448 0.5649944544
v -56.59872818 -77.80783844 8.749997139
vn -0.5920927525 0.7403523922 0.3182837069
v -53.40839005 -79.35774994 6.749993324
vn 0.8410770893 -0.002543264767 -0.5409093499
v -56.91069031 -78.09583282 8.749997139
vn -0.6896073222 0.5613499284 0.4575237036
v -56.23293304 -77.59230042 8.749997139
vn -0.4221707284 0.802888453 0.4208824635
v -55.93388367 -77.48145294 8.749997139
vn -0.2765312493 0.9071654081 0.3171457052
v -56.59872818 -77.80783844 6.749993324
vn -0.5378922224 0.7806202769 -0.3182827234
v -56.91069031 -78.09583282 6.749993324
vn -0.6479072571 0.60900563 -0.4575241208
v -56.24782562 -78.88291168 8.749997139
vn 0.7282615304 -0.41076985 0.5485464931
v -57.15473557 -78.44326019 8.749997139
vn -0.8253544569 0.4570593536 0.331491679
v -56.39374161 -79.26235962 8.749997139
vn 0.849571228 -0.06473786384 0.5234861374
v -53.42818832 -79.67606354 8.749997139
vn 0.840672493 -0.1124726757 0.529735446
v -56.24782562 -78.88291168 6.749993324
vn 0.6304638386 -0.4839294851 -0.6068999767
v -57.2890892 -78.7325058 8.749997139
vn -0.8310801387 0.2721406519 0.4850208759
v -57.37026215 -79.0409317 6.749993324
vn -0.8562720418 0.1825632602 -0.4831861556
v -57.2890892 -78.7325058 6.749993324
vn -0.8798137903 0.3470797539 -0.3247511387
v -56.3661499 -79.66796875 6.749993324
vn 0.8131968975 0.1930632889 -0.5490331054
v -56.39374542 -79.26235962 6.749993324
vn 0.8321802616 -0.1888300925 -0.5213627815
v -57.38718033 -79.67606354 6.749993324
vn -0.8690927029 -0.1162789464 -0.4807880223
v -56.3661499 -79.66796875 8.749997139
vn 0.7890368104 0.3192205429 0.5248991847
v -57.15473557 -78.44326019 6.749993324
vn -0.8050770164 0.509209156 -0.3042318523
v -57.40697861 -79.35774994 8.749997139
vn -0.8747568727 -0.002645106288 0.4845548868
v -57.38718033 -79.67606354 8.749997139
vn -0.9348446727 -0.1809849143 0.3054667711
v -57.37026215 -79.0409317 8.749997139
vn -0.9361275434 0.1536283046 0.3163283169
v -57.1572113 -80.38008881 6.749993324
vn -0.7624100447 -0.3932529986 -0.5138900876
v -57.1572113 -80.38008881 8.749997139
vn -0.8123809695 -0.4820167124 0.3281722367
v -56.97855377 -80.64428711 8.749997139
vn -0.7133439779 -0.6303670406 0.3062314689
v -57.2864151 -80.08850861 6.749993324
vn -0.913271606 -0.2705364525 -0.304540664
v -56.13051987 -80.0816803 6.749993324
vn 0.6188899875 0.4903260469 -0.6136412621
v -57.40697861 -79.35774994 6.749993324
vn -0.9462422729 0.05330687389 -0.3190359771
v -57.2864151 -80.08850861 8.749997139
vn -0.8117111325 -0.2928313613 0.505346179
v -56.97855377 -80.64428711 6.749993324
vn -0.7415471077 -0.5820670724 -0.333625257
v -53.52894592 -80.08850861 8.749997139
vn 0.9132749438 -0.2705256939 0.3045401275
v -55.73557663 -80.34757996 6.749993324
vn 0.3093239963 0.7432069778 -0.5932638645
v -53.6581459 -80.38008881 6.749993324
vn 0.8123784065 -0.4820199311 -0.3281738162
v -56.68235397 -80.94846344 8.749997139
vn -0.5780234933 -0.7499870658 0.3215714991
v -56.13051987 -80.0816803 8.749997139
vn 0.505636394 0.5484249592 0.6660044789
v -56.68235397 -80.94846344 6.749993324
vn -0.6299194098 -0.7069596648 -0.3215735853
v -55.93314743 -81.33779907 6.749993324
vn -0.3035620451 -0.9028898478 -0.3043681383
v -55.73557663 -80.34757996 8.749997139
vn 0.1782027334 0.8416053653 0.5098472834
v -56.32856369 -81.18318939 6.749993324
vn -0.4349116385 -0.7686883211 -0.4690096974
v -53.52894592 -80.08850861 6.749993324
vn 0.8117136955 -0.2928205729 -0.5053483248
v -55.18825912 -80.37232971 6.749993324
vn -0.1262731552 0.8368154764 -0.5327240825
v -55.62027359 -81.39965057 6.749993324
vn -0.1282990128 -0.9367309213 -0.3256908059
v -56.32856369 -81.18318939 8.749997139
vn -0.3790817261 -0.7977003455 0.4690108299
v -55.93314743 -81.33779907 8.749997139
vn -0.2480816394 -0.9102047086 0.3316367567
v -55.18825912 -80.37232971 8.749997139
vn -0.2739003003 0.7648590207 0.5830688477
v -55.62027359 -81.39965057 8.749997139
vn -0.0645885691 -0.8388653994 0.5404934883
v -54.88222504 -81.33779907 8.749997139
vn 0.2817125022 -0.9047617316 0.3194437325
v -54.44921112 -79.66796875 6.749993324
vn -0.8061280847 0.2667776942 -0.5281924009
v -54.48680878 -81.18318939 8.749997139
vn 0.4254332483 -0.7519487143 0.5035669804
v -54.48680878 -81.18318939 6.749993324
vn 0.3708218038 -0.780325532 -0.503570497
v -54.68484497 -80.0816803 6.749993324
vn -0.4830210805 0.603140533 -0.6347535849
v -55.30137634 -81.40532684 8.749997139
vn 0.1056927964 -0.945319891 0.3085439503
v -55.30137634 -81.40532684 6.749993324
vn 0.04496402293 -0.845846355 -0.5315281153
v -54.68484497 -80.0816803 8.749997139
vn -0.5964465737 0.5199510455 0.6114755869
v -54.13300705 -80.94846344 8.749997139
vn 0.6299154162 -0.7069622874 0.3215756118
v -53.83681107 -80.64428711 8.749997139
vn 0.7415428162 -0.582072258 0.3336257339
v -53.52627563 -78.7325058 6.749993324
vn 0.900259316 0.2947841585 -0.3203676939
v -53.83681107 -80.64428711 6.749993324
vn 0.7133417726 -0.6303690076 -0.3062327206
v -53.6581459 -80.38008881 8.749997139
vn 0.7624100447 -0.3932487071 0.5138933659
v -54.88222504 -81.33779907 6.749993324
vn 0.2165970951 -0.9225180149 -0.3194467723
v -54.13300705 -80.94846344 6.749993324
vn 0.5780165195 -0.7499923706 -0.3215716779
v -54.44921112 -79.66796875 8.749997139
vn -0.853316009 0.1149150878 0.5085727572
v -53.52627563 -78.7325058 8.749997139
vn 0.8812052011 0.3476239145 0.3203669488
v -54.46542358 -79.12033844 8.749997139
vn -0.7298591137 -0.2649663687 0.6301575303
v -53.44510269 -79.0409317 8.749997139
vn 0.9262365699 0.1974706948 0.3210781515
v -53.48439789 57.737957 10.24999714
vn 0.1250563562 0.4496237636 0.8844203353
v -42.00526428 27.16610146 7.75
vn -0.9046141505 -0.4249542356 -0.0329717882
v -55.6436348 45.89199066 9.249996185
vn -0.02950683422 -0.05514816195 -0.9980421066
v -63.06263733 44.79063797 9.749994278
vn 0.2034210712 0.1691926867 -0.9643617868
v -35.86404419 22.72274017 10.24999714
vn -0.6529580951 -0.1410184205 0.7441502213
v -20.90769577 80.58901215 14.74999905
vn -0.1940511465 0.5282359719 0.8266261816
v -18.34669685 77.07362366 2.750005484
vn -0.3211095333 0.8684940338 -0.3776331842
v -31.34061241 66.11405182 12.99228001
vn -0.8068712354 0.4782653153 0.3467290998
v 12.84370041 60.17017746 17.76195908
vn 0.1586402208 0.1075633541 0.981459856
v 13.09232521 80.58901215 14.74999905
vn 0.1000403911 0.7714867592 0.6283311844
v -32.99503326 61.74045181 11.91501141
vn 0.7646199465 -0.3003254235 -0.5702289343
v -33.4227829 58.03340149 4.290507793
vn 0.8984463215 0.02285398915 -0.4384881854
v -53.5852623 47.23205566 8.749997139
vn -0.244733721 0.8447746038 -0.4758795202
v -53.84942627 48.32054138 10.75
vn 0.009666939266 -0.01524813846 0.9998369813
v 28.34230995 16.58901215 15.76946735
vn 0.7370191813 -0.0816898495 0.6709169149
v 28.04867554 22.72274017 10.24999714
vn 0.6107164621 -0.1565239578 0.7762252688
v -29.41083717 7.75013113 2.749995947
vn 0.727852881 -0.0358636789 -0.6847948432
v 34.04920197 27.06430435 7.999999523
vn -0.2908032835 0.9124102592 -0.2879946828
v 12.17944717 78.6978302 12.02037525
vn -0.2902584672 -0.6222666502 -0.727003634
v -26.34689331 65.96233368 2.749995947
vn 0.7724573612 -0.593309164 0.2264815271
v -34.45043564 15.88373756 15.32649231
vn 0.766985774 0.1477253139 -0.6244277954
v 25.90764618 46.53371429 9.749994278
vn -0.3646194637 -0.2404152602 -0.8995850086
v -28.68387413 -3.501708031 17.34023285
vn 0.7171829343 0.06274472177 -0.6940546036
v -34.67057419 47.65313721 10.24999714
vn -0.3598510623 0.1058691964 0.9269837737
v -45.90768814 54.67009735 2.749995947
vn -0.9465353489 0.2718897462 -0.1736282557
v -29.37156487 -19.00264168 16.71813011
vn -0.8674219847 -0.0686808601 0.4928103387
v -19.39763832 -26.6239624 20.26765823
vn -0.06760969758 -0.08366896212 0.9941973686
v -35.45770645 15.58105469 16.04471397
vn -0.8207026124 -0.2478069067 0.514819324
v 21.5954628 7.75013113 2.749995947
vn -0.8698797822 0.002509837737 -0.4932574332
v -53.61069107 35.56298447 10.24999714
vn -0.0961471796 -0.1451143324 0.9847322106
v -20.58294106 55.18181229 18.39693832
vn -0.1152380258 0.08770030737 0.989458859
v 27.83476448 16.73472786 2.749995947
vn -0.6150540113 -0.364145726 -0.6993615031
v 27.05249405 22.61911964 9.749994278
vn -0.4454361498 0.08254119754 -0.891500771
v 38.00330353 54.04277802 7.999999523
vn 0.9975349307 -0.04626691714 0.05275800452
v -57.84484482 47.98617554 9.249996185
vn 0.00175280578 0.03584038094 -0.9993559718
v -62.70915604 42.89810181 7.75
vn -0.2484162152 -0.2334235013 -0.940107882
v 44.92086792 47.87320328 9.749994278
vn -0.02760864235 -0.002559508663 -0.99961555
v 44.8785553 57.07802963 9.749994278
vn 0.0848685056 -0.1913983375 -0.9778363705
v 27.67383575 30.55276489 15.23413658
vn 0.4800573289 0.08130761981 0.8734609485
v 27.3272171 16.88044167 15.05387688
vn -0.5016465187 -0.001049033483 -0.8650720716
v -27.79345512 -47.66601562 9.749994278
vn 0.3643130958 -0.2229830772 -0.9041872025
v -41.2862854 -57.38591385 8.249993324
vn 0.4463132322 -0.8931387663 -0.05574628711
v -18.90768433 -61.41098404 11.74999619
vn -0.1703372598 -0.1143379882 0.9787297845
v -39.43089294 -80.99610138 10.24999714
vn 0.09473886341 -0.2041155696 0.9743517637
v -63.02650452 -73.99305725 10.24999714
vn -0.3618455231 0.2752435505 0.890678823
v -53.56789017 -79.62659454 10.75
vn -0.03501543403 -0.03684591502 0.9987072945
v -45.25046539 -84.43947601 2.749995947
vn 0.2430191636 -0.208341673 -0.9473834634
v -34.18336868 47.37388229 2.749995947
vn -0.9339153171 0.1793827415 -0.3092313409
v 11.95144653 -0.4127556384 21.44342422
vn 0.07385910302 -0.02979593724 0.9968234897
v -44.63023376 52.78531265 2.749995947
vn 0.9972525239 -0.05518722907 -0.04941403866
v 26.1984272 40.45966721 13.87638855
vn -0.6398695707 -0.08418833464 -0.7638581395
v -17.90769577 -60.89790344 9.749994278
vn 0.08235412091 0.01934848353 -0.9964153171
v -27.66798019 -53.89050674 10.39309692
vn 0.1299302876 0.05812630057 -0.9898179173
v 26.74839783 49.88393021 13.87921619
vn 0.8161341548 0.09550133348 0.5699163079
v -35.45078278 31.35545731 15.20053673
vn -0.4836829603 0.06595344841 0.8727548122
v -18.90768433 -73.79430389 11.84823895
vn -0.09456430376 -0.5583424568 0.8242034316
v 20.51795769 -54.23366547 11.29148674
vn 0.1117121577 -0.06435904652 0.9916543365
v -35.38023758 22.37268639 2.749995947
vn 0.7890328169 -0.5561224222 -0.2610652745
v -18.40769005 -73.91098785 2.749995947
vn 0.04719038308 -0.9966765642 -0.06639908254
v -23.78502083 -57.90930939 12.258008
vn -0.2564202547 -0.2771537602 0.9259775877
v 11.0923214 -73.79430389 11.84823895
vn 0.1644389927 -0.8937085271 0.4174264669
v -28.79127693 -47.78480911 10.24999714
vn -0.8504538536 0.4313504696 0.3011062443
v 11.14866066 -57.41099167 17.74998856
vn 0.0309819635 -0.1738076657 0.9842921495
v 33.5923233 -56.54159546 2.749995947
vn 0.9411141276 0.3162048161 -0.1196610332
v 36.77786636 -83.46964264 2.749995947
vn -0.8941651583 0.4168736041 -0.1633554995
v 32.66726685 -57.09996414 2.749995947
vn -0.8213713169 -0.5645759702 -0.08125993609
v 20.97591591 -47.78480911 10.24999714
vn 0.6658366323 0.5579952002 0.4952806234
v 19.97809219 -47.66601562 9.749994278
vn -0.5045493245 -0.3487454951 -0.7898142338
v -40.48265076 -57.09996414 2.749995947
vn 0.9503795505 -0.2988847494 -0.08629409224
v 21.7935791 8.912003517 17.14941025
vn -0.8830815554 0.3255617917 -0.3379001319
v -18.90768433 -68.85277557 10.24999714
vn 0.1902667284 -0.9174470901 0.3494129181
v 10.59045982 -26.03562546 19.45739937
vn -0.057264667 0.08968906105 -0.9943221807
v -55.70598984 -81.94776154 8.999993324
vn 0.0304633677 -0.05140376464 -0.9982132316
v -63.01887512 -74.10894012 7.749990463
vn -0.3472600579 0.5397234559 -0.7668827176
v 11.16392899 1.45445919 20.67769623
vn -0.1045744643 -0.01726730727 -0.9943671227
v 10.53132439 77.07362366 2.750005484
vn 0.8518096805 0.02137396485 -0.5234150887
v -64.8052063 -78.98218536 10.24999714
vn -0.2901977301 0.02507284842 0.956638217
v -34.86786652 22.61911964 9.749994278
vn 0.4017657936 0.09627825767 -0.910667181
v 26.14569283 62.47401428 12.52000141
vn 0.721418798 0.2581976354 0.6425643563
v -63.98901749 -83.17179871 10.24999428
vn -0.3744638562 -0.1689900011 0.9117122293
v -63.29167175 -82.70709229 9.749994278
vn 0.2410049438 0.164574042 -0.9564685225
v 25.60741615 58.03340149 4.290507793
vn 0.7467621565 0.3754710555 -0.5489697456
v -58.14409256 -80.05381012 9.249996185
vn -0.1159914657 0.004954951815 -0.9932378531
v -56.33895874 47.14172745 10.75
vn -0.03009894304 0.02886668406 0.9991300106
v -57.17246246 -79.44810486 8.749997139
vn 0.8174426556 0.2776188254 -0.5046932101
v -33.72301865 46.53371429 9.749994278
vn 0.2068623751 -0.1651311219 -0.9643337727
v -52.81767654 -88.37621307 10.24999237
vn 0.1150772721 -0.2924500406 0.9493314624
v -34.26649475 56.09381104 13.23890114
vn -0.7373897433 0.1343135387 0.6619790196
v 15.97043228 -57.908741 12.25792217
vn 0.2449383438 -0.2620339394 0.9334577918
v 34.09230804 26.47835159 2.749995947
vn 0.9378212094 -0.3279812932 -0.1136647314
v -41.4076767 -56.54159546 2.749995947
vn -0.8899433613 0.4485948682 -0.08224023134
v 10.09591675 -60.89531708 10.92659569
vn -0.1319868565 0.09947619587 -0.9862474203
v 26.85520363 47.65313721 10.24999714
vn 0.5530503988 0.2767902613 0.7858259082
v 15.33691692 -57.13254929 11.56849098
vn -0.259029299 0.2868927717 -0.9222778082
v -20.42382812 56.39495087 17.25623322
vn 0.1185817719 -0.09197235107 -0.9886755943
v 37.45358658 53.72770309 2.749995947
vn -0.05099013075 -0.2400677204 -0.9694160819
v -19.25458145 9.949513435 20.51621819
vn 0.0853658691 -0.01354488079 -0.9962576032
v 10.09232521 -71.17575836 11.78221035
vn -0.1648818105 0.4806223214 -0.8612875342
v -19.48045731 78.38154602 10.04325771
vn 0.3590354323 -0.9030252695 0.2358790338
v -35.65013123 16.73472786 2.749995947
vn -0.9475725889 -0.1453529149 -0.2845675945
v 19.27942657 69.9302597 12.9830513
vn -0.2492748201 -0.1854340434 -0.9505137205
v 50.30561829 48.35162735 9.249996185
vn 0.1040648371 -0.02006242238 -0.9943681359
v 33.16191864 27.03947258 2.749995947
vn -0.97548908 0.2105382085 -0.06399001181
v 51.4920845 57.10845184 10.24999714
vn 0.0948132351 0.2574456334 0.9616299868
v 54.76977158 54.38496017 7.75
vn 0.2857964337 -0.5900212526 -0.7551128268
v 56.87273788 49.17444611 7.75
vn 0.1870522797 -0.1551256627 -0.9700244665
v -17.90769577 -73.41098785 11.7471056
vn 0.06591884792 0.8781000972 -0.4739144444
v 45.40571976 48.74444962 8.749997139
vn 0.7154502869 0.05904784426 -0.6961639524
v 48.97389221 50.73678207 9.249996185
vn -0.02131347172 0.03127759695 -0.9992834926
v -63.54595566 53.02701187 10.24999714
vn -0.205153361 0.1083322465 0.9727159142
v -59.66727066 56.8291893 10.24999714
vn -0.2223461717 0.4213854671 0.8792021871
v -56.30312347 49.96476364 10.75
vn 0.01473608986 -0.001492693205 0.9998903275
v -56.90551758 50.38448334 8.999996185
vn -0.004386776127 -0.1464985013 -0.9892011881
v 55.17280197 54.20858765 10.24999714
vn 0.3700125515 0.2813970745 0.8853848577
v -54.52729797 51.16559601 9.249996185
vn 0.02618202567 0.07864917815 -0.9965584874
v 49.83964157 57.07641983 9.749994278
vn -0.1639263332 -0.4141742587 -0.8953143954
v -64.71994781 48.96630096 7.75
vn 0.09347566962 -0.1954901367 -0.9762406945
v 45.13862991 -87.90435791 9.749994278
vn 0.06219173595 0.1514656097 -0.9865041375
v 46.60194016 58.04877472 9.999995232
vn -0.1121591926 0.4152135849 0.9027834535
v 31.61552811 -80.99610138 10.24999714
vn -0.1867650747 -0.3263498545 0.9266145825
v 10.09232521 -67.68010712 9.749994278
vn 0.07386502624 0.3540529013 -0.9323038459
v -17.93393517 -59.71749115 14.38234615
vn 0.1243676022 0.2148666233 -0.9686924219
v -58.21364975 -88.35020447 7.749990463
vn 0.3679067791 0.137786001 -0.9195975065
v 56.89304352 -79.46648407 10.24999714
vn 0.4706569612 -0.02669429034 0.8819123507
v -62.88296127 54.32196426 7.75
vn -0.6801368594 0.583239913 -0.4441228211
v 50.18644714 -79.63166046 9.249996185
vn -0.02946832217 -0.02538736537 -0.9992432594
v 46.29951859 -89.08023834 9.749994278
vn -0.2779591978 -0.9354782701 0.2182179093
v 11.09562778 -64.56575012 13.8092804
vn 0.221937418 -0.3047943115 0.9261987805
v 54.47524261 -73.86273193 9.749994278
vn -0.1675278544 -0.2016274631 -0.965028882
v 55.42533493 52.55515671 9.749994278
vn -0.231220454 -0.1002088934 -0.9677268863
v -63.76567459 -81.52333832 7.749990463
vn 0.7696534395 0.1574536413 -0.6187421679
v 10.5923233 -73.91098785 2.749995947
vn -0.0736920014 0.933255136 -0.3515740037
v -28.29855347 -47.41849136 2.749995947
vn -0.8895173669 -0.2513695061 -0.3815392256
v 47.4344368 -82.11483765 9.749994278
vn 0.01059817709 -0.008600967005 -0.9999068379
v 49.26531219 -78.8706665 10.75
vn -0.01040980127 -0.04257651791 0.9990389943
v 52.82891083 -87.72177887 9.749994278
vn 0.4480363727 -0.7571681142 0.4753523469
v -45.54382324 53.88524628 8.124999046
vn -0.620041132 -0.7793543339 0.09030946344
v -42.26770401 52.00750351 10.24999714
vn 0.2334155589 0.3635745347 0.901848495
v 47.51818466 -80.97976685 10.75
vn -0.002637091558 0.05839700252 0.9982899427
v 48.58945847 -81.51937866 8.749995232
vn -0.1014342606 0.661845386 -0.7427461147
v 54.51554871 -84.90886688 9.749994278
vn -0.2448058277 0.1841227263 -0.9519290328
v 54.90970612 -85.10138702 10.24999237
vn 0.2114585936 -0.1268557459 0.969119668
v 21.71276855 -11.23646069 17.59051514
vn 0.9107391834 -0.05561192706 0.4092206061
v 19.85983086 -53.53223038 10.47475338
vn -0.2074405849 0.04754253849 -0.97709167
v 56.43294525 -79.37872314 9.749994278
vn -0.3285840452 -0.05269809812 -0.9430034161
v 56.85059357 -78.3419342 7.749990463
vn 0.5599648356 0.5897448659 -0.5819281936
v -53.62159729 -66.24525452 10.24999714
vn -0.1253309548 0.146740213 0.9812030792
v 56.83430099 49.16812515 10.24999714
vn 0.4914701879 0.05140108243 0.8693761826
v -54.8758812 -77.63659668 10.75
vn 0.0302962102 -0.0005822925596 0.9995408058
v 12.41500378 46.61059189 18.21844292
vn -0.09221993387 -0.09917731583 -0.9907872081
v 51.51600266 -88.34240723 7.749990463
vn 0.240326941 -0.787794292 -0.5671182275
v 46.60388947 47.25533295 10.75
vn -0.01160850469 0.01271344069 0.9998518229
v 55.62740707 43.57759476 9.999995232
vn 0.3376059234 -0.2476629615 0.9081218839
v -53.82190323 57.06291962 9.749994278
vn -0.06729562581 -0.2603763342 -0.9631590843
v -19.12460709 -46.00902557 16.29987717
vn -0.4691623151 -0.1719269007 0.8662146926
v -61.96532059 -86.72457123 9.749994278
vn -0.5816280842 -0.7721813321 0.2558216155
v -53.28807449 -79.96107483 8.749997139
vn -0.6127173901 0.5165526271 -0.598122716
v 55.13376617 43.18798065 7.75
vn 0.4519048333 -0.5587832332 -0.6953728199
v 45.77218246 57.68470383 7.75
vn -0.7331726551 0.5943214893 -0.3305144608
v 46.34751892 50.82414246 9.249996185
vn -0.02756264247 -0.02991755866 -0.9991722703
v -45.80792236 -84.76931 7.999989986
vn -0.9970203042 0.07647614181 0.01009659097
v -56.23866272 -80.89838409 10.75
vn -0.01270974521 0.03645686805 0.9992544055
v -52.81767654 -88.37621307 7.749990463
vn 0.3437574804 -0.9169972539 -0.2023531199
v 37.66393661 -84.28439331 8.249988556
vn 0.7079238892 0.7062527537 0.007125473581
v 45.89030075 -87.86209869 10.74999046
vn -0.01633808389 -0.1266543716 0.9918123484
v 10.5923233 -68.55692291 2.749995947
vn -0.2160199881 -0.5644416809 -0.7967063189
v -44.59324265 -83.46964264 8.749987602
vn 0.6697763801 0.720698297 -0.1788675785
v 33.4709053 -57.38591385 8.249993324
vn -0.7550684214 0.6398367882 0.1431103796
v -18.40769005 -68.55692291 2.749995947
vn -0.1978083253 0.5043198466 -0.8405553699
v 43.34007263 33.78652954 10.24999714
vn 0.1133740768 -0.1671170145 0.9793968797
v -20.46688652 79.07267761 14.00424099
vn -0.001357388566 -0.2457317263 -0.9693369269
v -41.44248199 26.75891304 2.749995947
vn 0.6230498552 0.5554309487 -0.5507315993
v -18.27151299 -35.57184219 17.50881767
vn 0.1059821174 0.1072328389 -0.9885691404
v -28.91397476 7.911248207 17.39904213
vn 0.8403160572 0.1975266486 -0.5048288107
v 45.72060776 -77.94532776 8.999996185
vn 0.04011121765 0.04307133332 -0.9982664585
v 10.11676979 -60.78997803 14.43101788
vn -0.04294798151 0.1823540628 -0.9822944999
v -62.92197418 -85.63201141 7.749990463
vn -0.6825999022 -0.4683800638 -0.5609611869
v -58.21364975 -88.35020447 10.24999237
vn -0.08288074285 -0.3959016502 0.9145450592
v -41.54006958 27.4466629 8.749997139
vn 0.9080718756 0.4123224616 -0.07345538586
v 22.79512405 8.601053238 17.86679459
vn 0.7356337905 -0.1686580628 0.6560468078
v -28.02770805 -36.04756165 14.20901966
vn 0.9105806947 0.07534110546 -0.4064069092
v -62.98238754 -74.97162628 9.749994278
vn 0.1975701898 -0.1807758212 -0.9634760618
v -65.23061371 -79.37513733 7.749990463
vn -0.9624358416 0.04024256393 -0.2685103714
v 46.3416214 -78.26095581 10.75
vn 0.01507968642 0.01708460599 0.9997403026
v -54.497612 -76.99986267 9.249996185
vn -0.007685122546 -0.0005151745281 -0.9999703169
v -52.82914734 -79.53529358 9.749994278
vn 0.03667728975 -0.009425377473 -0.9992827177
v -56.99528503 -77.37968445 9.249996185
vn 0.07949686795 -0.1469012052 -0.9859514832
v -23.15151405 -57.13311768 11.56857586
vn 0.4239939451 0.2406504452 -0.8731073737
v 44.81394958 -88.35492706 7.749990463
vn -0.07277904451 0.2117667049 -0.9746066332
v 50.11263275 -87.90352631 8.749992371
vn -0.176425904 0.4713977277 -0.8640937805
v -57.04769897 -78.49365234 10.75
vn 0.01059115399 0.0261968188 0.9996007085
v 43.32151413 -64.39796448 10.24999714
vn 0.1227192283 0.1440293044 0.981934607
v 55.69441986 -83.76886749 7.749990463
vn 0.7910180688 -0.1962411255 -0.5794650912
v 54.85762405 -73.55449677 10.24999714
vn 0.2734675109 0.2238002867 0.9354832768
v -17.90769577 -67.37085724 10.90379715
vn -0.0552085489 0.4633696973 -0.8844436407
v 26.36799431 47.37388229 2.749995947
vn 0.5089816451 0.8013537526 -0.3142766654
v -55.35569382 -87.95610046 9.749994278
vn 0.01017822884 0.07605121285 -0.9970519543
v -29.90769768 7.589013577 18.11882782
vn -0.8790227771 -0.1458542049 0.4539223909
v 47.33297348 45.97706223 9.249996185
vn 0.00465159677 -0.01441399008 -0.9998853207
v -33.95588303 41.66937637 13.75261021
vn 0.5371057987 -0.07076040655 -0.8405416608
v -2.872774839 62.15639496 17.64269447
vn -0.001318870345 0.1437957734 0.9896064997
v -63.43065643 43.95373154 10.24999714
vn -0.3335820436 -0.2047016323 0.9202283621
v 54.75484848 -73.37064362 7.749990463
vn 0.3836149573 0.6763191819 -0.6288338304
v -19.88946533 8.295223236 21.3633194
vn -0.1116150767 0.02090534195 0.9935315847
v 55.40442657 44.94309616 9.749994278
vn -0.2271204144 0.2186298966 -0.949008584
v -25.99021339 71.46025848 13.16074753
vn 0.5278617144 -0.2851134539 -0.8000451922
v 45.46591187 -80.63568878 8.999995232
vn -0.007198882755 -0.0597560741 -0.9981870651
v -52.99417114 48.93384171 9.249996185
vn 0.01400352642 -0.01748975739 -0.9997489452
v 11.0923214 -61.41098404 11.74999619
vn 0.5370898843 -0.2389551699 0.8089714646
v 10.30910015 -46.01238632 15.49635029
vn -0.4290970564 0.1957207769 -0.8817988038
v 20.48319244 -47.41849136 2.749995947
vn 0.9732658863 0.1491133571 -0.1746961921
v 18.53152847 65.96233368 2.749995947
vn -0.770371139 -0.5905296206 0.2404228151
v 20.87338066 -3.259945393 17.34736252
vn -0.7892737389 0.06043120101 -0.6110605597
v -18.92832756 -61.64028931 15.2709074
vn -0.08501189202 -0.1741648316 0.9810400605
v 18.34551048 73.30592346 13.90177727
vn 0.8121846914 0.5567451715 0.1743296832
v 38.09230804 -85.40930939 2.749995947
vn 0.07607498765 -0.9836537838 -0.1632110029
v 27.56486511 22.37268639 2.749995947
vn 0.8595813513 0.4503944814 -0.2413809448
v 21.0795517 -42.64378357 14.06783295
vn 0.8117085695 -0.1023947299 0.5750169754
v 12.37890339 29.93681145 20.81281662
vn 0.08115658909 0.06014638022 0.9948849082
v -57.8178215 57.71231842 7.75
vn 0.06542036682 0.2187131494 -0.9735937119
v 25.15835762 61.77003098 11.919034
vn -0.7292247415 -0.254991889 -0.6349884868
v 36.81486511 52.78531265 8.749997139
vn -0.9672250748 -0.2354913354 0.09497093409
v 11.0923214 -68.85277557 10.24999714
vn -0.01631755382 -0.3669935167 0.9300803542
v 51.48196411 57.60920334 7.75
vn 0.3614018857 0.8673094511 -0.3422907293
v 46.76133728 50.0764122 10.75
vn 0.005672034342 0.04983603954 0.9987413287
v -52.94128036 57.58911896 7.75
vn 0.1882012933 0.5220777988 -0.8318744302
v -65.11785126 50.07417297 9.749994278
vn -0.9576970935 0.1142739877 0.2641169429
v -61.75134277 54.4268074 9.749994278
vn 0.1956333071 -0.1469600499 -0.9696031809
v 49.2364502 48.63121796 10.75
vn 0.01688615978 -0.03579036146 0.9992166758
v 11.45761299 -35.47449112 18.93486214
vn 0.1188874543 -0.1086283773 0.9869476557
v -28.37524605 -54.22863388 11.27799892
vn -0.1947945505 -0.04932245985 0.9796031713
v 20.24751663 -34.30286026 14.46727848
vn -0.8977439404 0.08222338557 -0.4327760935
v 31.64704132 50.39962006 10.24999714
vn -0.1371005177 0.2270877957 0.9641755819
v 49.51245117 -77.2639389 9.249996185
vn 0.05176807567 0.04796889797 -0.9975064397
v 47.52204895 -76.75624084 9.249996185
vn -0.02000387572 0.03354471922 -0.9992370009
v 49.14785385 46.76987839 8.749997139
vn -0.6147640944 0.4281861186 -0.6623607278
v -98.94649506 -110.7557755 17.74998856
vn -0.4825786054 -0.8486344814 -0.2166503966
v -98.00624084 -111.1890259 11.74998665
vn -0.2752688527 -0.9514799714 -0.1375240535
v -98.26609802 -109.914856 11.74998665
vn 0.3146792054 0.9219312668 -0.2258754671
v -99.72084045 -107.4214401 11.74998665
vn 0.9595929384 0.1892071217 -0.2082835585
v -97.24565125 -112.372261 17.74998856
vn -0.046409484 -0.7519184947 -0.6576204896
v -100.0878296 -109.7087097 17.74998856
vn -0.8301959634 -0.5339251161 -0.1603078395
v -100.1330948 -116.4133377 18.26131439
vn -0.1626157761 0.2963435948 -0.9411358237
v -95.08374786 -112.091156 19.15156746
vn 0.4004834294 -0.9065213203 0.1335371733
v -98.26609802 -109.914856 18.74999619
vn 0.5397709012 0.6290308833 -0.55943501
v -95.37940216 -109.9017181 18.74999619
vn -0.3073747754 0.874432385 -0.3753514588
v -95.37940216 -109.9017181 11.74998665
vn -0.6426110268 0.735239923 -0.2155767083
v -100.4975281 -105.9093094 17.74998856
vn -0.8957596421 0.386579603 -0.2194786221
v -99.72084045 -107.4214401 18.74999619
vn 0.9739966393 -0.1828526556 -0.133774057
v -95.19185638 -103.8442459 11.74998665
vn 0.4487254024 0.8854421973 -0.120986037
v -93.50601959 -105.2655563 11.74998665
vn 0.8712729216 0.4472638369 -0.2020855695
v -93.94741058 -107.395195 18.74999619
vn -0.9739957452 0.1828576922 -0.1337736547
v -98.91860962 -111.9321518 17.74998856
vn -0.3855853975 -0.8523854613 -0.3532179594
v -93.95861053 -111.475441 17.74998856
vn 0.6016007066 -0.7695761323 -0.2140774578
v -92.05089569 -108.7795181 22.08657837
vn 0.366132915 -0.2723133564 -0.889827013
v -97.45896912 -112.3516998 19.27848434
vn -0.3637492955 -0.1346174926 -0.9217182994
v -78.00075531 -105.7623596 23.42281532
vn 0.1807802469 -0.3176793456 -0.9308052063
v -99.19944 -115.89608 18.77805901
vn 0.2884810269 -0.4261834025 0.857406795
v -95.84220886 -112.299324 18.8022995
vn 0.141370669 -0.4410556853 -0.8862754703
v -97.02867889 -112.3522873 23.74999046
vn -0.04574274272 -0.978535533 0.2009373456
v -100.4827957 -110.7819977 21.14697266
vn 0.1135853082 -0.3686166704 0.9226158857
v -100.4659271 -110.7684708 17.74998856
vn -0.6965497732 -0.6096401811 -0.3783612549
v -106.9637604 -105.8959732 22.82044983
vn -0.1813778728 0.3434303105 -0.9214975238
v -99.73956299 -110.0964279 11.74998665
vn -0.7625011206 -0.6162188649 -0.1971454322
v -99.06010437 -111.8619461 20.45130539
vn 0.1272854358 -0.5043611526 0.854059875
v -99.70962524 -103.3411789 17.74998856
vn -0.5966715813 0.7900376916 -0.1407959759
v -97.19946289 -103.4403305 17.74998856
vn -0.0881941691 0.9578683972 -0.2733312547
v -96.4225769 -102.4443665 17.74998856
vn 0.05232395977 0.6311383843 -0.7739034295
v -92.86611938 -107.0429688 11.74998665
vn 0.9825328588 0.0904661864 -0.1626192629
v -92.74098969 -110.2466888 17.74998856
vn 0.8392213583 -0.5225436091 -0.1505179703
v -91.8578186 -107.1861496 21.76588249
vn 0.5129461884 -0.194021225 -0.8362068534
v -92.00881195 -106.3142548 17.74998856
vn 0.9239173532 0.21785824 -0.3145067692
v -94.46881104 -98.92053986 18.77805901
vn -0.2962138951 0.4338081777 0.8509217501
v -111.5991745 -121.0020752 19.85196304
vn 0.200535506 -0.3396810591 0.9189136624
v -106.6715317 -122.3609772 18.11759186
vn 0.3405924737 -0.4910463989 0.8017918468
v -82.06906128 -93.81454468 19.85196304
vn -0.2024252564 0.3421523571 0.9175814986
v -95.40213776 -104.9017715 11.74998665
vn -0.314040333 -0.920060873 -0.2342362702
v -86.99669647 -92.45565796 18.11759567
vn -0.331779182 0.4822993279 0.8107465506
v -106.79496 -122.1703873 17.67213249
vn -0.1571177393 0.277398169 -0.9478207827
v -81.56855011 -93.77457428 19.40340805
vn 0.1995857209 -0.338910073 -0.9194049835
v -75.19824982 -104.4604111 24.05592155
vn -0.07590100169 0.05828914046 0.9954101443
v -69.22515106 -101.8463669 23.80085564
vn 0.2094168514 -0.371825099 -0.9043731093
v -62.5623703 -98.08470154 23.84030342
vn 0.210617736 -0.3535298705 -0.9114037752
v -71.08271027 -81.76766968 17.67699814
vn -0.2306607515 0.4129652977 0.8810535073
v -97.86701202 -103.6224518 11.74998665
vn -0.1702665836 0.9687970281 -0.1801156998
v -53.71028137 -77.88441467 20.04456329
vn -0.2000668645 0.352065593 0.9143429995
v -57.26982498 -94.29323578 24.14811516
vn -0.10317754 0.1962485164 0.9751107097
v -93.94741058 -107.395195 11.74998665
vn -0.9558725357 -0.1884671897 -0.2253616303
v -95.52307129 -112.2136612 17.74998856
vn 0.1908832043 -0.6467888355 -0.7383953929
v -86.7044754 -108.9206467 22.82044983
vn 0.1825550795 -0.3471182287 -0.9198818207
v -40.89419174 -71.85076904 19.97036362
vn 0.2054299116 -0.3589301109 -0.910476625
v -33.91148758 -72.38175201 21.49685669
vn 0.2070627064 -0.2806840241 -0.9371987581
v -50.12710571 -84.02594757 22.63253212
vn -0.1344395578 0.2401659191 0.9613773227
v -95.80122375 -111.1941833 11.74998665
vn 0.2143091559 -0.9459422827 -0.2434436828
v -47.37539291 -86.47181702 22.97639847
vn 0.2232379019 -0.3554027081 -0.9076638818
v -35.20491791 -70.16484833 21.07760239
vn -0.1362073123 0.3057619035 0.9423148036
v -38.49711227 -67.80828857 19.25452042
vn -0.2570003569 0.5305911303 0.8077275753
v -36.32123566 -68.32125092 19.99664497
vn -0.06219496951 0.5191873312 0.8523944616
v -36.9160347 -67.9537735 19.30335999
vn 0.2316352129 -0.3185279071 -0.9191763401
v -94.00366974 -110.21315 11.74998665
vn 0.6451479793 -0.7532494068 -0.1280602217
v -33.05869675 -73.9814682 22.06473732
vn 0.2994672954 -0.1565070152 -0.9411827326
v -93.1707077 -108.9073257 11.74998665
vn 0.9152534008 -0.3312366009 -0.2293327451
v -99.70962524 -103.3411789 23.74999046
vn -0.5097776055 0.8496853113 0.1347653717
v -92.01704407 -108.6755753 17.74998856
vn 0.945655942 -0.1631949395 -0.2812512219
v -111.4394226 -116.2294235 21.46169281
vn 0.171952799 -0.2947487831 0.939976275
v -92.25192261 -105.4532394 21.23700714
vn 0.3234427273 -0.1910435408 -0.9267616868
v -73.7470932 -83.40211487 17.17295647
vn 0.1292096227 -0.2223167717 -0.9663747549
v -57.69644928 -84.27449036 21.46102715
vn -0.1715526283 0.2963803709 0.9395362735
v -100.7562332 -107.9418259 17.74998856
vn -0.9714123011 -0.1990105063 -0.1294332892
v -55.24024963 -78.92352295 19.56329536
vn 0.2001595199 -0.3524016142 -0.914193213
v -58.07546997 -76.04177856 18.26186752
vn -0.2669956088 0.5413969755 0.797246933
v -98.28885651 -104.9149094 11.74998665
vn 0.641179204 -0.7336001396 -0.2252111584
v -96.99662781 -112.3279037 19.71273422
vn 0.08011559397 -0.930244565 0.3580873609
v -57.90112686 -76.21842194 17.82187653
vn 0.1371421218 -0.2088792324 -0.9682775736
v -33.72320175 -76.03170013 22.31518936
vn 0.2359917164 -0.3258303404 -0.9155012369
v -37.8204422 -78.85887909 22.33761215
vn 0.1663126498 -0.2788695693 -0.9458180666
v -37.84576035 -69.93474579 20.45328331
vn -0.20072335 0.3598659337 0.9111567736
v -93.50601959 -105.2655563 17.74998856
vn 0.7873268723 0.5863713622 -0.1904862076
v -92.63878632 -104.7200012 21.47589684
vn -0.128422156 0.3121162355 0.9413241744
v -92.00978851 -106.1928635 22.00988197
vn 0.02752622217 0.309951514 0.9503538013
v -98.28885651 -104.9149094 18.74999619
vn 0.3073739409 -0.8744325042 -0.3753519058
v -92.82177734 -106.958931 24.94369698
vn 0.7036412358 0.0580884032 0.7081770301
v -91.9256134 -108.0305786 23.74999046
vn 0.9276159406 -0.1637647897 0.3357226849
v -92.74098969 -110.2466888 23.74999046
vn 0.7994060516 -0.4972499013 0.3371832669
v -93.95861053 -111.475441 23.74999046
vn 0.5369846821 -0.8341286182 0.1260038167
v -77.49845886 -100.7506866 22.34306717
vn 0.1466750205 -0.2479724884 -0.9575991035
v -101.778595 -106.8634491 22.45409775
vn 0.02212881669 -0.2029602826 0.9789369106
v -100.1176529 -104.7832184 24.76296043
vn -0.5860138535 0.4380946755 0.6816603541
v -97.45404816 -102.4679108 19.47538757
vn -0.1958145797 0.9008731246 0.3874071538
v -95.30303192 -111.5561447 24.5822258
vn 0.3141357303 -0.6615954041 0.6808893085
v -95.40213776 -104.9017715 18.74999619
vn -0.5397728086 -0.6290296912 -0.5594344735
v -96.98976898 -111.3634949 17.74998856
vn -0.04283198342 -0.9859201908 -0.1616377532
v -94.99084473 -103.4080048 24.5822258
vn 0.2819682658 0.6770181656 0.6798089743
v -97.6993866 -104.2368546 25.6016922
vn -0.1372338384 0.5920971632 0.7940956354
v -95.56684875 -102.5912476 23.74999046
vn 0.289015919 0.9394278526 0.1842420697
v -96.00566864 -109.1640091 26.34443855
vn 0.2235002816 -0.3287934959 0.9175742269
v -92.84220123 -110.3830719 22.2557621
vn 0.678522706 -0.5710448027 -0.4620766044
v -98.38386536 -108.5536118 26.34443855
vn -0.2821827531 -0.1809739619 0.9421365857
v -100.6783829 -108.4571533 11.74998665
vn -0.9353867769 -0.2998729348 -0.1874241531
v -93.68230438 -109.8028336 17.74998856
vn 0.811555028 -0.5386390686 -0.2263766527
v -89.00319672 -109.5854187 23.13307381
vn -0.1079683527 0.1157183424 0.9873965979
v -93.20231628 -104.0481644 17.74998856
vn 0.7406532168 0.5978943706 -0.3065211177
v -95.10266113 -112.0989685 23.74999046
vn 0.2201368213 -0.9693751931 0.1088644862
v -100.6912537 -108.6603851 24.94369698
vn -0.6916308403 -0.2949292958 0.6592901349
v -93.22059631 -103.9773254 20.58490753
vn 0.2540373802 -0.2591165304 -0.93183887
v -100.7515106 -106.377739 24.94369698
vn -0.6779025197 0.2274371982 0.699085474
v -97.22294617 -107.6715851 26.69053841
vn -0.1242235824 -0.05038138852 0.9909743667
v -95.00945282 -110.1270752 25.6016922
vn 0.2906801701 -0.5257663131 0.7994215488
v -95.44005585 -102.636467 20.11860085
vn -0.1350029111 0.5893089175 0.7965483069
v -97.87941742 -106.4143066 26.48776245
vn -0.1930719167 0.2493021041 0.9489845634
v -96.79984283 -105.5002441 26.34443855
vn 0.003771029878 0.3798031211 0.9250596762
v -94.13269806 -109.2816086 25.6016922
vn 0.4786817133 -0.313563019 0.8200865984
v -92.76698303 -104.5327988 23.74999046
vn 0.8261141777 0.5341215134 0.1795817912
v -92.85073853 -105.5287247 24.5822258
vn 0.672065258 0.3181796372 0.6686478853
v -97.24971008 -109.3218765 26.34443855
vn -0.08838214725 -0.3243266046 0.9418072104
v -94.05980682 -105.6757736 25.6016922
vn 0.4984164238 0.2510284185 0.8297986388
v -96.32004547 -106.7531204 26.63108635
vn 0.09880243987 0.1046173126 0.9895924926
v -99.40821838 -106.222229 25.89821434
vn -0.5007666349 0.2092577815 0.8399071097
v -98.34298706 -102.6485367 18.94380951
vn -0.4315795302 0.8510811925 -0.2989982367
v -101.6691818 -106.3581924 23.74999046
vn -0.9061706662 0.1974039525 0.3740139008
v -95.12689209 -104.6183395 25.6016922
vn 0.2938365638 0.4741898477 0.8299422264
v -94.00958252 -107.6424866 25.89821434
vn 0.5472815633 -0.029468216 0.8364295959
v -94.61257172 -102.9496307 19.89888382
vn 0.2857252955 -0.2599208951 -0.9223893881
v -100.882576 -107.6186752 24.94369698
vn -0.7096321583 -0.0008926855517 0.7045717835
v -99.09957123 -104.2040405 17.74998856
vn -0.5677361488 0.796675384 -0.2073257118
v -115.6674805 -109.0542755 23.42281532
vn -0.1807805747 0.317679733 -0.9308050275
v -98.73191833 -104.7240601 25.6016922
vn -0.3288686275 0.4329393804 0.8392907381
v -111.9400635 -116.3235626 20.9919014
vn -0.1718479395 0.2944616079 -0.9400854707
v -114.2671204 -128.1069183 17.70489883
vn 0.3016068041 -0.4820586145 0.8225890994
v -96.87995148 -102.4639664 19.07351685
vn 0.2600105107 0.01822946407 -0.9654337168
v -116.1697845 -114.0659332 22.34306717
vn -0.1466203481 0.24772802 -0.9576707482
v -100.8260422 -104.4335403 22.2557621
vn -0.6807391047 0.5537604094 -0.4795244336
v -95.02778625 -107.9693222 26.34443855
vn 0.3460124135 -0.05549533665 0.9365872741
v -140.2080841 -136.7839355 19.60967255
vn -0.2014096975 0.3545384109 -0.9130918384
v -93.8801651 -103.3998337 20.78253937
vn -0.1608385295 0.3559911549 0.9205440283
v -136.5029602 -120.4541473 23.66024399
vn -0.1621095538 0.273139745 -0.9482168555
v -122.7220383 -132.8711395 17.22881508
vn -0.1773039699 0.3038567603 -0.9360738993
v -112.099678 -121.0420532 19.40340805
vn -0.2001061141 0.3388742805 -0.9193050265
v -124.4430847 -112.9702606 23.80085564
vn -0.209416762 0.37182495 -0.9043731689
v -115.7177277 -113.9429169 22.82660866
vn 0.1464006305 -0.2470684797 0.9578747153
v -141.4538879 -133.5426331 20.99129295
vn -0.1713092923 0.2960739434 -0.9396772385
v -100.7609329 -106.9105072 11.74998665
vn -0.9572422504 0.1662722081 -0.2367294878
v -151.9043427 -132.9639893 22.55463028
vn -0.2224398851 0.3595071733 -0.906242311
v -90.20420837 -95.52476501 17.96672249
vn 0.157205537 -0.2872164249 -0.9448773265
v -119.8113098 -131.6036377 17.62259865
vn 0.245634228 -0.4229584038 0.8722212911
v -81.7281723 -98.49307251 20.9919014
vn 0.1723948866 -0.2957960963 -0.939566195
v -125.3597107 -134.4943085 17.73139954
vn 0.2253882736 -0.4074374437 0.8849830031
v -79.28694153 -86.89765167 17.25585175
vn 0.1302566826 -0.2408898473 -0.961771965
v -155.1061859 -146.9256897 19.1390686
vn 0.2691690922 -0.5723817348 0.7745496631
v -160.5581665 -139.7770996 22.54614449
vn -0.03942499682 -0.1583636999 0.9865934253
v -52.21434402 -81.2740097 20.99129295
vn 0.1716769338 -0.2965709865 -0.939453423
v -160.6080475 -139.8843536 22.25598145
vn -0.2585446835 0.1293005496 -0.9573066235
v -100.8549118 -110.280983 20.84476852
vn -0.3302197158 0.2129508853 -0.9195688367
v -101.6393127 -106.236496 22.04599762
vn -0.4429506063 0.2515616119 -0.8605297804
v -157.5667267 -137.1853027 22.26729774
vn -0.1371224523 0.2353423834 -0.9621909261
v -93.47632599 -111.1123505 22.4650116
vn 0.583948493 -0.8089814782 0.06747705489
v -50.39106369 -84.30407715 22.14418411
vn 0.1346237212 -0.2403871268 -0.9612962604
v -100.1919098 -103.7042847 22.4650116
vn -0.583947897 0.8089810014 0.06748790294
v -158.5411224 -144.5181427 20.57401276
vn -0.2085239887 0.2781297565 -0.9376361966
v -155.9031525 -147.0799103 19.21981049
vn -0.0701090619 -0.864441514 -0.497820884
v -156.9951324 -146.7796783 19.82205772
vn -0.01862495206 -0.5455893278 0.8378456831
v -160.6012878 -140.7493286 22.2664814
vn -0.6061364412 0.09616091847 -0.7895262241
v -147.372757 -143.0705261 18.54642296
vn -0.1341259927 0.1890376806 -0.9727666378
v -159.9126892 -138.7556152 22.34117508
vn -0.2487194389 0.3002519011 -0.9208623171
v -95.13366699 -111.0120468 17.74998856
vn 0.4394351244 -0.882609427 -0.1670249552
v -160.1675568 -139.0317535 22.55951118
vn -0.0657087788 -0.0488073267 0.9966444969
v -101.6594315 -108.5023727 17.74998856
vn -0.9557352662 -0.1942859441 -0.2209593207
v -100.9272461 -104.5699463 17.74998856
vn -0.8317840099 0.4995138645 -0.2421183139
v -158.6231537 -137.9569855 22.7241478
vn 0.01567892917 -0.08386751264 0.9963535666
v -98.91860962 -111.9321518 23.74999046
vn -0.3540290892 -0.9208121896 0.1636103243
v -100.9272461 -104.5699463 23.74999046
vn -0.7900464535 0.5354295969 0.2985661328
v -95.19185638 -103.8442459 17.74998856
vn 0.2982173264 0.9278008938 -0.224169448
v -98.44918823 -109.7373428 25.89821434
vn -0.3088390529 -0.4461275637 0.8399932384
v -94.74962616 -102.8844833 17.74998856
vn 0.3502852917 0.8856835961 -0.3047372699
v -99.14237213 -110.7369766 24.94369698
vn -0.4234015644 -0.596750319 0.6816305518
v -98.71372223 -103.4249268 24.5822258
vn -0.3074904382 0.6704618931 0.6752262115
v -96.5742569 -110.2305984 25.89821434
vn 0.007103358395 -0.5462081432 0.8376193643
v -91.88964081 -107.9531784 22.45409775
vn -0.02639818378 0.1990053207 0.9796428084
v -96.46272278 -111.4419403 24.94369698
vn 0.080170542 -0.7092009187 0.7004332542
v -139.957962 -136.9322357 20.04455948
vn 0.2003227919 -0.3524961174 0.9141210318
v -101.6511841 -106.1410522 17.74998856
vn -0.9543442726 0.1776917279 -0.2401096374
v -157.4339142 -140.064621 21.7371273
vn -0.1477604061 0.2485931367 -0.9572712779
v -93.86280823 -110.6198502 24.5822258
vn 0.5286880136 -0.51315099 0.6761398315
v -79.40110016 -86.70972443 17.70489883
vn -0.2794065773 0.4527926445 0.8467058539
v -101.1418152 -104.9754486 22.72022438
vn -0.368368119 0.1642900258 0.91504848
v -101.6394501 -108.7193451 23.74999046
vn -0.9325153232 -0.2315836698 0.2770995498
v -101.5765533 -108.8079453 21.94212723
vn 0.05185065046 -0.3117794693 0.9487386942
v -96.6620636 -103.0364761 24.5822258
vn -0.009076451883 0.7354390621 0.6775300503
v -98.14516449 -102.6029816 23.74999046
vn -0.2818265557 0.9482060671 0.1465572715
v -93.99575806 -103.3151779 23.74999046
vn 0.5646066666 0.8183587193 0.1072770953
v -92.85075378 -108.7520676 24.76296043
vn 0.6861786246 -0.2451505661 0.6848796606
v -96.41931152 -108.1990356 26.63108635
vn 0.1092925072 -0.1293224394 0.985561192
v -99.56840515 -108.1543121 25.89821434
vn -0.510112226 -0.1460374892 0.8476193547
v -96.85687256 -102.4083633 23.74999046
vn 0.02819153853 0.9972754121 0.0681688264
v -93.73381805 -104.279686 24.5822258
vn 0.5155162215 0.5202290416 0.6808852553
v -99.98593903 -105.0137939 11.74998665
vn -0.7506633997 0.6452118754 -0.1421481967
v -98.14516449 -102.6029816 17.74998856
vn -0.1571333259 0.7060594559 -0.6904991865
v -118.4699783 -110.3562088 24.05592155
vn 0.07590097934 -0.0582892783 0.9954101443
v -95.28436279 -106.2630157 26.34443855
vn 0.3012728691 0.2369497567 0.9236284494
v -98.70762634 -106.9573288 26.34443855
vn -0.3356211185 0.01917452179 0.9418019056
v -114.3813171 -127.9189911 17.25585175
vn -0.130460605 0.2393472344 -0.9621293545
v -141.2385101 -133.6149597 21.46115112
vn 0.1713083535 -0.2960278988 0.9396919608
v -155.8224945 -144.881897 20.45328331
vn 0.1978274137 -0.3610554039 0.9113195539
v -142.8599701 -125.5929489 23.73898506
vn -0.007613054477 -0.07703642547 0.9969992042
v -135.5927734 -138.7748413 18.26185799
vn 0.2649051547 -0.5477849245 0.793572247
v -135.7671051 -138.5982056 17.82187462
vn -0.1433178931 0.2223888934 -0.964366734
v -128.6832733 -115.442955 24.33038902
vn 0.07963930815 -0.1313351542 0.9881339073
v -143.2771759 -130.5125427 22.1441803
vn -0.1341455132 0.2397677302 -0.9615177512
v -142.9058075 -125.4918442 23.25145149
vn -0.2357731313 0.3686017394 -0.8991906643
v -148.1785736 -143.7309418 19.0102272
vn 0.2562381923 -0.5019884706 0.8260444999
v -157.2198334 -146.5883636 19.5568943
vn -0.3194304109 0.2422017902 -0.9161345363
v -131.1058655 -116.7319336 23.84030342
vn -0.2106177956 0.3535300791 -0.911403656
v -154.701828 -146.5226135 18.85136414
vn -0.201088801 0.3234823048 -0.9246202111
v -156.6743317 -146.9019165 19.29290771
vn -0.1809280515 0.1785920709 -0.9671452641
v -151.8700562 -133.0471649 23.04639816
vn -0.03504919633 -0.04119399935 0.9985362291
v -155.9581604 -144.6775208 20.0162487
vn -0.1993710548 0.3461550474 -0.9167485237
v -158.2691498 -140.6882935 22.22040176
vn 0.1271976531 -0.2412165552 0.9620994329
v -136.398407 -120.5233841 24.14811516
vn 0.1087161079 -0.2015186548 0.9734326005
v -97.86470795 -111.3257141 24.94369698
vn -0.1715412736 -0.6761728525 0.716494143
v -92.52642059 -109.8411865 22.72022438
vn 0.4021577835 -0.1666502059 0.9002759457
v -33.07918549 -74.92285156 22.46334076
vn 0.1555457115 0.03960483521 0.98703444
v -101.6815338 -108.5081482 21.52002907
vn -0.2770381868 0.2312973142 -0.9326046109
v -92.02877808 -106.0972824 23.74999046
vn 0.9457581043 0.1910447478 0.2627614141
v -100.1416397 -109.7467804 24.94369698
vn -0.5427604318 -0.3994944394 0.7387931347
v -143.5411224 -130.7906952 22.63253021
vn 0.133730948 -0.2391389161 0.9617320895
v -33.23436737 -73.62528229 22.36649513
vn -0.1305135041 0.2864058316 0.9491775036
v -39.57175827 -80.00902557 22.90079308
vn 0.05065283179 0.01518875733 0.9986008406
v -36.23432922 -74.75202942 21.7371273
vn 0.1317384988 -0.2273568064 -0.9648594856
v -42.94145966 -70.18210602 18.68420601
vn 0.1667930633 -0.2592736483 -0.9512923956
v -68.14529419 -80.48882294 17.28467369
vn 0.1907061487 -0.3264763653 -0.9257668853
v -33.49803543 -75.78791809 22.53198814
vn 0.04455232993 0.08877678961 0.9950546622
v -35.04508209 -76.85964203 22.72415733
vn -0.03778460622 0.1118025258 0.9930118322
v -43.53054428 -70.21172333 19.09446335
vn -0.25033319 0.4825311601 0.8393431902
v -92.92329407 -107.7325439 17.74998856
vn 0.9897869229 0.01924465224 -0.1412496865
v -77.95051575 -100.8737106 22.82660866
vn -0.1464510113 0.2471585721 0.9578437805
v -99.05566406 -111.8669891 19.89888382
vn -0.299698621 0.2491029054 -0.9209389091
v -104.6650314 -105.2312088 23.13307381
vn 0.1079683378 -0.1157183275 0.9873966575
v -37.32207108 -67.73942566 19.44581985
vn -0.09478394687 0.630673945 0.7702378631
v -33.06814957 -74.97525787 22.17276573
vn 0.2108541876 -0.1855792403 -0.9597399831
v -64.98495483 -99.37366486 24.33038902
vn -0.07963915169 0.1313347816 0.9881339669
v -57.16529083 -94.36249542 23.66024399
vn 0.1693031192 -0.2819796205 -0.9443643093
v -47.4164238 -86.37679291 23.46549988
vn 0.02416318655 0.05712548643 0.9980745316
v -35.39909363 -74.12833405 22.2204113
vn -0.1256602108 0.2334637642 0.9642117023
v -38.04263306 -67.86882782 19.03355217
vn 0.1489141136 -0.1609933376 -0.975656569
v -36.17134476 -68.58487701 19.75325966
vn 0.2129811645 -0.2993431687 -0.9300713539
v -159.0879669 -143.5810547 21.5051403
vn 0.1306623518 -0.3175528944 0.9391951561
v -100.4659271 -110.7684708 23.74999046
vn -0.7397087216 -0.6416346431 0.2028200179
v -96.48431396 -104.1527481 25.6016922
vn 0.09947059304 0.5902879238 0.801040411
v -95.33220673 73.84387207 11.74999619
vn -0.7781816721 0.6024444699 -0.1774653643
v -95.33220673 73.84387207 18.74999619
vn -0.4202774763 0.7144217491 -0.5594357848
v -92.39925385 74.83601379 17.74999809
vn 0.6574297547 -0.2022189647 -0.7258743644
v -93.24326324 73.09361267 17.74999809
vn 0.6526085734 -0.5305433869 -0.540948987
v -98.16239929 73.27522278 11.74999619
vn 0.1314282119 0.966255188 -0.2215346247
v -95.49731445 72.49437714 11.74999619
vn 0.3266268671 -0.9254431725 -0.1920152754
v -88.14441681 65.88883209 17.96673203
vn -0.3273884654 -0.05828686059 -0.9430903792
v -93.85237122 73.96282959 11.74999619
vn 0.7998893261 -0.5612508059 -0.2125431299
v -100.0699463 75.44190216 18.74999619
vn 0.9268516898 0.007559009828 -0.3753516078
v -95.49731445 72.49437714 17.74999809
vn 0.4621684551 -0.8513336778 -0.2482564747
v -98.16239929 73.27522278 18.74999619
vn 0.4884864986 0.8622560501 -0.1337737292
v -99.14731598 78.17724609 18.74999619
vn 0.4202792048 -0.714419663 -0.5594372153
v -93.33968353 76.44532013 11.74999619
vn 0.9924675226 -0.04812571406 -0.1126593128
v -94.03082275 78.37300873 11.74999619
vn 0.8694582582 0.4308585823 -0.2416674942
v -92.90591431 78.39768982 17.74999809
vn 0.848444581 0.4861854613 -0.209201932
v -92.5557251 88.42763519 23.04830551
vn 0.3713389933 0.06112556159 -0.9264831543
v -89.97576904 71.02344513 18.77806854
vn 0.5250359178 0.1476931125 0.8381670713
v -92.24118805 76.12930298 23.75
vn 0.9922884703 -0.007914148271 0.1236969829
v -92.39925385 74.83601379 23.75
vn 0.919138968 -0.3512684107 0.178308785
v -94.40956879 76.57920837 18.74999619
vn -0.9268517494 -0.007561354432 -0.3753513992
v -94.40422821 71.91745758 20.7825489
vn 0.402617842 0.01765334047 0.9151979089
v -93.74105835 72.4645462 19.89889336
vn -0.3377518952 -0.1843398809 -0.9230073094
v -92.97024536 78.61268616 23.75
vn 0.8013667464 0.4801693857 0.3567194045
v -101.9517059 66.91690826 22.82045937
vn -0.3637588024 -0.05973442271 -0.9295758605
v -92.76528931 73.81814575 19.27849388
vn -0.2056257576 -0.2568637729 -0.9443193674
v -101.197197 76.09024811 17.74999809
vn -0.9724718332 -0.09597721696 -0.2123367637
v -102.1900787 75.45871735 17.74999809
vn -0.9522656798 -0.2265172303 -0.204646036
v -94.40956879 76.57920837 11.74999619
vn -0.8997882605 -0.3681926429 -0.234126538
v -100.8063889 72.5812912 23.75
vn -0.7116528153 -0.6374429464 0.2953248024
v -99.602211 79.21949768 17.74999809
vn -0.5935119987 0.7879858613 -0.1637735218
v -100.1928253 80.02172852 17.74999809
vn -0.4990148842 0.7695186138 -0.3985289037
v -92.24240112 76.14971924 19.15157509
vn 0.9908213615 0.1213410124 0.05957631767
v -96.81744385 79.94619751 11.74999619
vn 0.0829873085 0.9883648157 -0.1274678856
v -95.65652466 80.70516968 21.80647278
vn 0.3201315105 0.2462393641 -0.9148125648
v -96.06522369 80.85107422 17.74999809
vn 0.1853862703 0.963835597 -0.191449523
v -95.66624451 79.6055069 17.74999809
vn 0.352273643 0.9108673334 -0.2149977386
v -97.17414093 56.02838135 22.82661629
vn 0.2812708318 0.05849678814 0.9578438401
v -89.16151428 57.63831711 19.85197258
vn 0.3894853592 0.08056896925 0.9175019264
v -86.27974701 61.86011124 18.11759567
vn 0.5637642741 0.1576675773 0.810747087
v -100.6271591 78.05828094 11.74999619
vn -0.7903550267 0.5569506288 -0.2552350461
v -104.5037537 80.99768829 18.77806854
vn -0.4970339537 -0.1345599145 0.8572344184
v -108.1997757 90.16100311 18.11760139
vn -0.5497890115 -0.1530376375 0.8211647272
v -106.3351212 86.1322937 17.96673203
vn 0.3239874542 0.0550525412 -0.9444582462
v -105.1937103 94.86927795 19.40341759
vn 0.385305047 0.07893925905 -0.9194066525
v -94.42351532 108.8403778 23.84415817
vn 0.3942228258 0.08180485666 -0.9153667688
v -111.1755981 99.20826721 17.70490837
vn -0.5283154845 -0.125259608 0.8397575617
v -97.27532959 96.46027374 22.34307671
vn 0.2833173275 0.05835387483 -0.9572492242
v -104.0547485 127.4335098 22.14419365
vn 0.2710335553 0.04950070381 -0.9612962604
v -97.84848022 79.92170715 17.74999809
vn -0.1291525662 0.9782184362 -0.1625061929
v -105.3180161 94.38279724 19.85197258
vn -0.3884863555 -0.08039245754 0.917940855
v -113.4151611 111.8722839 17.28468323
vn 0.3578678071 0.07250765711 -0.9309529066
v -101.0270691 129.5844116 22.976408
vn 0.4167800844 0.09855582565 -0.9036487937
v -96.83226776 117.689949 24.1481266
vn -0.141616106 -0.006224351004 0.9899020791
v -92.29114532 75.36473083 18.80230904
vn 0.230974108 0.01992664859 -0.9727558494
v -105.1345749 141.0901794 22.33762169
vn 0.2985335588 0.06226642057 -0.9523658156
v -105.2145462 141.0831909 22.83109093
vn 0.07171530277 0.07309667021 0.9947430491
v -108.5062332 143.9210358 21.73713684
vn 0.2810405493 0.05306752399 -0.9582275748
v -98.98221588 79.52674103 11.74999619
vn -0.4094944596 0.8795731068 -0.2422093749
v -111.2034531 126.372673 20.04457283
vn -0.3973733485 -0.07502954453 0.9145845771
v -106.3945694 145.6400146 22.37042046
vn 0.500269115 0.1516124755 -0.8524931073
v -108.8257446 144.9132996 22.22042084
vn -0.278822273 -0.05041045323 0.9590187073
v -115.7134171 144.640213 19.30480003
vn -0.6134189963 -0.02726946771 0.7892867327
v -115.636734 142.7085724 19.22017288
vn -0.5429399014 -0.08673159033 0.8352807164
v -114.6453857 145.8640289 19.6211071
vn 0.3287488818 0.2195730805 -0.9185378551
v -115.167717 145.5856171 19.68448448
vn -0.5898970366 0.07977564633 0.8035280704
v -94.03082275 78.37300873 17.74999809
vn 0.7629567385 0.617020309 -0.1928286403
v -101.197197 76.09024811 11.74999619
vn -0.9838157296 0.1280689389 -0.1253191978
v -97.60519409 80.97898102 21.23701286
vn 0.299115181 0.2376342714 -0.9241536856
v -98.16513824 72.19698334 17.74999809
vn -0.1593601555 -0.976847291 -0.1427365541
v -93.07861328 98.74071503 24.1289444
vn -0.186759457 -0.05353993177 0.9809456468
v -104.2523422 109.597702 21.4614315
vn -0.3345788717 -0.06654438376 0.940015316
v -96.73290253 117.7664337 23.66025352
vn 0.3233619332 0.06898469478 -0.9437574744
v -99.14731598 78.17724609 11.74999619
vn 0.7781839967 -0.6024414301 -0.1774653941
v -101.1302338 129.5763855 23.46550941
vn -0.1641549319 -0.007944717072 0.9864025712
v -114.1371078 122.9473953 17.82188416
vn 0.2550964653 0.06369017065 -0.9648157358
v -96.31713867 78.74589539 18.74999619
vn -0.4884878397 -0.8622554541 -0.1337730139
v -106.8052063 146.319046 22.63734818
vn -0.1379896253 -0.002543468028 0.9904304147
v -110.804924 146.7239075 21.71359062
vn -0.3391284347 -0.03897864744 0.9399322271
v -107.9076996 147.094162 22.10254288
vn 0.2705073953 0.2563088536 -0.9279717207
v -115.637558 143.986145 18.95976257
vn 0.2684894204 0.09638226777 -0.9584487081
v -114.9135437 138.5301971 18.66443062
vn 0.2881010473 0.07241247594 -0.9548582435
v -115.439209 145.0731964 19.17829514
vn 0.3107281923 0.1687093228 -0.9354063869
v -96.82701111 80.96849823 22.0098877
vn -0.2985348105 0.3034646809 0.9048680067
v -96.28458405 79.94702148 24.9437027
vn 0.1836047173 0.6965786219 0.6935902834
v -93.54272461 79.29797363 22.7202301
vn 0.5603672266 0.6082189083 0.5621906519
v -92.2894516 76.56240082 17.74999809
vn 0.9503026009 0.2171079069 -0.2231348604
v -93.80232239 79.61528778 23.75
vn 0.6263801455 0.6817458868 0.3779821396
v -97.6525116 71.05261993 22.0098877
vn 0.2806566656 -0.1088374332 0.9536174536
v -92.66520691 80.35942841 22.95589638
vn 0.1136461273 -0.08119745553 0.9901977181
v -97.55592346 71.03962708 23.75
vn -0.120279029 -0.9590069652 0.2565903962
v -107.5120621 126.6900101 20.99130249
vn 0.3355426788 0.06625771523 -0.9396919608
v -110.903717 126.0573807 19.60155106
vn 0.399014622 0.07526832819 -0.9138501287
v -101.0720901 73.89967346 24.5822258
vn -0.6266598105 -0.3983888328 0.6697640419
v -101.2143631 76.80858612 24.9437027
vn -0.7243567109 0.1266572773 0.6776911616
v -100.185318 74.55088806 25.60170174
vn -0.5116699338 -0.2149519622 0.8318591118
v -97.49269867 72.03382111 11.74999619
vn -0.06247552112 -0.982305944 -0.1765553355
v -96.24443054 88.24059296 22.64870453
vn -0.2867114544 -0.06114269048 0.9560638666
v -102.1146088 77.02432251 19.4753952
vn -0.9427716732 0.06572649628 0.3268968463
v -99.85109711 79.55754852 24.5822258
vn -0.4752064943 0.5537385345 0.6837780476
v -98.6428299 80.78984833 23.75
vn -0.2100422382 0.9554333091 0.2074355334
v -94.66036987 79.54457855 24.5822258
vn 0.4188865721 0.6121236682 0.6707001328
v -92.65593719 88.3932724 23.5369091
vn -0.1259883046 -0.06318300217 0.9900175929
v -100.8444824 79.44800568 23.75
vn -0.7897883654 0.5840217471 0.1874910593
v -93.51433563 72.75452423 23.75
vn 0.7540298104 -0.6284621358 0.1909826398
v -95.03234863 79.32805634 11.74999619
vn 0.5325976014 0.8394261003 -0.1081830636
v -101.8360443 69.30703735 23.13308334
vn 0.1444528401 0.06466453522 0.9873965383
v -98.00067139 80.89949799 17.74999809
vn -0.1862167418 0.915755868 -0.3559699059
v -93.85237122 73.96282959 17.74999809
vn 0.9099034667 -0.3776721358 -0.1715793759
v -94.89600372 76.50380707 26.12133026
vn 0.4731140435 0.1172992289 0.8731575012
v -92.36492157 74.99678802 19.4753952
vn 0.9091807008 -0.1120816395 0.4010338187
v -95.77345276 78.9572525 25.60170174
vn 0.2987639606 0.501314342 0.8120492697
v -101.9929123 77.38471222 23.75
vn -0.932980001 0.317042172 0.1703896374
v -97.49705505 80.05766296 24.9437027
vn -0.05957873166 0.7297087908 0.6811574697
v -98.27838898 71.73020935 24.5822258
vn -0.136623174 -0.7272983789 0.6725854278
v -101.2655182 75.56178284 24.9437027
vn -0.6980886459 -0.1196966916 0.7059355378
v -99.07377625 80.59924316 21.21274757
vn -0.355378747 -0.02373217419 0.9344210625
v -98.6808548 79.77986145 24.9437027
vn -0.2684464753 0.6152806878 0.7411924005
v -100.7665634 77.97170258 24.9437027
vn -0.6331149936 0.3573370874 0.686640799
v -96.39674377 76.16759491 26.63109589
vn 0.1963458806 0.02887844853 0.980109334
v -97.43297577 78.86279297 25.89822388
vn -0.01140285656 0.5263742208 0.8501765132
v -97.44842529 72.72980499 25.60170174
vn -0.01408735104 -0.5827915072 0.8124995828
v -98.55792999 72.99902344 25.60170174
vn -0.2419395894 -0.552747786 0.79745543
v -95.57941437 75.10825348 26.34443855
vn 0.2772125602 -0.156452775 0.9479851127
v -101.7817001 77.97101593 19.20820808
vn 0.1513217688 0.2036409527 -0.9672807455
v -99.77546692 78.08330536 25.60170174
vn -0.4241470993 0.3558095098 0.832765758
v -100.8927841 72.68865204 22.20275688
vn -0.6500459909 -0.5618513823 -0.5116280317
v -95.58879852 77.71525574 26.12133026
vn 0.2746290565 0.3124126792 0.9093828797
v -96.31375122 72.85629272 25.60170174
vn 0.1685398817 -0.5397176743 0.8248025179
v -98.65059662 77.95985413 26.12133026
vn -0.2525362372 0.370652318 0.8937797546
v -102.1830368 76.76161194 17.74999809
vn -0.7536124587 0.1827899069 -0.6313921809
v -97.31399536 76.48588562 26.69054794
vn -0.02420049906 0.1053397208 0.9941417575
v -97.45484161 77.93996429 26.34443855
vn 0.02534618229 0.3172743917 0.947995007
v -83.30393219 52.81283951 17.70490837
vn 0.5537646413 0.1292005032 0.822588563
v -100.7384567 79.55657196 19.89889336
vn 0.3444749117 0.1687787473 -0.9234992266
v -99.5199585 40.5664711 23.84031296
vn -0.4026923776 -0.08474856615 -0.9114035964
v -99.95472717 43.27596664 24.33039474
vn 0.150051415 0.03280421346 0.9881338477
v -81.7915802 46.43491745 17.62260818
vn 0.4797191918 0.09538833797 0.8722216487
v -97.74662781 34.25468063 23.66024971
vn -0.3142588437 -0.06579134613 -0.947054863
v -81.53520966 43.27055359 17.22882271
vn -0.3427921832 -0.06908476353 -0.9368675351
v -97.07876587 74.56260681 26.48776627
vn 0.06272315234 -0.276047498 0.95909518
v -93.45246124 22.43669701 22.97639847
vn -0.4144025743 -0.09905643016 -0.9046868682
v -94.94400024 26.57585144 23.73898506
vn 0.03665789962 -0.04522142559 0.9983041883
v -89.34495544 10.93095398 22.33761215
vn -0.3266986012 -0.07058437169 -0.9424892068
v -97.20420074 55.56084442 22.34307098
vn -0.2797928452 -0.05817779526 -0.9582960606
v -100.0699463 75.44190216 11.74999619
vn 0.8916642666 0.3648637533 -0.2679724693
v -80.06754303 27.62055397 18.35521698
vn 0.6009756327 0.07406868041 0.7958279252
v -99.41363525 72.74346161 11.74999619
vn -0.5429145098 -0.8159429431 -0.1986982673
v -83.76357269 27.43252182 19.56329536
vn -0.3945444822 -0.07477757335 -0.9158291221
v -97.33937836 71.06376648 17.74999809
vn -0.03126582131 -0.9607613087 -0.275608629
v -101.8317337 74.03359222 22.46502113
vn -0.9219898582 -0.369828552 -0.1147235855
v -100.7813034 93.18987274 20.99191093
vn 0.3356895447 0.06728767604 -0.9395663142
v -78.72805786 7.685950756 19.26947212
vn 0.6424692869 0.0573659949 0.7641612291
v -111.9885788 103.4319382 17.18849182
vn 0.2791464031 0.05450945348 -0.9587001801
v -83.5187149 52.76568985 17.25586319
vn -0.277025193 -0.04813805223 -0.9596560597
v -79.1644516 6.816776276 19.17994499
vn -0.3752925992 -0.145213902 -0.9154607654
v -94.5247879 108.7451477 24.33039856
vn -0.1249214336 -0.02833545394 0.9917619228
v -85.87902832 4.896875381 22.36649513
vn 0.283882618 -0.001058269874 0.9588584304
v -87.14522552 5.125351429 22.21434784
vn -0.2486267537 -0.1792815328 -0.951862812
v -87.46367645 5.390230656 22.57267761
vn 0.0372143425 -0.1352191716 0.9901165962
v -96.87433624 71.04212952 21.23701286
vn -0.3085946143 -0.1279919595 -0.9425430894
v -78.95970917 8.597976685 18.89624405
vn -0.246961683 -0.07593110949 -0.9660457373
v -112.6879425 105.5861969 17.62260818
vn -0.5287885666 -0.1032570824 0.8424491882
v -92.647789 77.98752594 22.46502113
vn 0.8807611465 0.3139503896 -0.354534775
v -95.16422272 71.4805069 20.58491325
vn -0.3309873044 -0.1583402008 -0.9302557707
v -85.97328186 8.100069046 21.7371273
vn -0.2900978327 -0.05648396537 -0.9553286433
v -80.23368073 6.006443024 20.27544403
vn 0.4777854681 -0.2421666384 0.8444384933
v -79.87046814 16.64512062 18.54642868
vn -0.3033730388 -0.07201624662 -0.9501465559
v -86.83013153 4.979999065 22.40615845
vn 0.08035672456 -0.1561004817 0.9844670892
v -83.31126404 5.370167732 21.62849617
vn 0.329153806 0.04230018333 0.9433283806
v -96.31713867 78.74589539 11.74999619
vn -0.1301299036 -0.9566898346 -0.2604050934
v -90.81018066 15.63700199 23.0464077
vn 0.02484363504 -0.04657202587 0.9986059666
v -87.94024658 6.123315334 22.60946846
vn 0.1679902822 0.01678012498 0.9856458306
v -98.82299042 71.31594849 21.80647278
vn -0.3200457394 -0.2883931994 -0.9024412036
v -93.17674255 73.14597321 20.11860657
vn 0.5967091322 -0.04280558228 0.8013150692
v -96.25482941 71.10852814 23.75
vn 0.1623825431 -0.976710856 0.1402420849
v -93.18696594 75.9148407 24.9437027
vn 0.6927339435 0.008226247504 0.7211462855
v -93.34874725 74.86813354 24.9437027
vn 0.6791706681 -0.2151221931 0.7017475367
v -93.86739349 73.76663208 24.9437027
vn 0.6090313792 -0.3994498849 0.6852157116
v -100.6271591 78.05828094 17.74999809
vn -0.9070497155 0.385261029 -0.1698078662
v -96.19054413 71.76300812 24.5822258
vn 0.1406978369 -0.7231493592 0.6762093902
v -114.1331482 146.0552368 20.32049179
vn -0.4572352469 0.2343470156 0.857914567
v -102.1900787 75.45871735 23.75
vn -0.9896101952 -0.1061912775 0.09692818671
v -95.24251556 80.57359314 23.75
vn 0.4167588949 0.8593313098 0.2964147329
v -110.4179382 97.2758255 17.30770493
vn 0.264105767 0.04285382479 -0.9635412097
v -92.46047974 77.41362762 23.75
vn 0.9611830711 0.2509123087 0.1147613451
v -99.23701477 71.44754028 23.75
vn -0.4490897954 -0.8616545796 0.2363678664
v -100.9367981 72.72314453 22.7202301
vn -0.2554395497 -0.3050563633 0.917437315
v -99.35684967 71.50914764 22.45410156
vn 0.1986622959 -0.03709220514 0.9793658257
v -100.0682678 76.19046021 25.89822388
vn -0.503249228 0.05258390307 0.862539947
v -99.67971039 72.34356689 24.5822258
vn -0.4488800466 -0.5964387059 0.6654078364
v -93.35309601 77.15158081 24.9437027
vn 0.6577982306 0.2173344046 0.7211568952
v -100.7322388 79.55912781 20.45131493
vn -0.4942745864 0.02610880323 0.8689136505
v -99.84189606 80.28009033 23.75
vn -0.5104933977 0.8472684622 0.1467399448
v -98.01819611 74.23210907 26.34443855
vn -0.1719837338 -0.3694110811 0.9132124782
v -98.63758087 76.38123322 26.48776627
vn -0.3117060959 0.1347747445 0.9405716658
v -99.31530762 80.5406189 20.58491325
vn 0.3043180406 0.2136768401 -0.9282956123
v -101.7829742 57.65942764 23.42281914
vn -0.359110862 -0.06813268363 -0.9308046699
v -102.2316818 76.12480164 18.94381714
vn -0.7586535215 -0.06687909365 -0.648052454
v -100.8101959 74.2412262 11.74999619
vn -0.9067233801 -0.4067546129 -0.1113705635
v -100.9206467 48.08850479 23.80086517
vn -0.4196115434 -0.07768715173 -0.9043731689
v -101.4589691 54.5862999 24.05592537
vn 0.07973197103 0.05292793363 0.9954102039
v -98.49801636 75.28073883 26.48776627
vn -0.2746485472 -0.1540989131 0.9491162896
v -90.33283997 42.08118057 20.99160385
vn -0.3355822265 -0.06634294987 -0.939671874
v -89.28582001 57.15184021 19.40341568
vn -0.3880737126 -0.07998994738 -0.9181505442
v -79.23847198 12.40952206 19.14765167
vn 0.5555429459 0.08172839135 0.8274614811
v -97.64724731 34.3311615 24.14812088
vn 0.2258685082 0.03757964447 0.9734326601
v -88.66414642 8.915459633 22.76137161
vn 0.04608923942 -0.03140744567 0.9984434843
v -88.03045654 31.48956108 21.46103668
vn 0.3357815444 0.06671305001 0.9395744205
v -83.27605438 25.64845085 20.04456902
vn 0.3982846141 0.07519326359 0.9141746759
v -80.85395813 40.24932861 17.73140717
vn 0.4605600834 0.08097811788 0.8839269876
v -82.64451599 5.504137039 20.77957916
vn -0.331720531 -0.09334690124 -0.9387480021
v -80.02759552 6.05729866 19.74606895
vn -0.3600886464 -0.1638718098 -0.9184128642
v -79.17652893 6.558059216 19.57742119
vn 0.6077018976 -0.08353599906 0.7897595167
v -86.27290344 4.846051693 22.06473732
vn -0.2819093168 -0.203604728 -0.9375885129
v -90.4247818 24.58761597 22.14418983
vn -0.2748522162 -0.05055728555 -0.9601563811
v -99.79943085 71.77631378 17.74999809
vn -0.5170247555 -0.8173264861 -0.2542888224
v -85.65377808 7.107827663 22.2204113
vn 0.254870832 0.04331905022 0.966004312
v -87.87923431 5.910411358 22.2794323
vn -0.4119398892 -0.1312099397 -0.9017147422
v -80.34242249 29.07371521 17.82187843
vn -0.2525796592 -0.06357625127 -0.9654851556
v -96.05532074 71.17063904 21.47590256
vn 0.3335288167 0.02575334534 0.9423880577
v -94.57363129 74.97891998 25.89822388
vn 0.5161034465 -0.1670081615 0.8400866389
v -95.44663239 73.78406525 25.89822388
vn 0.3242279291 -0.3919088244 0.8609783649
v -94.83823395 72.74853516 24.9437027
vn 0.4203861952 -0.5951901078 0.6848534346
v -81.71906281 11.56894398 19.97036934
vn -0.38747558 -0.07520398498 -0.9188073874
v -106.8317184 146.4592285 22.30433083
vn 0.3287599683 0.1751082242 -0.928037703
v -93.92204285 78.31272888 24.9437027
vn 0.5301115513 0.3909254372 0.7524353862
v -90.24712372 24.2477951 22.63253403
vn 0.2702668905 0.04888951406 0.9615433812
v -95.12268829 80.51197052 22.45410156
vn -0.1885960549 0.04945270345 0.9808088541
v -95.02809906 71.5475235 23.75
vn 0.4807117283 -0.8527764678 0.2041777968
v -100.3999557 73.68399811 17.74999809
vn -0.7605839372 -0.6248046756 -0.1764401793
v -93.33968353 76.44532013 17.74999809
vn 0.9637418985 0.1322303116 -0.2317686677
v -93.58674622 79.33246613 22.20275688
vn 0.6033494473 0.4737567008 -0.6415013671
v -113.585762 143.9568939 20.45329285
vn -0.3811947405 -0.07096618414 0.9217669964
v -114.8565598 135.3383789 18.97919464
vn -0.5557801723 -0.07562401891 0.8278824687
v -113.1656494 142.9848633 20.00736046
vn 0.3990036547 0.07785848528 -0.9136378765
v -106.8288269 136.9876862 22.36553955
vn -0.268230319 -0.047670573 0.962174654
v -101.5683441 78.49136353 19.9500885
vn -0.8546723723 0.3059811294 0.4194170833
v -94.48049164 80.15743256 17.74999809
vn 0.5801267028 0.7872175574 -0.2091446221
v -95.02809906 71.5475235 17.74999809
vn 0.4382338226 -0.8442889452 -0.3084270954
v -101.573616 73.62342834 17.74999809
vn -0.8639116883 -0.4591169655 -0.2070463151
v -101.473999 78.57022858 17.74999809
vn -0.7370681167 0.4797241688 -0.4760202765
v -93.01988983 99.30571747 23.66161156
vn 0.4055597186 0.07550639659 -0.9109446406
v -108.3023605 147.170105 22.33318138
vn -0.2476172894 0.1559207886 0.9562292695
v -113.6255722 111.7717896 17.73140907
vn -0.4516697228 -0.08034320176 0.8885602951
v -100.0011597 111.1519089 22.9520359
vn -0.2793660164 -0.05420631543 0.9586533904
v -114.3606796 122.8396759 18.26186943
vn -0.6115032434 -0.07343436033 0.7878268957
v -112.2165375 146.4403229 20.64352417
vn 0.3280083835 0.1043256521 -0.9388965368
v -107.6145935 147.019165 22.49158669
vn -0.08886118978 0.1891750246 0.9779143333
v -96.92360687 80.98149109 23.75
vn 0.09659422189 0.9540885687 0.2835217416
v -80.89376068 8.064232826 20.45328331
vn 0.3986359835 0.07367277145 0.9141453505
v -101.896286 74.18935394 23.75
vn -0.9240173697 -0.3150676191 0.2166201025
v -99.50842285 73.63147736 25.60170174
vn -0.4171124995 -0.4015996158 0.8153128028
v -46.01517487 54.71893692 0.7500020266
vn 0.5086624622 0.8596122265 0.0482634902
v -79.30089569 66.64957428 -1.250001431
vn 0.7836538553 -0.2036008537 -0.586884439
v -80.94512939 71.70339966 -24.25000763
vn 0.7903255224 0.3928139508 -0.4701943696
v -83.46277618 75.11864471 -24.25000763
vn 0.4381489158 0.8314225078 -0.3417048156
v -79.27693939 66.95343018 7.75
vn 0.1695329994 -0.06336014718 0.9834856391
v -84.65987396 76.07217407 -22.35839844
vn 0.3753692806 0.8597711325 -0.3462535739
v -50.36574936 56.22034836 7.288321018
vn 0.3479487002 0.5874696374 0.7306237817
v -48.95927429 56.02420425 6.007831097
vn 0.4934759736 0.8571505547 0.1475613713
v -49.8143692 54.80791473 -1.132880211
vn 0.07110407948 0.09227406979 -0.9931916595
v -48.20136642 54.572258 7.097024918
vn 0.5560503006 0.4612933993 0.6913873553
v -83.55587769 81.79611969 1.749998927
vn 0.9224827886 0.3844285011 -0.03521689028
v -82.04807281 64.27923584 -25.98401833
vn 0.7179619074 -0.6601464152 -0.2207654864
v -80.20053864 64.83513641 -24.25000763
vn 0.8416061401 -0.5374757648 -0.05309377611
v -84.99849701 74.36833954 -26.13843727
vn 0.2159667611 0.9026956558 -0.3721544743
v -87.14325714 75.34443665 -24.25000763
vn -0.1370133162 0.6986223459 -0.7022494078
v -82.5526123 74.69436646 11.62900925
vn 0.8070540428 0.3976815343 0.4364781082
v -55.88626099 47.94163895 -1.250001431
vn 0.04302994162 0.007905979641 -0.999042511
v -47.20136642 46.71110916 -1.145263433
vn 0.1687710881 -0.03909074888 -0.9848797917
v -85.07888794 62.86459732 -26.09559441
vn 0.2018712461 -0.9305123687 -0.3056055903
v -84.40278625 77.64295197 -16.77245712
vn 0.702486217 0.6745331287 -0.2269760966
v -45.93785477 51.49983597 5.944031715
vn 0.9836454988 0.1782131344 0.02610659786
v -80.36818695 68.59684753 -26.47830772
vn 0.1610676944 0.02674804442 -0.9865808487
v -86.83304596 86.49451447 11.44349957
vn 0.7026816607 0.6960960627 0.1472711116
v -80.8433609 73.24748993 7.55335331
vn 0.1385362744 0.1725245863 0.9752143025
v -79.23465729 67.44244385 11.4960146
vn 0.8901564479 -0.1223070174 0.4389334023
v -82.2714386 75.09259796 6.691336632
vn 0.5396085382 0.8261323571 0.1622590125
v -86.02832031 62.66989517 -24.25000763
vn -0.07842732221 -0.8513452411 -0.5187103152
v -84.23747253 74.19273376 -24.25000763
vn 0.2375437319 0.8071258068 -0.5404821634
v -80.36511993 66.89309692 -24.25000763
vn 0.7718527913 -0.261656642 -0.5794644356
v -45.7612915 47.52268219 0.04914579913
vn 0.9842489958 -0.01545024943 -0.1761113852
v -82.3081665 65.49195099 7.75
vn -0.7079806328 0.6108310819 0.3544697762
v -88.64309692 62.37628174 -24.25000763
vn -0.1684580892 -0.9834646583 -0.06647618115
v -82.10805511 63.02420044 11.50642681
vn 0.4341621697 -0.6425132155 0.6314110756
v -82.47756958 77.44434357 11.40744209
vn 0.9651311636 0.1907817125 0.1792320609
v -81.63932037 74.02921295 -0.9435229301
vn 0.5808964968 0.5501526594 -0.5999093652
v -46.87494278 53.56144333 6.257830143
vn 0.944604516 0.2583385408 0.2024439126
v -80.1092453 67.93598938 -25.81445503
vn 0.9946292639 -0.07968272269 -0.06605561078
v -81.17103577 69.57585907 7.75
vn -0.9620044231 -0.1674189717 0.2156811953
v -85.95111847 68.60675049 -14.25
vn 0 6.123234263e-17 1
v -79.10288239 69.23587799 -24.25000763
vn 0.9944791794 0.08931140602 -0.05508789048
v -83.72476959 65.33397675 -14.25
vn -0.5620663762 0.8182579875 0.1205624118
v -92.57777405 61.90982819 -1.296874285
vn 0.1838740259 -0.982647419 -0.02437925339
v -86.66583252 64.85077667 -14.25
vn 0.3243653476 0.941181004 0.09468606114
v -92.25893402 62.11421967 11.51126099
vn 0.2104470581 -0.9676454067 0.1391921043
v -84.62850189 61.80183792 -1.250001431
vn 0.08861991018 -0.8949841857 -0.4372068048
v -58.9463501 40.69136429 -1.00252533
vn -0.1390882879 -0.2126201391 -0.9671851397
v -82.30350494 69.61322784 7.75
vn -0.8839828372 -0.46240592 0.06895703822
v -56.25722504 38.81520844 6.368718147
vn -0.1105977446 -0.9806500673 0.1615350842
v -52.52704239 40.01366806 -0.7845181823
vn 0.04980939254 -0.1824713647 -0.9819486737
v -85.64935303 72.37861633 7.75
vn -0.06909306347 -0.9858952761 0.1524356902
v -50.31580353 41.07707596 7.258946896
vn 0.2511577308 -0.399053812 0.8818593025
v -91.240242 89.63479614 1.749998927
vn 0.3463802636 0.9114322662 -0.2220627815
v -90.23248291 72.55979919 -26.00915527
vn -0.6489219069 0.7034392953 -0.2899542153
v -55.41716003 49.3900795 -1.250001431
vn 0.005990874488 -0.02278611436 -0.9997224212
v -84.51757812 61.94371796 11.48785877
vn 0.1979005784 -0.9625819921 0.1851249039
v -81.77542114 63.14400482 7.75
vn 0.1141609177 -0.1970607638 0.9737219214
v -86.20055389 82.46215057 7.75
vn -0.4070470333 -0.2324526161 0.8833337426
v -97.27848816 73.14330292 -8.249999046
vn 0.0334332101 0.9934126735 0.109606199
v -84.2936554 76.54367065 7.75
vn -0.5210162997 -0.1086347103 0.8466053009
v -85.66744232 64.79392242 7.75
vn 0.005196047481 0.9975097179 0.07033786178
v -46.98603439 50.58599854 -1.038381577
vn 0.1844707429 0.04864279181 -0.981633544
v -89.34261322 70.52275848 7.75
vn 0.8277701735 -0.5268328786 0.1929863244
v -89.76550293 65.37403107 11.74999619
vn -0.07593997568 0.9679672122 0.2393168509
v -97.23978424 76.01056671 -8.249999046
vn 0 6.123234263e-17 1
v -87.55958557 64.04908752 11.74999619
vn 0.22758241 0.7321810722 0.6419634819
v -95.2181778 74.0187912 7.75
vn -0.5051551461 0.3719982207 0.7787397504
v -97.13671112 61.25487137 11.4463501
vn -0.04189505056 -0.9785932899 0.2014945
v -86.34926605 73.93741608 -26.60121918
vn -0.01217915677 0.137363255 -0.9904458523
v -90.55908966 62.59220505 0.3243139684
vn -0.4599646032 -0.8631367087 -0.208392933
v -91.56201172 68.18384552 -26.35077095
vn -0.2909553051 -0.05651938915 -0.9550657272
v -86.62811279 86.5304184 1.749998927
vn 0.7024719119 0.6929673553 -0.1622636318
v -90.91971588 73.43738556 -24.25000763
vn -0.5242927074 0.4255312383 -0.737590909
v -98.76005554 78.36061859 -8.249999046
vn 0.6384946108 -0.7546421289 0.1511288136
v -81.33265686 73.65120697 -24.25000763
vn 0.8370268345 0.5448692441 -0.05003606528
v -81.21886444 66.1493988 -26.59455681
vn 0.1970138401 -0.08363838494 -0.9768266082
v -87.25878143 84.27285004 11.74999619
vn -0.6610253453 -0.6021929979 0.4476706684
v -46.45200729 44.82401657 0.01887467317
vn 0.9284723997 -0.2647713721 -0.2604518533
v -83.62625885 79.09545135 -8.203122139
vn 0.8023934364 0.5734550357 -0.1652699411
v -97.66230011 61.07571793 1.749998927
vn -0.03861054033 -0.9971536994 -0.0647591278
v -94.6232605 63.49492264 7.75
vn -0.009191884659 0.4841332436 0.8749459982
v -82.36360168 73.18478394 -26.04423523
vn 0.6274832487 0.7608555555 -0.1654194146
v -92.26729584 65.9484024 -24.25000763
vn -0.6847001314 -0.3098792434 -0.6596670151
v -82.86975098 66.17675781 7.75
vn -0.8505999446 0.5254349113 0.01994749904
v -85.65036774 63.70468521 7.75
vn -0.04775070399 0.9741539359 0.2207804024
v -90.43373108 62.64749908 6.691318989
vn -0.5235190392 -0.8382666111 0.1524363905
v -98.99369049 88.77278137 7.75
vn 0.1024137288 -0.4810727835 0.8706781268
v -104.7698593 86.46273804 7.75
vn 0.2305106521 -0.3409361839 0.9113876224
v -90.74550629 89.25587463 11.54344463
vn 0.4538933039 0.8694750667 0.1949204654
v -89.16394043 66.70806885 7.75
vn 0.8297570944 0.5432972312 0.127794072
v -100.8409653 63.56399155 7.75
vn 0.1054898277 0.3645969629 0.9251707792
v -46.17898941 51.59534454 0.07187765837
vn 0.9164997935 0.2800837159 -0.2856242955
v -97.29951477 75.48607635 -18.8012886
vn -0.4000281692 0.1750091612 -0.8996384144
v -89.28844452 66.54229736 -14.25
vn 0.8185687661 0.5496040583 0.1669746339
v -109.2169647 80.75366211 11.74999619
vn 0.7800194621 -0.2662804127 0.5662723184
v -102.5383911 87.83470917 11.74999619
vn 0.3450415432 -0.8349739313 0.4286780655
v -90.4751358 82.51896667 -12.16688156
vn 0.2112523317 0.8725693226 -0.4404488504
v -107.8618774 86.24007416 11.48671055
vn -0.6921865344 0.6920232177 0.2048942894
v -89.59609222 63.98468399 -24.25000763
vn -0.6253433228 -0.6138473153 -0.4818061292
v -91.52210236 70.13533783 -26.15292931
vn -0.8304264545 0.3515391052 -0.432217747
v -92.23195648 69.33617401 -24.25000763
vn -0.7759043574 0.07279616594 -0.6266363263
v -89.53695679 62.76076889 11.46148586
vn -0.07538838685 -0.9042550921 0.4202847481
v -107.3453064 65.07931519 1.749998927
vn -0.6822654605 -0.6848020554 -0.2560467124
v -53.7628746 38.8181572 0.4921678007
vn 0.1699429452 -0.983566463 -0.06096237153
v -108.4947891 66.50123596 11.54387093
vn -0.7520260811 -0.6190693974 0.2262960076
v -55.3563118 49.33282852 7.75
vn 0.01111194212 -0.02673964575 0.9995806813
v -49.20290375 55.74272537 -0.4390094876
vn 0.3838164508 0.5966644883 -0.7047527432
v -102.7007523 62.10391998 1.749998927
vn -0.3628711104 -0.9224718809 -0.1317960769
v -79.21707916 70.4245224 7.75
vn 0.3779519796 0.1266061366 0.9171276689
v -88.30516052 77.58878326 -20.41601562
vn 0.04947908223 0.8577107191 -0.5117461085
v -46.01517487 54.71893692 5.749997139
vn 0.927791059 0.3086054623 0.2096818388
v -100.9927979 85.77352905 -8.05632019
vn -0.1991579235 0.9142248034 -0.3528868258
v -83.79949951 62.07491684 -24.25000763
vn 0.3397496343 -0.9396591783 -0.04013522714
v -99.30012512 81.93971252 -14.64799404
vn -0.250456959 0.6537678242 -0.7140440345
v -79.29246521 70.34744263 -1.247482896
vn 0.5503949523 0.2316035181 -0.8021379113
v -110.043129 74.58779907 11.74999619
vn 0.9005221128 0.08575037122 0.4262708127
v -80.83900452 70.70981598 -26.40890121
vn 0.4720953107 0.1794911027 -0.8630810976
v -97.16384888 86.02610016 -7.96548605
vn 0.06800036132 0.9540952444 -0.2916817963
v -83.84065247 82.34881592 11.48114109
vn 0.8703675866 0.4187664688 0.2590268254
v -103.6848907 86.04385376 -4.124961376
vn -0.3617997468 0.9092048407 -0.2060280293
v -46.65106583 51.61641312 7.176497459
vn 0.5936695337 0.1982074976 0.7799168229
v -107.5028839 76.87302399 -8.827224731
vn -0.8993177414 0.01049687061 -0.4371698499
v -87.31837463 74.30452728 -26.00369072
vn -0.2366635501 0.9347701073 -0.2649438679
v -105.3115005 79.26167297 -11.7596426
vn -0.7508766055 0.3512920439 -0.5592657328
v -106.134964 66.82563019 7.75
vn 0.2999233007 0.3266633749 0.8962907195
v -103.3783112 89.51122284 11.47887516
vn -0.394274354 0.9052648544 0.1582506001
v -46.98832703 53.84637833 0.4921678007
vn 0.9558196068 -0.03263174742 -0.2921371162
v -111.6249542 79.72875977 1.749998927
vn -0.9535676241 0.2401057929 -0.1818185747
v -49.03155136 43.72834778 7.684395313
vn 0.06778097898 -0.05841956288 0.9959884286
v -94.4298172 76.40824127 -8.249999046
vn -0.9938828349 -0.07436576486 0.08164934069
v -56.13396454 48.08032608 7.75
vn 0.03035524301 0.01075313333 0.9994813204
v -82.57060242 75.25326538 -17.68017387
vn 0.8933792114 0.4435303807 -0.07179389149
v -87.3866272 82.2866745 -10.28515339
vn 0.4222532511 0.8310675621 -0.3619790673
v -80.41751099 64.69982147 11.51521206
vn 0.8125773072 -0.529951036 0.2426314652
v -46.46395493 45.61141968 6.966022015
vn 0.5751265287 -0.2535474896 0.7777809501
v -47.15808487 43.12583923 0.431625545
vn 0.8093327284 -0.5834720135 -0.06738655269
v -100.8124237 76.34866333 -16.76066971
vn -0.5782670379 0.1257163882 -0.8061033487
v -95.91095734 78.61234283 -8.249999046
vn -0.3956445754 -0.9109346271 0.1168907508
v -85.03553772 80.13455963 11.74999619
vn -0.8479093313 -0.2618026435 0.4609870911
v -89.47612 72.20661926 -26.6848259
vn -0.1271455735 0.09372253716 -0.9874462485
v -89.19915009 64.90940857 7.75
vn -0.0305338148 0.6409719586 0.7669567466
v -59.37559509 40.41921234 7.333123207
vn -0.3136207163 -0.4547170103 0.8335912824
v -84.37808228 74.44115448 11.74999619
vn -0.8867979646 -0.2246797234 0.4038668275
v -83.68445587 72.93502808 7.75
vn -0.3321132362 -0.174371928 0.9269818068
v -95.16914368 73.88322449 -8.249999046
vn -0.7419691682 0.647370398 0.1743367761
v -61.05417633 40.51915359 0.166973412
vn -0.5890995264 -0.8043563962 -0.0772818774
v -104.6062241 89.01849365 1.749998927
vn -0.4758807719 0.8558526635 -0.2026171386
v -97.95682526 88.87275696 11.74999619
vn -0.02029506303 -0.8880272508 0.4593427181
v -106.2463989 70.77152252 -5.955850601
vn -0.8164228797 -0.3716022968 -0.4420015812
v -107.0013885 80.76714325 -8.130830765
vn -0.8366732597 0.3569116294 -0.4154418111
v -101.8737259 69.65446472 -13.56825256
vn -0.6876165867 -0.5124115348 -0.5144101977
v -107.315918 82.95142365 -4.684998035
vn -0.8106144071 0.5173659325 -0.2742933333
v -95.11303711 77.7986908 7.75
vn -0.4276081622 -0.2442277372 0.8703470826
v -104.3891678 76.53701782 -13.57992363
vn -0.7480398417 0.06327925622 -0.6606301069
v -45.73484421 48.77428818 6.555773735
vn 0.9868298769 -0.07191915065 0.144894436
v -91.46576691 75.74900055 -21.40624619
vn -0.4026368856 0.6805648208 -0.6121397018
v -88.14820862 62.06218338 -1.056025982
vn -0.1522824615 -0.4984517694 -0.8534376621
v -95.03002167 73.75197601 -20.02517319
vn -0.5467299223 0.3321510553 -0.7686104774
v -95.08953094 78.57113647 -18.10125923
vn -0.0763150081 0.5823718309 -0.80933249
v -98.6391983 90.77571869 1.749998927
vn -0.03676714748 0.9645172954 -0.2614470124
v -102.641983 68.34391022 -10.31797886
vn -0.7263689041 -0.5392544866 -0.4261370301
v -88.16509247 74.15876007 -24.25000763
vn -0.3506450057 0.8794231415 -0.3219673932
v -81.7098465 66.19842529 11.74999619
vn -0.7596097589 0.3407346606 0.5539791584
v -111.1185608 70.91607666 11.48913479
vn -0.919200778 -0.3134179413 0.2384094745
v -91.86801147 80.63874054 -15.77267075
vn 0.06211236492 0.7797176838 -0.6230428815
v -83.7002182 63.97695541 -26.68997574
vn 0.02376464196 -0.1441666335 -0.9892680049
v -94.89264679 70.49489594 -21.40624619
vn -0.7377970219 0.05294648185 -0.672942996
v -79.32971954 69.95730591 11.54665565
vn 0.7556075454 0.2149238735 0.6187608242
v -85.95111847 68.60675049 -26.75000572
vn -0.01402827445 -0.01791409589 -0.999741137
v -87.11410522 61.89950562 7.634307384
vn -0.06494218111 -0.1891989708 0.9797888994
v -80.70385742 72.91389465 11.44637108
vn 0.792586565 0.5070796013 0.338639617
v -87.51625824 62.05469131 11.52559853
vn -0.1238172054 -0.7753354907 0.6192932725
v -110.0071487 77.72652435 7.75
vn 0.531560123 -0.05765059218 0.845056355
v -91.43862152 63.6293335 -22.00927925
vn -0.5267949104 -0.7980499864 -0.2925805151
v -84.53703308 72.11650848 -14.25
vn -0.55783391 -0.8229049444 0.1079294831
v -89.88106537 64.38534546 -26.19932747
vn -0.6339076757 -0.7097104788 -0.3073630929
v -100.0189896 75.30446625 7.75
vn 0.3143590689 0.1051593572 0.9434616566
v -82.6771698 72.22193909 11.74999619
vn -0.6916846633 -0.4806388021 0.5390349627
v -98.230896 65.08615875 -12.79882622
vn -0.6220718026 -0.6819980741 -0.3845845461
v -81.04684448 69.28601074 11.74999619
vn -0.7729013562 -0.1315789223 0.6207338572
v -57.07777023 40.7056427 7.67108202
vn -0.0179543253 -0.07086127996 0.9973245859
v -87.83810425 63.28933334 -26.27010727
vn -0.1641127914 -0.3892451525 -0.9063968062
v -49.27251053 42.75949097 -1.107079148
vn 0.09320310503 -0.1101357564 -0.9895368814
v -99.76222992 74.90019226 -8.249999046
vn 0.9497148991 0.292140156 0.1126752347
v -99.61646271 90.63744354 11.42644882
vn -0.1077110544 0.9547434449 0.2772422433
v -91.84568024 87.70903778 11.74999619
vn -0.3235867321 -0.7769825459 0.5399904847
v -105.8566208 85.23913574 -1.873412609
vn -0.5680550337 0.7135637999 -0.410049051
v -46.09903336 45.22582245 5.944031715
vn 0.9437775612 -0.3278469741 0.04242952541
v -101.5631332 83.91901398 -11.27992344
vn -0.3619642556 0.7620857358 -0.5368493795
v -108.6156387 82.21337891 7.75
vn 0.3750879169 -0.2337520421 0.897033453
v -108.5337677 82.3642807 -0.6914672256
vn -0.8334974051 0.3637087345 -0.4159303606
v -98.01789093 73.25063324 7.75
vn 0.2211805284 0.5295544267 0.8189330101
v -104.5161285 63.23358917 11.46473408
vn -0.4492222667 -0.8781157732 0.1646573246
v -90.98622131 63.09885406 -17.56591606
vn -0.1159678102 -0.9924944639 -0.03880944476
v -97.48742676 83.5715332 -13.21232033
vn -0.01136842743 0.8146283031 -0.5798719525
v -82.16937256 68.47834015 -14.25
vn -0.9920402169 -0.02388280444 0.1236359999
v -102.7346725 64.46529388 11.74999619
vn 0.2882561684 0.8352267146 0.4682997763
v -107.8834991 68.75373077 11.74999619
vn 0.7350633144 0.5191429853 0.4360876679
v -93.79849243 85.21860504 -7.715026855
vn 0.0627193749 0.9097057581 -0.4104895592
v -102.4871521 73.08361053 -15.24622536
vn -0.6716659665 -0.2384086847 -0.7014457583
v -97.92070007 71.32752991 -18.12117958
vn -0.6382216215 -0.104618229 -0.7627111077
v -110.7632446 69.64347076 1.749998927
vn -0.859595418 -0.4744452834 -0.1897297353
v -111.0508499 81.28184509 11.44538498
vn -0.9084112644 0.3962338269 0.1333707422
v -102.9912567 81.27063751 -12.91548538
vn -0.5839661956 0.4574920237 -0.6705852151
v -108.7226181 85.53065491 1.749998927
vn -0.8023610115 0.5813977718 -0.1348829418
v -97.77396393 78.88277435 7.75
vn 0.01502991281 -0.503849864 0.8636605144
v -104.6097641 84.15919495 -7.721048355
vn -0.5994855762 0.6798111796 -0.4224615693
v -107.8455658 74.57927704 -6.821236134
vn -0.9296187758 -0.2736887634 -0.2467862219
v -111.8949203 76.12606049 11.57166958
vn -0.9770643711 0.03046520241 0.2107535154
v -109.1040268 76.70211792 -2.299506426
vn -0.8900495172 -0.009482025169 -0.4557651877
v -49.8491745 40.47127151 0.4921678007
vn 0.558482945 -0.8251984715 -0.08452358097
v -82.27865601 75.87016296 0.2591552734
vn 0.7434306145 0.6615073681 -0.09858480841
v -97.57575226 63.37725449 -9.828122139
vn -0.3926739395 -0.8869726658 -0.243077457
v -93.81428528 62.56723785 -10.74218464
vn -0.1139097586 -0.9834955931 -0.140573889
v -94.6232605 63.49492264 11.74999619
vn -0.1079115197 0.7981093526 0.5927702188
v -90.93876648 66.06632233 -26.28742218
vn -0.494379282 -0.262963146 -0.8285164833
v -94.51773071 90.48526001 11.536726
vn 0.1499286443 0.9733842015 0.1733336598
v -90.57318115 72.25171661 -24.25000763
vn -0.6860181689 0.5041934848 -0.5245646238
v -105.3846817 72.85875702 -11.37194538
vn -0.8177352548 -0.3627904654 -0.4468692839
v -112.0449295 73.78637695 1.749998927
vn -0.9657768011 -0.1004127413 -0.2391493171
v -59.64428711 39.77309418 6.271171093
vn -0.5589283705 -0.820633173 0.1189971566
v -49.06642914 56.14535522 0.4921678007
vn 0.4365240335 0.6934092641 -0.5732628703
v -106.0380402 85.52244568 11.74999619
vn 0.6645576358 -0.6104572415 0.4309351444
v -109.5645523 72.01239014 7.75
vn 0.4855436087 0.1750055999 0.8565164804
v -94.29818726 88.62931824 7.75
vn -0.1094390601 -0.5525833368 0.8262413144
v -90.42120361 87.02840424 7.75
vn -0.2577346265 -0.3404272497 0.9042577744
v -81.07333374 63.68096542 -1.250001431
vn 0.5200321078 -0.6101639867 -0.597717762
v -99.55079651 77.83304596 7.75
vn 0.6955422163 -0.3208762705 0.6428526044
v -49.49313354 41.24858093 -0.5055219531
vn 0.5085170865 -0.5434343219 -0.6678993106
v -82.85446167 63.60074997 -24.25000763
vn 0.4503550529 -0.7020487189 -0.5516411066
v -54.56609726 48.37430191 -1.250001431
vn -0.1490858644 -0.02501949854 -0.988507688
v -89.724823 69.40678406 -14.25
vn 0.9881761074 -0.1173203066 0.09871131182
v -53.94225311 39.09149551 6.687241077
vn 0.1795343012 -0.8926255703 0.4135057628
v -92.82299805 77.49558258 -18.80576324
vn -0.2371412665 0.6417751312 -0.7293069959
v -84.22040558 63.9679985 11.74999619
vn -0.3350872397 0.762804985 0.5530326962
v -49.17256927 54.00196457 7.668597698
vn 0.03715520352 0.04899290949 0.9981077909
v -108.9674149 78.86882019 -3.827202082
vn -0.9617912769 0.138848722 -0.2359630764
v -82.30775452 74.5838623 -8.445311546
vn 0.8665497303 0.4989530146 -0.01172611956
v -99.4974823 69.26319122 -15.6598177
vn -0.68879807 -0.3919431865 -0.6098669767
v -82.73201752 72.71600342 -26.66613579
vn 0.09379027784 0.10741961 -0.9897800088
v -54.73396683 48.08298874 7.75
vn -0.1258466691 0.161890775 0.9787512422
v -99.16094208 79.30580139 -16.65847015
vn -0.3888869882 0.4227371812 -0.8185720444
v -47.96066666 42.12913895 6.257830143
vn 0.7359225154 -0.6604225636 0.1491980553
v -94.52159882 84.18123627 -11.59329224
vn 0.207729429 0.8723494411 -0.4425549805
v -100.2677307 86.77290344 -3.81165266
vn -0.1847715974 0.8833405972 -0.4307770729
v -95.09526062 67.37997437 -20.56835938
vn -0.7465724945 -0.4337598681 -0.5044620037
v -50.68496704 39.94395065 6.121977329
vn 0.431982249 -0.8974676132 0.08912458271
v -47.00122452 48.9697113 7.632083416
vn 0.1190390959 -0.001930861268 0.9928876758
v -55.47142029 39.16600037 -0.5180197954
vn -0.03706800565 -0.6839420199 -0.7285940647
v -58.24591827 39.21567917 0.2555212379
vn -0.2416163832 -0.9638242722 -0.1125358567
v -88.01555634 71.94406891 -14.25
vn 0.4548955262 -0.8848705292 0.100370273
v -108.064476 -104.200325 11.74998665
vn -0.939874053 0.3289377987 0.09185127169
v -108.093895 -104.4808044 8.749997139
vn -0.4165528715 0.09599953145 -0.9040286541
v -95.40213776 -104.9017715 20.74998856
vn 0.3081053793 0.9026729465 0.3004207313
v -91.06706238 -97.05807495 8.749997139
vn 0.2664672732 0.3875523508 -0.8824955225
v -100.0582733 -96.27577209 8.749997139
vn -0.07358855009 0.3071005344 -0.9488276839
v -93.070755 -96.2540741 8.749997139
vn 0.1554922163 0.4628303647 -0.872702837
v -107.4772415 -102.6002045 8.749997139
vn -0.4161044359 0.1850983948 -0.8902784586
v -101.9633789 -96.91520691 11.74998665
vn -0.1555217057 0.3135084808 0.9367632866
v -108.1431885 -108.1700516 11.74998665
vn -0.06120526046 -0.004129772075 0.998116672
v -108.5454559 -105.6107712 8.749997139
vn -0.3741345108 0.2298567742 -0.8984370828
v -107.8323364 -111.1984558 8.749997139
vn -0.4809769392 -0.1708789468 -0.8599194884
v -98.26609802 -109.914856 20.74998856
vn -0.3081057966 -0.9026728272 0.3004206419
v -87.12493896 -113.7338562 8.749997139
vn 0.3721138239 -0.315435946 -0.8729441166
v -93.55314636 -96.37242889 11.74998665
vn 0.0407996811 0.1609417945 0.986120224
v -91.57842255 -96.97803497 11.74998665
vn 0.1747344434 0.3025470972 0.9369808435
v -91.02136993 -97.46907806 11.74998665
vn 0.03193511441 0.04537510499 0.9984594584
v -103.8354263 -98.17431641 8.749997139
vn -0.1703736633 0.1472037584 -0.9743222594
v -108.3224258 -108.1860428 8.749997139
vn -0.3491409421 0.005594981369 -0.9370535016
v -105.5636826 -115.1689758 11.74998665
vn -0.3209672272 -0.290709734 0.9013699889
v -100.0591354 -118.6335754 11.74998665
vn -0.2746065557 -0.9545536041 0.1158390939
v -98.51127625 -109.8268738 8.749997139
vn -0.4235800207 -0.5477369428 -0.7215013504
v -98.61009979 -118.9519424 8.749997139
vn -0.02338295244 -0.5205670595 -0.853500545
v -86.43861389 -102.4558029 8.749997139
vn 0.3689139485 0.2370155603 -0.8987358212
v -99.28665161 -96.15607452 8.749997139
vn -0.1270875335 0.4402138591 -0.8888534904
v -98.28885651 -104.9149094 11.74998665
vn -0.09725013375 0.2766619623 0.9560337663
v -86.47853851 -102.1069107 11.74998665
vn 0.8216871023 0.5486313701 0.154382363
v -107.3712997 -102.3723984 11.74998665
vn -0.8730542064 0.4859065711 0.04087997228
v -95.40213776 -104.9017715 11.74998665
vn 0.2642677426 0.3079670668 0.9139577746
v -99.72084045 -107.4214401 11.74998665
vn -0.4024866223 0.07556057721 0.9123020768
v -99.19797516 -105.6124191 8.749997139
vn -0.5920831561 0.3566357195 -0.7226676345
v -85.62091827 -103.580658 11.74998665
vn 0.877761066 0.4737714827 0.07124638557
v -87.47257996 -100.7002487 11.74998665
vn 0.7445632815 0.4415718615 0.500639379
v -97.94324493 -118.9463577 11.74998665
vn -0.0339413397 -0.149529323 0.9881745577
v -106.2385788 -100.4811401 8.749997139
vn -0.2199845463 0.2783141434 -0.9349588156
v -95.41603088 -119.1716385 8.749997139
vn 0.001488952897 -0.9999489188 0.009996335022
v -96.00913239 -118.9681473 8.749997139
vn -0.01932326704 -0.3200926483 -0.9471891522
v -94.19952393 -118.9601746 11.74998665
vn 0.3890616 -0.919080019 0.06263359636
v -97.21292877 -119.1742249 8.749997139
vn -0.1027392372 -0.9915850163 -0.07876392454
v -94.7093811 -118.8942947 8.749997139
vn 0.07115929574 -0.3310409486 -0.9409294724
v -86.95636749 -101.0044174 8.749997139
vn 0.8914711475 0.4484395981 -0.06466177851
v -86.95016479 -101.4925995 11.74998665
vn 0.8953934908 0.3126573265 0.3170423508
v -87.8164444 -100.124733 8.749997139
vn 0.2920486927 0.1803461015 -0.9392458797
v -107.7553101 -103.2674408 11.74998665
vn -0.5573980212 0.2160471529 0.8016427159
v -97.73899078 -104.5809021 8.749997139
vn -0.256898433 0.7167076468 -0.6483311653
v -95.37940216 -109.9017181 20.74998856
vn 0.582678616 -0.6666685343 0.4647996128
v -89.14964294 -98.61276245 11.74998665
vn 0.6770446897 0.7285524607 0.1040276513
v -97.68907166 -104.631279 -7.9551754
vn -0.3592543006 0.9291884899 -0.0868626684
v -93.06793976 -118.09478 11.74998665
vn 0.2650019526 -0.7624844313 0.5902469158
v -88.61248779 -99.11021423 8.749997139
vn 0.2711722851 0.3278677464 -0.904968679
v -108.0543594 -105.2399063 8.749997139
vn -0.4006425142 0.005861647427 -0.9162157178
v -98.59001923 -118.789772 11.74998665
vn -0.004756534472 -0.2583555877 0.9660381675
v -92.82752991 -118.37854 8.749997139
vn 0.1560210735 -0.4293501377 -0.8895593882
v -108.4689255 -106.3647308 8.749997139
vn -0.5334022045 -0.000427506282 -0.8458616138
v -96.01741028 -95.58802032 8.749997139
vn -0.01528782584 0.9947523475 -0.1011636928
v -96.77043152 -95.72972107 11.74998665
vn -0.008957441896 0.3282101452 0.9445622563
v -98.47496796 -95.84390259 8.749997139
vn -0.06107299402 0.219356522 -0.9737313986
v -98.38022614 -96.08872223 11.74998665
vn -0.1312290281 0.9281395674 0.3483330011
v -99.5632019 -118.7640686 8.749997139
vn -0.05859929696 -0.2099663168 -0.9759509563
v -85.28803253 -105.9873962 8.749997139
vn 0.36250332 0.1055041999 -0.9259914756
v -88.32176971 -115.1614456 8.749997139
vn 0.07816991955 -0.08170693368 -0.993586123
v -85.5324173 -109.0843506 8.749997139
vn 0.2785200477 0.01566587389 -0.9603026509
v -87.76816559 -114.9175491 11.74998665
vn 0.9012185931 -0.4311337769 0.04391693324
v -85.53393555 -109.0830002 11.74998665
vn 0.209486559 -0.06057562679 0.975933373
v -86.60383606 -112.6939774 8.749997139
vn 0.5133450627 -0.1809318662 -0.8388924003
v -88.7121582 -115.800415 8.749997139
vn 0.3348736167 -0.2849030793 -0.8981591463
v -88.89110565 -115.9716339 11.74998665
vn 0.2899025381 -0.3081771135 0.9060813189
v -99.75480652 -96.00439453 11.74998665
vn -0.1190080345 0.9916257262 0.05015475675
v -89.44391632 -116.4524994 8.749997139
vn 0.2734553814 -0.3608572185 -0.8916301131
v -93.71228027 -96.2483139 8.749997139
vn 0.1360103041 0.4577971697 -0.8785914779
v -92.17553711 -96.51409912 11.74998665
vn 0.3010831177 0.9534660578 -0.01585591026
v -100.6669388 -96.19688416 8.749997139
vn -0.2135310769 0.9768968225 0.008776890114
v -91.85282135 -96.89265442 8.749997139
vn 0.164623633 0.4268040657 -0.8892341256
v -105.3355255 -115.3509369 8.749997139
vn -0.3311237395 -0.3120053113 -0.8905109763
v -86.36566925 -111.7371597 11.74998665
vn 0.1209981069 -0.1010018438 0.987500906
v -104.3065948 -98.647789 8.749997139
vn -0.09276577085 0.1446463615 -0.9851253629
v -103.5362167 -97.63751984 11.74998665
vn -0.7250719666 0.6839115024 0.08084355295
v -95.70067596 -118.8657761 11.74998665
vn -0.0063029062 -0.21762079 0.9760130644
v -95.37940216 -109.9017181 11.74998665
vn 0.1665972322 -0.4739426374 0.8646523952
v -97.8716507 -118.8757095 8.749997139
vn -0.03865557536 -0.2429736257 -0.9692623615
v -86.20035553 -112.0234222 8.749997139
vn 0.3811880946 -0.1621885151 -0.9101595879
v -103.9516144 -116.6684875 8.749997139
vn -0.2628042102 -0.3510332108 -0.8987267017
v -86.09862518 -103.236351 11.74998665
vn 0.8513661623 0.3310452104 0.4069209993
v -88.30938721 -115.259964 11.74998665
vn 0.2095226943 -0.2211865634 0.9524582624
v -103.4434814 -97.66682434 8.749997139
vn -0.4296428859 0.8994860053 -0.07957325876
v -90.21324921 -116.9207001 8.749997139
vn 0.2796197832 -0.3196343482 -0.9053434134
v -107.0996628 -112.9787521 8.749997139
vn -0.3696088195 -0.1806762964 -0.911452353
v -85.00496674 -106.7316589 8.749997139
vn 0.9791345596 -0.1993350089 -0.03950965405
v -92.79282379 -96.54593658 11.74998665
vn 0.09497348964 0.2962340713 0.9503816962
v -85.44042206 -110.6595154 8.749997139
vn 0.8419514298 -0.5344119668 -0.07430796325
v -94.15565491 -108.5748672 8.749997139
vn 0.6372634172 -0.2806210816 -0.7177375555
v -90.54705811 -117.4512024 8.749997139
vn 0.4741626978 -0.8767690659 -0.08028514683
v -85.86840057 -110.9228516 11.74998665
vn 0.2348151505 -0.1456659287 0.9610636234
v -98.00009918 -95.61733246 11.74998665
vn -0.2542621493 0.9613949656 0.1052166
v -90.31367493 -97.60709381 11.74998665
vn 0.5505549908 0.8347902894 0.003789305221
v -90.71342468 -97.56803894 8.749997139
vn 0.2515642941 0.368493557 -0.8949457407
v -97.48806763 -95.91121674 11.74998665
vn 0.04403204843 0.2334421277 0.97137326
v -89.33686829 -98.45148468 8.749997139
vn 0.2523709238 0.3665415645 -0.8955200911
v -85.98054504 -102.6557999 11.74998665
vn 0.9046185613 0.426140219 0.00835440401
v -93.92591095 -107.0213089 -7.8712883
vn 0.9949502349 0.09978955984 -0.01077610906
v -96.40919495 -119.08078 11.74998665
vn 0.07309032977 -0.9963755012 0.04351626709
v -94.78004456 -105.3623505 -7.840961456
vn 0.6640195847 0.7472712994 -0.02576156706
v -101.3828354 -117.7965927 11.74998665
vn -0.02927218378 -0.08910360187 0.9955921173
v -97.1811676 -95.82435608 8.749997139
vn 0.03443693742 0.3221643865 -0.9460572004
v -86.73484039 -101.7231369 8.749997139
vn 0.3307452202 0.158413142 -0.930329442
v -94.58195496 -95.94709778 8.749997139
vn 0.05889251456 0.4583919942 -0.8867967129
v -85.56443787 -104.3359756 11.74998665
vn 0.9941692352 -0.01200466044 0.1071607843
v -91.91323853 -117.9477921 8.749997139
vn 0.2211512625 -0.3893606663 -0.8941422701
v -91.3336792 -117.3202057 11.74998665
vn 0.04325260967 -0.09939777106 0.994107306
v -99.47767639 -108.6413422 -7.885035992
vn -0.9131850004 -0.4074633121 -0.008169807494
v -85.63530731 -104.4270935 8.749997139
vn 0.3261630833 0.003416841151 -0.9453073144
v -105.7555618 -99.61122131 8.749997139
vn -0.8093717694 0.5792971253 -0.09660282731
v -98.98265839 -95.7562561 11.74998665
vn -0.3110249341 0.9476172328 0.07269859314
v -107.0374527 -101.725235 8.749997139
vn -0.368182838 0.1635189503 -0.9152611494
v -104.975502 -98.90547943 8.749997139
vn -0.6354497075 0.768149972 -0.07841723412
v -106.8947067 -101.8059235 11.74998665
vn -0.651071012 0.3065029085 0.6943792105
v -108.5980911 -108.8209686 8.749997139
vn -0.9576305151 -0.2847016752 -0.04345985875
v -85.46109772 -109.8640213 8.749997139
vn 0.3802904487 -0.03926746175 -0.924033165
v -106.8018188 -101.002739 8.749997139
vn -0.7321764231 0.6810470819 0.00962138176
v -96.46111298 -95.99280548 8.749997139
vn -0.05161176249 0.3751169145 -0.9255395532
v -105.5950546 -100.2179642 8.749997139
vn -0.2031243742 0.08110882342 -0.9757878184
v -102.1872253 -97.02612305 8.749997139
vn -0.2460332811 0.3977102041 -0.8839085102
v -106.2130356 -100.8813095 11.74998665
vn -0.7716223598 0.5967760682 0.2201299965
v -99.72084045 -107.4214401 20.74998856
vn -0.9757471085 -0.1923923045 0.1044161394
v -106.2308578 -100.1911392 11.74998665
vn -0.7276995778 0.6790348291 0.09677283466
v -108.4787979 -105.6815948 11.74998665
vn -0.9842805862 0.1355125606 0.1132608727
v -90.74198151 -117.4813538 11.74998665
vn 0.242653504 -0.5085704327 0.8261206746
v -89.68600464 -116.5912247 11.74998665
vn 0.2228527516 -0.3499009609 0.9098933935
v -85.16721344 -107.9641266 8.749997139
vn 0.3707445264 0.06479680538 -0.9264717102
v -85.25399017 -107.8930359 11.74998665
vn 0.3572250009 0.07037432492 0.9313634038
v -85.40769958 -107.169838 11.74998665
vn 0.04242013395 -0.01192416716 0.9990286827
v -105.4708633 -99.54417419 11.74998665
vn -0.8591535687 0.4994829893 0.1112289876
v -107.2191467 -112.7523041 11.74998665
vn -0.3485685289 -0.1405252963 0.9266890883
v -97.91021729 -110.0178452 -8.025855064
vn -0.2671907842 -0.9493999481 -0.1650720388
v -96.75901794 -110.3512268 -7.863643646
vn 0.00515112374 -0.9999017715 -0.0130330855
v -100.510231 -118.4946136 8.749997139
vn -0.1455000043 -0.4604339898 -0.8756884933
v -88.72425842 -99.23075867 11.74998665
vn 0.6463409662 0.7476167679 0.1526843756
v -102.7710724 -97.40053558 11.74998665
vn -0.0429831259 0.08921632916 0.9950843453
v -93.73358154 -118.6240311 8.749997139
vn 0.1250391752 -0.4151687622 -0.9011104703
v -85.94843292 -103.1734161 8.749997139
vn 0.3318342566 0.1823994964 -0.9255357385
v -106.4166183 -113.6307983 11.74998665
vn -0.149464339 -0.1329719871 0.9797850847
v -99.28861237 -118.9215927 11.74998665
vn -0.2848999798 -0.9548486471 0.08423806727
v -107.6020584 -111.8192444 11.74998665
vn -0.4409961402 -0.1430171877 0.886040926
v -106.0285645 -114.6123123 8.749997139
vn -0.1748292297 -0.1395071298 -0.9746653438
v -106.182991 -114.4092712 11.74998665
vn -0.3889325261 -0.2283242047 0.8925242424
v -96.71208191 -118.8356247 8.749997139
vn 0.04922640324 -0.3552379012 -0.9334788918
v -88.08106232 -99.53659058 11.74998665
vn 0.7318257093 0.671979785 0.113464877
v -87.51679993 -100.7987518 8.749997139
vn 0.1838808954 0.2370712012 -0.9539313912
v -108.5098572 -107.083252 11.74998665
vn -0.18249093 0.03096598014 0.982719779
v -87.50343323 -100.1059265 11.74998665
vn 0.6470230222 0.7591137886 0.07146649808
v -86.60690308 -113.3908691 8.749997139
vn 0.3162567317 -0.3001174033 -0.8999506831
v -108.30616 -106.3800735 11.74998665
vn -0.2332298011 0.005167017691 0.972407937
v -103.6559448 -117.0959015 11.74998665
vn -0.4637237489 -0.8858475089 -0.01531231683
v -104.8838425 -115.8701782 11.74998665
vn -0.1813490689 -0.1881957948 0.9652433991
v -86.76271057 -112.6052704 11.74998665
vn 0.8784703016 -0.3725850284 0.299115926
v -85.97549438 -110.9524841 8.749997139
vn 0.3003508747 -0.0363310203 -0.9531366229
v -85.03666687 -109.6032028 11.74998665
vn 0.9978717566 -0.05297709629 0.03801807389
v -93.43844604 -118.6799316 11.74998665
vn 0.2785380781 -0.9544922709 0.106588155
v -91.69820404 -117.8974457 11.74998665
vn 0.6236103773 -0.7648545504 0.1615784615
v -99.55476379 -118.4054184 11.74998665
vn -0.03295179084 -0.08815453202 0.9955615997
v -85.75243378 -111.6015091 8.749997139
vn 0.3461831808 -0.2404584289 -0.9068279862
v -99.7201767 -106.7440872 -7.811509609
vn -0.9816899896 0.1897559017 -0.01665650494
v -101.3717422 -118.1227112 8.749997139
vn -0.1743451804 -0.4028248787 -0.8985186815
v -85.27114105 -105.7674332 11.74998665
vn 0.5378204584 0.1601788402 0.8277027607
v -85.3762207 -110.4254684 11.74998665
vn 0.9908345938 -0.08599177748 0.1041737348
v -87.69125366 -114.8237 8.749997139
vn 0.3347202241 -0.3123338819 -0.8890500069
v -87.00579834 -114.0257645 11.74998665
vn 0.9280489087 -0.3654381335 0.07197376341
v -86.1965332 -112.24823 11.74998665
vn 0.8845139146 -0.4601903856 0.07655066252
v -86.64282227 -113.3004761 11.74998665
vn 0.9460698962 -0.2979623675 0.1271618307
v -108.6750336 -107.8316345 11.74998665
vn -0.9601717591 -0.2762994468 0.04157950357
v -87.24256897 -113.4417267 11.74998665
vn 0.08658090979 -0.07140371203 0.9936826825
v -96.32958221 -110.2283707 8.749997139
vn 0.1594979912 -0.6312202215 -0.759026587
v -101.0634537 -96.52243805 11.74998665
vn -0.3699207902 0.9269857407 0.0620971173
v -107.529953 -112.098465 8.749997139
vn -0.4235610664 -0.1741453111 -0.8889710307
v -98.26609802 -109.914856 11.74998665
vn -0.3827959895 -0.4460975826 0.8089895844
v -96.33992767 -105.0149155 -8.228363991
vn 0.03124845587 0.1468672603 -0.9886624813
v -99.34662628 -107.8826904 -8.201617241
vn -0.1433505416 -0.05409775302 -0.9881923199
v -94.38233185 -106.4556961 -8.185018539
vn 0.152087301 0.05747716501 -0.9866943955
v -94.29934692 -108.3556976 -8.088899612
vn 0.9091072679 -0.2961256504 -0.292973727
v -106.5428696 -113.8214951 8.749997139
vn -0.3830760419 -0.283593595 -0.8791060448
v -100.3372192 -96.4338913 11.74998665
vn -0.05124419183 0.2237253189 0.9733041525
v -108.4083176 -104.8736115 11.74998665
vn -0.997631073 -0.06597047299 0.01949708723
v -85.69018555 -109.9030685 11.74998665
vn 0.1424625665 -0.05882905424 0.9880504012
v -85.05779266 -108.7138596 8.749997139
vn 0.894598484 -0.4433487356 -0.05599539354
v -105.6118851 -100.2370758 11.74998665
vn -0.4961811304 0.7651615143 0.4102829397
v -85.75243378 -111.6015091 11.74998665
vn 0.9797901511 -0.1835907996 0.07940832525
v -99.25996399 -96.33169556 11.74998665
vn -0.02849824354 0.08868161589 0.9956522584
v -85.54489136 -103.8111191 8.749997139
vn 0.9819688201 0.1806567609 -0.0556807369
v -99.04293823 -105.9617386 -8.163879395
vn -0.1245615855 0.09975486994 -0.9871845841
v -105.071991 -99.48715973 8.749997139
vn -0.7101626396 0.6781362891 -0.1892095059
v -106.7697296 -101.0945435 11.74998665
vn -0.8690345883 0.4839817584 0.1026673615
v -92.507164 -118.3562622 11.74998665
vn 0.264749676 -0.962762773 0.05473122001
v -96.83411407 -107.4083176 -8.250008583
vn 0.003998943139 -0.03076552227 -0.9995186329
v -85.32050323 -107.2389679 8.749997139
vn 0.1455222666 -0.0006350357435 -0.9893547893
v -102.7444 -97.52469635 8.749997139
vn -0.1047820449 0.2054506242 -0.9730420113
v -87.66641998 -114.2215271 8.749997139
vn 0.4495131671 -0.1975856274 -0.8711473942
v -108.5118942 -107.3402252 8.749997139
vn -0.427359432 0.003106214805 -0.904076457
v -85.12734985 -108.6458893 11.74998665
vn 0.9922264814 -0.08722746372 0.0887581557
v -87.55085754 -114.2246323 11.74998665
vn 0.7224855423 -0.6828848124 0.1080879048
v -91.23205566 -117.4716797 8.749997139
vn 0.1417716295 -0.360747844 -0.9218252301
v -93.97054291 -118.3770905 11.74998665
vn 0.02444808371 -0.06639620662 0.9974938035
v -90.30713654 -116.8952866 11.74998665
vn 0.07397338003 -0.08775682747 0.9933915138
v -104.1411285 -116.4605103 11.74998665
vn -0.6825635433 -0.7285225987 0.05798132718
v -103.6399155 -98.22969818 11.74998665
vn -0.6431727409 0.5447303653 0.5381428003
v -97.75835419 -95.59593201 8.749997139
vn 0.1501390189 0.9882902503 -0.02721507475
v -100.5241776 -118.1235504 11.74998665
vn -0.2308005244 -0.9109184146 0.3419923782
v -104.6997833 -116.0428085 8.749997139
vn -0.3046729863 -0.3396035433 -0.8898560405
v -99.67527771 -107.7962494 8.749997139
vn -0.5748615265 -0.08770829439 -0.8135364056
v -85.53117371 -105.1924896 8.749997139
vn 0.4330674112 0.1214104667 -0.8931472898
v -108.2617188 -109.3422165 8.749997139
vn -0.3177246153 -0.02506036311 -0.9478517771
v -108.6245499 -108.5797348 11.74998665
vn -0.977914691 0.1779118925 0.1096823886
v -87.98400116 -99.53038788 8.749997139
vn 0.9091438651 0.4164797068 -0.001457817387
v -94.65646362 -109.3453217 -7.885640144
vn 0.6436741948 -0.7652629018 -0.007498736493
v -108.1628342 -110.2468033 8.749997139
vn -0.404550612 -0.1221057177 -0.906327188
v -108.1013947 -110.4840393 11.74998665
vn -0.8964653015 -0.4066929817 0.1759282202
v -108.4386215 -109.8003998 11.74998665
vn -0.9969891906 -0.07326316833 0.02539801598
v -85.55596161 -105.0730743 11.74998665
vn 0.4266325533 0.07718146592 0.9011257887
v -96.05504608 -110.0074844 -8.087726593
vn 0.40763399 -0.8634753227 -0.2970604897
v -107.0064468 -113.4836807 11.74998665
vn -0.7840248346 -0.6191729307 0.04393085465
v -107.979805 -105.3194351 11.74998665
vn -0.03715802357 0.01770135574 0.9991526008
v -95.44772339 -95.97722626 8.749997139
vn 0.1026305035 0.3411231637 -0.9343992472
v -104.8874207 -98.82201385 11.74998665
vn -0.7814250588 0.6239874363 0.003815305652
v -96.63424683 -104.4978409 -7.893444061
vn 0.1558359712 0.9875729084 -0.02037016302
v -95.84197235 -95.67819977 11.74998665
vn 0.07209685445 0.9973945618 0.002474453999
v -94.21880341 -106.1063309 8.749997139
vn 0.5454016328 0.2675213218 -0.7943358421
v -108.1653748 -109.1722641 11.74998665
vn -0.9361567497 -0.2806997895 0.2117029876
v -88.13980103 -100.1315536 11.74998665
vn 0.4247741103 0.2720109522 0.8634679914
v -90.11144257 -98.05556488 8.749997139
vn 0.1120654717 0.1436129808 -0.9832683206
v -104.308342 -98.54917145 11.74998665
vn -0.4758475721 0.8584376574 0.1914520562
v -89.92070007 -98.10446167 11.74998665
vn 0.3571943939 0.4940550625 0.7926675081
v -94.33561707 -95.99796295 11.74998665
vn 0.1192432046 0.4110260606 0.9037912488
v -85.08488464 -106.6762466 11.74998665
vn 0.9954714775 0.06794038415 0.06648817658
v -95.25282288 -95.92824554 11.74998665
vn 0.03624916077 0.29688254 0.954225719
v -103.0570297 -117.1886368 11.74998665
vn -0.05990499631 -0.09455655515 0.9937154651
v -101.1742859 -118.3510284 11.74998665
vn -0.3742979467 -0.9212888479 0.1054890677
v -102.8343353 -117.5363693 8.749997139
vn -0.2729213834 -0.4180385768 -0.8664627075
v -103.1651764 -116.919548 8.749997139
vn -0.2098759264 -0.3749545217 -0.9029735327
v -101.9448166 -118.0978928 11.74998665
vn -0.3700979352 -0.9266709685 0.06563874334
v -86.92510986 -100.9123077 11.74998665
vn 0.6771171093 0.7346742749 0.04202589765
v -102.2056122 -117.680481 8.749997139
vn -0.2272674739 -0.3634100556 -0.9034836292
v -102.335228 -117.5254135 11.74998665
vn -0.1855846643 -0.3067230582 0.9335305691
v -107.7361832 -111.1256256 11.74998665
vn -0.1231757179 -0.04606453702 0.991315186
v -101.3013916 -96.61768341 8.749997139
vn -0.1705858558 0.3378503919 -0.9256119728
v -107.8431015 -103.50457 8.749997139
vn -0.2186518013 0.07195023447 -0.9731467366
v -93.94741058 -107.395195 20.74998856
vn 0.9757484198 0.1923860759 0.1044157892
v -93.94741058 -107.395195 11.74998665
vn 0.4178845584 -0.07845353335 0.9051063657
v -98.8986969 -105.3739929 -7.914683819
vn -0.6701757312 0.742057085 -0.01468895562
v -96.08531189 -104.5619888 8.749997139
vn 0.2657199204 0.5979613662 -0.7561978102
v -94.95488739 -118.9365921 11.74998665
vn 0.03086607717 -0.372479111 0.9275271297
v -98.28885651 -104.9149094 20.74998856
vn -0.5826795697 0.6666682363 0.4647989273
v -92.52977753 -96.72750854 8.749997139
vn 0.1355710328 0.4100646079 -0.9019243121
v -98.70117188 -109.5918655 -7.984595776
vn -0.6616152525 -0.7479553819 -0.05317969248
v -97.33417511 -119.169693 11.74998665
vn 0.09983668476 -0.9949947596 0.004245315678
v 92.57009888 78.29567719 17.74999809
vn 0.7899397612 0.5884401798 -0.1724334657
v 92.16717529 78.8582077 11.74999619
vn 0.7400561571 0.6514086127 -0.1672833115
v 91.57121277 77.88967896 11.74999619
vn -0.6071791053 -0.7635044456 -0.2199876308
v 91.57121277 77.88967896 18.74999619
vn -0.7198430896 -0.4109214842 -0.5594367981
v 92.86401367 79.57012177 17.74999809
vn 0.6288822293 0.6840897799 -0.3694974184
v 93.15926361 77.06671906 11.74999619
vn 0.942935586 0.2597030401 -0.2083909214
v 94.46128082 83.20883942 18.77806854
vn -0.139177531 0.5230156183 0.8408830166
v 88.84815979 78.84792328 18.74999619
vn -0.00453562662 -0.9268708229 -0.3753530979
v 93.33586884 75.87922668 17.74999809
vn 0.976621151 0.02648435719 -0.2133300006
v 88.84815979 78.84792328 11.74999619
vn 0.3570608795 -0.9061603546 -0.226673618
v 93.16765594 74.86170197 11.74999619
vn 0.9542763829 -0.2697262168 -0.1288578659
v 92.74019623 73.91879272 17.74999809
vn 0.8279615045 -0.5374979973 -0.1599239856
v 92.10290527 75.05230713 18.74999619
vn -0.8558071852 0.4996981621 -0.1337750703
v 89.91149902 73.17318726 11.74999619
vn -0.354141742 0.8987499475 -0.2585190833
v 86.65672302 76.96880341 11.74999619
vn 0.955039382 -0.1426207572 -0.2599212527
v 86.65672302 76.96880341 18.74999619
vn 0.8558041453 -0.4997031093 -0.1337759644
v 91.43643188 80.54712677 17.74999809
vn 0.2899006605 0.6770591736 -0.6764233112
v 88.99006653 79.97622681 17.74999809
vn -0.2138627619 0.9619536996 -0.1700230241
v 71.08953857 80.7928772 23.42281914
vn -0.06344031543 0.3599683344 -0.9308050871
v 92.97119141 79.462677 19.89889336
vn 0.1742801517 -0.3479786515 -0.9211608171
v 86.47934723 80.05992889 23.75
vn -0.5362816453 0.7571587563 0.3729779422
v 92.10290527 75.05230713 11.74999619
vn -0.9623699784 0.1437118948 -0.2306314707
v 88.03923798 80.80773926 17.74999809
vn -0.2757429481 0.9264181256 -0.2563498616
v 91.14009094 71.33065796 23.75
vn 0.2056796104 -0.9624885917 0.1769507378
v 91.63043213 80.45603943 19.27849388
vn 0.2750540078 -0.1996631771 -0.9404678941
v 86.59246826 73.16290283 17.74999809
vn -0.6884676218 -0.7033584118 -0.1769161075
v 85.78660583 74.28797913 17.74999809
vn -0.8291887045 -0.5331884027 -0.1677981019
v 99.6193924 84.97302246 17.96673203
vn 0.0540090315 -0.3281208873 -0.9430904984
v 90.72039032 71.21337891 17.74999809
vn 0.2865642309 -0.9456176162 -0.1539099813
v 85.41412354 75.62080383 17.74999809
vn -0.9795913696 -0.09766452014 -0.1756770909
v 87.09468842 79.20083618 11.74999619
vn -0.5197553635 0.8244160414 -0.2240367979
v 86.47934723 80.05992889 17.74999809
vn -0.5694634914 0.8066961169 -0.15796417
v 84.70626831 77.65493011 21.80647278
vn -0.2592278719 0.3226976991 -0.9103115201
v 85.7072525 77.48701477 17.74999809
vn -0.9160538316 0.3319743872 -0.2250297517
v 84.40704346 75.70999908 21.23701286
vn -0.1536032408 0.311694324 -0.9376847744
v 90.45711517 80.87175751 19.4753952
vn 0.1903703362 0.9055668116 0.379088223
v 75.08753967 65.23615265 18.11759567
vn 0.150296554 -0.5657739043 0.810747087
v 70.41889191 68.30340576 19.40341759
vn -0.07481154799 0.3893561065 -0.9180441499
v 107.8559189 83.8483429 19.85197258
vn -0.07547656447 0.3913539052 0.9171398282
v 103.6720886 86.78495789 18.11760139
vn -0.1502969563 0.5657747388 0.8107464314
v 89.91149902 73.17318726 18.74999619
vn 0.004535031039 0.9268712997 -0.3753519356
v 61.5081749 80.05554199 23.80086517
vn -0.0715552941 0.4112018049 -0.9087315202
v 90.85627747 79.6831131 11.74999619
vn 0.4439747036 0.8666857481 -0.2274692208
v 55.36318207 69.54704285 20.99160385
vn -0.06226393208 0.3367184103 -0.9395444989
v 51.81697083 78.21309662 23.79138756
vn -0.06031627953 0.3183288574 -0.9460595846
v 66.0022049 62.37867737 17.70490837
vn 0.1185939834 -0.5336000919 0.8373807073
v 31.61199951 71.37475586 22.70134926
vn -0.09824073315 0.4315479696 -0.8967246413
v 85.78660583 74.28797913 11.74999619
vn -0.8580622673 -0.4354090989 -0.2723014951
v 89.30587769 81.00930023 19.15157509
vn -0.1072429046 0.9933142662 0.04272849485
v 88.99006653 79.97622681 11.74999619
vn -0.03333828226 0.9918884039 -0.1226620749
v 89.76081848 80.97693634 17.74999809
vn 0.03770400956 0.673310101 -0.7383981943
v 24.20863724 68.88573456 22.83108139
vn -0.04572896659 -0.01772219315 0.9987966418
v 85.92763519 79.58763123 22.19421005
vn -0.5484289527 0.6334426403 -0.5458718538
v 19.37715912 67.62394714 22.60946846
vn 0.008008879609 -0.1616432816 0.9868167639
v 20.33175087 65.32481384 22.2204113
vn 0.03969049081 -0.255163312 0.9660829902
v 69.39848328 76.20574188 22.82661629
vn 0.05482085049 -0.282009989 0.9578439593
v 21.12438202 58.33107376 19.25452614
vn 0.06374430656 -0.5875784159 0.8066524863
v 18.34350967 64.18010712 21.49686241
vn -0.08801583946 0.3296031952 -0.940007925
v 24.20271873 68.96578217 22.33761215
vn -0.053803958 0.2852503657 -0.9569416642
v 21.04486465 58.50282288 18.97441483
vn -0.07619113475 0.1466779709 -0.9862456322
v 19.18057442 59.85769272 19.81556892
vn -0.0811272487 0.3547391593 -0.9314389229
v 90.85627747 79.6831131 17.74999809
vn 0.3356193304 0.9261229038 -0.1722091287
v 18.12391663 65.5789032 22.36649895
vn 0.0148869371 -0.2780427933 0.9604533315
v 84.42272186 75.52337646 17.74999809
vn -0.9408065677 -0.1302997619 -0.3128977716
v 68.93138123 76.24188995 22.34307098
vn -0.05491240323 0.2810770273 -0.9581128955
v 40.63003922 63.16952896 19.56329727
vn -0.06955934316 0.3960959017 -0.9155706167
v 84.88829041 73.85733032 17.74999809
vn -0.8215325475 -0.4498246908 -0.350345552
v 42.7564888 75.46122742 23.41474342
vn -0.09630769491 0.4260929227 -0.8995385766
v 93.87132263 78.16378784 17.74999809
vn 0.7884108424 0.4154352248 -0.4536760151
v 53.40777969 60.09287262 17.73140717
vn 0.07444137335 -0.4526793361 0.8885605931
v 42.33123398 59.50226974 18.26186752
vn 0.06607439369 -0.6120871305 0.7880250812
v 21.32807732 65.63135529 21.73713684
vn -0.04934978858 0.2668550909 -0.9624723196
v 94.33690643 76.4977417 17.74999809
vn 0.9678938985 0.1340508312 -0.2126307338
v 19.39341545 67.6808548 22.31519318
vn -0.1359568238 0.4652437866 -0.874679327
v 86.14093018 79.75019073 22.7202301
vn -0.2798691988 0.2750329077 0.9197989702
v 92.08575439 73.12169647 11.74999619
vn 0.6687521338 -0.7081397176 -0.2265143543
v 89.05828094 79.28217316 25.60170174
vn -0.03775911406 0.5901773572 0.8063900471
v 91.66755676 79.35336304 24.9437027
vn 0.3687593341 0.542937994 0.7544765472
v 84.90641022 78.18621063 22.45410156
vn -0.03052872606 -0.1964817196 0.9800320864
v 94.34619904 75.62955475 23.75
vn 0.9519313574 -0.118669942 0.2823901176
v 90.57292938 79.88634491 24.9437027
vn 0.2003069818 0.6858690977 0.6996147037
v 88.03923798 80.80773926 23.75
vn -0.2127554119 0.9657027721 0.1488397717
v 91.28385925 72.03881836 24.5822258
vn 0.3133110106 -0.683134675 0.6596690416
v 79.14024353 67.0480957 17.96673203
vn -0.05148106068 0.32335338 -0.9448768497
v 37.87231064 69.86727142 22.14418983
vn -0.04698098823 0.2757708728 -0.9600746036
v 87.18841553 74.13143158 11.74999619
vn 0.6127655506 0.7705380917 -0.175469175
v 59.60507965 60.94968796 17.62260818
vn 0.09325762093 -0.5151730776 0.8519974947
v 89.16300964 73.18464661 25.89822388
vn -0.05338120833 -0.5101915002 0.8584026098
v 87.1634903 72.77210999 11.74999619
vn -0.6064596176 -0.7638832331 -0.220656231
v 88.01005554 72.60340118 25.3051796
vn -0.2321747392 -0.569685936 0.7883862257
v 86.84272766 71.71472168 19.9500885
vn -0.3357548416 -0.8132448196 0.4752910137
v 89.76081848 80.97693634 23.75
vn 0.142127648 0.9784526229 0.1497669518
v 85.89562225 72.45098877 23.75
vn -0.6925718188 -0.6996950507 0.1754170209
v 84.52484131 74.88937378 21.47590256
vn 0.01877249964 -0.3374076188 0.9411714673
v 85.62376404 77.53578949 24.9437027
vn -0.6342089176 0.2703703642 0.7243472338
v 87.18841553 74.13143158 18.74999619
vn 0.719841361 0.410923928 -0.5594371557
v 90.09017181 80.95031738 18.80230904
vn 0.009100987576 0.2337981462 -0.9722425342
v 92.72261047 73.72281647 24.9437027
vn 0.5623194575 -0.3700743318 0.7394875288
v 87.32318115 71.47399902 23.75
vn -0.3726655543 -0.9202357531 0.1195260733
v 86.75080109 74.88770294 25.89822388
vn -0.4718622863 -0.2184363753 0.8541847467
v 89.02685547 74.59310913 26.48776627
vn -0.06478177756 -0.2520669699 0.9655389786
v 80.34843445 80.84079742 22.82045937
vn -0.05431908742 0.3644960523 -0.9296193123
v 88.30251312 71.14935303 19.4753952
vn -0.107445702 -0.9369781017 0.3324566782
v 82.73685455 80.69394684 23.13308334
vn 0.06299377233 -0.1457758248 0.9873100519
v 84.55503082 77.24817657 17.74999809
vn -0.9618070126 0.2150747925 -0.1693225801
v 92.44528961 79.88140869 20.20070076
vn 0.05455093831 0.5508868098 0.8327952623
v 85.26931 78.82370758 17.74999809
vn -0.8087449074 0.5389909744 -0.2354153842
v 96.02278137 71.32717133 23.13308334
vn -0.06277374923 0.1452843845 0.9873965383
v 86.5415802 76.35263824 25.89822388
vn -0.482881844 0.0915112868 0.8708907962
v 70.90370178 68.17277527 19.85197258
vn 0.07562983781 -0.3899304867 0.917733252
v 87.51487732 77.51339722 26.12133026
vn -0.3771896958 0.2568486929 0.8898071051
v 85.71308899 75.81021881 25.3051796
vn -0.6493299007 -0.03818485513 0.7595476508
v 89.81002808 76.76264191 26.63109589
vn 0.1113249809 0.202518031 0.9729301929
v 91.17549896 77.60412598 26.12133026
vn 0.3240736723 0.3189273179 0.8906523585
v 88.37319183 78.20852661 26.12133026
vn -0.1853040308 0.3994347453 0.8978387117
v 87.83266449 74.1627121 26.12133026
vn -0.2946153283 -0.3694190979 0.8813236356
v 90.14562225 75.4864502 26.63109589
vn 0.1353874505 -0.1421182454 0.9805471301
v 91.07746124 74.28942108 26.12133026
vn 0.3665665388 -0.3214524984 0.8730963469
v 88.78775024 71.09831238 17.74999809
vn -0.188239187 -0.7679616213 -0.6122098565
v 87.76049805 71.33866882 19.07352638
vn -0.2334467024 0.09026082605 -0.9681712985
v 84.82304382 73.9943161 20.58491325
vn -0.1429103166 0.3339419961 -0.9316970706
v 90.45228577 72.17281342 11.74999619
vn 0.2883412838 -0.951556623 -0.1067671999
v 92.65376282 72.31450653 22.20275688
vn 0.5381112695 -0.7053031325 -0.461501658
v 86.89220428 72.37573242 24.5822258
vn -0.4130597115 -0.6488746405 0.6390175223
v 93.3034668 75.00408173 24.9437027
vn 0.7067508101 -0.1894267052 0.6816310287
v 91.89518738 72.82967377 24.9437027
vn 0.4230008423 -0.5427327752 0.7256110907
v 87.98144531 75.71837616 26.48776627
vn -0.2877864242 -0.04502469674 0.956635654
v 107.6700974 71.22823334 23.42281914
vn 0.06344021857 -0.3599694669 -0.9308046699
v 85.78844452 72.55844116 19.89889336
vn -0.1779907495 0.3406219482 -0.9231987596
v 123.3964462 82.47407532 20.99160385
vn 0.06203335896 -0.3365711272 -0.9396125674
v 110.7471771 71.51209259 24.05592537
vn -0.05188283697 0.08041587472 0.9954102039
v 88.99783325 76.31004333 26.69054794
vn -0.1216738969 0.07661315054 0.9896089435
v 117.251442 71.96557617 23.80086517
vn 0.07220406085 -0.4205904901 -0.9043728113
v 112.7574158 89.6424408 17.70490837
vn -0.121962592 0.5554053783 0.8225873709
v 159.2837067 92.8013382 19.44024467
vn 0.2731188834 -0.3719432652 -0.8871664405
v 138.8402863 77.66092682 23.73898506
vn 0.04569615051 0.03606406972 0.9983041883
v 156.581131 83.70975494 22.76137161
vn 0.03019743413 0.04449671879 0.9985530376
v 109.8282471 75.77922058 22.34307098
vn 0.05452121422 -0.2805282176 -0.9582960606
v 149.9471283 87.62264252 21.46012878
vn -0.06125574186 0.3352724314 0.9401277304
v 85.72715759 74.25948334 24.9437027
vn -0.6776587367 -0.2997157276 0.6715274453
v 122.0761871 72.86859894 24.33039474
vn -0.03084310517 0.1504666358 0.9881338477
v 140.1055756 89.09204102 19.60968208
vn 0.06978603452 -0.396784246 -0.9152552485
v 157.4315491 86.38975525 21.73713684
vn 0.05032655224 -0.2798732221 -0.9587169886
v 142.9985504 79.0983429 22.97640038
vn 0.09363928437 -0.4156575203 -0.9046880603
v 65.95785522 62.59404755 17.25586319
vn -0.04167766497 0.2706631422 -0.9617714882
v 128.8845215 92.18032837 17.87786102
vn -0.07397582382 0.4682761133 0.8804799914
v 109.3611374 75.81537628 22.82661629
vn -0.05441543832 0.2781360745 0.9589990973
v 158.5573883 93.35678864 19.16480255
vn 0.2367087901 -0.1837282032 -0.9540507793
v 68.01244354 80.5090332 24.05592537
vn 0.05188283324 -0.08041602373 0.9954102039
v 131.1255188 74.95877838 23.66024971
vn 0.06168428436 -0.3150905669 -0.9470549226
v 59.56522751 61.164711 17.172966
vn -0.0500045903 0.2750667334 -0.960123837
v 94.35257721 76.31111145 21.23701286
vn 0.1536031365 -0.3116944432 -0.9376847148
v 38.8397522 62.70534134 20.04456902
vn 0.06998670846 -0.3980024457 0.9147108197
v 92.28027344 71.96118927 17.74999809
vn 0.5668617487 -0.7913998961 -0.2288098335
v 93.49031067 73.19740295 17.74999809
vn 0.8041735888 -0.5516033173 -0.2214466929
v 35.76778412 72.81951141 23.4655056
vn -0.03938341513 -0.05243583024 0.9978473783
v 91.07623291 72.47193909 17.74999809
vn 0.4603512883 -0.8618542552 -0.2128001153
v 159.3662109 84.34026337 22.3151989
vn 0.1282620579 -0.4278001785 -0.8947266936
v 131.0503387 75.05914307 24.14812088
vn -0.03462841734 0.2263389826 0.9734328389
v 152.1248016 92.86687469 18.66443062
vn 0.06890952587 -0.3272612691 -0.9424179196
v 160.6353607 85.79343414 22.07047462
vn 0.2044570595 -0.2840777934 -0.936748147
v 47.70928192 76.9619751 24.14812088
vn 0.02922642045 -0.2146863788 0.9762456417
v 158.4278717 86.69631195 22.22042084
vn -0.03547923267 0.2431502193 0.9693395495
v 159.6908569 91.71155548 20.52672386
vn 0.2903395295 0.4846706688 0.8251044154
v 153.2103729 93.18023682 19.14765549
vn -0.07822182029 0.5468444824 0.8335720897
v 143.5624237 92.66712952 18.68612862
vn -0.0658948198 0.6175373793 0.7837764025
v 154.5569 83.05534363 22.33762169
vn 0.06646080315 -0.3273686171 -0.9425565004
v 94.05335236 74.36618042 21.80647278
vn 0.2614560127 -0.3274450004 -0.9079760909
v 89.85388184 72.00105286 24.9437027
vn 0.1029019728 -0.6774342656 0.7283501625
v 24.74112701 61.33220673 19.97036934
vn -0.07473148406 0.4091381133 -0.9094070792
v 93.95040894 77.96099854 21.14697647
vn 0.009730757214 0.3915772438 0.9200937748
v 89.21564484 71.06549072 23.75
vn 0.004726622254 -0.9933068752 0.1154084057
v 89.07500458 72.0374527 11.74999619
vn -0.1970980614 -0.9674106836 -0.1589619666
v 94.17698669 77.35113525 23.75
vn 0.9480507374 0.238490358 0.2105281651
v 85.41412354 75.62080383 11.74999619
vn -0.990233779 0.04179418087 -0.1330050379
v 85.7072525 77.48701477 11.74999619
vn -0.8594101071 0.4980625212 -0.115533486
v 159.3436127 84.37975311 22.62502861
vn -0.01281109639 0.1690159738 0.9855300784
v 92.56070709 78.52593994 24.9437027
vn 0.5248541236 0.4774463773 0.7046794295
v 84.55503082 77.24817657 23.75
vn -0.9289937019 0.2407820374 0.2810599506
v 84.42272186 75.52337646 23.75
vn -0.9794440269 -0.09653360397 0.1771177053
v 157.5336761 91.46837616 20.45329285
vn -0.06945242733 0.4153305292 0.9070153832
v 141.2294312 82.327034 22.63253975
vn -0.04737559333 0.2763029635 0.9599021673
v 136.5331879 92.29388428 17.82188416
vn 0.060981296 -0.2462852001 -0.96727705
v 92.28027344 71.96118927 23.75
vn 0.6183885336 -0.717261076 0.3211420476
v 93.85321045 73.83490753 22.45410156
vn 0.04254835099 0.2014140487 0.9785816669
v 85.39815521 73.07424164 20.70045471
vn 0.02429419756 -0.411405623 0.911128521
v 88.28540802 71.74412537 24.5822258
vn -0.1677358747 -0.7506220341 0.6390862465
v 85.26931 78.82370758 23.75
vn -0.7725068927 0.5360044241 0.3404884934
v 85.00699615 76.15572357 24.5822258
vn -0.7662103772 -0.04681346565 0.6408823133
v 93.41108704 76.40675354 24.9437027
vn 0.6943008304 0.05497159436 0.7175824046
v 90.26714325 73.76370239 26.12133026
vn 0.1770719439 -0.4634762406 0.8682368994
v 91.29768372 75.82279205 26.34443855
vn 0.3271703124 0.01174285542 0.9448924065
v 90.1541748 78.27702332 26.12133026
vn 0.1430431157 0.4455255866 0.8837678432
v 86.43939972 78.77729034 24.9437027
vn -0.4855975807 0.4770355225 0.7325518131
v 86.40866852 73.25058746 24.9437027
vn -0.4784451723 -0.4517085552 0.7530269623
v 89.20042419 71.02056122 18.94381714
vn 0.1220721453 -0.8938366771 -0.4314560592
v 112.8017654 89.42706299 17.25586319
vn 0.0445182547 -0.2776294351 -0.959656179
v 139.9198914 89.31578827 20.04457092
vn -0.07009919733 0.3948863745 0.9160517454
v 108.3407288 83.71769714 19.40341759
vn 0.07471862435 -0.3889504075 -0.9182236791
v 124.7911224 73.26796722 23.84031296
vn 0.07948577404 -0.4037643671 -0.9114034772
v 118.0872955 81.65341949 21.46194649
vn -0.06269427389 0.3357666433 0.9398564696
v 157.6765442 93.49602509 18.92677307
vn 0.08261559159 -0.1619846672 -0.9833288789
v 149.8321533 81.65164948 23.0464077
vn 0.04689193889 0.02423507534 0.998605907
v 157.5927582 91.23029327 20.01625824
vn 0.07152570039 -0.3781062663 -0.9229949713
v 140.8873291 82.15382385 22.14418983
vn 0.04696610942 -0.2754888237 -0.9601562619
v 122.321991 91.28646851 17.22882462
vn 0.06450103968 -0.3401505053 -0.9381563067
v 160.2930908 88.497612 21.22734833
vn 0.09038700163 -0.327865392 -0.9403905869
v 159.2109528 92.9818573 19.78008461
vn 0.1227067336 0.5366927385 0.8348077536
v 160.6380615 86.44734192 22.31386185
vn 0.05441870913 0.2728034556 0.9605295062
v 160.173645 84.87696075 22.26879692
vn 0.1332748383 -0.2766672671 -0.9516790509
v 94.20457458 74.77293396 17.74999809
vn 0.9411795139 -0.2104637623 -0.2643599212
v 119.1545486 91.07144165 17.62260818
vn -0.08373419195 0.4722961485 0.8774536848
v 87.32614899 80.56265259 22.46459198
vn -0.370949626 0.9233204126 -0.09937699139
v 160.2312927 85.04518127 22.52010536
vn 0.1544667929 0.038159132 0.9872608185
v 157.8837738 93.66914368 19.28979492
vn -0.06236948445 0.611374259 0.788879931
v 91.29668427 71.39317322 22.46502113
vn 0.3479796052 -0.927544713 -0.1362754107
v 160.1959686 89.01592255 21.62849808
vn -0.01324128825 0.3279905319 0.9445881844
v 98.41117859 71.18032837 22.82045937
vn 0.05498191342 -0.3645077646 -0.9295757413
v 93.93657684 78.02680206 20.58491325
vn 0.1429103613 -0.3339421153 -0.931697011
v 26.63482475 59.15424347 18.66443062
vn -0.06985390931 0.305980444 -0.9494716525
v 87.7345047 72.38130951 17.74999809
vn -0.3834930062 -0.9059066772 -0.1796279699
v 92.00882721 77.13341522 25.89822388
vn 0.5166959763 0.1644486785 0.8402273059
v 87.62874603 79.66320038 24.9437027
vn -0.2994437814 0.6333403587 0.7135919333
v 159.5781097 92.2687149 19.93520927
vn 0.4414142966 -0.1900123656 -0.8769542575
v 93.42918396 78.91101074 23.75
vn 0.7815957069 0.6024646759 0.1616923809
v 93.10237122 77.61580658 24.9437027
vn 0.676936388 0.286991924 0.6777851582
v 56.68344498 79.15251923 24.33039474
vn 0.0280897487 -0.1390995979 0.9898799062
v 18.56365967 63.00518799 21.62849617
vn 0.03926158696 -0.3294592202 0.9433531165
v 53.31004333 60.30456924 17.28468132
vn -0.068216905 0.3595234454 -0.9306392074
v 18.07824516 65.97341156 22.06473732
vn -0.2258905023 0.2470459193 -0.9423066378
v 21.22594452 60.55273819 20.45329285
vn 0.06823261082 -0.400901407 0.9135767221
v 19.15971756 59.91956329 20.27544403
vn -0.3126352727 -0.4896173775 0.8139619231
v 19.95602417 58.83984756 19.1799469
vn -0.1190559119 0.4002873003 -0.9086230397
v 84.88829041 73.85733032 23.75
vn -0.8845178485 -0.4089918435 0.2243965417
v 19.99507523 58.67446136 19.42138863
vn -0.1199493781 -0.6430720687 0.7563533783
v 28.81181335 59.06651306 19.01023674
vn 0.07409864664 -0.5425145626 0.836771965
v 91.99451447 80.21103668 23.75
vn 0.4722607732 0.8638025522 0.1755417734
v 84.29830933 68.81227112 18.77806854
vn 0.1242710352 -0.4900347888 0.8627992868
v 89.07500458 72.0374527 17.74999809
vn 0.04705509543 -0.9826075435 -0.1796334684
v 86.07543945 72.32794189 17.74999809
vn -0.5057777762 -0.6983762383 -0.5064182878
v 18.42129326 66.90616608 22.17277336
vn -0.1333954483 0.2436607927 -0.9606430531
v 44.7424202 67.38308716 21.46103668
vn 0.06242110953 -0.3368581831 0.9394840002
v 42.22644424 59.72723389 17.82188416
vn -0.06043998525 0.2582439184 -0.9641872644
v 87.09468842 79.20083618 17.74999809
vn -0.6524958611 0.7250276208 -0.220417887
v 84.42767334 76.4879837 22.0098877
vn -0.1151368096 -0.2743991315 0.954698205
v 93.79330444 73.77411652 23.75
vn 0.796490252 -0.4810019732 0.3663882315
v 89.14111328 80.37926483 24.5822258
vn -0.06088821962 0.7430080175 0.6665070653
v 18.39607048 66.81568909 22.44467545
vn -0.168096453 -0.002825123491 0.98576653
v 92.61869049 72.27092743 22.7202301
vn 0.3227109611 -0.2921659052 0.9002758861
v 37.53020096 69.6940918 22.63253403
vn 0.04524935782 -0.2705089152 0.961653471
v 94.31672668 75.73413086 21.94213486
vn 0.006532265805 0.3106139302 0.9505137205
v 92.12514496 75.30634308 25.89822388
vn 0.5351583362 -0.1254219562 0.8353890777
v 48.71046448 38.69248581 0.4921678007
vn -0.4327574968 -0.8707453012 -0.2335029244
v 51.9414978 41.11812592 -1.039062262
vn 0.1593562216 -0.2245950997 -0.9613337517
v 48.19704437 48.00146866 7.75
vn -0.02535494044 0.007715943269 0.9996487498
v 79.4596405 63.04682922 -26.19214249
vn 0.1152489036 -0.4227254093 -0.8988998532
v 45.99924088 40.22246933 -1.097881079
vn -0.02159269154 -0.1492395401 -0.9885652661
v 79.2317276 61.89439011 -1.136035919
vn 0.0677273795 -0.62613976 -0.7767637968
v 83.315979 66.12013245 -24.25000763
vn 0.7476545572 -0.3901341856 -0.5374085903
v 81.30407715 62.46594238 -24.25000763
vn 0.239241153 -0.9696664214 -0.05010749027
v 49.44102478 37.5113945 0.7500020266
vn 0.5913233161 -0.8063287139 -0.01306548342
v 44.22382355 39.41051483 6.387806416
vn -0.3760848641 -0.9244539738 0.06280923635
v 43.35195923 39.89283752 -0.1052689031
vn -0.3683247864 -0.8696588278 -0.3286797702
v 71.32277679 70.10503387 -1.250001431
vn -0.8725041747 0.1894753426 -0.4503726959
v 90.00053406 61.30107498 11.54797554
vn 0.07980851084 -0.9638194442 0.2543278337
v 83.44836426 63.31522369 -20.34777641
vn 0.3868748248 -0.9017987251 -0.1925797611
v 71.39951324 69.8842926 11.48481655
vn -0.9424006343 0.1712319553 0.2873337865
v 73.04693604 69.00494385 -26.68676949
vn -0.1166869551 0.01907467097 -0.9929855466
v 73.82584381 64.96993256 -26.36484718
vn -0.2083904147 -0.2361401469 -0.949110806
v 86.78499603 62.29520035 -8.203122139
vn 0.1660118699 -0.9729889631 -0.1604135334
v 73.27778625 63.98946381 11.51681042
vn -0.6282482147 -0.5637314916 0.5362005234
v 77.06220245 61.8070755 -24.25000763
vn -0.1957140267 -0.9798066616 -0.04092552513
v 46.86603928 49.09770584 7.75
vn 0.3686970174 -0.3093693256 0.876557529
v 73.37705994 69.16230011 11.74999619
vn 0.7251642942 0.04299893975 0.6872319579
v 74.93637085 73.28076935 -26.28002357
vn -0.219040513 0.4160239995 -0.8825787902
v 83.83816528 67.50453949 -25.96500778
vn 0.9788480997 -0.1723559052 -0.1102264002
v 40.58983994 53.73071671 7.484160423
vn -0.07062621415 0.07538672537 0.9946500659
v 71.8230896 71.44558716 7.715044975
vn -0.1516631991 0.1407120973 0.9783651829
v 73.20639038 71.76531982 -26.16131592
vn -0.7577614784 0.4603921175 -0.4624247253
v 76.86162567 72.33338928 -14.25
vn 0.1608335376 -0.9812932611 0.1058116779
v 71.41699982 66.95343018 7.75
vn -0.2289657295 -0.05995140225 0.971586585
v 71.23415375 68.08174896 -24.25000763
vn -0.9942651391 -0.09380352497 -0.05135887861
v 78.16962433 75.45909119 -24.25000763
vn 0.04374877736 0.7724885941 -0.6335198879
v 48.0178833 48.05930328 -1.250001431
vn -0.02449052036 0.01663505659 -0.9995616674
v 72.73460388 66.22996521 -26.06757355
vn -0.9172503948 -0.3153995574 -0.24325867
v 46.74889755 38.8927002 6.474064827
vn -0.1075645313 -0.9399870634 0.3238119781
v 78.09117889 68.60675049 -14.25
vn 0 6.123234263e-17 1
v 84.12834167 62.0280838 0.1250003427
vn -0.2225252688 -0.9747924209 -0.0161949601
v 75.84651184 63.6412468 -26.4198513
vn -0.2130625993 -0.4324321151 -0.8761317134
v 73.05231476 63.92655563 -24.25000763
vn -0.7504864335 -0.6596378088 -0.04059654474
v 73.91545868 63.14400482 7.75
vn -0.1039001867 -0.1936970055 0.975544095
v 72.20752716 68.78553009 -24.25000763
vn -0.8455535769 -0.02083279192 -0.5334839225
v 42.23945618 55.64096832 -0.9345514178
vn -0.1353922337 0.219045788 -0.9662752748
v 77.2926712 64.76460266 7.75
vn -0.002223872347 0.9988673925 0.04752846435
v 74.58126068 74.59620667 -24.25000763
vn -0.6600298882 0.7311757803 -0.1724601239
v 80.24324799 71.76690674 -14.25
vn -0.6865674257 -0.7168338299 0.121549964
v 77.14285278 61.90761948 11.48345947
vn -0.2098077983 -0.8821517825 0.4216502011
v 81.88359833 68.15061951 -14.25
vn -0.9830616117 0.1431650519 0.1144276038
v 38.73329544 52.99067688 6.257830143
vn -0.8607143164 0.4968352616 0.111020714
v 37.90827179 50.64970779 6.236124039
vn -0.9593541026 0.1637083739 0.2298679054
v 80.00718689 65.21524811 -14.25
vn -0.484059602 0.8684554696 0.1071046069
v 82.71298218 62.79319382 -11.63085747
vn -0.02461439371 -0.9983418584 -0.05203491822
v 81.00363159 64.11846161 -26.58553886
vn 0.02259641141 -0.128155306 -0.9914966822
v 38.20748901 49.43078613 -0.5459241867
vn -0.6896557212 0.1068729982 -0.7162075043
v 89.38109589 61.12298965 1.749998927
vn 0.02117300592 -0.9992882013 -0.03122251853
v 79.10580444 73.68571472 -26.64154434
vn 0.0120575754 0.1284364611 -0.9916444421
v 73.47407532 70.1786499 7.75
vn 0.9154087305 -0.3599753976 0.1801236421
v 90.81078339 63.79507446 -9.142576218
vn 0.46460253 -0.8345736861 -0.296025753
v 80.10250092 64.16343689 11.74999619
vn -0.2149672508 0.7868158817 0.5785411596
v 85.15950775 61.83082962 11.45059109
vn -0.1997249573 -0.9729898572 0.1157611087
v 48.79855728 38.80351639 6.254631996
vn -0.1404437721 -0.9402578473 0.3101463318
v 81.84815216 73.20426178 -24.25000763
vn 0.5526940823 0.6381275654 -0.5360246897
v 75.98974609 71.79651642 7.75
vn 0.5536361933 -0.8241827488 0.1192045957
v 81.90556335 65.37403107 11.74999619
vn 0.2155947238 0.9230433702 0.3186061084
v 38.70431137 44.28495026 0.4494153261
vn -0.8651307225 -0.4994211495 -0.04612340406
v 72.96398163 73.22955322 -1.056025982
vn -0.4211088419 0.3772418499 -0.8248369098
v 72.85144043 72.91039276 11.45955753
vn -0.7312892675 0.461473912 0.5022526979
v 79.93547821 63.01677322 -24.25000763
vn 0.3641423583 -0.747608304 -0.5554116964
v 76.66900635 78.10477448 7.75
vn 0.3989884555 -0.1176606342 0.9093757272
v 74.4165802 75.11949158 0.09800109267
vn -0.5716103315 0.801053524 -0.1776932627
v 76.06204224 79.2600174 -9.49804306
vn -0.8486601114 0.5086300373 -0.145160228
v 71.62975311 66.09554291 -1.250001431
vn -0.7373871207 -0.2921128869 -0.6090404987
v 42.09029388 42.64647293 7.709401131
vn -0.04009383544 -0.04353341833 0.9982471466
v 75.85006714 82.34884644 1.749998927
vn -0.9059312344 0.4200409651 -0.05342456326
v 91.83408356 68.34215546 -14.35349846
vn 0.7083492279 -0.4354773164 -0.5555185676
v 74.39080048 66.22302246 7.75
vn 0.7659330964 0.6421441436 0.03158100694
v 91.969841 74.55977631 -8.249999046
vn -0.7932263613 0.600252986 0.1024120972
v 47.02168655 47.81816483 7.75
vn 0.1499522924 0.2155653089 0.9649072289
v 78.14581299 74.44942474 -24.25000763
vn -0.06281518936 0.8922572136 -0.4471367598
v 82.99608612 76.25637054 -21.40624619
vn 0.3285032809 0.707850337 -0.6253267527
v 39.55626297 49.31538773 7.707502365
vn -0.06571724266 0.008357004263 0.9978032708
v 86.35489655 74.99200439 -19.97234344
vn 0.393735379 0.4244241714 -0.8153751493
v 39.43995285 46.50069809 -1.161781073
vn -0.1005393043 -0.02050892822 -0.9947217107
v 42.8328743 40.88150024 7.347962379
vn -0.3238547146 -0.5488249063 0.7706551552
v 103.1657944 81.83333588 1.749998927
vn 0.9262638688 0.3389216363 -0.1648251712
v 74.58919525 77.35301971 -1.296874285
vn -0.9710521698 0.2369087338 -0.03052821197
v 88.53087616 88.76856232 7.75
vn 0.03007555008 -0.4361636341 0.8993646502
v 39.60437393 44.23300171 7.33885622
vn -0.4858199358 -0.254114598 0.8363042474
v 86.76331329 63.49492264 7.75
vn 0.08327958733 0.4492819309 0.8895000219
v 88.70248413 66.07415771 -17.10253716
vn 0.6976677179 -0.572239995 -0.4310465753
v 89.37445831 77.11808014 -18.36555099
vn 0.3018032908 0.4043245316 -0.863386631
v 49.42653656 39.49983978 -0.617857933
vn 0.1290715039 -0.6490462422 -0.7497196198
v 75.6052475 64.32498169 7.75
vn 0.4160829484 0.8787397742 0.2338619232
v 82.40544128 83.54819489 -9.884069443
vn -0.2784968913 0.8615079522 -0.4245509505
v 82.65116119 86.88311005 11.74999619
vn 0.3977903128 -0.8004678488 0.4483459592
v 75.00769043 79.3890686 11.52813721
vn -0.9544229507 0.2366521508 0.1818588376
v 86.98486328 90.32975769 11.69355488
vn -0.02476144955 0.1617503017 0.9865210056
v 90.91889954 63.14522171 11.74999619
vn -0.1119300053 0.8829849958 0.455860883
v 93.14811707 79.67011261 -15.40696239
vn 0.4628639519 0.4660848081 -0.754003942
v 95.90338135 78.26125336 -13.92912197
vn 0.6767884493 0.2122281343 -0.7049231529
v 78.80068207 86.56040192 1.749998927
vn -0.7019135356 0.7014866471 -0.1234254465
v 90.81105042 90.7805481 1.749998927
vn 0.05814417079 0.9718877077 -0.2281524241
v 95.4719696 74.66540527 -14.74415207
vn 0.7040620446 -0.08919483423 -0.7045146823
v 100.7912216 77.31887817 -5.341225624
vn 0.9637590051 -0.04800679907 -0.2624194324
v 88.84762573 83.41599274 -13.52483749
vn -0.01971473917 0.8408240676 -0.5409493446
v 49.44102478 37.5113945 5.749997139
vn -0.04845481366 -0.9736385942 0.2228902578
v 48.13055038 49.28603363 7.75
vn -0.04186918586 -0.01480516512 0.9990134239
v 99.50364685 74.90699768 -8.747634888
vn 0.8938214183 -0.2090200037 -0.3967289627
v 82.5501709 64.92940521 -26.17307091
vn 0.7014302015 -0.6782810688 -0.2189301848
v 101.9718704 83.66584015 11.52728176
vn 0.8273963332 0.5400233865 0.1542402357
v 50.35316086 40.4612999 7.535765171
vn 0.05133959651 -0.0972885415 0.9939311743
v 102.0203247 74.08575439 7.75
vn -0.4641026556 0.09696184099 0.8804584742
v 79.25571442 61.8999176 7.634088039
vn 0.08187945932 -0.2106075883 0.9741356373
v 38.42499542 49.38617325 7.247348785
vn -0.5764530301 0.06253486872 0.8147339225
v 83.64112854 64.47348785 -24.25000763
vn 0.6678034663 -0.5266848803 -0.5259672403
v 100.7901001 85.65089417 1.749998927
vn 0.748180449 0.6462606192 -0.150243938
v 73.90597534 63.1497879 -1.250001431
vn -0.3808742464 -0.7161079645 -0.5849137902
v 99.7230072 80.95608521 -6.831791401
vn 0.8522276878 0.3521413803 -0.3869165182
v 72.32575989 69.14805603 -26.116642
vn -0.9663854241 0.1838219017 -0.1797463447
v 79.13250732 83.81716919 7.75
vn 0.4168864191 -0.3254472315 0.8486989141
v 94.800354 62.08603668 1.749998927
vn 0.3518120944 -0.9250172973 -0.1434269696
v 99.4853363 65.07931519 1.749998927
vn 0.6573649049 -0.7181066275 -0.228460744
v 46.48130798 38.92147827 0.03428126127
vn -0.1687644422 -0.9763178229 -0.1353591979
v 100.6056824 82.1315918 11.74999619
vn -0.6787550449 -0.4300263226 0.5952889323
v 77.2926712 64.76460266 -14.25
vn 0.2910242081 0.949976325 0.1133574396
v 75.00980377 66.17675781 -14.25
vn 0.8773322701 0.4609482884 0.1334719658
v 74.44781494 74.5838623 -9.421873093
vn -0.9305583239 0.3655648828 -0.02057964914
v 47.7413559 49.50613022 -1.250001431
vn -0.02990134433 -0.04022140428 -0.9987432957
v 81.90556335 65.37403107 7.75
vn -0.03332483396 0.4100004435 0.9114763141
v 51.57524872 39.61057663 0.4479645491
vn 0.4377197027 -0.6315125227 -0.6399948001
v 85.1051712 90.27296448 11.31891155
vn -0.234788239 0.9719352722 0.0147070922
v 41.39346695 55.66988754 7.033423424
vn -0.3065188825 0.4971647263 0.8117101789
v 75.99419403 73.05900574 11.74999619
vn 0.782378912 -0.4176207483 0.4620347917
v 79.6097641 72.1938324 7.75
vn -0.3013619184 -0.9436458349 0.1367975324
v 78.00780487 74.42907715 -26.0470047
vn -0.01724877954 0.9504384995 -0.3104337454
v 104.2153473 75.68521118 1.749998927
vn 0.9812589884 -0.01618490182 -0.1920125782
v 94.7401886 89.75630951 11.49323368
vn 0.3334175348 0.9114133716 0.2411604524
v 99.01343536 72.72467804 -7.73407793
vn 0.8572084904 -0.4365519881 -0.2731592953
v 98.79270935 87.4260025 11.51311779
vn 0.6278964877 0.7441726923 0.2279321402
v 97.70207977 80.74193573 -10.45628166
vn 0.703139782 0.4541403651 -0.5471297503
v 41.69955063 56.51989746 0.3474208713
vn -0.5058577657 0.8602906466 -0.06330838054
v 86.13297272 84.53838348 -10.63632107
vn -0.1770421118 0.9068797231 -0.3823940456
v 86.75015259 74.87385559 -8.249999046
vn 0.9522904158 0.2837207913 0.1124520302
v 76.54050446 77.06054688 11.74999619
vn 0.8951781988 -0.1772065908 0.4089668095
v 75.99419403 73.05900574 7.75
vn 0.5469344258 -0.1715520471 0.8194099069
v 100.9046783 81.89500427 -0.7348352075
vn 0.7772304416 0.4311403036 -0.4582912028
v 90.64260101 86.13054657 -7.724339485
vn 0.07618428767 0.944290936 -0.3201727569
v 98.16204834 84.90562439 -2.987016439
vn 0.5378420353 0.8152315617 -0.2147635669
v 89.32146454 73.26638031 -8.249999046
vn 0.1386909485 0.9854716659 0.09803302586
v 87.05879974 77.47575378 7.75
vn 0.4332690239 -0.374388963 0.8198236823
v 100.1125641 73.62884521 -3.917251348
vn 0.8712047338 -0.2038078457 -0.4466146827
v 95.78193665 62.74166107 11.4953413
vn 0.4041212201 -0.8987522721 0.1700894535
v 39.57021332 54.03572845 -0.02924490906
vn -0.803958714 0.5506656766 -0.2245388478
v 78.19308472 82.54834747 11.74999619
vn 0.7953930497 -0.4371030629 0.4198699594
v 100.9178162 66.77610779 11.46773338
vn 0.7598993182 -0.6146473885 0.2115693539
v 74.13327789 68.55526733 -14.25
vn 0.9832658768 0.05599620566 0.1733568609
v 83.76512909 70.03756714 -26.07562828
vn 0.8665166497 0.2104557455 -0.4526115954
v 74.22302246 74.89897156 6.753547668
vn -0.5414713621 0.8259965181 0.1566478014
v 86.71840668 85.86139679 -6.957949638
vn -0.1197756529 0.8991731405 -0.4208818078
v 78.09117889 68.60675049 -26.75000572
vn -0.01013505645 -0.00822637137 -0.999914825
v 83.10621643 67.56436157 -26.69294739
vn 0.1484876275 -0.009355815127 -0.9888700247
v 95.33028412 83.54747772 -10.39675999
vn 0.5239261985 0.6389489174 -0.5632455945
v 76.87493134 62.75463104 -24.25000763
vn -0.3203650415 -0.8675981164 -0.3803153634
v 92.24708557 76.04928589 7.75
vn -0.5042806864 0.02735075355 0.8631065488
v 84.90332794 68.31157684 -24.25000763
vn 0.7337878942 -0.06721581519 -0.6760453582
v 38.43603516 46.05862045 -0.5026132464
vn -0.6588857174 -0.225837037 -0.7175425291
v 71.4551239 67.18260193 11.51517677
vn -0.8057941794 -0.2538470626 0.5350303054
v 79.20298004 63.94445801 7.75
vn -0.06856105477 0.9771541953 0.201169163
v 52.1507988 40.3625145 6.97444582
vn 0.3911196887 -0.5537925363 0.7350776792
v 82.5737915 62.64749908 6.691336632
vn 0.5244448781 -0.8401812911 0.1380325258
v 75.68650055 64.46058655 11.74999619
vn 0.476775378 0.754339397 0.4512841403
v 74.20102692 68.8068924 7.75
vn 0.990888238 -0.1321770996 0.02587913163
v 41.09994125 56.03338623 6.007831097
vn -0.5425331593 0.8363475204 0.07861657441
v 72.1954422 72.25317383 -24.25000763
vn -0.8866721392 0.4595877826 -0.05090802163
v 80.62039948 65.79228973 7.75
vn -0.760663271 0.6473348141 0.04846687987
v 82.10910034 63.09645844 11.53369141
vn 0.02206739597 -0.8359174728 0.5484113693
v 41.35280609 40.90621948 0.3671669662
vn -0.6300016046 -0.7757196426 -0.03683788702
v 84.12406158 79.47675323 -16.98572731
vn -0.005110730883 0.770684123 -0.6371968985
v 89.37980652 76.01056671 -8.249999046
vn 0 6.123234263e-17 1
v 37.64944458 48.01248169 0.4921678007
vn -0.9919809103 -0.1160835028 -0.04998477548
v 76.75871277 83.64389038 11.49402905
vn -0.8053566217 0.5475654602 0.2270963639
v 74.87050629 75.16801453 -19.56542969
vn -0.8291902542 0.5502655506 -0.09824119508
v 95.29154968 69.67076874 -11.74701309
vn 0.7047911286 -0.5722233057 -0.4193208516
v 40.99943161 41.32651901 6.242470264
vn -0.7205931544 -0.6825672388 0.1218502373
v 91.44146729 75.34198761 -17.84044838
vn 0.5179413557 0.13003169 -0.845475316
v 87.93647003 71.92222595 -19.9025383
vn 0.6997665167 0.03926347941 -0.7132918239
v 90.71457672 78.51502991 7.75
vn -0.2136964798 -0.4672983885 0.8578846455
v 87.50945282 68.82725525 -20.64453125
vn 0.808136642 -0.1648773402 -0.5654472709
v 80.69723511 87.93869019 11.51538849
vn -0.5882009864 0.7859432101 0.1905592233
v 86.98104858 74.44431305 7.75
vn 0.3231400251 0.3494389057 0.8794731498
v 90.60710144 88.73773193 11.74999619
vn -0.08249207586 -0.8799801469 0.46779266
v 81.34213257 73.45796967 -26.09343529
vn 0.4147495329 0.8739017248 -0.2535322905
v 96.47442627 69.29447937 -8.017876625
vn 0.7899769545 -0.4359550178 -0.4311376214
v 101.5152664 78.22216797 -1.683402419
vn 0.8866119385 0.0748867169 -0.4564113021
v 91.62267303 82.47692871 -14.1092205
vn 0.2835192978 0.6727777123 -0.6833644509
v 98.81008911 77.00826263 -10.44905472
vn 0.8573758602 0.05543796718 -0.5116963983
v 99.94924164 82.91178894 -3.318582535
vn 0.7843063474 0.5710223913 -0.2424808592
v 98.70856476 67.12660217 7.75
vn -0.3141199946 0.2703255117 0.9100839496
v 39.52041626 51.30614471 -1.116968036
vn -0.1237892658 0.07165015489 -0.9897183776
v 46.49071884 40.02214813 7.582081795
vn -0.004182020202 -0.1292811483 0.9915991426
v 96.92948151 84.61688232 -6.413175583
vn 0.5141707659 0.782815516 -0.3504686952
v 78.02588654 81.04653168 -10.74218464
vn -0.5521068573 0.7752679586 -0.3068184555
v 104.1463165 76.0628891 11.5414238
vn 0.9323998094 0.01583031565 0.361081779
v 74.75384521 70.67118073 -14.25
vn 0.8280755281 -0.552690804 0.09393519908
v 83.38028717 89.63479614 1.749998927
vn -0.3465198874 0.9037811756 -0.2512042224
v 82.62202454 62.62730789 0.2257433981
vn 0.4798025787 -0.8532220125 -0.2044545114
v 90.36042023 90.90313721 11.35750866
vn 0.05225408077 0.9964976907 0.06528291851
v 86.23603058 63.51787949 11.74999619
vn 0.1650594175 0.6668593884 0.7266731858
v 102.2565842 75.63733673 11.74999619
vn -0.9104738832 -0.05427097529 0.4099901617
v 81.86486053 69.40678406 7.75
vn -0.9432461262 -0.2496088892 0.2190482914
v 90.49319458 73.5295105 7.75
vn -0.1958747357 0.5348651409 0.8219199181
v 101.0476379 80.66888428 -2.786776304
vn 0.9489251375 0.2213222086 -0.2248500735
v 103.5651779 80.29621887 11.48847294
vn 0.9647077918 0.2270081639 0.133439824
v 96.42825317 86.67857361 7.75
vn -0.3039129972 -0.4744347334 0.8261649609
v 85.13379669 82.80008698 -13.39651394
vn -0.2578139305 0.7832557559 -0.5657228827
v 77.31829071 77.21105957 -19.84472656
vn -0.3956906796 0.8533316851 -0.3394907713
v 102.8691101 69.58899689 1.749998927
vn 0.8559319377 -0.4251016378 -0.294396162
v 87.022995 77.68861389 -8.249999046
vn 0.7665706873 -0.6198056936 0.1679590046
v 89.89379883 78.76190186 -8.249999046
vn 0.01581181958 -0.9954822063 0.09362247586
v 101.3570175 80.75366211 7.75
vn -0.4048901498 -0.1536436975 0.9013642669
v 92.21102142 70.56565094 -16.24679375
vn 0.6068501472 -0.4325069189 -0.6668362617
v 92.67622375 84.95599365 -10.12022018
vn 0.2335447222 0.8735162616 -0.4271138608
v 80.27955627 62.25588226 11.54638958
vn 0.204979375 -0.8748258948 0.4389340878
v 103.6751022 72.1784668 11.42525673
vn 0.9410375953 -0.2810305357 0.1883349866
v 87.34168243 79.95011902 -17.11556816
vn 0.05726076663 0.616715312 -0.7851008773
v 73.58029175 64.89299011 -24.25000763
vn -0.5971767306 -0.5597830415 -0.5744762421
v 74.59357452 75.35414124 11.52803612
vn -0.9387292266 0.2176561207 0.2672325075
v 40.30561829 42.54401016 -0.5055219531
vn -0.5713917613 -0.4802881777 -0.6654583216
v 83.68113708 70.45105743 -24.25000763
vn 0.8621807098 0.2288631648 -0.4519580603
v 82.57893372 71.75396729 -26.39987755
vn 0.3223817348 0.2257609218 -0.9192942977
v 41.78359222 42.43986511 -1.134070039
vn -0.08735037595 -0.1026419178 -0.9908756614
v 51.9473114 39.76908112 5.898661137
vn 0.5936389565 -0.7953631878 0.122434333
v 96.92266083 88.90566254 1.749998927
vn 0.4662017226 0.8649514914 -0.1857818663
v 94.35370636 86.63552856 -3.196575642
vn 0.3068627715 0.8504430056 -0.427296102
v 96.67100525 65.50695801 11.74999619
vn -0.4936411083 0.7384336591 0.4593846202
v 83.27411652 73.07613373 -24.25000763
vn 0.5336808562 0.4157129228 -0.7364560366
v 92.13974762 76.78868103 -8.249999046
vn -0.8738537431 -0.4729163945 0.1128258258
v 96.2322464 72.4023056 -13.02215576
vn 0.7825016379 -0.3287649155 -0.5287767053
v 90.18649292 86.78855133 -4.508103848
vn 0.1260068417 0.8896633983 -0.438886404
v 38.31862259 45.12849045 6.13283062
vn -0.9150349498 -0.3950695097 0.08143197
v 93.4575882 63.79081345 7.75
vn -0.1597886384 0.4718231559 0.8670931458
v 98.17446899 85.21101379 -1.040020943
vn 0.6095833182 0.6460970044 -0.4593113065
v 91.15369415 72.82698059 -17.93527603
vn 0.5466256738 -0.07716693729 -0.8338139057
v 82.56124115 87.02840424 7.75
vn 0.1676398069 -0.3182015121 0.933083415
v 100.894928 70.07019806 11.74999619
vn -0.7832592726 0.4086124897 0.4685517251
v 80.5370636 78.00430298 -19.62890434
vn -0.03157185018 0.8649552464 -0.5008549094
v 96.52244568 86.82113647 11.74999619
vn -0.4239645302 -0.6373562813 0.6434524059
v 37.94402695 50.95313644 0.4921678007
vn -0.9729626775 0.2248630971 -0.05272819474
v 37.98931503 47.26323318 6.579319477
vn -0.984593153 -0.04032605514 0.1701473296
v 73.69896698 72.52563477 -24.25000763
vn -0.6478280425 0.578332901 -0.4958325624
v 46.72268677 48.67705536 -1.250001431
vn 0.1777310073 0.04320598021 -0.983130157
v 77.43943024 62.76160812 -25.98112297
vn -0.04179037735 -0.9783263206 -0.2028082758
v 37.99820709 -81.22579193 0.2084208429
vn -0.9714744091 -0.1666473746 -0.1687190235
v 40.02904129 -85.09190369 -0.4834878445
vn -0.6089080572 -0.3962900639 -0.6871573329
v 71.17829895 -101.0835724 -24.25000763
vn -0.9832672477 -0.1744152308 -0.05258186907
v 41.01768875 -86.75593567 5.996658325
vn -0.5035118461 -0.850638032 0.1512968689
v 40.27970886 -86.12584686 0.4526635408
vn -0.4697264433 -0.3249115348 -0.8208468556
v 39.18252563 -82.15349579 -0.9167134762
vn -0.1776498854 -0.03494931757 -0.9834729433
v 72.11456299 -99.20142365 -26.10623169
vn -0.9600120187 0.1609235853 -0.2290861905
v 73.87319946 -104.1722412 -26.0412674
vn -0.5807464719 -0.7485257387 -0.3200666904
v 38.21886444 -82.14064789 6.424919605
vn -0.9189270139 -0.202205956 0.3386529684
v 46.8158226 -79.78240967 -1.250001431
vn 0.2488920093 0.1395781934 -0.9584209323
v 37.92764282 -77.36603546 0.2638650835
vn -0.9780047536 0.1116342917 -0.1761945486
v 71.08659363 -99.92266083 11.53847313
vn -0.8937675953 -0.04828086495 0.4459242523
v 73.26242065 -96.14045715 -24.25000763
vn -0.729236722 0.4654714167 -0.5015478134
v 72.13575745 -95.99824524 -24.25000763
vn -0.8210841417 0.5697768927 -0.03428091481
v 75.60851288 -93.43666077 11.47934628
vn -0.2097590268 0.861516118 0.4623755813
v 74.12503815 -104.4202271 -24.25000763
vn -0.601303041 -0.6848665476 -0.411573112
v 39.028862 -84.23091888 6.368718147
vn -0.9368733764 -0.2234173417 0.2689851522
v 78.1734848 -94.23410034 -26.30648804
vn 0.02097202092 0.5480684638 -0.8361704946
v 72.99198914 -98.65047455 -26.70565987
vn -0.1268812865 -0.00929067377 -0.9918743968
v 79.59589386 -104.6334991 -26.64595222
vn 0.08395593613 -0.1386555433 -0.9867755771
v 76.66874695 -115.7979431 1.74998939
vn -0.8419390917 -0.5312221646 -0.09455975145
v 73.38858795 -98.05606842 7.749990463
vn 0.9345462918 -0.2695809305 0.2322699726
v 73.22838593 -96.34540558 -26.22583008
vn -0.7261562347 0.4742577076 -0.49777174
v 41.6411438 -85.16761017 -1.164973855
vn -0.07386687398 -0.1064688787 -0.9915685058
v 72.11636353 -103.6328506 -1.136041999
vn -0.5263932347 -0.3518205583 -0.7740364671
v 74.36567688 -106.7948303 -13.56055164
vn -0.9080280066 -0.4154373109 -0.05382340774
v 74.41754913 -109.6809311 -0.8906338215
vn -0.9527582526 -0.3014686108 -0.03699242696
v 50.18912125 -71.65747833 7.655576229
vn 0.075777255 0.1193545908 0.9899557233
v 77.60069275 -94.94329071 11.74998665
vn 0.06017109752 -0.8354619741 0.5462442636
v 78.26893616 -96.05053711 7.749990463
vn -0.009556000121 -0.998413682 0.05548666418
v 79.0892868 -93.15854645 7.634298325
vn 0.1136630997 0.2516252995 0.961127162
v 74.56084442 -103.5109482 11.74998665
vn 0.6340401173 0.6157951355 0.4677493572
v 76.88546753 -105.5747375 -26.04022217
vn -0.1655435562 -0.9464438558 -0.2771990597
v 73.84438324 -102.4983139 7.749990463
vn 0.8566333055 0.4100825489 0.3130682409
v 70.9802475 -100.4053192 7.749990463
vn -0.3134763539 -0.0410115011 0.9487099648
v 75.77256012 -93.28807831 -1.250001431
vn -0.3310845494 0.7896922827 -0.5164969563
v 72.13672638 -95.99889374 7.749990463
vn -0.1513341963 0.08681987971 0.9846625328
v 79.30242157 -103.4567947 -14.25
vn -0.2439570427 0.9657302499 0.08860069513
v 73.98078918 -100.5943146 -14.25
vn 0.9837316275 0.05922311917 0.1696015
v 81.37391663 -101.6193008 -14.25
vn -0.8991160989 0.4028931558 0.1710769832
v 38.0936203 -85.41008759 5.749997139
vn -0.9228863716 -0.3160754144 0.2199478745
v 49.9988327 -69.97290039 0.05402320996
vn 0.2117002159 0.9553859234 -0.2059629709
v 77.26312256 -108.0816498 -21.10156822
vn -0.4155882895 -0.8415015936 -0.3451977372
v 80.89939117 -93.71468353 -24.25000763
vn 0.2440348715 0.9656195641 -0.08958680928
v 81.06574249 -93.88735962 11.53372002
vn 0.06304635108 0.8121440411 0.5800406933
v 41.13752747 -71.96626282 6.069031239
vn -0.6211845279 0.7804221511 0.07121117413
v 75.68825531 -103.0094376 -14.25
vn 0.6662873626 0.7387598753 0.101464577
v 40.54852676 -84.00519562 7.555666924
vn -0.06878801435 -0.06452243775 0.9955425858
v 38.69580841 -75.38910675 0.0342758745
vn -0.9045656323 0.3982370198 -0.1522112489
v 75.91934204 -93.29273224 -24.25000763
vn -0.1671552807 0.9849735498 -0.04342995211
v 44.9362793 -71.54101562 -1.110724568
vn -0.03426824138 0.1065711603 -0.9937143922
v 77.94185638 -112.7596512 -10.23438263
vn -0.5187891722 -0.7889493108 -0.3292669654
v 38.83349991 -78.20664215 7.429411888
vn -0.2322996557 0.004537491594 0.9726336598
v 48.37910843 -79.04311371 -1.250001431
vn -0.0326414071 0.005094012246 -0.9994541407
v 74.9072876 -106.6069489 -21.17456627
vn -0.6660370231 -0.7264520526 -0.1692988276
v 78.30352783 -105.6162796 -24.25000763
vn 0.08285057545 -0.8386568427 -0.5383219719
v 75.49520874 -104.4295197 -26.71438026
vn -0.08996920288 -0.1126709059 -0.9895508289
v 48.47006226 -79.58437347 7.749990463
vn -0.04085248336 0.01399636734 0.9990671277
v 79.50496674 -95.31407166 7.749990463
vn -0.2629691362 -0.9251612425 0.2737223506
v 75.98789978 -95.29777527 7.749990463
vn 0.4323641956 -0.877281189 0.2084201574
v 81.13249969 -96.19699097 11.74998665
vn -0.104252629 -0.8734807372 0.4755657315
v 81.69237518 -96.66941071 7.749990463
vn 0.08861073852 -0.5966739655 0.7975765467
v 81.25414276 -101.5572739 7.749990463
vn -0.913744092 0.3729347289 0.1612184346
v 52.6338768 -70.90398407 0.4309574664
vn 0.5907456279 0.8037052155 -0.07125721872
v 84.58467102 -108.8327637 -18.80436707
vn 0.1626078188 -0.6572549343 -0.7359175682
v 77.83361053 -99.84902954 -26.75000572
vn -0.005772624165 0.01322924811 -0.9998958111
v 85.49407959 -121.8292007 11.43848515
vn -0.1795438081 -0.9154112339 0.3602586091
v 38.0936203 -85.41008759 0.7499924898
vn -0.5155754089 -0.8568401337 -0.002638967009
v 80.54917145 -95.00948334 -26.40659714
vn 0.1906095147 0.3966854811 -0.8979468942
v 90.83462524 -122.2218399 1.74998939
vn 0.1744399816 -0.9482474923 -0.2653249502
v 83.44495392 -98.08231354 -25.99625969
vn 0.944299221 0.2917258441 -0.1522991806
v 89.75087738 -110.2073212 -8.250008583
vn -0.2792761922 0.9497042894 0.1416564584
v 73.83906555 -105.3355331 11.53275204
vn -0.794601202 -0.3445649147 0.4998839796
v 81.68218231 -120.1780243 11.52246284
vn -0.4390870631 -0.8449881077 0.3052829206
v 82.39823151 -93.95236969 6.691313267
vn 0.5248393416 0.8452242613 0.1006956324
v 42.74606323 -70.91906738 0.1102241278
vn -0.4478062093 0.8770811558 -0.1737764776
v 72.25720215 -95.73082733 -1.250011086
vn -0.436796546 0.3520198166 -0.8278229237
v 47.86143112 -78.53260803 7.749990463
vn -0.108512871 -0.3906873465 0.9141052365
v 81.94287109 -94.18212891 -14.24609852
vn 0.1189925745 0.9922657609 -0.03534798697
v 79.37109375 -118.850235 1.74998939
vn -0.5610753298 -0.8104184866 -0.1685715914
v 76.07501221 -110.5660248 -11.31348228
vn -0.8163368702 -0.5537499189 -0.1641801
v 86.74816132 -101.8607101 -21.40625954
vn 0.7646241784 -0.0167081356 -0.6442598104
v 88.76569366 -102.630394 -18.67585373
vn 0.6865129471 0.1109835133 -0.7185977101
v 83.97564697 -119.157959 11.74998665
vn 0.4128812551 0.8072011471 0.4218476117
v 73.97866058 -97.00082397 11.74998665
vn 0.6359104514 -0.5346213579 0.5565949082
v 99.12948608 -115.511322 7.749990463
vn -0.3171346188 0.2964663208 0.9008514881
v 53.11577225 -71.38047791 6.458175182
vn 0.5464622974 0.7505745888 0.3715060353
v 76.46238708 -109.8218384 7.749990463
vn 0.5588777661 0.125282988 0.8197315931
v 79.0871048 -103.6035538 7.749990463
vn -0.2167585194 0.8307968378 0.5126327276
v 38.88187408 -84.29156494 0.5763437748
vn -0.9848930836 0.03718745708 -0.1691234261
v 86.04808807 -94.87333679 7.749990463
vn 0.08316578716 -0.3574739993 0.9302127361
v 89.27722931 -114.7249603 -13.47838497
vn 0.03365660086 -0.7806271315 -0.6240901351
v 83.44865417 -106.9980774 -21.40625954
vn 0.4180084467 -0.6502708197 -0.6343632936
v 90.87257385 -118.2658157 -3.932839155
vn 0.2332838476 -0.8582038879 -0.4572360218
v 94.59342957 -121.1042404 11.52659988
vn 0.3855234683 -0.9124585986 0.1370799839
v 103.7519531 -107.0368958 11.55336666
vn 0.9830957055 0.07064627111 0.1689141244
v 91.63399506 -120.0222244 11.74998665
vn -0.06582430005 0.8324284554 0.550209105
v 79.02745056 -96.14118958 -14.25
vn -0.3506036699 -0.9288992286 0.119261235
v 80.12104034 -93.33551025 -1.05603075
vn 0.1339596659 0.6477730274 -0.7499632835
v 79.31749725 -115.883934 7.749990463
vn 0.3222599626 0.324701041 0.8892230988
v 99.27453613 -96.61791229 1.74998939
vn 0.7044411898 0.6758906841 -0.2166434526
v 83.62181854 -100.6468048 -24.25000763
vn 0.9092835188 -0.05964348838 -0.4118811488
v 84.18595886 -97.27832794 -24.25000763
vn 0.6929538846 0.316372782 -0.6478604674
v 47.94342422 -80.275383 -1.250001431
vn -0.03434312716 0.03701132163 -0.9987245202
v 73.40729523 -105.1819534 -24.25000763
vn -0.8233048916 -0.5620376468 -0.0792639479
v 98.07007599 -119.0628128 11.52796173
vn 0.6117219329 -0.7321508527 0.299585402
v 70.98451233 -99.22924805 -1.250011086
vn -0.8488025665 0.06374928355 -0.5248525739
v 96.00175476 -105.8394241 -13.68360806
vn 0.7532289028 0.1344465464 -0.6438714266
v 76.45949554 -106.5706253 -24.25000763
vn -0.1588597 -0.7887300849 -0.5938589573
v 84.94368744 -93.25978851 11.52428818
vn -0.1660873294 0.9806372523 0.1037571132
v 37.81766129 -78.69719696 6.184477806
vn -0.9895711541 0.1116226092 0.09104561806
v 95.1506958 -110.066391 -14.13544178
vn 0.6696640849 -0.1836519241 -0.7195984721
v 79.02115631 -94.03166199 -24.25000763
vn 0.2418799847 0.8171628118 -0.5232006907
v 96.11487579 -101.8770599 -10.69820023
vn 0.7565605044 0.5107628703 -0.4083350301
v 72.74089813 -102.260582 -26.27078056
vn -0.4986740947 -0.2061394304 -0.8419208527
v 101.3129349 -115.5086594 11.52577209
vn 0.7943980098 -0.5964332223 0.1148878038
v 74.79330444 -94.84592438 -25.9488945
vn -0.448066026 0.8642863631 -0.2285736501
v 49.34641266 -69.81917572 6.308196068
vn 0.1832673401 0.974822104 0.1270234436
v 82.61563873 -99.48775482 -26.71508598
vn 0.1358480901 -0.0001630642946 -0.9907296896
v 98.89677429 -115.7708206 -0.7301729918
vn 0.6762415767 -0.58746171 -0.444506526
v 80.41248322 -106.2706528 -24.25000763
vn 0.2461354882 -0.6613827944 -0.7085126042
v 103.8254013 -109.3935394 1.74998939
vn 0.9739257097 -0.09197377414 -0.2073873132
v 97.84190369 -114.3867111 -7.308803558
vn 0.7023869157 -0.5799725652 -0.4126554132
v 100.2204437 -113.0346832 -3.023118496
vn 0.8810220361 -0.4044199884 -0.2454477549
v 85.74217224 -96.36753845 -20.41602135
vn 0.6797757745 0.6108032465 -0.4059855044
v 72.98968506 -100.6595764 11.74998665
vn 0.8223967552 0.0768930465 0.5636941195
v 72.66213989 -104.4186783 7.55334568
vn -0.1440477371 -0.1616298109 0.9762817621
v 99.9776535 -114.1797791 11.74998665
vn -0.7322323918 0.4096697867 0.544064641
v 81.46079254 -98.64007568 -14.25
vn -0.9617507458 -0.251529932 0.1084812656
v 91.91446686 -113.905838 -13.69600773
vn 0.3162345886 -0.667280972 -0.6743380427
v 88.31556702 -116.6099014 -10.33188534
vn -0.04064553604 -0.9164574146 -0.3980624378
v 86.12052917 -93.86929321 -10.19629383
vn 0.1420743912 0.9790879488 -0.1456078738
v 40.2660141 -74.93556213 7.58866787
vn -0.1321993768 0.06662251055 0.9889816642
v 38.99495316 -74.79737854 6.424919605
vn -0.871974051 0.4569657445 0.1756234169
v 77.89134216 -113.7065735 11.74998665
vn 0.6982571483 0.4296160638 0.5725967288
v 80.37070465 -105.0866165 -26.07948112
vn 0.3884673119 -0.9025279284 -0.185839951
v 83.63238525 -100.3914261 -26.10827637
vn 0.8904111981 -0.1447791755 -0.4315169454
v 85.77087402 -116.570282 -8.437952995
vn -0.1107808352 -0.8938694596 -0.4344248474
v 76.06652069 -107.7622757 11.74998665
vn 0.7208591104 0.1194132417 0.6827170849
v 90.38769531 -92.65063477 11.46124649
vn 0.1218502074 0.9695360065 0.2124910355
v 86.32628632 -105.4484406 -20.40430069
vn 0.4754138589 -0.3339030743 -0.8139351606
v 83.86161804 -103.0035248 -24.25000763
vn 0.6099915504 -0.2984458208 -0.7340574861
v 81.21572113 -97.91654205 7.749990463
vn -0.8136056662 -0.5506827831 0.1865322888
v 86.43587494 -108.3970947 7.749990463
vn 0.5420601964 0.1427390724 0.8281282187
v 87.40589905 -105.0732346 7.749990463
vn 0.372905463 -0.3592880964 0.855484426
v 86.57564545 -94.85766602 11.74998665
vn 0.1415771097 -0.8622368574 0.4863163233
v 94.67160034 -93.57855225 1.74998939
vn 0.3538943529 0.9267247319 -0.1262540221
v 93.08047485 -102.4260178 -15.48517227
vn 0.6470742226 0.4087119699 -0.64362216
v 89.69515228 -117.9020615 -6.35598278
vn 0.003907321952 -0.9677242041 -0.2519814074
v 83.58187103 -112.0049057 -15.69764328
vn -0.09276905656 -0.7679105401 -0.6338037848
v 76.32236481 -104.615181 7.749990463
vn 0.3748049736 0.1947694123 0.9064138532
v 97.28195953 -116.602356 -3.358329296
vn 0.6251055598 -0.7387048006 -0.2521077096
v 86.23680115 -106.4475784 -8.250008583
vn 0.966062367 -0.2411212027 0.09265040606
v 92.79180908 -95.01275635 11.74998665
vn -0.2852952778 -0.8485922813 0.445530802
v 91.1472168 -122.0833435 11.40671635
vn 0.0146384947 -0.9915782213 0.1286792457
v 95.04101562 -97.45964813 -6.375003815
vn 0.709746778 0.5593530536 -0.4282332361
v 82.62024689 -103.2033844 -25.97982788
vn 0.6777675152 -0.4131016731 -0.6082583666
v 85.12481689 -121.7164078 1.74998939
vn -0.2772348821 -0.9314075708 -0.2358404547
v 76.32236481 -104.615181 11.74998665
vn 0.9281442165 0.1573137194 0.3373435438
v 89.20998383 -92.52217102 1.74998939
vn 0.007638862357 0.9988003969 -0.04836798087
v 94.08557892 -119.1477509 7.749990463
vn -0.1317391992 0.3847455978 0.9135729671
v 78.92032623 -118.3984833 11.41350174
vn -0.7090519071 -0.7034901381 0.04844622687
v 44.6805191 -70.14048767 6.51237011
vn -0.2860241532 0.9471290708 0.1453847438
v 88.2779541 -108.0574188 -18.79086113
vn 0.328084141 -0.3575841188 -0.8743537068
v 76.62010193 -115.4057693 11.50411892
vn -0.8947634101 -0.4128567874 0.1701403856
v 90.51985931 -104.9650879 -8.250008583
vn -0.690603137 -0.7127948999 0.1224368438
v 81.71622467 -114.0673294 -11.32298946
vn -0.2965056002 -0.8581938744 -0.4190318882
v 85.94396973 -119.8193207 7.749990463
vn 0.09141028672 0.4966003001 0.863152504
v 91.05973816 -109.5640869 7.749990463
vn -0.5594139695 0.4875961542 0.6703029275
v 91.74999237 -107.8434448 -8.250008583
vn -0.974046886 0.183851108 0.1320281923
v 41.12855148 -86.17397308 7.089769363
vn -0.3459441662 -0.5396088362 0.7675577998
v 101.2868271 -111.3383026 7.749990463
vn -0.5027938485 0.1376492679 0.8533762693
v 74.54541016 -110.2429428 11.43473339
vn -0.944434464 -0.2440381795 0.2202021033
v 71.88835907 -103.1571426 11.4780817
vn -0.8296168447 -0.3948434591 0.3947588801
v 47.6024704 -70.11878204 7.203934669
vn -0.007399336901 0.5845476985 0.8113256097
v 75.95336914 -94.2172699 -24.25000763
vn -0.2590228617 0.898229301 -0.3550933003
v 99.8469162 -110.2573624 -7.071705818
vn 0.9059414268 -0.1982624829 -0.3741150796
v 82.27960968 -95.9912796 -24.25000763
vn 0.6852683425 0.5584387183 -0.4674970806
v 91.7474823 -104.7432175 -17.3535881
vn 0.6217973828 0.07419078052 -0.7796561718
v 75.26177216 -96.88503265 7.749990463
vn 0.6358109117 -0.7665969133 0.08985362202
v 78.61681366 -93.15961456 11.54010296
vn 0.07062187046 0.905585289 0.4182437062
v 88.81044769 -110.2655563 7.749990463
vn 0.1439477354 0.4976593554 0.8553444743
v 100.5223541 -106.9391022 -2.923534632
vn 0.8829087019 0.1084963158 -0.4568378329
v 98.94364929 -104.4187164 -7.063193798
vn 0.8865798116 0.3950087428 -0.240716204
v 90.48261261 -95.28062439 -9.625005722
vn 0.4852427542 0.8235654235 -0.2937336564
v 101.6980133 -105.1309433 7.749990463
vn -0.4712023437 -0.06509494036 0.8796197772
v 82.2071228 -96.11695862 -26.21537018
vn 0.6119038463 0.4941835403 -0.6175405383
v 75.44673157 -95.26912689 -26.69763374
vn -0.03766811267 0.1404965371 -0.9893643856
v 96.01114655 -118.316658 11.74998665
vn -0.5260236263 0.7406199574 0.4180684686
v 88.17472076 -110.850441 -17.31094742
vn 0.09295817465 -0.6104769707 -0.786559999
v 95.598526 -94.25278473 11.53264332
vn 0.479739815 0.8507882357 0.2144971937
v 103.1978378 -103.0317154 1.74998939
vn 0.9187543392 0.327912122 -0.2199183255
v 100.1255722 -97.71515656 11.52492046
vn 0.7797016501 0.6158352494 0.113191247
v 90.73568726 -94.56549072 7.749990463
vn -0.05290879309 -0.4487034976 0.8921131492
v 95.39699554 -117.8334198 -1.844981432
vn 0.3990674019 -0.8405201435 -0.366430223
v 89.01873779 -107.4083176 -8.250008583
vn 0 6.123234263e-17 1
v 93.17219543 -116.4956589 -9.301181793
vn 0.2586086094 -0.8610580564 -0.4378362298
v 94.25061035 -117.4625397 -5.68594408
vn 0.3707573712 -0.8709830642 -0.3223778307
v 97.27470398 -101.2170258 -6.352940083
vn 0.7896982431 0.4325074852 -0.4351022243
v 98.29286957 -106.0159607 -10.41316032
vn 0.8783180714 0.1827333122 -0.4417757988
v 95.16033173 -113.334404 -11.96616936
vn 0.5799654722 -0.5968459845 -0.5544500947
v 100.8679504 -112.1181946 -1.013033986
vn 0.8650691509 -0.2228686661 -0.4494272768
v 41.84246826 -72.07911682 7.116345406
vn -0.4513815343 0.537778616 0.7120736837
v 83.43744659 -94.75188446 -20.73340416
vn 0.3868008554 0.9013782144 -0.1946854889
v 97.83939362 -119.3336182 1.74998939
vn 0.5634666085 -0.8037310243 -0.1911067069
v 101.3976669 -103.5810318 11.74998665
vn -0.8392000794 -0.3300620019 0.4322063923
v 75.33130646 -97.0803299 -14.25
vn 0.6476379633 -0.7546656132 0.1050946042
v 74.06453705 -106.3356552 0.2257347256
vn -0.6642645001 -0.737835288 -0.1197987273
v 73.08362579 -94.97810364 11.4743042
vn -0.6423944235 0.686175108 0.3413109183
v 40.39466858 -72.68345642 0.4262506664
vn -0.7589522004 0.6461333632 -0.0806428045
v 84.30441284 -93.30677795 -1.906258225
vn -0.1662356555 0.9856494069 -0.02934242785
v 98.04013824 -98.34734344 11.74998665
vn -0.5736985207 -0.5975340605 0.5601990819
v 91.40040588 -99.57048035 -14.28287125
vn 0.7337346673 0.4648329914 -0.4955438375
v 91.02870178 -106.8952484 -17.85759926
vn 0.5152485371 -0.08322158456 -0.8529906869
v 103.2680511 -111.3140717 11.52084732
vn 0.9329129457 -0.2810510099 0.2251305133
v 93.52754211 -100.528801 -13.15023613
vn 0.6522405744 0.5861279368 -0.4806623459
v 97.98249054 -109.8833084 -10.76317215
vn 0.8034875393 -0.2379534543 -0.5456976295
v 101.873085 -108.2546082 11.74998665
vn -0.9003448486 0.09595037252 0.424467504
v 90.03024292 -104.6675415 7.749990463
vn -0.1729170084 -0.5683338642 0.8044229746
v 47.2627182 -78.55001831 -1.250001431
vn 0.1097908765 -0.177178368 -0.9780356884
v 46.73633957 -79.33057404 7.749990463
vn 0.1781303883 -0.06331222504 0.9819679856
v 102.2313004 -114.3304977 1.74998939
vn 0.8600958586 -0.4890632033 -0.1450942308
v 71.99478912 -100.0685043 -24.25000763
vn -0.8844867945 -0.1249495894 -0.4495227933
v 100.2864227 -107.9433975 -5.721690178
vn 0.9717661142 0.06077476591 -0.227984786
v 87.91714478 -104.7024994 -8.250008583
vn 0.2619043291 -0.9581064582 0.1159229651
v 71.58667755 -97.23303223 11.5148344
vn -0.854406178 0.2917647362 0.4299574792
v 77.83361053 -99.84902954 -14.25
vn 0 6.123234263e-17 1
v 74.06456757 -106.2833786 6.691329479
vn -0.607144475 -0.7864920497 0.1131629571
v 51.64848328 -71.6320343 -0.960817337
vn 0.1468367726 0.2145317346 -0.965616405
v 75.68825531 -103.0094376 7.749990463
vn 0.457775116 0.8867430091 0.06425584853
v 42.10683823 -87.43039703 -0.02670189179
vn -0.3611677587 -0.5983173251 -0.715244174
v 82.46818542 -93.92750549 0.09799211472
vn 0.5008742809 0.8445249796 -0.1894796342
v 80.49437714 -109.4348221 -19.38770294
vn 0.03813609108 -0.8402688503 -0.5408270359
v 47.38373947 -80.33368683 7.749990463
vn 0.008697980084 0.06136882305 0.9980772734
v 74.67476654 -93.63024902 7.749990463
vn -0.08313544095 0.2171689719 0.972587347
v 86.92980957 -109.220871 -8.250008583
vn 0.6863600016 0.7181208134 0.1149454564
v 39.25582886 -77.51643372 -1.050260425
vn -0.1582542658 0.02487543412 -0.9870849848
v 82.2778244 -103.7861786 -24.25000763
vn 0.5623528361 -0.6286923885 -0.53712672
v 85.74627686 -114.7629166 -12.91684437
vn -0.2343926132 -0.8423006535 -0.4853758812
v 102.7804947 -101.9098892 11.42005444
vn 0.88809973 0.3488301635 0.2993265092
v 99.52636719 -99.82707977 7.749990463
vn -0.3707557917 -0.2423475683 0.896553278
v 91.77694702 -106.9324341 7.749990463
vn -0.4838869274 -0.1406323463 0.8637568951
v 86.56919861 -98.53954315 -21.15234947
vn 0.8128495216 0.2227285057 -0.538207829
v 96.08052826 -96.63420105 7.749990463
vn -0.282800585 -0.4618617296 0.8406590223
v 92.25193024 -110.2985153 -16.1972847
vn 0.428791225 -0.4365603328 -0.7909191847
v 44.17030716 -71.71986389 7.630409718
vn -0.04389410466 0.1065811813 0.993334651
v 41.07652664 -73.22530365 -0.9062329531
vn -0.374429971 0.3504335582 -0.8584861755
v 46.44806671 -70.05125427 -0.4731774926
vn -0.04388252646 0.6264184117 -0.7782508135
v 46.52296066 -69.55365753 0.5559570789
vn -0.1079259291 0.9938602448 -0.02436933853
v 74.02394867 -99.57130432 7.749990463
vn 0.9970389605 0.06480331719 0.04139818251
v 86.14070892 -107.1842804 11.74998665
vn 0.9678194523 0.1092886776 -0.226674825
v 85.52590179 -109.270462 17.74998856
vn -0.7946546078 -0.5827952027 -0.1699229032
v 87.38572693 -109.7887497 11.74998665
vn 0.3887332678 0.8915843964 -0.2323009819
v 86.56970978 -111.7456207 17.74998856
vn -0.4343561232 -0.8288744688 -0.3525646627
v 84.99124908 -116.1119308 18.26131439
vn -0.1618125886 0.3401564062 -0.9263424277
v 87.08929443 -110.8254623 11.74998665
vn -0.5654181838 -0.8167143464 -0.1152388379
v 88.80899048 -112.4002609 19.58278656
vn 0.1328365207 -0.7542675734 0.6429889798
v 69.66220093 -112.3697433 22.82660866
vn 0.1249707565 -0.2564431429 0.9584462643
v 69.94447327 -126.605011 17.70489883
vn 0.2501721978 -0.4863508046 0.8371838331
v 88.20085907 -112.3216782 17.74998856
vn -0.09395428747 -0.7300193906 -0.6769374013
v 77.87901306 -121.30233 17.67213249
vn -0.1013503969 0.2461900711 -0.9639079571
v 84.35469818 -109.1567078 17.74998856
vn -0.8861846328 -0.348826617 -0.3049536943
v 85.03414917 -107.4464951 11.74998665
vn -0.9867315888 0.1101938784 -0.1192397624
v 87.77372742 -104.8038406 11.74998665
vn 0.5773661137 -0.7819014788 -0.2351137847
v 87.77372742 -104.8038406 18.74999619
vn 0.2345128208 -0.8967249393 -0.3753506541
v 91.89680481 -107.6323318 18.74999619
vn -0.9556844831 0.2622428834 -0.1337753981
v 87.98995972 -112.2836685 19.27848434
vn -0.3735763133 -0.1042848304 -0.9217187166
v 89.22830963 -111.3610077 17.74998856
vn 0.1296304017 -0.9757688642 -0.1762698442
v 90.76711273 -112.0723572 23.74999046
vn 0.3529587686 -0.9316633344 0.08616015315
v 90.01557159 -112.2923813 19.25977516
vn 0.2912614644 -0.9382121563 0.1868815571
v 107.8656845 -107.2164078 23.90956306
vn -0.08538188785 0.07803475857 0.9932877421
v 85.52590179 -109.270462 11.74998665
vn -0.8728702664 -0.4272822738 -0.2356423587
v 92.09568024 -109.9402924 11.74998665
vn 0.7448898554 -0.6052243114 -0.2807893455
v 89.06095886 -111.8126755 24.5822258
vn 0.06809604168 -0.7463446856 0.6620668173
v 88.85155487 -112.3532791 23.74999046
vn -0.0496339649 -0.9920706153 0.1154656783
v 85.85374451 -111.2544708 23.74999046
vn -0.664526403 -0.730974853 0.1551787555
v 85.23395538 -110.6464462 17.74998856
vn -0.6673434377 -0.6162843704 -0.4181462824
v 90.26376343 -110.012764 11.74998665
vn -0.5799711347 0.7854408622 -0.2161390781
v 107.9236755 -107.3148956 23.42281532
vn 0.163218677 -0.3612425625 -0.9180759788
v 81.39312744 -104.5953293 23.13307381
vn 0.1004037783 -0.1268957108 0.986821413
v 79.04754639 -105.0690231 22.82044983
vn -0.1455311626 0.3323954642 -0.9318443537
v 86.48703766 -103.1187286 23.74999046
vn -0.448099941 0.8838022351 0.1345363259
v 86.48703766 -103.1187286 17.74998856
vn -0.5394502282 0.8210417032 -0.1867724508
v 90.67739868 -102.7116165 17.74998856
vn 0.2886172235 0.7933127284 -0.5360550284
v 92.78188324 -106.1809845 17.74998856
vn 0.8826114535 0.4353697598 -0.1773420274
v 92.78188324 -106.1809845 11.74998665
vn 0.9602486491 0.2310857326 -0.1565947384
v 93.96372223 -107.5755157 17.74998856
vn 0.9682205915 -0.1039493158 -0.2274718285
v 94.96349335 -96.99259949 18.52602959
vn -0.2895182669 0.4988249838 0.8169166446
v 73.18699646 -119.7433472 19.85196304
vn 0.1734018773 -0.3587398529 0.9171900153
v 85.03414917 -107.4464951 17.74998856
vn -0.9825544953 -0.07279603183 -0.1711355299
v 75.78896332 -123.0298309 17.96117973
vn 0.2715004086 -0.4846084416 0.8315300345
v 104.2992706 -99.81668854 21.46169281
vn -0.148160845 0.3098623157 0.9391664863
v 90.6517868 -105.0278549 11.74998665
vn -0.3938003182 -0.9032065272 -0.170702368
v 116.991272 -104.1329727 23.80085564
vn 0.1726605892 -0.3701588213 -0.9127818942
v 105.3526001 -95.07455444 19.40340805
vn 0.1727241129 -0.3571145535 -0.9179518223
v 104.2769165 -90.50494385 17.85877991
vn -0.2450093329 0.4544253945 0.8564274311
v 113.9996185 -85.3795929 17.17295647
vn 0.1381337345 -0.2899069488 -0.9470338225
v 134.1897583 -81.89424133 19.60154152
vn 0.1694705188 -0.365036577 -0.9154387116
v 86.43846893 -111.6694565 19.89888382
vn -0.2708161175 0.2824116349 -0.9202729464
v 137.202652 -88.19699097 22.1441803
vn 0.1163843721 -0.2540766001 -0.9601560831
v 119.8217773 -82.93630981 17.28467369
vn 0.1571297646 -0.3274187148 -0.9317227006
v 140.0300446 -90.60510254 22.97639847
vn 0.1977063566 -0.3799096644 -0.9036486149
v 129.5266266 -97.58737183 24.14811516
vn -0.08651642501 0.2037703842 0.9751884341
v 89.22830963 -111.3610077 11.74998665
vn -0.0876358524 -0.9708767533 -0.2229760885
v 91.92573547 -111.4764023 17.74998856
vn 0.5161752701 -0.847337842 -0.1248267144
v 98.98994446 -109.7475815 22.82044983
vn 0.150636822 -0.3596015275 -0.9208666086
v 154.4968872 -81.32168579 22.30894852
vn 0.2568933368 -0.4148185253 -0.8728868365
v 91.51226807 -104.3781357 11.74998665
vn 0.699804008 0.6799610853 -0.2189230621
v 134.4219513 -81.52637482 20.04456329
vn -0.1708622575 0.3684096634 0.9138273597
v 154.6666412 -81.08391571 22.63764572
vn 0.02356046624 0.05678794906 0.9981082082
v 152.0370026 -79.76504517 22.22942924
vn -0.1069332957 0.2374462485 0.9654970169
v 145.197525 -74.71578217 19.09446335
vn -0.2120267153 0.5066466331 0.8356757164
v 150.5012817 -72.91072845 18.92676735
vn 0.113854222 -0.1393357962 -0.9836781621
v 153.4104614 -75.16835022 20.4591217
vn 0.1686374545 -0.2989144623 -0.939261198
v 152.4578094 -73.34966278 19.65039825
vn 0.3091450632 -0.2781091332 -0.9094419479
v 92.48860168 -109.3675232 17.74998856
vn 0.8525480032 -0.4884003401 -0.1860833168
v 72.67546082 -106.8474655 23.76353455
vn 0.08516146988 -0.07249187678 0.9937265515
v 92.97203064 -110.3835831 17.74998856
vn 0.8416666389 -0.498862952 -0.2067196667
v 90.26376343 -110.012764 18.74999619
vn -0.2345108539 0.8967251182 -0.3753514588
v 92.94942474 -108.0626297 17.74998856
vn 0.9936930537 -0.04825856537 -0.1012189388
v 93.99648285 -107.5956573 21.76588249
vn 0.3640239537 -0.2473015487 -0.8979579806
v 95.50512695 -96.87416077 18.04570198
vn 0.1564983577 -0.3303731084 -0.9307855964
v 71.63226318 -125.3968124 17.30769348
vn -0.109439604 0.2477249801 -0.9626293778
v 123.9405289 -100.9312973 23.84030342
vn 0.180867061 -0.3696352243 -0.9114038348
v 129.6251221 -97.6649704 23.66024399
vn 0.1455696821 -0.2949340343 -0.9443640113
v 85.60160828 -105.4788513 17.74998856
vn -0.8567703962 0.4788262248 -0.1914938837
v 139.9969788 -90.50704193 23.46549988
vn 0.02184697054 0.06286562234 0.9977828264
v 152.0961456 -79.84004974 21.7371273
vn 0.1287226081 -0.2719697058 -0.9536576867
v 119.6727829 -82.75694275 17.73139954
vn -0.1899621636 0.419757396 0.8875348568
v 150.3292236 -72.74926758 19.24167442
vn -0.221721068 0.5650661588 0.7946949005
v 130.2228851 -79.33141327 18.26186752
vn -0.2217038274 0.5720053911 0.7897197008
v 145.2992706 -74.94953918 18.66442108
vn 0.1442824155 -0.2743275166 -0.9507507682
v 151.9251709 -72.87265015 19.57741737
vn -0.1034241393 0.6141211987 0.7824056149
v 155.3088989 -79.65899658 22.50094032
vn 0.0451756008 0.1912029088 0.980510354
v 93.68278503 -105.6599503 23.74999046
vn 0.91168046 0.3124182522 0.2668961585
v 86.14070892 -107.1842804 18.74999619
vn 0.9556865096 -0.2622365355 -0.1337733865
v 93.99511719 -107.0320663 22.14130592
vn 0.04965623841 0.2905803025 0.9555612803
v 93.90175629 -108.3574829 22.45409775
vn -0.04849934578 0.1945847124 0.9796859622
v 93.35606384 -109.857338 23.74999046
vn 0.8447498083 -0.4346511662 0.3122117519
v 108.3752975 -102.4468842 22.82660866
vn -0.1259717345 0.2591202855 0.9575948119
v 86.94916534 -111.959877 23.74999046
vn -0.3444371521 -0.9043343663 0.2520761788
v 84.17794037 -106.3849716 23.74999046
vn -0.9017120004 0.2909311354 0.319803834
v 85.17259979 -104.243309 23.74999046
vn -0.7321071029 0.5706201792 0.3720372617
v 88.10683441 -102.511528 23.74999046
vn -0.1995264441 0.9670510292 0.1581187397
v 91.26232147 -102.9984283 23.74999046
vn 0.466493696 0.8704259992 0.157296747
v 89.67304993 -103.4776154 11.74998665
vn 0.2541073561 0.9392261505 -0.2308325469
v 91.04412842 -110.8399734 11.74998665
vn 0.4030065238 -0.9103331566 -0.09422969818
v 92.29196167 -103.6560135 20.78253937
vn -0.06415250152 0.4413088858 0.8950591683
v 89.30114746 -103.3828201 24.94369698
vn 0.04342895001 0.691612184 0.7209622264
v 92.70489502 -109.0505066 24.94369698
vn 0.6500455737 -0.2786242366 0.7069718838
v 87.740242 -109.3868942 26.12132645
vn -0.3114878535 -0.3498831689 0.8834913969
v 89.60557556 -112.3642807 18.8022995
vn 0.234194383 -0.6002304554 -0.7647721171
v 86.68128204 -107.8184357 26.12132645
vn -0.437751472 -0.1179263592 0.8913288116
v 93.35454559 -109.7734375 22.16262245
vn 0.3999509513 -0.3253447413 -0.8568488955
v 89.67304993 -103.4776154 17.74998856
vn 0.06461489946 0.9824069142 -0.1752185374
v 96.64437866 -110.2212906 23.13307381
vn -0.1007679999 0.1288938224 0.9865252972
v 87.4726944 -103.2840118 24.5822258
vn -0.2083616108 0.720921576 0.660951972
v 92.25686646 -111.1931152 23.74999046
vn 0.5663183928 -0.8011687398 0.1934220642
v 86.83024597 -105.607399 25.89821434
vn -0.4001072347 0.373883605 0.8367348909
v 91.45915222 -110.5247345 17.74998856
vn 0.542054534 -0.8078534007 -0.2314081639
v 88.97428894 -105.9628677 26.48776245
vn 0.0003507280198 0.3025711477 0.9531267285
v 87.80187988 -108.1873169 26.48776245
vn -0.1820534766 -0.1836122721 0.9659932852
v 90.80005646 -102.7670975 20.11860085
vn -0.1174253151 0.5481792092 0.828076601
v 85.03651428 -108.1499252 24.94369698
vn -0.689273119 -0.1432391703 0.7102007866
v 89.54891968 -108.7338867 26.48776245
vn 0.06179248914 -0.284134835 0.9567910433
v 92.80354309 -104.1701889 23.74999046
vn 0.7309800386 0.6447198391 0.2236167789
v 90.56277466 -105.5627213 26.12132645
vn 0.302365303 0.3512299657 0.8861222863
v 93.00097656 -106.6667175 24.94369698
vn 0.6826459765 0.1325345039 0.7186299562
v 90.84889984 -108.011673 26.34443855
vn 0.3234135807 -0.1242403165 0.9380660653
v 91.2671814 -106.5201111 26.12132645
vn 0.4549068213 0.1643763781 0.8752372265
v 88.57247925 -107.2174072 26.69053841
vn -0.1220235974 0.0135562541 0.9924346209
v 88.75680542 -102.4674606 17.74998856
vn -0.05482167751 0.7849602699 -0.6171157956
v 87.64130402 -103.733757 11.74998665
vn -0.3444947004 0.9313992262 -0.1175539196
v 89.40678406 -102.4233932 23.74999046
vn 0.1461747587 0.9808579683 0.1286492795
v 91.81450653 -107.873703 25.89821434
vn 0.53888309 -0.09421166778 0.8370956779
v 87.64130402 -103.733757 17.74998856
vn -0.509336412 0.8308461308 -0.2242121398
v 85.28466797 -104.1157074 22.2557621
vn -0.6423819661 0.6057605147 -0.4694673717
v 90.96968079 -109.4979019 25.89821434
vn 0.3651943803 -0.3378699124 0.86745435
v 85.77599335 -106.868515 25.6016922
vn -0.5625396371 0.132696867 0.8160519004
v 92.50717926 -105.3494415 24.94369698
vn 0.5729781985 0.3680578768 0.7322768569
v 88.43191528 -102.4523544 18.8022995
vn -0.1242271289 0.1946347058 -0.9729773402
v 89.91838074 -107.3663406 26.63108635
vn 0.1721136272 0.07084360719 0.9825263619
v 92.90188599 -104.2857208 20.58490753
vn 0.2207102925 -0.2845950127 -0.9328947663
v 69.2015686 -112.4552002 22.34306717
vn -0.1253100336 0.2570564747 -0.958237648
v 64.1317749 -129.6345062 17.62259865
vn 0.2168550491 -0.467610985 0.8569211364
v 44.11222458 -119.9558487 23.41473961
vn -0.2028767467 0.3868761361 -0.8995375633
v 40.83485031 -126.6196365 22.1441803
vn -0.1164715365 0.2543452978 -0.9600744247
v 43.61553955 -133.2902527 20.04456139
vn 0.1695094556 -0.3634771407 0.916051805
v 72.68489075 -119.7420807 19.40340805
vn -0.1732926816 0.3575354815 -0.9176808
v 85.85115814 -104.9048615 24.94369698
vn -0.6229065657 0.3742007315 0.6869943142
v 47.65538788 -135.2948608 17.82187462
vn -0.1180934235 0.205484584 -0.9715091586
v 27.88581657 -131.0897369 22.83107185
vn 0.01085007284 -0.09735572338 0.9951905012
v 41.00184631 -126.633728 22.64076805
vn 0.1183457449 -0.2565240264 0.9592651725
v 31.77010727 -140.4496765 19.14764595
vn 0.2222180963 -0.5276216865 0.8198990822
v 83.07398987 -117.8240433 18.52602959
vn 0.2785189748 -0.4802848399 0.8317173123
v 92.26902771 -111.1958694 22.49578094
vn 0.6439006329 -0.7514762282 -0.1437897831
v 85.60160828 -105.4788513 11.74998665
vn -0.7469265461 0.6359395981 -0.1941173673
v 24.53862381 -139.4637299 21.07760239
vn 0.08769726753 -0.3351977766 0.938057363
v 87.38572693 -109.7887497 18.74999619
vn 0.5896117091 0.5825713277 -0.5594360232
v 56.61725235 -112.7997055 24.33038902
vn 0.06158970669 -0.1280702949 0.9898508787
v 104.8504944 -95.07328033 19.85196304
vn -0.171590358 0.3549420834 0.9190064669
v 61.04621887 -110.6836853 23.80085564
vn -0.1731631905 0.3721171916 -0.9118899703
v 111.8932343 -86.19112396 17.63801384
vn -0.2504449189 0.5118775964 0.8217412233
v 57.81732178 -122.4209366 20.99159622
vn -0.1465449929 0.3092210889 -0.9396312237
v 22.72193146 -134.8290558 22.44350433
vn -0.06744970381 -0.09311438352 0.9933681488
v 120.2201767 -92.39569092 20.99159622
vn 0.1466473639 -0.3091714382 -0.9396316409
v 84.29144287 -108.9804077 21.23700714
vn -0.226325646 0.2625496984 -0.9380002022
v 84.0273819 -107.6028519 21.67067528
vn -0.3615088761 0.2367293984 -0.9018151164
v 84.32604218 -105.8457489 22.04599762
vn -0.3885740936 0.2938108146 -0.8733186126
v 43.84773636 -132.9223785 19.60153961
vn -0.1692186743 0.3641495407 -0.91583848
v 27.53621674 -141.9059143 18.92676353
vn -0.1039994135 0.08631477505 -0.9908248782
v 121.4202576 -102.0169067 24.33038902
vn -0.06590345502 0.1397671252 0.9879888296
v 26.40602493 -142.0375519 19.434515
vn 0.08011927456 -0.598713696 0.7969459295
v 25.51185417 -141.4096375 19.94843674
vn -0.1665384322 -0.5951304436 0.7861835957
v 25.81478119 -141.6226501 19.4432869
vn -0.2592927217 0.2897633016 -0.9213058949
v 22.80978775 -134.4963684 22.22187424
vn -0.2525938153 0.2098820508 -0.944534719
v 40.95982742 -137.4672241 18.68611336
vn 0.220330894 -0.5734183788 0.7890790105
v 58.21570206 -131.8803101 17.28467369
vn -0.156127423 0.3233875334 -0.9332977533
v 33.49068832 -134.2387695 21.46011925
vn 0.1449883282 -0.3085838854 0.9400821328
v 91.89680481 -107.6323318 11.74998665
vn -0.9577476382 -0.1081498563 -0.2665015161
v 26.00050163 -135.05159 22.22942924
vn 0.09671508521 -0.2247719914 0.9695997834
v 92.4197998 -110.2070541 24.5822258
vn 0.5520640016 -0.5249102116 0.6478384137
v 87.23743439 -112.0495224 20.11860085
vn 0.09791382402 -0.5651824474 0.8191347122
v 85.53031158 -109.4671783 24.94369698
vn -0.5458336473 -0.3629088104 0.7552236915
v 86.79394531 -104.0178223 24.94369698
vn -0.4210386574 0.565471828 0.7092024088
v 88.55336761 -110.204071 25.89821434
vn -0.1167330071 -0.5008534193 0.8576241732
v 87.98187256 -111.3082275 24.94369698
vn -0.1756592542 -0.6856390238 0.7064297199
v 86.51527405 -110.5758972 24.94369698
vn -0.3913148642 -0.5469349027 0.740091145
v 92.18374634 -103.562149 17.74998856
vn 0.6402890682 0.7110081911 -0.2906842232
v 105.272171 -90.19661713 17.38501167
vn 0.08480191976 -0.2125809491 -0.9734567404
v 154.5684814 -77.5908432 21.95509338
vn -0.1013495177 0.3248145878 0.9403317571
v 35.72160721 -138.7987976 18.54642296
vn -0.1503422111 0.3030063808 -0.9410549402
v 91.51226807 -104.3781357 17.74998856
vn 0.5732426643 0.7870496511 -0.2279159725
v 84.72916412 -109.9400558 23.74999046
vn -0.8293040395 -0.4651431739 0.3096717894
v 84.55026245 -109.5526505 21.54365158
vn 0.0620438233 -0.3383281231 0.938980639
v 84.73812103 -106.5034027 24.5822258
vn -0.7424013615 0.1405843198 0.6550391316
v 90.73072052 -111.4346771 24.5822258
vn 0.3214328885 -0.6759673953 0.6631357074
v 84.04238892 -107.7845535 22.14130592
vn 0.01717317477 -0.2801756561 0.9597951174
v 88.17524719 -104.2437286 25.6016922
vn -0.1655662656 0.5177006721 0.8393889666
v 88.80670929 -102.4336853 19.47538757
vn -0.1428933889 0.8314145803 0.5369648337
v 84.92544556 -104.6298294 22.72022438
vn -0.3871126771 0.1991213411 0.900274694
v 93.04611206 -107.8834 24.94369698
vn 0.7102831006 -0.0882217288 0.6983658671
v 87.55683136 -106.152832 26.34443855
vn -0.2774098217 0.2166662663 0.9360018969
v 91.59902191 -103.1471786 19.89888382
vn 0.2499225736 -0.2950078547 -0.9222304821
v 90.48545074 -103.255127 24.5822258
vn 0.24736166 0.7270216346 0.6405090094
v 87.65892792 -102.5975037 19.15156746
vn -0.3720701039 0.9267725348 0.05154109374
v 89.48413086 -104.6125565 25.89821434
vn 0.1323322505 0.5226947069 0.8421866894
v 52.15732193 -114.9616928 23.79138184
vn -0.1403251886 0.2920286953 -0.946059227
v 66.04891968 -128.4284515 17.18848419
vn -0.1212679297 0.2572707236 -0.9587000608
v 65.96202087 -108.9454727 24.12893486
vn 0.0669220686 -0.08271117508 0.9943240285
v 90.04753876 -102.5329437 19.27848434
vn 0.2988558114 -0.101730898 -0.9488604069
v 70.1138382 -107.5017319 23.42281532
vn -0.1637849808 0.3649984002 -0.9164882302
v 27.1516304 -139.9099731 20.45328331
vn 0.1742861867 -0.3916903436 0.9034395218
v 55.01636887 -133.2137604 17.87785149
vn 0.1898479611 -0.4275304973 0.8838412762
v 27.85945702 -131.0139008 22.33761215
vn -0.1339539886 0.2784517705 -0.9510630369
v 27.62298775 -142.0684357 19.22865105
vn 0.2100427896 -0.5813777447 0.7860546708
v 29.75487137 -140.9354095 18.7824173
vn -0.1394869983 0.250184387 -0.9580976963
v 24.30424309 -138.9730377 20.71007347
vn -0.172155723 0.2982751727 -0.9388260245
v 38.04051208 -124.3095856 23.46549988
vn -0.02197988145 -0.06456898898 0.9976711273
v 26.67385292 -141.9849548 19.07147217
vn -0.2282299101 0.2467628866 -0.9418169856
v 22.71316147 -135.4837036 22.06473351
vn -0.2698070407 0.2268747091 -0.9358055592
v 62.735569 -120.2596207 21.46193695
vn 0.1477324665 -0.3094834089 0.9393588901
v 22.85897255 -135.8531189 22.36648941
vn 0.04386110976 -0.3064649105 0.9508708715
v 85.06546021 -104.4330521 17.74998856
vn -0.8293860555 0.4818444252 -0.2827449739
v 84.07376862 -107.2411194 17.74998856
vn -0.9689383507 0.1068317145 -0.2230369598
v 85.13561249 -110.5308838 20.58490753
vn -0.224152565 0.2858258188 -0.9316969514
v 25.94135666 -134.976593 21.7371273
vn -0.126626119 0.2697136104 -0.9545786381
v 48.51087952 -117.2292557 24.14811516
vn 0.08335343003 -0.1995746493 0.9763309956
v 85.97653961 -103.4409866 22.4650116
vn -0.5155232549 0.8542141318 0.06748301536
v 89.86225128 -110.5728989 25.6016922
vn 0.1212445572 -0.5617851019 0.8183503151
v 93.24501038 -110.0355072 22.71262741
vn 0.4136871099 -0.1451869756 0.8987678885
v 93.96372223 -107.5755157 23.74999046
vn 0.9396213293 -0.1027482674 0.3264269531
v 155.2124634 -80.40026093 22.26756477
vn 0.2977650464 -0.2260796577 -0.927482605
v 27.99105263 -139.264389 20.00734138
vn -0.1672219336 0.3591637611 -0.9181711078
v 93.48722076 -105.2639847 21.54365158
vn -0.03541525453 0.3470153511 0.9371905327
v 23.53666115 -133.4906921 22.26739311
vn -0.1728845239 0.2820503116 -0.9436941147
v 23.36587143 -133.7267303 22.5825119
vn -0.1073765308 0.06377392262 0.9921709299
v 84.12194824 -108.3202209 23.74999046
vn -0.957475543 -0.1516054571 0.2454716563
v 90.13467407 -112.2286148 17.74998856
vn 0.3068432808 -0.8646184206 -0.3978469074
v 150.1780396 -83.80271149 22.33761215
vn 0.1320250481 -0.2738230824 -0.9526753426
v 151.1142731 -72.67937469 19.2972641
vn -0.1123679131 0.6568283439 0.7456205487
v 152.5877991 -73.52578735 20.15129471
vn 0.06340763718 0.4748900831 0.8777579069
v 150.1517029 -83.72690582 22.83107185
vn 0.005296977237 0.07019543648 0.9975191951
v 150.0464478 -75.55223846 20.00735092
vn 0.1723771542 -0.3637707233 -0.915399909
v 150.885849 -74.90668488 20.45328331
vn -0.1636658609 0.3626133502 0.9174557328
v 137.0356445 -88.18291473 22.64076805
vn -0.1145257577 0.2507466078 0.9612543583
v 130.3821106 -79.52177429 17.82187653
vn 0.1242730692 -0.2317020446 -0.9648162127
v 84.13572693 -106.4591522 22.45409775
vn 0.009125863202 -0.1921407431 0.9813249707
v 108.8359299 -102.3614349 22.34306717
vn 0.1247877777 -0.2562052906 -0.9585337043
v 87.08929443 -110.8254623 17.74998856
vn -0.3996645212 -0.8890011907 -0.2234842181
v 85.74552917 -111.1606064 20.78253937
vn 0.1161680818 -0.3814283609 0.9170700312
v 90.6517868 -105.0278549 18.74999619
vn -0.589612484 -0.5825721025 -0.5594344139
v 92.80471802 -108.5633011 11.74998665
vn 0.9652736783 -0.218632102 -0.1429919153
v 93.74604797 -105.8362274 21.23700714
vn 0.2380090654 -0.2570745349 -0.9366239309
v 113.7815781 -105.2786789 24.20228004
vn -0.06174229085 0.07449351996 0.99530828
v 135.4256897 -84.93759918 21.46115112
vn -0.1464255601 0.3091489375 0.9396736026
v 151.6713715 -72.92436218 19.17993927
vn 0.2709950209 -0.2976008058 -0.9154208899
v 155.2360077 -79.22064972 22.0488472
vn 0.3179959655 -0.2065011263 -0.9253301024
v 93.3848114 -105.0806351 17.74998856
vn 0.854711473 0.3878804743 -0.3449884951
v 34.39751053 -126.7766495 22.70134544
vn -0.206151396 0.3916495442 -0.896723032
v 91.28277588 -110.2995224 25.30517006
vn 0.4169284403 -0.5051064491 0.7556706667
v 91.38937378 -104.1496048 24.94369698
vn 0.3865754008 0.5604908466 0.7323998213
v 6.57003212 63.08901596 -10.25000286
vn 1 0 0
v -14.42997074 63.08901596 -10.25000286
vn -1 0 0
v 6.57003212 63.41224289 -10.90495205
vn 0.4227203727 0.3892171979 -0.818423748
v 6.57003212 63.78131866 -10.43605709
vn 0.3649860024 0.9152826071 -0.1704198271
v 5.32003355 63.28092575 -10.96693039
vn 0.5590070486 0.05455489829 -0.8273662329
v 6.57003212 62.35884094 -10.23313141
vn 0.3451942205 -0.9090532064 -0.2333735228
v 6.57003212 62.63258362 -9.679812431
vn 0.3452551663 -0.7380122542 0.5797730088
v 6.57003212 62.73042679 -10.87074757
vn 0.3900297284 -0.3976722658 -0.8305019736
v 5.32003355 60.83446121 -11.33028507
vn 0.03464108706 -0.9316368103 0.3617359102
v -9.6616745 71.04678345 -4.248500347
vn -0.4780448377 0.8388190866 0.2604912817
v -13.1260376 68.2541275 -2.792984247
vn -0.5986710787 0.4613130391 0.6548154354
v -13.17997265 63.78131866 -10.43605709
vn -0.9513023496 0.3023394048 -0.06012276188
v -13.17997265 63.41224289 -10.90495205
vn -0.5719690323 0.3521154523 -0.7408549786
v 0.4738582671 68.6880722 -9.29829216
vn 0.1832085401 0.8768694997 -0.4444485307
v -9.056406975 71.23040771 -4.344199181
vn -0.1130477041 0.9072245955 -0.4051712453
v -3.929974318 68.18302917 -12.90937233
vn -0.01404130273 -0.1501128823 -0.9885691404
v -3.706923723 67.21952057 -12.96664238
vn -0.02824129537 0.1318642497 -0.9908654094
v -2.363690376 66.88006592 -12.8767128
vn 0.06413798034 0.7618562579 -0.6445629597
v -1.8186239 67.36030579 -12.48642159
vn 0.4046589732 0.2522369325 -0.8789923787
v -0.8581348658 67.36695862 -11.99722576
vn 0.1166001037 0.8210309744 -0.5588492751
v -1.262008548 70.51341248 -7.001207352
vn 0.5786855817 0.7888519168 0.2069678307
v -2.28288579 71.65996552 -7.485524178
vn 0.5292720199 0.4969685972 0.6876724362
v -3.172139406 71.3203125 -6.710819721
vn 0.206979081 0.7619417906 0.6136809587
v -5.747029781 71.43912506 -7.456742287
vn -0.5425123572 0.5138017535 0.6645962
v -6.910785198 71.03981781 -8.724261284
vn -0.8716744184 0.329364866 0.3629083633
v -8.269145012 69.03565216 -8.740831375
vn -0.2132262141 0.8770549893 -0.430475533
v -0.4157111049 69.08264923 -10.46761131
vn 0.8328406811 0.3606895506 -0.4198564887
v -7.817635059 69.07862091 -9.601283073
vn -0.7865975499 0.5202150345 -0.3326268196
v -7.458480358 68.39011383 -10.97785854
vn -0.7416052818 0.365121305 -0.5627682209
v -14.42997074 63.79154587 -10.07794285
vn -0.3567495644 0.8976018429 0.2589221001
v -6.326482296 69.36788177 -12.20727825
vn -0.7262657881 -0.2785807252 -0.6284351349
v -1.984489083 72.52662659 -8.012560844
vn 0.5029656887 0.3544149995 0.7882991433
v -4.335732937 66.76199341 -13.10324192
vn -0.007374075241 0.7892377377 -0.6140434742
v -7.378159523 71.32744598 -10.49331665
vn -0.9980810881 -0.05793588609 -0.0218539387
v -5.614368439 71.02001953 -15.70428467
vn -0.2619118392 -0.8320682049 -0.4889424145
v -0.4062945247 69.87006378 -9.463000298
vn 0.9190298319 0.3699393868 -0.1361213326
v -1.367766738 75.13812256 -7.790987015
vn 0.4819183946 0.1710174531 0.8593646884
v -6.245205879 75.19796753 -7.66768074
vn -0.4541832507 -0.04415589571 0.8898133636
v -8.796285629 73.62495422 -10.70211029
vn -0.8528403044 -0.321010977 0.4118438065
v 6.57003212 63.08956146 -9.50783062
vn 0.3139488697 -0.0278140232 0.9490323663
v 5.312232018 62.99047852 -12.45398521
vn 0.1460392773 -0.4272244871 -0.8922733665
v -5.23761034 70.77587128 -5.933080196
vn -0.2616981864 0.9064099193 0.3315645754
v -7.403384686 73.27155304 -11.26754761
vn -0.8007515073 -0.4760406613 0.3635688722
v -5.71311903 72.49308014 -7.89703846
vn -0.5133106709 0.3680393398 0.7752800584
v -4.29058075 71.99352264 -7.214315891
vn -0.1199539676 0.4984053671 0.8586053252
v -4.233858585 71.52573395 -14.61719227
vn -0.1229466721 -0.8846654296 -0.4497234523
v -0.5880978703 70.54837036 -9.987096786
vn 0.9994860888 0.03203589097 0.001109452685
v -0.4074558914 71.56362152 -14.65203571
vn 0.5633099079 -0.8017452955 -0.1997160316
v -3.033988476 70.93221283 -15.89873505
vn 0.1236972511 -0.7390788198 -0.6621642709
v -4.910391331 68.95253754 -12.95648193
vn -0.232161805 -0.3889201581 -0.8915391564
v -8.705024719 72.57229614 -12.71124363
vn -0.9136691689 -0.3858007193 -0.127931565
v 1.021718025 73.28975677 -11.33220959
vn 0.8878365755 -0.3879606128 0.2474526167
v -0.2834284604 69.86533356 -7.121606827
vn 0.1980209053 0.9133127332 -0.3558758199
v -0.522039175 71.36238098 -10.15784645
vn 0.9859508872 0.05082883313 0.1591140777
v -2.217330217 69.22422791 -12.71208477
vn 0.5265863538 -0.3407360613 -0.7788490057
v 0.6007621884 74.13728333 -9.747540474
vn 0.7670809031 -0.3499035835 0.5377307534
v -0.6664670706 69.63437653 -10.73566628
vn 0.9541094899 -0.02537664399 -0.2983808517
v -6.676675797 70.34053802 -6.237204075
vn -0.1208650172 0.9440577626 -0.3068331778
v -5.586634159 75.33640289 -7.414081573
vn -0.2844906449 0.014853172 0.958563745
v -4.081918716 74.73031616 -8.468653679
vn -0.02721715532 -0.2326527983 0.972178936
v -5.403505325 74.59161377 -8.734787941
vn -0.3031718731 -0.2341173738 0.9237293005
v -2.908088684 70.85731506 -5.986920357
vn 0.1875368655 0.9050382376 0.3817534447
v -7.297851562 72.71401215 -12.33728409
vn -0.7375760674 -0.6614927649 0.1356791109
v 0.8756774068 73.73760223 -10.48130322
vn 0.9351696372 -0.1652267277 0.3133015931
v -8.854249954 76.04113007 -12.29588032
vn -0.9467791915 0.3214291632 -0.01710154116
v -0.5620977879 72.71401215 -12.33728409
vn 0.7891447544 -0.6021776795 0.1209650263
v -7.904932976 74.54344177 -8.930256844
vn -0.63864398 -0.3268263936 0.6966479421
v -8.049322128 71.90843964 -13.99245167
vn -0.7539459467 -0.6274232268 -0.1946936995
v -8.14599514 68.30217743 -10.20285988
vn -0.2455932051 0.8237735629 -0.5109609962
v -7.112261772 70.17441559 -7.260746002
vn -0.6140350699 0.7786795497 0.1289148033
v -2.099322319 75.31556702 -7.466591835
vn 0.2951072156 -0.2194561511 0.9299197197
v -8.892686844 75.57390594 -13.20144081
vn -0.9914931059 0.0392832607 -0.1240896881
v -5.671546936 68.97827911 -12.63666058
vn -0.4592844844 -0.3122294545 -0.8316072226
v -6.671247482 68.82680511 -11.71696472
vn -0.7307211161 0.04411020875 -0.6812495589
v -2.271871805 77.88580322 -8.743963242
vn 0.3416390419 0.5999975801 0.7233848572
v 0.9694483876 75.40799713 -13.57824039
vn 0.9808838367 0.09019290656 -0.1724301726
v -4.819825649 68.26097107 -12.80541611
vn -0.2243673801 -0.1109194979 -0.9681715369
v -0.7875958681 70.45153809 -11.67587376
vn 0.9105495214 -0.2251517177 -0.3467077017
v 0.7806726694 75.03203583 -14.27401447
vn 0.9203541875 0.1174015105 -0.3730482459
v 0.7840960026 76.46039581 -11.52499485
vn 0.9496874213 0.2701202333 0.1585206985
v -4.261733532 70.92368317 -5.923959255
vn -0.0407519415 0.9074651003 0.4181463122
v -0.8744310141 71.84888458 -9.135856628
vn 0.9093409777 0.1677725464 0.3807248175
v -3.027565718 71.5745163 -14.52360249
vn 0.1818812639 -0.9421983361 -0.2813920379
v 0.5527280569 75.57730865 -13.21915817
vn 0.1934757978 0.8519248366 -0.4866119623
v -0.5488032103 73.47795868 -10.87151527
vn 0.7715901136 -0.4904787838 0.4050669968
v -6.204253674 70.71958923 -6.899220943
vn -0.4796060622 0.8181586862 0.3171662092
v -4.465664864 77.81231689 -8.961492538
vn -0.01463552937 0.9633423686 -0.2678754032
v -5.555949688 77.91233826 -8.732168198
vn -0.3228576779 0.6024025083 0.7299823165
v -8.601184845 76.52484894 -11.38973808
vn -0.8848909736 0.4392678738 0.1549571902
v -1.733333349 74.86969757 -15.33354282
vn 0.1606149077 0.7682805061 -0.6196353436
v -1.2466079 70.84189606 -7.848656178
vn 0.7119828463 0.5591980219 0.4247093797
v -5.192737103 74.47563934 -15.96767902
vn -0.1206209883 0.7538506985 -0.6458790302
v -2.508666039 77.74980927 -9.097992897
vn 0.05737684295 0.957832396 -0.2815404534
v -1.294955134 69.47510529 -11.95444584
vn 0.7843667269 -0.2633594871 -0.561614275
v -5.889672756 77.54727173 -9.723954201
vn -0.09522017092 0.9576865435 -0.2716056705
v -6.03454113 77.11856079 -11.23531818
vn -0.1736212373 0.9326871634 -0.3161491752
v -3.506489277 75.53549194 -14.81260777
vn 0.03815520182 0.8081040382 -0.5878027081
v -6.847822666 70.64342499 -8.009535789
vn -0.6888238788 0.6557660699 0.3090187013
v -2.862084627 72.07929993 -7.417488575
vn 0.2316330075 0.4996649921 0.8346742392
v -7.089984417 73.81214905 -10.23031902
vn -0.6572014093 -0.460555464 0.5966363549
v -6.715907574 72.11988831 -8.750102043
vn -0.8150981069 0.2296846956 0.531845808
v -4.072766781 71.44471741 -6.73681879
vn -0.01260144729 0.7394557595 0.6730872393
v 0.9713628292 72.80397797 -12.28836441
vn 0.8962576985 -0.4302121401 0.1078871116
v -3.621995687 69.69058228 -13.63391209
vn 0.0570605211 -0.4925871193 -0.8683905005
v 5.32003355 65.91851044 -1.575671196
vn 0.1696983725 -0.7432921529 0.6470851898
v -7.11275816 77.49430084 -9.503561974
vn -0.6496914625 0.5842588544 0.486356467
v 5.32003355 62.35884094 -10.23313141
vn 0.6595395207 -0.7478764653 0.07542157918
v -7.201581478 74.9019928 -8.25994873
vn -0.6206873059 0.008121326566 0.7840161324
v 5.32003355 63.79154587 -10.07794285
vn 0.9518442154 0.2945452631 0.0850629583
v -8.902148247 73.3372345 -11.29458714
vn -0.9608594775 -0.2152797431 0.1743666083
v -1.930100441 71.81104279 -14.06978512
vn 0.4038359225 -0.8783938885 -0.2556183934
v -1.423015118 73.76773834 -16.69725037
vn 0.517447114 -0.2908317149 -0.8047766089
v -8.717465401 75.13915253 -14.055933
vn -0.8833918571 0.2379164994 -0.4037506282
v -2.040720701 73.62295532 -16.97363853
vn 0.3646715581 -0.2817780077 -0.8874772191
v 5.009904385 63.63876343 -12.7918663
vn 0.3549184501 -0.1023911461 -0.9292733669
v -7.233067513 69.52323914 -10.68620777
vn -0.9238116741 0.1561628729 -0.3495498896
v -1.065636754 77.2975235 -10.06861305
vn 0.126864776 0.9410364032 -0.3136173785
v -7.657782555 74.61726379 -15.10055637
vn -0.1427657455 0.8169980645 -0.5586878061
v -3.725483894 78.0334549 -8.511867523
vn 0.07536417991 0.6105701923 0.7883681059
v -1.407948613 72.04098511 -8.40349865
vn 0.7315823436 0.2947722673 0.6147329807
v -3.768204927 73.45062256 -17.29411125
vn 0.02083749883 -0.3913531005 -0.9200046659
v -0.3881928921 76.20152283 -12.6562624
vn 0.2436006665 0.8790456057 -0.4098018706
v -13.17997265 62.73042679 -10.87074757
vn -0.9267507195 -0.1604799777 -0.3396752179
v -9.056406975 66.14635468 -14.09880733
vn -0.06689406931 0.4104864597 -0.9094097018
v -6.192792416 72.08280945 -8.139382362
vn -0.7025936246 0.2533445358 0.6649652123
v -3.929979324 69.14163971 -13.23769665
vn -0.06631524116 -0.4644803107 -0.883096993
v -6.993732929 70.48769379 -11.92744827
vn -0.9246279001 -0.2231490016 -0.3086546957
v -13.17997265 62.35884094 -10.23313141
vn -0.6316688657 -0.7508890629 -0.1927693784
v -4.760231018 78.00539398 -8.556822777
vn -0.1700990647 0.5444087982 0.8213922977
v -13.17997265 63.08956146 -9.50783062
vn -0.9684983492 -0.007295086514 0.2489130497
v -13.17997265 62.63258362 -9.679812431
vn -0.9876841307 -0.1230357066 0.0966552794
v 1.855526567 71.02537537 -4.237344265
vn 0.561190784 0.7405354977 -0.3696918786
v 4.903566837 68.85228729 -3.104739189
vn 0.3587987125 0.7522580028 0.5526041985
v 5.32003355 62.73042679 -10.87074757
vn 0.9143782854 -0.2926416993 -0.2797734439
v -5.161178589 75.745224 -14.41019821
vn -0.1087314412 0.8284562826 -0.5493975878
v 0.1619752347 74.47225952 -15.36986446
vn 0.7911918759 -0.1238710582 -0.5988917351
v -6.542698383 70.17390442 -12.52950954
vn -0.72693187 -0.3408197165 -0.5961644053
v -0.7044824958 74.91789246 -8.218203545
vn 0.6532515287 0.08767090738 0.7520480752
v -14.42997074 62.35884094 -10.23313141
vn -0.3682403266 -0.9250385761 0.09328796715
v -7.806590557 74.31201935 -15.64791679
vn -0.7648252845 -0.1924260855 -0.6148287654
v -3.535514116 70.76831055 -5.307004452
vn 0.008189321496 0.9398369789 -0.3415250182
v -1.673176169 68.61164856 -12.17255783
vn 0.6362419128 -0.04337803274 -0.7702691555
v -14.42997074 62.63258362 -9.679812431
vn -0.4043903053 -0.472723484 0.7829437852
v -3.869184256 73.66699982 -16.94104958
vn 0.0007207595045 0.7748478651 -0.6321473718
v -9.6616745 65.96273804 -14.00311661
vn -0.4264712334 0.2466755062 -0.8702146411
v -8.361958504 74.73284149 -14.86830902
vn -0.8966360688 -0.1223113835 -0.4255393147
v -1.073853493 72.20678711 -13.31049061
vn 0.6695072055 -0.7221156955 -0.1740948111
v -8.018687248 77.03713226 -10.43879604
vn -0.8105099797 0.3568821847 0.4644444883
v -2.104021788 73.86158752 -16.54081345
vn 0.08952645957 0.7862793207 -0.6113507748
v 0.5087332726 76.14868927 -12.12551689
vn 0.1693022847 0.8872712851 -0.4290528893
v 0.9960081577 75.92085266 -12.58415031
vn 0.9898433089 0.1421568692 -0.001261583064
v -6.945012093 73.91339111 -16.38617134
vn -0.5646127462 -0.07862119377 -0.8216027617
v 0.5256442428 76.76171875 -10.95751572
vn 0.8727350235 0.328566432 0.3610785007
v -7.094769955 77.23163605 -10.07901669
vn -0.1556531042 0.9261940122 -0.3434192836
v -13.17997265 65.91851044 -1.575671196
vn -0.0919354558 -0.732694447 0.6743195057
v -0.03224422038 77.15679932 -10.2051239
vn 0.7481042147 0.4825226068 0.4555349052
v -1.073853493 74.05541992 -9.763567924
vn 0.6652885675 -0.3210330009 0.6740393043
v -1.930100441 74.45116425 -9.004266739
vn 0.4496227503 -0.3834744096 0.8067135811
v -1.012126565 68.81469727 -11.51827145
vn 0.7834795713 0.1429272741 -0.6047574878
v -4.787051201 73.50384521 -17.22905159
vn -0.1918465346 -0.2827554047 -0.9398107529
v 0.1484663188 76.63851929 -11.19506645
vn 0.1827638149 0.9083226323 -0.3762277961
v -1.063269496 71.18674469 -8.577877045
vn 0.871318996 0.231229797 0.4328232408
v -4.281100273 77.41719055 -10.82399559
vn -0.02145610377 0.9547420144 -0.2966603339
v -3.148290873 72.68025208 -7.537890434
vn 0.2263835222 0.3993236125 0.8884205818
v -6.929302692 76.21533966 -12.96829796
vn -0.212947011 0.8704004288 -0.4439105988
v -7.883158207 76.41249847 -11.88156605
vn -0.2080229372 0.9028502703 -0.3762815893
v -3.701411724 74.7705307 -15.74041843
vn 0.02133849263 0.7558112741 -0.6544417143
v -12.76352596 68.85228729 -3.104739189
vn -0.4576814473 0.7851830125 0.4171514809
v -5.076005936 71.15711975 -6.655704498
vn -0.2961542308 0.7855226398 0.5433662534
v -3.906290054 72.80504608 -7.481211662
vn -0.009061794728 0.4172013104 0.9087688923
v -3.685165644 76.44002533 -13.37233543
vn 0.01000841614 0.8977116346 -0.4404698312
v -2.364878178 75.91201782 -14.09018421
vn 0.1425113827 0.842363596 -0.5197250247
v -6.395436764 74.27059937 -9.350702286
vn -0.5970339179 -0.1688198596 0.7842514515
v -0.7301312089 70.73963928 -9.0727911
vn 0.9281343222 0.3054949045 0.2126958072
v -7.126853466 71.70884705 -9.40171051
vn -0.9516744018 0.1028692499 0.2893678844
v -5.968444347 67.13806915 -12.61988926
vn -0.1214480624 0.7670974135 -0.629930079
v -6.487607956 71.21043396 -15.31988239
vn -0.481944859 -0.6408676505 -0.5975096822
v 5.32003355 62.63258362 -9.679812431
vn 0.9905002117 -0.07107558101 0.117718257
v 5.32003355 63.28711319 -9.568731308
vn 0.9974592924 0.03822246566 0.06011624262
v 5.32003355 63.63751221 -10.73226643
vn 0.9150710106 0.3419246674 -0.2138516605
v -4.425775528 70.89333344 -15.91482735
vn -0.06981018186 -0.8239424229 -0.5623570085
v -2.083166599 71.04527283 -15.63805199
vn 0.3384394646 -0.7644795775 -0.5486617088
v -1.22283113 70.23377991 -12.41462326
vn 0.7803274393 -0.3275988996 -0.5326988101
v 0.8258574605 72.50991821 -12.87571621
vn 0.856538415 -0.5155611634 -0.0232089702
v -0.5096688867 74.09338379 -16.07894897
vn 0.6844127178 -0.1304285824 -0.7173336744
v -7.230154514 70.60461426 -10.93609333
vn -0.97967273 -0.1049016714 -0.1709884256
v -6.301569939 77.75991821 -9.035959244
vn -0.4790492356 0.599412024 0.641262114
v 0.2883256972 71.96628571 -13.90007591
vn 0.7870540619 -0.4758836627 -0.3925310373
v 0.5465804935 74.73291779 -14.81582069
vn 0.8815585971 -0.09384006262 -0.4626537561
v -0.2409329712 74.58370209 -15.14064693
vn 0.1670499444 0.817576468 -0.5510563254
v -0.7762947083 75.66516113 -13.86828041
vn 0.2331835926 0.8289131522 -0.5084568262
v -1.177770257 76.95037842 -11.34139538
vn 0.1891032159 0.9300182462 -0.3151285648
v -5.935501099 69.88835907 -12.98600769
vn -0.5332161784 -0.4198477268 -0.7344442606
v -5.563434124 73.82540131 -16.6102581
vn -0.08127233386 0.8104142547 -0.5801926851
v -2.364341736 76.79356384 -12.39878464
vn 0.1239244863 0.915179193 -0.3835228086
v 0.6035368443 72.24243164 -13.38912964
vn 0.7668623328 -0.640583992 -0.03967730328
v 0.3119537234 74.39242554 -9.262290001
vn 0.8098883629 -0.0007380688912 0.5865835547
v -4.567109585 75.44197845 -7.195179462
vn -0.09637778997 0.1437996179 0.9849025011
v -8.444504738 74.08964539 -9.773885727
vn -0.8583827615 -0.08317919075 0.5062215924
v -3.514987707 75.45199585 -7.178997993
vn 0.05139838532 0.00751873944 0.9986499548
v -5.86976099 73.6530838 -16.93679047
vn -0.408909291 -0.3103626966 -0.8581772447
v -8.424355507 75.64202881 -13.11625195
vn -0.2112793475 0.8480146527 -0.4860372543
v -2.732910156 74.65119934 -8.620466232
vn 0.2728343606 -0.06661636382 0.959751904
v -0.5403851271 70.88198853 -10.91879559
vn 0.9956194162 -0.05823827535 -0.07314582169
v -3.204022884 68.75376892 -12.97491837
vn 0.2536486387 -0.3181320429 -0.9134847522
v -0.1217953637 74.66111755 -8.733810425
vn 0.5670614243 -0.3619168103 0.739903748
v -14.42997074 63.63751221 -10.73226643
vn -0.3473589122 0.7870095372 -0.5098605156
v 1.253538966 66.13326263 -14.09198284
vn 0.09735678136 0.5181291103 -0.8497434258
v -3.079227686 77.51094055 -10.36052227
vn 0.08243347704 0.9626747966 -0.2578021884
v -6.718065262 75.29730225 -14.56044579
vn -0.2150909007 0.7988854647 -0.5617098212
v -0.9213309288 77.56752014 -9.395281792
vn 0.5773283243 0.5290355682 0.6219431758
v -5.11584568 76.8019104 -12.48873234
vn -0.1008470505 0.9085268974 -0.4054734707
v -14.42997074 63.28092575 -10.96693039
vn -0.3056126833 0.06235491112 -0.9501119852
v -13.17997265 60.83446121 -11.33028507
vn -0.06366602331 -0.9959073067 0.06415069103
v -5.340167046 70.6620636 -5.51085186
vn -0.07134436071 0.9697770476 -0.2333291918
v 1.253538966 71.21731567 -4.337377071
vn 0.06153463572 0.9834033251 0.170679152
v -7.313351154 67.45209503 -11.72444248
vn -0.1682246327 0.8218495846 -0.5443011522
v -12.86986065 63.63876343 -12.7918663
vn -0.5915107131 0.3329137862 -0.7343592048
v -2.822527647 73.50631714 -17.18931961
vn 0.2297361493 -0.2460527867 -0.9416365027
v -1.92010057 69.92343903 -13.01006031
vn 0.6209709048 -0.4063192606 -0.6702982783
v -1.158003807 71.271492 -15.20535851
vn 0.5465028882 -0.6310251951 -0.5505830646
v -8.897209167 73.04808807 -11.84334564
vn -0.7446628809 -0.6263885498 0.2304658741
v -0.1967286319 68.35552216 -10.71417999
vn 0.7208926678 0.4211981297 -0.5503689051
v -7.526365757 69.69091797 -9.420467377
vn -0.9160293341 0.3877174854 -0.1027879566
v -2.910353899 67.61421204 -12.78102398
vn 0.2266031653 0.0778606087 -0.9708700776
v -7.279714584 70.44313049 -9.77837944
vn -0.9948182702 0.08209285885 0.05997787789
v -7.522638321 69.88072205 -8.359478951
vn -0.7837015986 0.620711565 -0.02299915254
v -4.75493288 72.67352295 -7.550819874
vn -0.2599456012 0.4030631483 0.8774784207
v -2.148011208 70.95013428 -6.744414806
vn 0.4334565401 0.795635581 0.4231777787
v 0.1533129215 68.93092346 -9.472929001
vn 0.8036533594 0.5291214585 -0.2723448575
v -6.913167 69.93206024 -11.53837395
vn -0.8911271095 -0.1795594245 -0.4167143703
v -5.791620255 71.78125 -14.12694836
vn -0.4215589464 -0.8243330121 -0.3778401613
v -0.4012934864 69.92709351 -8.089737892
vn 0.7878010273 0.6147821546 0.03758234903
v -6.755849361 67.94358063 -11.85188866
vn -0.5255336761 0.2986173034 -0.7966442704
v -1.74250567 70.50311279 -5.925269604
vn 0.1221384779 0.9589821696 -0.2558033764
v -7.243945122 71.4705658 -14.848423
vn -0.6122210026 -0.712459743 -0.3429089487
v -4.756017208 69.63584137 -13.47050285
vn -0.2925751805 -0.4690361619 -0.8333095908
v -6.786104679 72.20678711 -13.31049061
vn -0.6395241618 -0.7574660778 -0.1313545257
v -2.763462305 75.39051056 -7.287621975
vn 0.183384493 0.02123905346 0.9828118086
v 0.02599656023 67.83798981 -10.98405361
vn 0.2040007412 0.8289316893 -0.5208223462
v -1.202501297 67.94641113 -11.91085434
vn 0.5904750824 0.291891098 -0.7524219155
v -2.254862309 68.2088623 -12.52474594
vn 0.4410525858 -0.007919309661 -0.8974463344
v -2.846472025 69.63217926 -13.38615894
vn 0.3842801452 -0.462703377 -0.7988957167
v -5.447371006 67.73154449 -12.59232712
vn -0.3934050798 0.08821451664 -0.9151232839
v -7.692211151 69.77864075 -7.31529665
vn -0.1775295287 0.9130862355 -0.367092371
v 1.855526567 65.94132996 -13.99196243
vn 0.611813426 0.6961756945 -0.3755312562
v -13.17218494 62.99047852 -12.45398521
vn -0.2126017511 -0.4084100127 -0.8876945972
v -14.42997074 62.73042679 -10.87074757
vn -0.3341578543 -0.6856095195 -0.6467442513
v -14.42997074 63.28711319 -9.568731308
vn -0.4039925337 0.325298667 0.8549683094
v -13.17997265 63.59630203 -9.743466377
vn -0.9963565469 0.07291640341 0.04423577338
v 5.266086578 68.2541275 -2.792984247
vn 0.6066803336 0.4540595412 0.6525096893
v 6.57003212 63.59630203 -9.743466377
vn 0.338534683 0.7232750654 0.6018865705
# mm_gid 0
g mmGroup0
f 78//78 21//21 11//11 
f 21//21 2//2 11//11 
f 6//6 3//3 2//2 
f 45//45 1//1 6//6 
f 6//6 1//1 3//3 
f 11//11 3//3 1//1 
f 11//11 1//1 18//18 
f 78//78 11//11 18//18 
f 18//18 7//7 78//78 
f 8//8 78//78 7//7 
f 8//8 7//7 44//44 
f 44//44 172//172 8//8 
f 8//8 172//172 117//117 
f 8//8 117//117 12//12 
f 199//199 21//21 78//78 
f 199//199 213//213 21//21 
f 213//213 13//13 6//6 
f 6//6 46//46 119//119 
f 119//119 46//46 5//5 
f 119//119 5//5 4//4 
f 4//4 38//38 119//119 
f 119//119 38//38 40//40 
f 119//119 40//40 223//223 
f 119//119 223//223 50//50 
f 119//119 50//50 45//45 
f 45//45 48//48 1//1 
f 9//9 7//7 18//18 
f 18//18 48//48 9//9 
f 9//9 48//48 49//49 
f 9//9 49//49 10//10 
f 10//10 49//49 47//47 
f 10//10 52//52 7//7 
f 44//44 7//7 52//52 
f 44//44 52//52 151//151 
f 151//151 225//225 44//44 
f 44//44 225//225 179//179 
f 44//44 179//179 172//172 
f 145//145 65//65 58//58 
f 145//145 58//58 198//198 
f 145//145 174//174 78//78 
f 145//145 78//78 8//8 
f 78//78 140//140 199//199 
f 140//140 13//13 199//199 
f 140//140 147//147 13//13 
f 147//147 46//46 6//6 
f 147//147 54//54 46//46 
f 46//46 54//54 14//14 
f 46//46 14//14 201//201 
f 46//46 201//201 5//5 
f 5//5 201//201 89//89 
f 89//89 203//203 5//5 
f 5//5 203//203 15//15 
f 5//5 15//15 24//24 
f 5//5 24//24 4//4 
f 4//4 24//24 211//211 
f 4//4 211//211 16//16 
f 4//4 16//16 23//23 
f 4//4 23//23 38//38 
f 19//19 38//38 23//23 
f 22//22 19//19 23//23 
f 22//22 23//23 80//80 
f 26//26 22//22 80//80 
f 26//26 80//80 144//144 
f 241//241 26//26 144//144 
f 241//241 144//144 176//176 
f 176//176 63//63 241//241 
f 241//241 63//63 17//17 
f 164//164 22//22 26//26 
f 26//26 190//190 164//164 
f 190//190 88//88 164//164 
f 164//164 88//88 19//19 
f 164//164 19//19 22//22 
f 19//19 88//88 38//38 
f 38//38 88//88 20//20 
f 38//38 20//20 27//27 
f 241//241 30//30 240//240 
f 30//30 87//87 240//240 
f 240//240 87//87 185//185 
f 240//240 29//29 26//26 
f 29//29 128//128 26//26 
f 26//26 128//128 25//25 
f 126//126 38//38 27//27 
f 128//128 126//126 27//27 
f 126//126 40//40 38//38 
f 128//128 28//28 126//126 
f 104//104 28//28 128//128 
f 29//29 104//104 128//128 
f 40//40 130//130 227//227 
f 240//240 185//185 149//149 
f 240//240 149//149 195//195 
f 195//195 149//149 194//194 
f 195//195 60//60 29//29 
f 60//60 109//109 29//29 
f 40//40 227//227 132//132 
f 132//132 31//31 40//40 
f 40//40 31//31 118//118 
f 40//40 118//118 223//223 
f 223//223 118//118 35//35 
f 223//223 35//35 33//33 
f 33//33 36//36 223//223 
f 32//32 37//37 228//228 
f 228//228 33//33 32//32 
f 32//32 33//33 34//34 
f 34//34 121//121 32//32 
f 34//34 35//35 121//121 
f 34//34 33//33 35//35 
f 32//32 121//121 37//37 
f 141//141 178//178 137//137 
f 135//135 223//223 36//36 
f 39//39 135//135 36//36 
f 39//39 36//36 228//228 
f 37//37 39//39 228//228 
f 150//150 39//39 37//37 
f 175//175 150//150 37//37 
f 175//175 37//37 141//141 
f 141//141 137//137 175//175 
f 175//175 137//137 64//64 
f 175//175 64//64 42//42 
f 175//175 42//42 68//68 
f 150//150 234//234 134//134 
f 134//134 111//111 150//150 
f 111//111 139//139 135//135 
f 111//111 135//135 39//39 
f 135//135 139//139 50//50 
f 41//41 50//50 139//139 
f 234//234 41//41 139//139 
f 41//41 136//136 50//50 
f 50//50 136//136 45//45 
f 45//45 136//136 43//43 
f 45//45 43//43 116//116 
f 45//45 116//116 143//143 
f 143//143 47//47 45//45 
f 10//10 47//47 143//143 
f 10//10 143//143 153//153 
f 52//52 10//10 153//153 
f 151//151 206//206 225//225 
f 182//182 117//117 172//172 
f 65//65 62//62 156//156 
f 156//156 162//162 58//58 
f 51//51 229//229 142//142 
f 145//145 51//51 142//142 
f 174//174 53//53 127//127 
f 174//174 127//127 140//140 
f 140//140 54//54 147//147 
f 127//127 54//54 140//140 
f 53//53 14//14 127//127 
f 193//193 201//201 53//53 
f 174//174 193//193 53//53 
f 145//145 249//249 251//251 
f 145//145 251//251 176//176 
f 176//176 174//174 145//145 
f 176//176 144//144 174//174 
f 144//144 133//133 174//174 
f 57//57 174//174 133//133 
f 133//133 15//15 57//57 
f 57//57 193//193 174//174 
f 57//57 203//203 193//193 
f 56//56 24//24 133//133 
f 144//144 56//56 133//133 
f 55//55 56//56 144//144 
f 55//55 16//16 183//183 
f 55//55 183//183 56//56 
f 56//56 183//183 211//211 
f 55//55 144//144 80//80 
f 80//80 16//16 55//55 
f 148//148 74//74 176//176 
f 176//176 74//74 63//63 
f 212//212 17//17 63//63 
f 17//17 155//155 30//30 
f 185//185 87//87 235//235 
f 196//196 247//247 178//178 
f 195//195 196//196 178//178 
f 195//195 178//178 141//141 
f 141//141 60//60 195//195 
f 197//197 60//60 177//177 
f 177//177 31//31 197//197 
f 197//197 31//31 248//248 
f 197//197 248//248 60//60 
f 61//61 60//60 248//248 
f 248//248 132//132 61//61 
f 177//177 60//60 37//37 
f 37//37 121//121 177//177 
f 121//121 118//118 177//177 
f 66//66 137//137 178//178 
f 69//69 64//64 137//137 
f 175//175 237//237 151//151 
f 151//151 150//150 175//175 
f 151//151 52//52 150//150 
f 181//181 150//150 52//52 
f 152//152 181//181 52//52 
f 152//152 52//52 153//153 
f 153//153 116//116 152//152 
f 152//152 43//43 181//181 
f 234//234 150//150 181//181 
f 181//181 41//41 234//234 
f 151//151 237//237 154//154 
f 179//179 225//225 67//67 
f 156//156 75//75 233//233 
f 156//156 233//233 162//162 
f 162//162 229//229 51//51 
f 146//146 229//229 238//238 
f 146//146 238//238 249//249 
f 145//145 146//146 249//249 
f 212//212 93//93 17//17 
f 180//180 17//17 93//93 
f 17//17 180//180 243//243 
f 243//243 155//155 17//17 
f 87//87 155//155 204//204 
f 235//235 87//87 204//204 
f 202//202 236//236 194//194 
f 250//250 185//185 235//235 
f 202//202 194//194 149//149 
f 196//196 59//59 247//247 
f 66//66 247//247 85//85 
f 85//85 158//158 66//66 
f 69//69 159//159 64//64 
f 42//42 64//64 159//159 
f 205//205 42//42 159//159 
f 205//205 231//231 68//68 
f 68//68 42//42 205//205 
f 157//157 208//208 237//237 
f 68//68 157//157 237//237 
f 252//252 95//95 62//62 
f 62//62 95//95 75//75 
f 95//95 92//92 75//75 
f 75//75 94//94 233//233 
f 218//218 107//107 207//207 
f 207//207 107//107 70//70 
f 238//238 207//207 70//70 
f 229//229 207//207 238//238 
f 238//238 79//79 209//209 
f 209//209 249//249 238//238 
f 209//209 72//72 210//210 
f 209//209 210//210 251//251 
f 251//251 249//249 209//209 
f 73//73 82//82 74//74 
f 73//73 74//74 148//148 
f 148//148 210//210 73//73 
f 148//148 251//251 210//210 
f 204//204 191//191 187//187 
f 204//204 187//187 235//235 
f 235//235 187//187 245//245 
f 235//235 245//245 97//97 
f 235//235 97//97 250//250 
f 250//250 97//97 202//202 
f 202//202 97//97 170//170 
f 202//202 170//170 236//236 
f 236//236 106//106 247//247 
f 158//158 84//84 90//90 
f 158//158 173//173 66//66 
f 159//159 108//108 205//205 
f 205//205 108//108 112//112 
f 205//205 112//112 231//231 
f 163//163 160//160 154//154 
f 154//154 160//160 206//206 
f 67//67 206//206 160//160 
f 230//230 239//239 67//67 
f 200//200 124//124 76//76 
f 76//76 124//124 114//114 
f 76//76 114//114 83//83 
f 75//75 92//92 94//94 
f 107//107 105//105 77//77 
f 79//79 77//77 105//105 
f 72//72 79//79 81//81 
f 72//72 96//96 73//73 
f 73//73 210//210 72//72 
f 82//82 91//91 192//192 
f 74//74 82//82 192//192 
f 192//192 91//91 212//212 
f 91//91 93//93 212//212 
f 180//180 186//186 243//243 
f 243//243 186//186 155//155 
f 155//155 186//186 191//191 
f 125//125 99//99 90//90 
f 125//125 90//90 84//84 
f 247//247 106//106 84//84 
f 247//247 84//84 85//85 
f 85//85 84//84 158//158 
f 173//173 90//90 71//71 
f 71//71 110//110 159//159 
f 159//159 110//110 108//108 
f 221//221 112//112 108//108 
f 163//163 171//171 168//168 
f 163//163 168//168 160//160 
f 239//239 222//222 200//200 
f 95//95 83//83 115//115 
f 115//115 215//215 95//95 
f 215//215 92//92 95//95 
f 98//98 218//218 214//214 
f 214//214 94//94 98//98 
f 98//98 94//94 92//92 
f 92//92 215//215 98//98 
f 98//98 215//215 115//115 
f 115//115 184//184 98//98 
f 98//98 184//184 246//246 
f 98//98 246//246 120//120 
f 120//120 216//216 98//98 
f 98//98 216//216 131//131 
f 98//98 131//131 189//189 
f 189//189 221//221 98//98 
f 98//98 221//221 123//123 
f 98//98 123//123 99//99 
f 99//99 125//125 98//98 
f 98//98 125//125 220//220 
f 220//220 122//122 98//98 
f 98//98 122//122 165//165 
f 98//98 165//165 166//166 
f 166//166 224//224 98//98 
f 224//224 100//100 98//98 
f 98//98 100//100 226//226 
f 226//226 217//217 98//98 
f 98//98 217//217 219//219 
f 98//98 219//219 129//129 
f 98//98 129//129 101//101 
f 98//98 101//101 102//102 
f 98//98 102//102 105//105 
f 98//98 105//105 107//107 
f 105//105 102//102 79//79 
f 96//96 81//81 102//102 
f 103//103 96//96 129//129 
f 129//129 232//232 103//103 
f 82//82 96//96 103//103 
f 82//82 103//103 232//232 
f 82//82 232//232 91//91 
f 91//91 232//232 138//138 
f 91//91 138//138 169//169 
f 91//91 169//169 93//93 
f 186//186 100//100 191//191 
f 187//187 224//224 245//245 
f 165//165 170//170 97//97 
f 106//106 170//170 122//122 
f 122//122 244//244 106//106 
f 84//84 244//244 220//220 
f 110//110 90//90 123//123 
f 123//123 90//90 99//99 
f 221//221 189//189 112//112 
f 112//112 131//131 161//161 
f 131//131 216//216 171//171 
f 171//171 216//216 168//168 
f 230//230 113//113 86//86 
f 239//239 86//86 222//222 
f 242//242 124//124 222//222 
f 124//124 184//184 114//114 
f 184//184 83//83 114//114 
f 246//246 184//184 242//242 
f 189//189 131//131 112//112 
f 110//110 123//123 108//108 
f 120//120 113//113 216//216 
f 86//86 113//113 120//120 
f 120//120 246//246 242//242 
f 242//242 184//184 124//124 
f 184//184 115//115 83//83 
f 86//86 242//242 222//222 
f 120//120 242//242 86//86 
f 168//168 216//216 113//113 
f 171//171 161//161 131//131 
f 221//221 108//108 123//123 
f 187//187 100//100 224//224 
f 188//188 232//232 219//219 
f 219//219 217//217 188//188 
f 129//129 219//219 232//232 
f 188//188 217//217 169//169 
f 188//188 169//169 138//138 
f 138//138 232//232 188//188 
f 186//186 169//169 226//226 
f 226//226 100//100 186//186 
f 226//226 169//169 217//217 
f 220//220 244//244 122//122 
f 122//122 170//170 165//165 
f 165//165 97//97 166//166 
f 245//245 166//166 97//97 
f 224//224 166//166 245//245 
f 180//180 169//169 186//186 
f 129//129 96//96 101//101 
f 96//96 102//102 101//101 
f 107//107 218//218 98//98 
f 230//230 86//86 239//239 
f 160//160 113//113 230//230 
f 160//160 168//168 113//113 
f 208//208 171//171 163//163 
f 208//208 161//161 171//171 
f 71//71 90//90 110//110 
f 158//158 90//90 173//173 
f 125//125 84//84 220//220 
f 84//84 106//106 244//244 
f 236//236 170//170 106//106 
f 187//187 191//191 100//100 
f 93//93 169//169 180//180 
f 73//73 96//96 82//82 
f 72//72 81//81 96//96 
f 209//209 79//79 72//72 
f 79//79 102//102 81//81 
f 79//79 70//70 77//77 
f 218//218 233//233 214//214 
f 207//207 233//233 218//218 
f 233//233 94//94 214//214 
f 252//252 83//83 95//95 
f 200//200 222//222 124//124 
f 179//179 67//67 239//239 
f 67//67 160//160 230//230 
f 154//154 208//208 163//163 
f 157//157 161//161 208//208 
f 231//231 161//161 157//157 
f 231//231 112//112 161//161 
f 69//69 71//71 159//159 
f 155//155 191//191 204//204 
f 238//238 70//70 79//79 
f 107//107 77//77 70//70 
f 76//76 83//83 252//252 
f 182//182 200//200 76//76 
f 200//200 179//179 239//239 
f 225//225 206//206 67//67 
f 154//154 237//237 208//208 
f 231//231 157//157 68//68 
f 71//71 137//137 173//173 
f 247//247 59//59 236//236 
f 59//59 194//194 236//236 
f 202//202 149//149 250//250 
f 149//149 185//185 250//250 
f 192//192 212//212 63//63 
f 74//74 192//192 63//63 
f 162//162 207//207 229//229 
f 162//162 233//233 207//207 
f 62//62 75//75 156//156 
f 167//167 252//252 62//62 
f 252//252 117//117 76//76 
f 182//182 76//76 117//117 
f 172//172 179//179 200//200 
f 69//69 137//137 71//71 
f 66//66 173//173 137//137 
f 195//195 59//59 196//196 
f 66//66 178//178 247//247 
f 87//87 30//30 155//155 
f 176//176 251//251 148//148 
f 145//145 142//142 146//146 
f 146//146 142//142 229//229 
f 51//51 198//198 162//162 
f 58//58 162//162 198//198 
f 58//58 65//65 156//156 
f 12//12 117//117 252//252 
f 182//182 172//172 200//200 
f 151//151 154//154 206//206 
f 153//153 143//143 116//116 
f 152//152 116//116 43//43 
f 181//181 43//43 136//136 
f 181//181 136//136 41//41 
f 134//134 139//139 111//111 
f 234//234 139//139 134//134 
f 68//68 237//237 175//175 
f 150//150 111//111 39//39 
f 135//135 50//50 223//223 
f 141//141 37//37 60//60 
f 228//228 36//36 33//33 
f 121//121 35//35 118//118 
f 177//177 118//118 31//31 
f 248//248 31//31 132//132 
f 61//61 132//132 227//227 
f 61//61 227//227 109//109 
f 60//60 61//61 109//109 
f 195//195 194//194 59//59 
f 195//195 29//29 240//240 
f 29//29 109//109 104//104 
f 109//109 227//227 130//130 
f 40//40 28//28 130//130 
f 109//109 130//130 104//104 
f 104//104 130//130 28//28 
f 126//126 28//28 40//40 
f 128//128 27//27 25//25 
f 241//241 17//17 30//30 
f 240//240 26//26 241//241 
f 25//25 190//190 26//26 
f 25//25 20//20 190//190 
f 25//25 27//27 20//20 
f 190//190 20//20 88//88 
f 80//80 23//23 16//16 
f 211//211 183//183 16//16 
f 56//56 211//211 24//24 
f 133//133 24//24 15//15 
f 57//57 15//15 203//203 
f 193//193 203//203 89//89 
f 193//193 89//89 201//201 
f 53//53 201//201 14//14 
f 127//127 14//14 54//54 
f 147//147 6//6 13//13 
f 174//174 140//140 78//78 
f 145//145 198//198 51//51 
f 8//8 65//65 145//145 
f 8//8 167//167 65//65 
f 65//65 167//167 62//62 
f 167//167 12//12 252//252 
f 45//45 47//47 49//49 
f 9//9 10//10 7//7 
f 18//18 1//1 48//48 
f 49//49 48//48 45//45 
f 199//199 13//13 213//213 
f 8//8 12//12 167//167 
f 119//119 45//45 6//6 
f 6//6 2//2 213//213 
f 11//11 2//2 3//3 
f 21//21 213//213 2//2 
f 501//501 289//289 375//375 
f 375//375 432//432 501//501 
f 432//432 284//284 501//501 
f 284//284 502//502 501//501 
f 501//501 502//502 273//273 
f 501//501 273//273 260//260 
f 260//260 451//451 501//501 
f 276//276 289//289 501//501 
f 276//276 254//254 289//289 
f 289//289 254//254 438//438 
f 438//438 254//254 296//296 
f 440//440 296//296 492//492 
f 499//499 407//407 296//296 
f 499//499 296//296 489//489 
f 499//499 489//489 261//261 
f 499//499 261//261 374//374 
f 499//499 374//374 373//373 
f 287//287 499//499 373//373 
f 373//373 256//256 287//287 
f 287//287 256//256 290//290 
f 290//290 372//372 287//287 
f 347//347 372//372 290//290 
f 347//347 414//414 372//372 
f 372//372 414//414 291//291 
f 362//362 372//372 291//291 
f 481//481 362//362 253//253 
f 362//362 279//279 372//372 
f 490//490 372//372 279//279 
f 322//322 490//490 279//279 
f 322//322 279//279 389//389 
f 295//295 389//389 481//481 
f 463//463 431//431 295//295 
f 372//372 490//490 499//499 
f 490//490 412//412 499//499 
f 412//412 308//308 499//499 
f 308//308 353//353 499//499 
f 353//353 309//309 499//499 
f 499//499 309//309 484//484 
f 378//378 499//499 484//484 
f 378//378 430//430 499//499 
f 477//477 401//401 260//260 
f 401//401 452//452 260//260 
f 260//260 452//452 295//295 
f 295//295 361//361 260//260 
f 430//430 407//407 499//499 
f 260//260 472//472 258//258 
f 258//258 407//407 430//430 
f 472//472 407//407 258//258 
f 365//365 375//375 289//289 
f 289//289 438//438 365//365 
f 365//365 438//438 368//368 
f 438//438 367//367 368//368 
f 375//375 368//368 367//367 
f 375//375 367//367 432//432 
f 365//365 368//368 375//375 
f 438//438 407//407 367//367 
f 432//432 367//367 257//257 
f 432//432 257//257 376//376 
f 284//284 432//432 376//376 
f 376//376 257//257 284//284 
f 367//367 384//384 257//257 
f 257//257 384//384 259//259 
f 284//284 257//257 259//259 
f 284//284 259//259 502//502 
f 502//502 259//259 384//384 
f 303//303 451//451 349//349 
f 501//501 451//451 303//303 
f 501//501 303//303 304//304 
f 304//304 440//440 501//501 
f 304//304 321//321 440//440 
f 321//321 489//489 296//296 
f 321//321 296//296 440//440 
f 261//261 425//425 374//374 
f 394//394 482//482 304//304 
f 374//374 425//425 344//344 
f 374//374 344//344 428//428 
f 323//323 428//428 263//263 
f 323//323 263//263 304//304 
f 304//304 263//263 391//391 
f 304//304 423//423 328//328 
f 328//328 445//445 304//304 
f 374//374 428//428 300//300 
f 445//445 300//300 323//323 
f 323//323 300//300 428//428 
f 445//445 323//323 304//304 
f 374//374 300//300 262//262 
f 374//374 262//262 388//388 
f 476//476 374//374 388//388 
f 427//427 426//426 264//264 
f 426//426 476//476 264//264 
f 283//283 374//374 377//377 
f 342//342 400//400 328//328 
f 283//283 265//265 374//374 
f 374//374 265//265 336//336 
f 336//336 265//265 380//380 
f 336//336 380//380 373//373 
f 265//265 343//343 380//380 
f 380//380 343//343 256//256 
f 343//343 347//347 256//256 
f 318//318 347//347 343//343 
f 398//398 318//318 358//358 
f 358//358 318//318 266//266 
f 318//318 457//457 347//347 
f 381//381 319//319 453//453 
f 324//324 381//381 453//453 
f 453//453 404//404 455//455 
f 453//453 455//455 324//324 
f 324//324 455//455 457//457 
f 457//457 404//404 347//347 
f 347//347 404//404 317//317 
f 347//347 317//317 479//479 
f 347//347 479//479 483//483 
f 267//267 314//314 395//395 
f 267//267 395//395 315//315 
f 267//267 315//315 382//382 
f 267//267 382//382 381//381 
f 381//381 468//468 267//267 
f 468//468 469//469 267//267 
f 415//415 383//383 272//272 
f 415//415 272//272 267//267 
f 267//267 272//272 314//314 
f 483//483 383//383 347//347 
f 272//272 483//483 314//314 
f 272//272 383//383 483//483 
f 383//383 487//487 347//347 
f 347//347 487//487 371//371 
f 347//347 371//371 439//439 
f 347//347 439//439 414//414 
f 313//313 312//312 267//267 
f 364//364 439//439 312//312 
f 364//364 312//312 313//313 
f 313//313 414//414 364//364 
f 364//364 414//414 439//439 
f 267//267 285//285 370//370 
f 370//370 269//269 267//267 
f 269//269 268//268 311//311 
f 269//269 429//429 271//271 
f 269//269 271//271 267//267 
f 267//267 271//271 313//313 
f 291//291 414//414 399//399 
f 399//399 268//268 291//291 
f 253//253 291//291 435//435 
f 295//295 253//253 435//435 
f 481//481 253//253 295//295 
f 253//253 362//362 291//291 
f 370//370 295//295 310//310 
f 370//370 463//463 295//295 
f 379//379 361//361 433//433 
f 379//379 434//434 349//349 
f 260//260 274//274 472//472 
f 407//407 491//491 367//367 
f 491//491 384//384 367//367 
f 491//491 471//471 384//384 
f 471//471 385//385 384//384 
f 273//273 393//393 325//325 
f 393//393 385//385 441//441 
f 393//393 270//270 325//325 
f 270//270 471//471 325//325 
f 270//270 441//441 471//471 
f 393//393 441//441 270//270 
f 471//471 441//441 385//385 
f 393//393 327//327 385//385 
f 273//273 327//327 393//393 
f 273//273 384//384 327//327 
f 385//385 327//327 384//384 
f 260//260 325//325 470//470 
f 470//470 471//471 386//386 
f 470//470 274//274 260//260 
f 470//470 491//491 274//274 
f 470//470 386//386 491//491 
f 471//471 491//491 386//386 
f 325//325 471//471 470//470 
f 274//274 491//491 360//360 
f 274//274 360//360 472//472 
f 472//472 360//360 407//407 
f 491//491 407//407 360//360 
f 349//349 423//423 303//303 
f 341//341 387//387 425//425 
f 391//391 474//474 304//304 
f 391//391 359//359 387//387 
f 391//391 344//344 359//359 
f 391//391 387//387 474//474 
f 359//359 344//344 387//387 
f 474//474 392//392 304//304 
f 304//304 392//392 437//437 
f 474//474 387//387 392//392 
f 392//392 387//387 341//341 
f 392//392 341//341 437//437 
f 437//437 394//394 304//304 
f 394//394 341//341 425//425 
f 437//437 341//341 394//394 
f 482//482 261//261 447//447 
f 328//328 278//278 339//339 
f 339//339 340//340 445//445 
f 339//339 262//262 340//340 
f 300//300 340//340 262//262 
f 445//445 340//340 300//300 
f 445//445 328//328 339//339 
f 278//278 388//388 338//338 
f 278//278 338//338 339//339 
f 339//339 338//338 262//262 
f 262//262 338//338 388//388 
f 264//264 476//476 388//388 
f 264//264 388//388 278//278 
f 328//328 264//264 278//278 
f 423//423 280//280 328//328 
f 265//265 283//283 329//329 
f 329//329 495//495 265//265 
f 277//277 265//265 495//495 
f 495//495 350//350 277//277 
f 275//275 496//496 462//462 
f 462//462 406//406 275//275 
f 350//350 406//406 277//277 
f 462//462 277//277 406//406 
f 275//275 406//406 350//350 
f 462//462 496//496 464//464 
f 280//280 497//497 496//496 
f 460//460 281//281 265//265 
f 330//330 464//464 496//496 
f 330//330 281//281 460//460 
f 330//330 460//460 464//464 
f 343//343 281//281 332//332 
f 343//343 332//332 293//293 
f 450//450 343//343 293//293 
f 450//450 473//473 343//343 
f 473//473 266//266 343//343 
f 381//381 398//398 358//358 
f 497//497 468//468 381//381 
f 467//467 448//448 370//370 
f 448//448 498//498 370//370 
f 286//286 370//370 498//498 
f 286//286 269//269 370//370 
f 268//268 436//436 409//409 
f 269//269 288//288 268//268 
f 268//268 288//288 436//436 
f 286//286 436//436 288//288 
f 286//286 288//288 269//269 
f 498//498 409//409 424//424 
f 498//498 424//424 286//286 
f 286//286 424//424 436//436 
f 436//436 424//424 409//409 
f 268//268 409//409 352//352 
f 354//354 268//268 352//352 
f 467//467 459//459 448//448 
f 467//467 354//354 459//459 
f 459//459 354//354 352//352 
f 459//459 352//352 448//448 
f 354//354 461//461 268//268 
f 467//467 357//357 354//354 
f 461//461 354//354 357//357 
f 458//458 461//461 357//357 
f 458//458 357//357 467//467 
f 458//458 467//467 370//370 
f 268//268 461//461 442//442 
f 268//268 442//442 413//413 
f 310//310 397//397 370//370 
f 370//370 397//397 282//282 
f 348//348 463//463 285//285 
f 431//431 463//463 348//348 
f 433//433 348//348 434//434 
f 348//348 285//285 434//434 
f 434//434 285//285 422//422 
f 422//422 468//468 434//434 
f 468//468 255//255 434//434 
f 434//434 255//255 351//351 
f 351//351 349//349 434//434 
f 379//379 349//349 451//451 
f 351//351 423//423 349//349 
f 497//497 280//280 255//255 
f 328//328 280//280 496//496 
f 496//496 500//500 328//328 
f 342//342 328//328 500//500 
f 342//342 329//329 283//283 
f 500//500 329//329 342//342 
f 421//421 495//495 500//500 
f 500//500 495//495 329//329 
f 496//496 421//421 500//500 
f 468//468 422//422 469//469 
f 469//469 422//422 285//285 
f 504//504 330//330 496//496 
f 281//281 503//503 332//332 
f 504//504 465//465 292//292 
f 292//292 503//503 504//504 
f 465//465 332//332 292//292 
f 292//292 332//332 503//503 
f 496//496 465//465 504//504 
f 496//496 390//390 465//465 
f 390//390 450//450 293//293 
f 390//390 293//293 465//465 
f 444//444 390//390 496//496 
f 444//444 473//473 390//390 
f 390//390 473//473 450//450 
f 330//330 355//355 281//281 
f 281//281 355//355 503//503 
f 504//504 503//503 355//355 
f 504//504 355//355 330//330 
f 496//496 497//497 381//381 
f 468//468 497//497 255//255 
f 280//280 423//423 351//351 
f 255//255 280//280 351//351 
f 434//434 379//379 433//433 
f 433//433 431//431 348//348 
f 370//370 285//285 463//463 
f 370//370 298//298 458//458 
f 298//298 442//442 297//297 
f 298//298 461//461 458//458 
f 298//298 297//297 461//461 
f 297//297 442//442 461//461 
f 405//405 446//446 408//408 
f 405//405 396//396 298//298 
f 396//396 408//408 442//442 
f 405//405 408//408 396//396 
f 408//408 446//446 442//442 
f 396//396 442//442 298//298 
f 370//370 405//405 298//298 
f 442//442 446//446 363//363 
f 397//397 299//299 363//363 
f 363//363 299//299 413//413 
f 310//310 413//413 299//299 
f 310//310 299//299 397//397 
f 282//282 405//405 370//370 
f 282//282 363//363 405//405 
f 405//405 363//363 446//446 
f 413//413 442//442 363//363 
f 397//397 363//363 282//282 
f 413//413 291//291 268//268 
f 448//448 352//352 409//409 
f 448//448 409//409 498//498 
f 381//381 358//358 411//411 
f 381//381 411//411 305//305 
f 381//381 305//305 444//444 
f 444//444 301//301 473//473 
f 346//346 473//473 301//301 
f 305//305 346//346 301//301 
f 305//305 301//301 444//444 
f 346//346 302//302 266//266 
f 358//358 266//266 475//475 
f 358//358 475//475 411//411 
f 411//411 475//475 302//302 
f 302//302 475//475 266//266 
f 305//305 302//302 346//346 
f 411//411 302//302 305//305 
f 473//473 346//346 266//266 
f 381//381 444//444 496//496 
f 465//465 293//293 332//332 
f 410//410 460//460 277//277 
f 464//464 460//460 410//410 
f 464//464 410//410 462//462 
f 462//462 410//410 277//277 
f 460//460 265//265 277//277 
f 275//275 421//421 496//496 
f 275//275 350//350 421//421 
f 421//421 350//350 495//495 
f 326//326 295//295 294//294 
f 295//295 326//326 466//466 
f 295//295 466//466 337//337 
f 295//295 337//337 307//307 
f 307//307 333//333 295//295 
f 333//333 366//366 295//295 
f 333//333 306//306 412//412 
f 307//307 306//306 333//333 
f 307//307 308//308 306//306 
f 306//306 308//308 412//412 
f 333//333 412//412 366//366 
f 337//337 353//353 308//308 
f 337//337 308//308 307//307 
f 326//326 485//485 466//466 
f 466//466 485//485 353//353 
f 353//353 485//485 309//309 
f 326//326 309//309 485//485 
f 466//466 353//353 337//337 
f 309//309 369//369 484//484 
f 295//295 452//452 294//294 
f 452//452 484//484 356//356 
f 452//452 356//356 294//294 
f 294//294 356//356 369//369 
f 369//369 356//356 484//484 
f 294//294 369//369 326//326 
f 326//326 369//369 309//309 
f 431//431 361//361 295//295 
f 361//361 431//431 433//433 
f 413//413 331//331 291//291 
f 435//435 291//291 331//331 
f 435//435 331//331 310//310 
f 310//310 331//331 413//413 
f 435//435 310//310 295//295 
f 271//271 414//414 313//313 
f 271//271 399//399 414//414 
f 429//429 399//399 271//271 
f 429//429 311//311 399//399 
f 269//269 311//311 429//429 
f 399//399 311//311 268//268 
f 267//267 469//469 285//285 
f 443//443 371//371 449//449 
f 443//443 449//449 267//267 
f 267//267 449//449 415//415 
f 449//449 487//487 415//415 
f 415//415 487//487 383//383 
f 449//449 371//371 487//487 
f 312//312 439//439 371//371 
f 312//312 371//371 443//443 
f 312//312 443//443 267//267 
f 382//382 418//418 381//381 
f 381//381 418//418 319//319 
f 419//419 317//317 334//334 
f 319//319 334//334 317//317 
f 418//418 419//419 334//334 
f 418//418 334//334 319//319 
f 317//317 419//419 479//479 
f 382//382 479//479 316//316 
f 382//382 316//316 335//335 
f 382//382 335//335 418//418 
f 335//335 419//419 418//418 
f 335//335 316//316 419//419 
f 419//419 316//316 479//479 
f 494//494 417//417 483//483 
f 314//314 483//483 417//417 
f 395//395 417//417 494//494 
f 314//314 417//417 395//395 
f 483//483 479//479 494//494 
f 395//395 494//494 315//315 
f 420//420 494//494 479//479 
f 382//382 420//420 479//479 
f 315//315 494//494 420//420 
f 315//315 420//420 382//382 
f 404//404 454//454 317//317 
f 319//319 317//317 454//454 
f 453//453 319//319 456//456 
f 456//456 404//404 453//453 
f 456//456 454//454 404//404 
f 319//319 454//454 456//456 
f 457//457 455//455 404//404 
f 398//398 324//324 493//493 
f 493//493 318//318 398//398 
f 493//493 457//457 318//318 
f 324//324 457//457 493//493 
f 381//381 324//324 398//398 
f 266//266 318//318 343//343 
f 265//265 281//281 343//343 
f 400//400 427//427 328//328 
f 328//328 427//427 264//264 
f 403//403 377//377 320//320 
f 400//400 403//403 320//320 
f 400//400 320//320 427//427 
f 427//427 320//320 377//377 
f 403//403 345//345 283//283 
f 342//342 283//283 345//345 
f 416//416 400//400 342//342 
f 416//416 345//345 403//403 
f 342//342 345//345 416//416 
f 416//416 403//403 400//400 
f 377//377 403//403 283//283 
f 426//426 377//377 476//476 
f 427//427 377//377 426//426 
f 476//476 377//377 374//374 
f 304//304 303//303 423//423 
f 263//263 344//344 391//391 
f 263//263 428//428 344//344 
f 344//344 425//425 387//387 
f 304//304 482//482 447//447 
f 482//482 425//425 261//261 
f 394//394 425//425 482//482 
f 304//304 447//447 321//321 
f 447//447 261//261 489//489 
f 447//447 489//489 321//321 
f 273//273 325//325 260//260 
f 361//361 379//379 260//260 
f 401//401 378//378 484//484 
f 401//401 484//484 452//452 
f 477//477 486//486 402//402 
f 477//477 402//402 401//401 
f 401//401 402//402 378//378 
f 402//402 486//486 378//378 
f 378//378 486//486 430//430 
f 258//258 430//430 477//477 
f 477//477 430//430 486//486 
f 258//258 477//477 260//260 
f 490//490 478//478 412//412 
f 366//366 480//480 322//322 
f 480//480 490//490 322//322 
f 366//366 478//478 480//480 
f 480//480 478//478 490//490 
f 366//366 412//412 478//478 
f 295//295 366//366 322//322 
f 279//279 362//362 488//488 
f 389//389 279//279 488//488 
f 389//389 488//488 481//481 
f 481//481 488//488 362//362 
f 295//295 322//322 389//389 
f 256//256 347//347 290//290 
f 373//373 380//380 256//256 
f 372//372 499//499 287//287 
f 373//373 374//374 336//336 
f 407//407 438//438 296//296 
f 440//440 276//276 501//501 
f 440//440 492//492 276//276 
f 276//276 492//492 254//254 
f 254//254 492//492 296//296 
f 260//260 379//379 451//451 
f 502//502 384//384 273//273 
f 509//509 506//506 514//514 
f 514//514 722//722 509//509 
f 722//722 625//625 509//509 
f 625//625 513//513 509//509 
f 641//641 696//696 509//509 
f 644//644 506//506 509//509 
f 644//644 612//612 543//543 
f 506//506 543//543 550//550 
f 612//612 550//550 543//543 
f 644//644 543//543 506//506 
f 550//550 612//612 599//599 
f 508//508 647//647 599//599 
f 508//508 599//599 600//600 
f 508//508 600//600 559//559 
f 508//508 559//559 752//752 
f 508//508 752//752 553//553 
f 531//531 508//508 553//553 
f 553//553 551//551 531//531 
f 531//531 551//551 510//510 
f 510//510 645//645 531//531 
f 505//505 645//645 510//510 
f 505//505 589//589 645//645 
f 645//645 589//589 666//666 
f 645//645 666//666 522//522 
f 571//571 645//645 522//522 
f 602//602 571//571 522//522 
f 571//571 598//598 645//645 
f 512//512 645//645 598//598 
f 746//746 512//512 598//598 
f 746//746 598//598 534//534 
f 619//619 534//534 602//602 
f 619//619 629//629 507//507 
f 507//507 746//746 619//619 
f 645//645 512//512 508//508 
f 512//512 665//665 508//508 
f 665//665 671//671 508//508 
f 671//671 566//566 508//508 
f 566//566 627//627 508//508 
f 508//508 627//627 683//683 
f 664//664 508//508 683//683 
f 664//664 745//745 508//508 
f 519//519 601//601 507//507 
f 601//601 735//735 507//507 
f 745//745 695//695 508//508 
f 508//508 695//695 647//647 
f 507//507 584//584 678//678 
f 537//537 745//745 678//678 
f 537//537 695//695 745//745 
f 584//584 695//695 537//537 
f 584//584 537//537 678//678 
f 506//506 628//628 514//514 
f 514//514 628//628 642//642 
f 506//506 550//550 628//628 
f 550//550 621//621 642//642 
f 722//722 642//642 621//621 
f 514//514 642//642 722//722 
f 642//642 628//628 550//550 
f 550//550 647//647 621//621 
f 722//722 621//621 624//624 
f 722//722 624//624 625//625 
f 625//625 624//624 723//723 
f 723//723 624//624 621//621 
f 621//621 548//548 723//723 
f 625//625 723//723 548//548 
f 625//625 548//548 513//513 
f 513//513 507//507 509//509 
f 507//507 646//646 509//509 
f 515//515 562//562 599//599 
f 509//509 631//631 515//515 
f 631//631 562//562 515//515 
f 559//559 578//578 752//752 
f 516//516 752//752 578//578 
f 527//527 516//516 578//578 
f 752//752 516//516 725//725 
f 752//752 725//725 517//517 
f 603//603 517//517 661//661 
f 603//603 661//661 632//632 
f 661//661 630//630 632//632 
f 752//752 517//517 707//707 
f 711//711 707//707 705//705 
f 711//711 705//705 603//603 
f 603//603 705//705 517//517 
f 707//707 517//517 705//705 
f 711//711 603//603 632//632 
f 752//752 707//707 715//715 
f 752//752 715//715 684//684 
f 633//633 752//752 684//684 
f 576//576 634//634 594//594 
f 634//634 633//633 594//594 
f 654//654 752//752 606//606 
f 742//742 681//681 518//518 
f 654//654 655//655 752//752 
f 752//752 655//655 595//595 
f 595//595 655//655 668//668 
f 595//595 668//668 553//553 
f 655//655 580//580 668//668 
f 668//668 580//580 551//551 
f 580//580 505//505 551//551 
f 577//577 505//505 580//580 
f 577//577 676//676 505//505 
f 698//698 703//703 697//697 
f 524//524 698//698 697//697 
f 697//697 652//652 524//524 
f 676//676 652//652 505//505 
f 505//505 652//652 657//657 
f 505//505 657//657 583//583 
f 505//505 583//583 521//521 
f 698//698 597//597 582//582 
f 698//698 582//582 574//574 
f 698//698 574//574 520//520 
f 520//520 637//637 698//698 
f 572//572 582//582 597//597 
f 521//521 639//639 505//505 
f 582//582 639//639 521//521 
f 572//572 639//639 582//582 
f 639//639 635//635 505//505 
f 505//505 635//635 569//569 
f 505//505 569//569 694//694 
f 505//505 694//694 589//589 
f 674//674 525//525 597//597 
f 674//674 589//589 525//525 
f 525//525 589//589 694//694 
f 700//700 636//636 593//593 
f 700//700 689//689 597//597 
f 597//597 689//689 674//674 
f 666//666 589//589 568//568 
f 568//568 636//636 666//666 
f 602//602 638//638 619//619 
f 549//549 522//522 638//638 
f 611//611 629//629 619//619 
f 741//741 641//641 650//650 
f 507//507 622//622 584//584 
f 647//647 728//728 621//621 
f 728//728 548//548 621//621 
f 728//728 614//614 548//548 
f 614//614 716//716 548//548 
f 513//513 724//724 699//699 
f 724//724 690//690 699//699 
f 690//690 614//614 699//699 
f 724//724 716//716 690//690 
f 690//690 716//716 614//614 
f 513//513 548//548 720//720 
f 513//513 720//720 724//724 
f 724//724 720//720 716//716 
f 716//716 720//720 548//548 
f 699//699 614//614 702//702 
f 699//699 702//702 727//727 
f 727//727 622//622 507//507 
f 727//727 728//728 622//622 
f 727//727 702//702 728//728 
f 614//614 728//728 702//702 
f 727//727 507//507 699//699 
f 622//622 728//728 584//584 
f 584//584 728//728 647//647 
f 741//741 538//538 696//696 
f 509//509 696//696 632//632 
f 632//632 527//527 509//509 
f 620//620 526//526 516//516 
f 630//630 640//640 632//632 
f 725//725 526//526 536//536 
f 630//630 725//725 536//536 
f 630//630 536//536 640//640 
f 640//640 536//536 526//526 
f 640//640 718//718 632//632 
f 632//632 718//718 717//717 
f 640//640 526//526 712//712 
f 640//640 712//712 718//718 
f 718//718 712//712 620//620 
f 620//620 712//712 526//526 
f 718//718 620//620 717//717 
f 717//717 527//527 632//632 
f 620//620 516//516 693//693 
f 717//717 620//620 693//693 
f 717//717 693//693 516//516 
f 717//717 516//516 527//527 
f 527//527 559//559 713//713 
f 632//632 538//538 737//737 
f 632//632 737//737 518//518 
f 518//518 643//643 632//632 
f 632//632 643//643 714//714 
f 714//714 707//707 711//711 
f 632//632 714//714 711//711 
f 714//714 715//715 707//707 
f 529//529 715//715 714//714 
f 714//714 643//643 529//529 
f 643//643 684//684 529//529 
f 529//529 684//684 715//715 
f 594//594 633//633 643//643 
f 594//594 643//643 518//518 
f 643//643 633//633 684//684 
f 655//655 654//654 739//739 
f 739//739 756//756 655//655 
f 756//756 755//755 655//655 
f 532//532 655//655 755//755 
f 755//755 736//736 532//532 
f 743//743 518//518 738//738 
f 738//738 592//592 533//533 
f 533//533 736//736 743//743 
f 736//736 592//592 532//532 
f 738//738 532//532 592//592 
f 533//533 592//592 736//736 
f 533//533 743//743 738//738 
f 738//738 596//596 542//542 
f 596//596 738//738 518//518 
f 518//518 753//753 596//596 
f 754//754 535//535 655//655 
f 726//726 542//542 596//596 
f 726//726 535//535 691//691 
f 726//726 691//691 542//542 
f 542//542 691//691 754//754 
f 754//754 691//691 535//535 
f 580//580 535//535 751//751 
f 544//544 580//580 751//751 
f 546//546 751//751 750//750 
f 544//544 615//615 580//580 
f 615//615 667//667 580//580 
f 575//575 667//667 710//710 
f 710//710 698//698 575//575 
f 698//698 686//686 575//575 
f 709//709 618//618 698//698 
f 597//597 701//701 611//611 
f 597//597 611//611 619//619 
f 619//619 609//609 597//597 
f 609//609 540//540 597//597 
f 540//540 539//539 597//597 
f 541//541 597//597 539//539 
f 541//541 700//700 597//597 
f 636//636 749//749 610//610 
f 700//700 626//626 636//636 
f 636//636 626//626 749//749 
f 541//541 749//749 626//626 
f 541//541 626//626 700//700 
f 539//539 610//610 541//541 
f 541//541 610//610 749//749 
f 636//636 610//610 747//747 
f 748//748 636//636 747//747 
f 609//609 748//748 747//747 
f 609//609 747//747 540//540 
f 748//748 604//604 636//636 
f 613//613 604//604 748//748 
f 613//613 748//748 609//609 
f 613//613 609//609 619//619 
f 636//636 604//604 591//591 
f 636//636 591//591 708//708 
f 649//649 648//648 619//619 
f 586//586 611//611 701//701 
f 523//523 629//629 650//650 
f 650//650 629//629 586//586 
f 650//650 586//586 585//585 
f 650//650 585//585 618//618 
f 650//650 618//618 709//709 
f 650//650 709//709 685//685 
f 685//685 741//741 650//650 
f 742//742 518//518 682//682 
f 742//742 739//739 654//654 
f 682//682 739//739 742//742 
f 733//733 755//755 608//608 
f 682//682 733//733 608//608 
f 608//608 755//755 756//756 
f 518//518 733//733 682//682 
f 608//608 756//756 682//682 
f 518//518 737//737 753//753 
f 618//618 585//585 719//719 
f 585//585 586//586 701//701 
f 547//547 726//726 596//596 
f 535//535 587//587 751//751 
f 547//547 729//729 587//587 
f 750//750 729//729 547//547 
f 729//729 751//751 587//587 
f 750//750 751//751 729//729 
f 596//596 750//750 547//547 
f 596//596 546//546 750//750 
f 544//544 751//751 530//530 
f 546//546 544//544 530//530 
f 670//670 546//546 596//596 
f 615//615 544//544 545//545 
f 670//670 615//615 545//545 
f 670//670 545//545 730//730 
f 730//730 545//545 544//544 
f 546//546 670//670 730//730 
f 730//730 544//544 546//546 
f 726//726 552//552 535//535 
f 535//535 552//552 587//587 
f 547//547 587//587 552//552 
f 547//547 552//552 554//554 
f 554//554 552//552 726//726 
f 547//547 554//554 726//726 
f 596//596 753//753 709//709 
f 596//596 709//709 698//698 
f 709//709 753//753 685//685 
f 685//685 737//737 538//538 
f 753//753 737//737 685//685 
f 741//741 685//685 538//538 
f 641//641 741//741 696//696 
f 650//650 641//641 523//523 
f 629//629 611//611 586//586 
f 511//511 629//629 523//523 
f 619//619 556//556 613//613 
f 613//613 591//591 604//604 
f 556//556 591//591 613//613 
f 687//687 588//588 663//663 
f 556//556 663//663 591//591 
f 687//687 663//663 556//556 
f 663//663 588//588 591//591 
f 619//619 687//687 556//556 
f 591//591 588//588 558//558 
f 649//649 708//708 706//706 
f 649//649 706//706 648//648 
f 708//708 558//558 706//706 
f 648//648 706//706 558//558 
f 648//648 687//687 619//619 
f 588//588 617//617 558//558 
f 648//648 558//558 617//617 
f 648//648 617//617 687//687 
f 687//687 617//617 588//588 
f 708//708 591//591 558//558 
f 708//708 666//666 636//636 
f 540//540 557//557 539//539 
f 557//557 555//555 610//610 
f 610//610 555//555 747//747 
f 540//540 747//747 555//555 
f 540//540 555//555 557//557 
f 557//557 610//610 539//539 
f 698//698 710//710 563//563 
f 698//698 563//563 740//740 
f 740//740 669//669 698//698 
f 698//698 669//669 670//670 
f 670//670 721//721 615//615 
f 564//564 615//615 721//721 
f 669//669 564//564 721//721 
f 669//669 721//721 670//670 
f 564//564 623//623 667//667 
f 710//710 667//667 560//560 
f 710//710 560//560 563//563 
f 563//563 560//560 623//623 
f 623//623 560//560 667//667 
f 740//740 623//623 564//564 
f 563//563 623//623 740//740 
f 740//740 564//564 669//669 
f 615//615 564//564 667//667 
f 698//698 670//670 596//596 
f 546//546 530//530 751//751 
f 532//532 732//732 754//754 
f 542//542 754//754 732//732 
f 542//542 732//732 738//738 
f 738//738 732//732 532//532 
f 754//754 655//655 532//532 
f 743//743 733//733 518//518 
f 743//743 755//755 733//733 
f 743//743 736//736 755//755 
f 682//682 756//756 739//739 
f 646//646 511//511 523//523 
f 734//734 507//507 607//607 
f 507//507 734//734 662//662 
f 507//507 662//662 672//672 
f 672//672 692//692 507//507 
f 692//692 573//573 507//507 
f 672//672 671//671 692//692 
f 692//692 671//671 665//665 
f 692//692 665//665 573//573 
f 671//671 561//561 566//566 
f 662//662 566//566 561//561 
f 662//662 561//561 672//672 
f 672//672 561//561 671//671 
f 734//734 605//605 662//662 
f 662//662 605//605 566//566 
f 566//566 605//605 627//627 
f 734//734 627//627 605//605 
f 627//627 565//565 683//683 
f 507//507 735//735 607//607 
f 735//735 731//731 607//607 
f 607//607 731//731 565//565 
f 565//565 731//731 683//683 
f 735//735 683//683 731//731 
f 607//607 565//565 653//653 
f 734//734 653//653 627//627 
f 607//607 653//653 734//734 
f 627//627 653//653 565//565 
f 641//641 646//646 523//523 
f 638//638 666//666 673//673 
f 638//638 673//673 649//649 
f 673//673 708//708 649//649 
f 673//673 666//666 567//567 
f 673//673 567//567 708//708 
f 708//708 567//567 666//666 
f 638//638 649//649 619//619 
f 689//689 568//568 674//674 
f 674//674 568//568 589//589 
f 689//689 593//593 568//568 
f 700//700 593//593 689//689 
f 568//568 593//593 636//636 
f 744//744 569//569 570//570 
f 744//744 570//570 704//704 
f 704//704 660//660 744//744 
f 744//744 660//660 597//597 
f 597//597 660//660 572//572 
f 660//660 635//635 639//639 
f 660//660 639//639 572//572 
f 704//704 635//635 660//660 
f 704//704 570//570 635//635 
f 570//570 569//569 635//635 
f 525//525 694//694 744//744 
f 744//744 694//694 569//569 
f 525//525 744//744 597//597 
f 597//597 719//719 701//701 
f 719//719 585//585 701//701 
f 698//698 618//618 719//719 
f 637//637 675//675 698//698 
f 698//698 675//675 688//688 
f 698//698 688//688 703//703 
f 688//688 659//659 657//657 
f 657//657 659//659 651//651 
f 675//675 651//651 659//659 
f 675//675 659//659 688//688 
f 688//688 657//657 703//703 
f 657//657 651//651 583//583 
f 637//637 583//583 651//651 
f 637//637 651//651 675//675 
f 582//582 521//521 574//574 
f 574//574 521//521 590//590 
f 521//521 583//583 590//590 
f 574//574 590//590 520//520 
f 679//679 590//590 583//583 
f 520//520 679//679 583//583 
f 520//520 590//590 679//679 
f 520//520 583//583 637//637 
f 698//698 719//719 597//597 
f 703//703 657//657 697//697 
f 697//697 657//657 652//652 
f 524//524 652//652 676//676 
f 524//524 676//676 686//686 
f 686//686 676//676 577//577 
f 698//698 524//524 686//686 
f 686//686 577//577 575//575 
f 575//575 577//577 667//667 
f 667//667 577//577 580//580 
f 655//655 535//535 580//580 
f 681//681 576//576 518//518 
f 518//518 576//576 594//594 
f 576//576 680//680 606//606 
f 681//681 680//680 576//576 
f 680//680 528//528 654//654 
f 742//742 654//654 528//528 
f 681//681 528//528 680//680 
f 742//742 528//528 681//681 
f 606//606 680//680 654//654 
f 634//634 606//606 633//633 
f 576//576 606//606 634//634 
f 633//633 606//606 752//752 
f 632//632 696//696 538//538 
f 661//661 725//725 630//630 
f 661//661 517//517 725//725 
f 725//725 516//516 526//526 
f 509//509 527//527 713//713 
f 527//527 578//578 559//559 
f 509//509 713//713 631//631 
f 658//658 600//600 631//631 
f 631//631 713//713 658//658 
f 713//713 559//559 658//658 
f 658//658 559//559 600//600 
f 631//631 600//600 562//562 
f 513//513 699//699 507//507 
f 584//584 647//647 695//695 
f 511//511 646//646 507//507 
f 601//601 664//664 677//677 
f 735//735 677//677 683//683 
f 601//601 677//677 735//735 
f 664//664 683//683 677//677 
f 519//519 581//581 616//616 
f 519//519 616//616 601//601 
f 601//601 616//616 664//664 
f 664//664 616//616 581//581 
f 664//664 581//581 745//745 
f 678//678 745//745 581//581 
f 678//678 581//581 519//519 
f 678//678 519//519 507//507 
f 512//512 656//656 665//665 
f 573//573 656//656 746//746 
f 746//746 656//656 512//512 
f 573//573 665//665 656//656 
f 507//507 573//573 746//746 
f 629//629 511//511 507//507 
f 598//598 571//571 579//579 
f 534//534 598//598 579//579 
f 602//602 579//579 571//571 
f 534//534 579//579 602//602 
f 619//619 746//746 534//534 
f 602//602 549//549 638//638 
f 602//602 522//522 549//549 
f 638//638 522//522 666//666 
f 551//551 505//505 510//510 
f 553//553 668//668 551//551 
f 645//645 508//508 531//531 
f 553//553 752//752 595//595 
f 600//600 599//599 562//562 
f 647//647 550//550 599//599 
f 515//515 644//644 509//509 
f 515//515 599//599 644//644 
f 644//644 599//599 612//612 
f 509//509 646//646 641//641 
f 767//767 764//764 758//758 
f 764//764 762//762 758//758 
f 765//765 757//757 762//762 
f 765//765 763//763 757//757 
f 758//758 757//757 763//763 
f 758//758 763//763 807//807 
f 767//767 758//758 807//807 
f 920//920 914//914 795//795 
f 920//920 795//795 835//835 
f 920//920 835//835 759//759 
f 759//759 767//767 920//920 
f 759//759 951//951 767//767 
f 951//951 820//820 767//767 
f 820//820 764//764 767//767 
f 820//820 768//768 764//764 
f 768//768 770//770 765//765 
f 765//765 770//770 760//760 
f 803//803 765//765 760//760 
f 760//760 778//778 803//803 
f 803//803 778//778 847//847 
f 847//847 761//761 803//803 
f 761//761 772//772 803//803 
f 803//803 772//772 879//879 
f 879//879 799//799 803//803 
f 803//803 799//799 797//797 
f 797//797 798//798 803//803 
f 798//798 765//765 803//803 
f 798//798 810//810 765//765 
f 765//765 810//810 763//763 
f 775//775 767//767 807//807 
f 807//807 810//810 775//775 
f 775//775 810//810 802//802 
f 802//802 810//810 885//885 
f 802//802 812//812 767//767 
f 920//920 767//767 812//812 
f 920//920 812//812 900//900 
f 900//900 766//766 920//920 
f 920//920 766//766 914//914 
f 835//835 795//795 801//801 
f 949//949 835//835 808//808 
f 949//949 808//808 769//769 
f 949//949 897//897 951//951 
f 949//949 951//951 759//759 
f 951//951 887//887 820//820 
f 887//887 770//770 820//820 
f 887//887 952//952 770//770 
f 952//952 778//778 760//760 
f 952//952 926//926 778//778 
f 778//778 926//926 846//846 
f 778//778 846//846 771//771 
f 778//778 771//771 823//823 
f 823//823 1005//1005 778//778 
f 778//778 1005//1005 847//847 
f 847//847 1005//1005 813//813 
f 847//847 813//813 761//761 
f 761//761 813//813 910//910 
f 761//761 910//910 940//940 
f 761//761 940//940 964//964 
f 761//761 964//964 772//772 
f 774//774 772//772 964//964 
f 780//780 774//774 964//964 
f 780//780 964//964 831//831 
f 781//781 780//780 831//831 
f 839//839 773//773 841//841 
f 839//839 980//980 781//781 
f 980//980 780//780 781//781 
f 968//968 780//780 980//980 
f 980//980 927//927 968//968 
f 927//927 984//984 968//968 
f 968//968 984//984 774//774 
f 968//968 774//774 780//780 
f 774//774 984//984 772//772 
f 772//772 984//984 779//779 
f 772//772 779//779 777//777 
f 772//772 777//777 879//879 
f 857//857 980//980 839//839 
f 839//839 776//776 857//857 
f 776//776 816//816 857//857 
f 980//980 996//996 863//863 
f 874//874 879//879 777//777 
f 996//996 874//874 777//777 
f 996//996 782//782 874//874 
f 783//783 782//782 996//996 
f 980//980 783//783 996//996 
f 879//879 883//883 891//891 
f 879//879 891//891 799//799 
f 817//817 845//845 980//980 
f 857//857 817//817 980//980 
f 857//857 1007//1007 787//787 
f 857//857 787//787 950//950 
f 950//950 817//817 857//857 
f 799//799 891//891 784//784 
f 784//784 785//785 799//799 
f 799//799 785//785 862//862 
f 799//799 862//862 786//786 
f 799//799 786//786 793//793 
f 793//793 791//791 799//799 
f 867//867 871//871 869//869 
f 869//869 793//793 867//867 
f 867//867 793//793 790//790 
f 867//867 790//790 894//894 
f 894//894 877//877 867//867 
f 894//894 786//786 877//877 
f 894//894 790//790 786//786 
f 867//867 877//877 871//871 
f 871//871 877//877 817//817 
f 788//788 871//871 817//817 
f 788//788 817//817 950//950 
f 950//950 1003//1003 788//788 
f 788//788 1003//1003 789//789 
f 788//788 789//789 876//876 
f 799//799 791//791 797//797 
f 893//893 797//797 791//791 
f 898//898 893//893 791//791 
f 898//898 791//791 869//869 
f 871//871 898//898 869//869 
f 788//788 876//876 892//892 
f 788//788 892//892 906//906 
f 788//788 906//906 900//900 
f 900//900 871//871 788//788 
f 871//871 992//992 1001//1001 
f 1001//1001 977//977 871//871 
f 977//977 896//896 893//893 
f 977//977 893//893 898//898 
f 893//893 896//896 797//797 
f 792//792 797//797 896//896 
f 992//992 792//792 896//896 
f 792//792 983//983 797//797 
f 797//797 983//983 794//794 
f 797//797 794//794 800//800 
f 797//797 800//800 798//798 
f 798//798 800//800 796//796 
f 796//796 885//885 798//798 
f 802//802 885//885 796//796 
f 802//802 796//796 805//805 
f 812//812 802//802 805//805 
f 900//900 909//909 766//766 
f 904//904 804//804 914//914 
f 808//808 911//911 809//809 
f 982//982 1008//1008 769//769 
f 897//897 931//931 899//899 
f 897//897 899//899 887//887 
f 887//887 926//926 952//952 
f 899//899 926//926 887//887 
f 931//931 846//846 899//899 
f 933//933 771//771 931//931 
f 897//897 933//933 931//931 
f 814//814 897//897 949//949 
f 949//949 939//939 814//814 
f 815//815 902//902 811//811 
f 811//811 1005//1005 815//815 
f 815//815 897//897 902//902 
f 815//815 946//946 897//897 
f 946//946 933//933 897//897 
f 946//946 823//823 933//933 
f 815//815 1005//1005 946//946 
f 811//811 902//902 781//781 
f 937//937 813//813 811//811 
f 781//781 937//937 811//811 
f 934//934 937//937 781//781 
f 934//934 940//940 937//937 
f 937//937 940//940 910//910 
f 934//934 781//781 831//831 
f 831//831 940//940 934//934 
f 814//814 966//966 839//839 
f 816//816 776//776 936//936 
f 816//816 936//936 916//916 
f 916//916 905//905 816//816 
f 816//816 905//905 1007//1007 
f 959//959 787//787 1007//1007 
f 1000//1000 1002//1002 818//818 
f 950//950 818//818 1002//1002 
f 935//935 817//817 901//901 
f 901//901 785//785 935//935 
f 935//935 785//785 821//821 
f 935//935 821//821 817//817 
f 903//903 817//817 821//821 
f 821//821 784//784 903//903 
f 817//817 877//877 901//901 
f 877//877 862//862 901//901 
f 876//876 907//907 892//892 
f 906//906 892//892 907//907 
f 824//824 965//965 906//906 
f 900//900 965//965 958//958 
f 908//908 938//938 812//812 
f 908//908 812//812 805//805 
f 805//805 800//800 908//908 
f 908//908 794//794 938//938 
f 992//992 812//812 938//938 
f 938//938 792//792 992//992 
f 914//914 766//766 904//904 
f 1004//1004 961//961 809//809 
f 982//982 819//819 1008//1008 
f 991//991 1008//1008 819//819 
f 991//991 953//953 915//915 
f 915//915 1008//1008 991//991 
f 918//918 773//773 966//966 
f 941//941 841//841 832//832 
f 832//832 955//955 941//941 
f 941//941 955//955 776//776 
f 936//936 776//776 955//955 
f 954//954 936//936 955//955 
f 916//916 936//936 954//954 
f 959//959 956//956 787//787 
f 1000//1000 787//787 956//956 
f 1000//1000 990//990 1002//1002 
f 957//957 1002//1002 990//990 
f 1003//1003 1002//1002 957//957 
f 944//944 789//789 1003//1003 
f 825//825 998//998 907//907 
f 825//825 907//907 876//876 
f 824//824 917//917 965//965 
f 824//824 906//906 998//998 
f 965//965 917//917 958//958 
f 958//958 928//928 912//912 
f 967//967 960//960 766//766 
f 806//806 971//971 1004//1004 
f 1004//1004 971//971 837//837 
f 1004//1004 837//837 961//961 
f 988//988 836//836 961//961 
f 856//856 827//827 989//989 
f 991//991 989//989 827//827 
f 819//819 989//989 991//991 
f 991//991 827//827 953//953 
f 953//953 850//850 828//828 
f 828//828 850//850 853//853 
f 828//828 830//830 953//953 
f 939//939 830//830 828//828 
f 829//829 939//939 828//828 
f 829//829 962//962 966//966 
f 962//962 918//918 966//966 
f 918//918 849//849 773//773 
f 841//841 773//773 913//913 
f 841//841 913//913 832//832 
f 955//955 840//840 954//954 
f 954//954 840//840 916//916 
f 916//916 840//840 973//973 
f 916//916 973//973 822//822 
f 822//822 973//973 865//865 
f 822//822 865//865 963//963 
f 963//963 865//865 956//956 
f 956//956 865//865 922//922 
f 956//956 922//922 1000//1000 
f 1000//1000 922//922 994//994 
f 957//957 843//843 947//947 
f 947//947 843//843 855//855 
f 944//944 957//957 947//947 
f 944//944 947//947 789//789 
f 825//825 789//789 947//947 
f 998//998 873//873 824//824 
f 824//824 873//873 975//975 
f 824//824 975//975 917//917 
f 844//844 833//833 912//912 
f 912//912 928//928 844//844 
f 912//912 833//833 909//909 
f 909//909 833//833 921//921 
f 967//967 909//909 921//921 
f 967//967 852//852 960//960 
f 904//904 979//979 997//997 
f 904//904 997//997 826//826 
f 826//826 997//997 834//834 
f 971//971 878//878 837//837 
f 837//837 878//878 961//961 
f 1006//1006 836//836 856//856 
f 856//856 838//838 827//827 
f 854//854 838//838 945//945 
f 854//854 945//945 853//853 
f 854//854 827//827 838//838 
f 828//828 853//853 860//860 
f 828//828 860//860 848//848 
f 848//848 860//860 861//861 
f 829//829 848//848 962//962 
f 962//962 849//849 918//918 
f 832//832 948//948 895//895 
f 832//832 895//895 955//955 
f 955//955 895//895 840//840 
f 886//886 884//884 840//840 
f 929//929 974//974 855//855 
f 929//929 855//855 843//843 
f 843//843 993//993 929//929 
f 990//990 994//994 993//993 
f 990//990 993//993 957//957 
f 957//957 993//993 843//843 
f 947//947 855//855 825//825 
f 825//825 868//868 924//924 
f 998//998 924//924 873//873 
f 881//881 975//975 873//873 
f 844//844 851//851 921//921 
f 921//921 930//930 967//967 
f 852//852 875//875 904//904 
f 997//997 880//880 834//834 
f 988//988 878//878 858//858 
f 858//858 836//836 988//988 
f 856//856 836//836 986//986 
f 986//986 836//836 858//858 
f 986//986 858//858 969//969 
f 986//986 969//969 932//932 
f 986//986 932//932 888//888 
f 888//888 925//925 986//986 
f 925//925 870//870 986//986 
f 870//870 881//881 986//986 
f 986//986 881//881 942//942 
f 986//986 942//942 974//974 
f 986//986 974//974 866//866 
f 986//986 866//866 919//919 
f 986//986 919//919 995//995 
f 986//986 995//995 886//886 
f 886//886 872//872 986//986 
f 986//986 872//872 985//985 
f 986//986 985//985 970//970 
f 986//986 970//970 889//889 
f 986//986 889//889 945//945 
f 986//986 945//945 838//838 
f 986//986 838//838 856//856 
f 859//859 945//945 889//889 
f 859//859 853//853 945//945 
f 854//854 853//853 850//850 
f 850//850 827//827 854//854 
f 859//859 861//861 860//860 
f 859//859 860//860 853//853 
f 962//962 861//861 999//999 
f 962//962 999//999 972//972 
f 962//962 972//972 849//849 
f 849//849 972//972 890//890 
f 849//849 890//890 913//913 
f 913//913 890//890 943//943 
f 913//913 943//943 864//864 
f 895//895 978//978 840//840 
f 923//923 994//994 922//922 
f 923//923 922//922 987//987 
f 993//993 994//994 866//866 
f 993//993 866//866 974//974 
f 929//929 993//993 974//974 
f 942//942 924//924 868//868 
f 868//868 855//855 974//974 
f 881//881 870//870 975//975 
f 851//851 925//925 976//976 
f 930//930 976//976 888//888 
f 921//921 976//976 930//930 
f 852//852 930//930 882//882 
f 969//969 878//878 971//971 
f 969//969 858//858 878//878 
f 932//932 969//969 875//875 
f 875//875 882//882 932//932 
f 925//925 842//842 870//870 
f 924//924 942//942 873//873 
f 888//888 976//976 925//925 
f 888//888 932//932 882//882 
f 875//875 969//969 979//979 
f 971//971 880//880 969//969 
f 969//969 880//880 997//997 
f 969//969 997//997 979//979 
f 888//888 882//882 930//930 
f 851//851 842//842 925//925 
f 975//975 870//870 842//842 
f 881//881 873//873 942//942 
f 868//868 974//974 942//942 
f 866//866 987//987 919//919 
f 886//886 995//995 884//884 
f 886//886 978//978 872//872 
f 981//981 972//972 970//970 
f 970//970 985//985 981//981 
f 889//889 970//970 972//972 
f 889//889 972//972 999//999 
f 999//999 861//861 889//889 
f 981//981 985//985 943//943 
f 981//981 943//943 890//890 
f 890//890 972//972 981//981 
f 948//948 864//864 985//985 
f 985//985 872//872 948//948 
f 948//948 872//872 895//895 
f 872//872 978//978 895//895 
f 943//943 985//985 864//864 
f 995//995 919//919 987//987 
f 923//923 987//987 866//866 
f 923//923 866//866 994//994 
f 987//987 865//865 995//995 
f 973//973 995//995 865//865 
f 884//884 995//995 973//973 
f 832//832 864//864 948//948 
f 859//859 889//889 861//861 
f 852//852 882//882 875//875 
f 967//967 930//930 852//852 
f 921//921 851//851 976//976 
f 928//928 851//851 844//844 
f 928//928 842//842 851//851 
f 825//825 855//855 868//868 
f 865//865 987//987 922//922 
f 884//884 973//973 840//840 
f 886//886 840//840 978//978 
f 913//913 864//864 832//832 
f 848//848 861//861 962//962 
f 989//989 1006//1006 856//856 
f 971//971 834//834 880//880 
f 806//806 834//834 971//971 
f 904//904 875//875 979//979 
f 844//844 921//921 833//833 
f 917//917 842//842 928//928 
f 917//917 975//975 842//842 
f 825//825 924//924 998//998 
f 1000//1000 994//994 990//990 
f 829//829 828//828 848//848 
f 939//939 915//915 830//830 
f 953//953 827//827 850//850 
f 819//819 1006//1006 989//989 
f 1006//1006 961//961 836//836 
f 988//988 961//961 878//878 
f 826//826 834//834 806//806 
f 766//766 960//960 852//852 
f 766//766 909//909 967//967 
f 917//917 928//928 958//958 
f 906//906 907//907 998//998 
f 876//876 789//789 825//825 
f 944//944 1003//1003 957//957 
f 818//818 787//787 1000//1000 
f 959//959 1007//1007 963//963 
f 1007//1007 905//905 963//963 
f 959//959 963//963 956//956 
f 963//963 905//905 822//822 
f 916//916 822//822 905//905 
f 913//913 773//773 849//849 
f 966//966 939//939 829//829 
f 814//814 939//939 966//966 
f 830//830 915//915 953//953 
f 982//982 1006//1006 819//819 
f 809//809 1006//1006 982//982 
f 809//809 961//961 1006//1006 
f 801//801 806//806 1004//1004 
f 806//806 804//804 826//826 
f 904//904 826//826 804//804 
f 904//904 766//766 852//852 
f 900//900 958//958 912//912 
f 839//839 781//781 814//814 
f 814//814 781//781 902//902 
f 949//949 915//915 939//939 
f 814//814 902//902 897//897 
f 949//949 769//769 915//915 
f 915//915 769//769 1008//1008 
f 982//982 769//769 809//809 
f 808//808 809//809 769//769 
f 809//809 911//911 1004//1004 
f 911//911 801//801 1004//1004 
f 795//795 804//804 806//806 
f 900//900 912//912 909//909 
f 805//805 796//796 800//800 
f 908//908 800//800 794//794 
f 938//938 794//794 983//983 
f 938//938 983//983 792//792 
f 812//812 992//992 871//871 
f 1001//1001 896//896 977//977 
f 992//992 896//896 1001//1001 
f 900//900 812//812 871//871 
f 906//906 965//965 900//900 
f 871//871 977//977 898//898 
f 950//950 1002//1002 1003//1003 
f 869//869 791//791 793//793 
f 786//786 790//790 793//793 
f 877//877 786//786 862//862 
f 901//901 862//862 785//785 
f 821//821 785//785 784//784 
f 903//903 784//784 891//891 
f 903//903 891//891 845//845 
f 817//817 903//903 845//845 
f 950//950 787//787 818//818 
f 980//980 845//845 783//783 
f 845//845 891//891 883//883 
f 879//879 782//782 883//883 
f 845//845 883//883 783//783 
f 783//783 883//883 782//782 
f 874//874 782//782 879//879 
f 996//996 777//777 863//863 
f 857//857 816//816 1007//1007 
f 839//839 941//941 776//776 
f 863//863 927//927 980//980 
f 863//863 779//779 927//927 
f 863//863 777//777 779//779 
f 927//927 779//779 984//984 
f 839//839 841//841 941//941 
f 839//839 966//966 773//773 
f 831//831 964//964 940//940 
f 937//937 910//910 813//813 
f 811//811 813//813 1005//1005 
f 946//946 1005//1005 823//823 
f 933//933 823//823 771//771 
f 931//931 771//771 846//846 
f 899//899 846//846 926//926 
f 952//952 760//760 770//770 
f 897//897 887//887 951//951 
f 759//759 835//835 949//949 
f 808//808 835//835 911//911 
f 911//911 835//835 801//801 
f 801//801 795//795 806//806 
f 914//914 804//804 795//795 
f 798//798 885//885 810//810 
f 775//775 802//802 767//767 
f 807//807 763//763 810//810 
f 820//820 770//770 768//768 
f 765//765 762//762 768//768 
f 758//758 762//762 757//757 
f 764//764 768//768 762//762 
f 1146//1146 1017//1017 1009//1009 
f 1017//1017 1016//1016 1009//1009 
f 1062//1062 1015//1015 1016//1016 
f 1012//1012 1194//1194 1062//1062 
f 1062//1062 1194//1194 1015//1015 
f 1009//1009 1015//1015 1194//1194 
f 1009//1009 1194//1194 1051//1051 
f 1146//1146 1009//1009 1051//1051 
f 1051//1051 1048//1048 1146//1146 
f 1010//1010 1146//1146 1048//1048 
f 1010//1010 1048//1048 1185//1185 
f 1185//1185 1067//1067 1010//1010 
f 1010//1010 1067//1067 1053//1053 
f 1010//1010 1053//1053 1018//1018 
f 1020//1020 1017//1017 1146//1146 
f 1020//1020 1016//1016 1017//1017 
f 1016//1016 1072//1072 1062//1062 
f 1062//1062 1011//1011 1172//1172 
f 1172//1172 1011//1011 1029//1029 
f 1029//1029 1019//1019 1172//1172 
f 1019//1019 1013//1013 1172//1172 
f 1013//1013 1049//1049 1172//1172 
f 1172//1172 1049//1049 1012//1012 
f 1012//1012 1014//1014 1194//1194 
f 1046//1046 1048//1048 1051//1051 
f 1051//1051 1014//1014 1046//1046 
f 1046//1046 1014//1014 1163//1163 
f 1163//1163 1014//1014 1050//1050 
f 1163//1163 1050//1050 1056//1056 
f 1163//1163 1056//1056 1048//1048 
f 1185//1185 1164//1164 1065//1065 
f 1185//1185 1065//1065 1026//1026 
f 1018//1018 1053//1053 1187//1187 
f 1058//1058 1018//1018 1052//1052 
f 1058//1058 1178//1178 1146//1146 
f 1058//1058 1146//1146 1010//1010 
f 1146//1146 1180//1180 1020//1020 
f 1180//1180 1072//1072 1020//1020 
f 1180//1180 1054//1054 1072//1072 
f 1054//1054 1055//1055 1062//1062 
f 1062//1062 1055//1055 1211//1211 
f 1062//1062 1211//1211 1077//1077 
f 1062//1062 1077//1077 1011//1011 
f 1011//1011 1077//1077 1086//1086 
f 1086//1086 1159//1159 1011//1011 
f 1011//1011 1159//1159 1021//1021 
f 1011//1011 1021//1021 1022//1022 
f 1011//1011 1022//1022 1087//1087 
f 1011//1011 1087//1087 1097//1097 
f 1011//1011 1097//1097 1029//1029 
f 1029//1029 1097//1097 1023//1023 
f 1108//1108 1029//1029 1023//1023 
f 1222//1222 1108//1108 1023//1023 
f 1222//1222 1023//1023 1240//1240 
f 1223//1223 1222//1222 1240//1240 
f 1106//1106 1223//1223 1066//1066 
f 1066//1066 1188//1188 1106//1106 
f 1106//1106 1188//1188 1083//1083 
f 1106//1106 1083//1083 1064//1064 
f 1106//1106 1064//1064 1032//1032 
f 1024//1024 1222//1222 1223//1223 
f 1223//1223 1143//1143 1024//1024 
f 1143//1143 1238//1238 1024//1024 
f 1024//1024 1238//1238 1108//1108 
f 1024//1024 1108//1108 1222//1222 
f 1108//1108 1238//1238 1029//1029 
f 1029//1029 1238//1238 1249//1249 
f 1029//1029 1249//1249 1019//1019 
f 1038//1038 1030//1030 1223//1223 
f 1031//1031 1038//1038 1223//1223 
f 1031//1031 1223//1223 1106//1106 
f 1106//1106 1032//1032 1031//1031 
f 1032//1032 1025//1025 1031//1031 
f 1031//1031 1025//1025 1095//1095 
f 1038//1038 1179//1179 1030//1030 
f 1027//1027 1019//1019 1249//1249 
f 1179//1179 1027//1027 1249//1249 
f 1028//1028 1027//1027 1179//1179 
f 1028//1028 1130//1130 1027//1027 
f 1136//1136 1130//1130 1028//1028 
f 1038//1038 1136//1136 1028//1028 
f 1019//1019 1034//1034 1144//1144 
f 1140//1140 1033//1033 1038//1038 
f 1251//1251 1140//1140 1038//1038 
f 1251//1251 1038//1038 1031//1031 
f 1031//1031 1095//1095 1251//1251 
f 1251//1251 1095//1095 1241//1241 
f 1251//1251 1241//1241 1201//1201 
f 1019//1019 1144//1144 1035//1035 
f 1035//1035 1036//1036 1019//1019 
f 1019//1019 1036//1036 1129//1129 
f 1019//1019 1129//1129 1013//1013 
f 1013//1013 1129//1129 1112//1112 
f 1013//1013 1112//1112 1117//1117 
f 1117//1117 1126//1126 1013//1013 
f 1037//1037 1202//1202 1040//1040 
f 1040//1040 1117//1117 1037//1037 
f 1037//1037 1117//1117 1039//1039 
f 1039//1039 1117//1117 1112//1112 
f 1037//1037 1039//1039 1202//1202 
f 1258//1258 1204//1204 1041//1041 
f 1041//1041 1204//1204 1127//1127 
f 1041//1041 1236//1236 1202//1202 
f 1236//1236 1040//1040 1202//1202 
f 1250//1250 1013//1013 1126//1126 
f 1044//1044 1250//1250 1126//1126 
f 1044//1044 1126//1126 1040//1040 
f 1236//1236 1044//1044 1040//1040 
f 1041//1041 1076//1076 1042//1042 
f 1041//1041 1042//1042 1145//1145 
f 1145//1145 1042//1042 1070//1070 
f 1145//1145 1208//1208 1236//1236 
f 1208//1208 1205//1205 1236//1236 
f 1236//1236 1205//1205 1259//1259 
f 1259//1259 1044//1044 1236//1236 
f 1044//1044 1149//1149 1250//1250 
f 1250//1250 1149//1149 1013//1013 
f 1186//1186 1013//1013 1149//1149 
f 1259//1259 1186//1186 1149//1149 
f 1186//1186 1049//1049 1013//1013 
f 1043//1043 1049//1049 1186//1186 
f 1205//1205 1043//1043 1186//1186 
f 1043//1043 1200//1200 1049//1049 
f 1049//1049 1200//1200 1045//1045 
f 1049//1049 1045//1045 1047//1047 
f 1049//1049 1047//1047 1012//1012 
f 1047//1047 1050//1050 1012//1012 
f 1056//1056 1050//1050 1047//1047 
f 1056//1056 1047//1047 1119//1119 
f 1048//1048 1056//1056 1119//1119 
f 1048//1048 1119//1119 1208//1208 
f 1185//1185 1048//1048 1208//1208 
f 1185//1185 1208//1208 1145//1145 
f 1145//1145 1210//1210 1185//1185 
f 1185//1185 1210//1210 1150//1150 
f 1185//1185 1150//1150 1164//1164 
f 1165//1165 1160//1160 1067//1067 
f 1053//1053 1067//1067 1160//1160 
f 1257//1257 1187//1187 1148//1148 
f 1257//1257 1154//1154 1052//1052 
f 1257//1257 1052//1052 1018//1018 
f 1154//1154 1151//1151 1189//1189 
f 1189//1189 1052//1052 1154//1154 
f 1178//1178 1152//1152 1166//1166 
f 1178//1178 1166//1166 1180//1180 
f 1180//1180 1055//1055 1054//1054 
f 1166//1166 1055//1055 1180//1180 
f 1152//1152 1211//1211 1166//1166 
f 1061//1061 1077//1077 1152//1152 
f 1178//1178 1061//1061 1152//1152 
f 1057//1057 1061//1061 1178//1178 
f 1058//1058 1057//1057 1178//1178 
f 1058//1058 1190//1190 1066//1066 
f 1066//1066 1057//1057 1058//1058 
f 1060//1060 1057//1057 1155//1155 
f 1155//1155 1021//1021 1060//1060 
f 1060//1060 1059//1059 1057//1057 
f 1059//1059 1061//1061 1057//1057 
f 1059//1059 1086//1086 1061//1061 
f 1060//1060 1159//1159 1059//1059 
f 1184//1184 1022//1022 1155//1155 
f 1057//1057 1184//1184 1155//1155 
f 1184//1184 1057//1057 1223//1223 
f 1139//1139 1184//1184 1223//1223 
f 1139//1139 1097//1097 1063//1063 
f 1139//1139 1063//1063 1157//1157 
f 1157//1157 1063//1063 1087//1087 
f 1157//1157 1087//1087 1184//1184 
f 1139//1139 1223//1223 1240//1240 
f 1240//1240 1097//1097 1139//1139 
f 1157//1157 1184//1184 1139//1139 
f 1066//1066 1223//1223 1057//1057 
f 1066//1066 1260//1260 1092//1092 
f 1032//1032 1064//1064 1134//1134 
f 1134//1134 1162//1162 1032//1032 
f 1073//1073 1242//1242 1095//1095 
f 1095//1095 1025//1025 1073//1073 
f 1241//1241 1095//1095 1196//1196 
f 1201//1201 1244//1244 1213//1213 
f 1213//1213 1173//1173 1201//1201 
f 1258//1258 1202//1202 1140//1140 
f 1258//1258 1140//1140 1251//1251 
f 1202//1202 1069//1069 1140//1140 
f 1068//1068 1140//1140 1069//1069 
f 1069//1069 1036//1036 1068//1068 
f 1068//1068 1036//1036 1158//1158 
f 1068//1068 1158//1158 1140//1140 
f 1203//1203 1140//1140 1158//1158 
f 1158//1158 1035//1035 1203//1203 
f 1202//1202 1039//1039 1069//1069 
f 1039//1039 1129//1129 1069//1069 
f 1251//1251 1201//1201 1258//1258 
f 1204//1204 1082//1082 1127//1127 
f 1245//1245 1207//1207 1208//1208 
f 1245//1245 1208//1208 1119//1119 
f 1119//1119 1045//1045 1245//1245 
f 1245//1245 1045//1045 1207//1207 
f 1205//1205 1208//1208 1207//1207 
f 1207//1207 1043//1043 1205//1205 
f 1145//1145 1215//1215 1212//1212 
f 1053//1053 1160//1160 1170//1170 
f 1170//1170 1148//1148 1187//1187 
f 1148//1148 1214//1214 1257//1257 
f 1257//1257 1214//1214 1071//1071 
f 1257//1257 1071//1071 1154//1154 
f 1161//1161 1151//1151 1206//1206 
f 1151//1151 1161//1161 1189//1189 
f 1025//1025 1162//1162 1074//1074 
f 1168//1168 1025//1025 1074//1074 
f 1219//1219 1242//1242 1073//1073 
f 1073//1073 1168//1168 1219//1219 
f 1073//1073 1025//1025 1168//1168 
f 1196//1196 1242//1242 1209//1209 
f 1209//1209 1075//1075 1241//1241 
f 1241//1241 1196//1196 1209//1209 
f 1173//1173 1085//1085 1078//1078 
f 1078//1078 1085//1085 1204//1204 
f 1204//1204 1201//1201 1078//1078 
f 1085//1085 1082//1082 1204//1204 
f 1076//1076 1082//1082 1088//1088 
f 1088//1088 1156//1156 1076//1076 
f 1090//1090 1212//1212 1215//1215 
f 1070//1070 1090//1090 1215//1215 
f 1212//1212 1150//1150 1210//1210 
f 1026//1026 1065//1065 1080//1080 
f 1080//1080 1160//1160 1165//1165 
f 1170//1170 1198//1198 1148//1148 
f 1148//1148 1198//1198 1214//1214 
f 1214//1214 1216//1216 1071//1071 
f 1169//1169 1071//1071 1216//1216 
f 1081//1081 1098//1098 1220//1220 
f 1081//1081 1220//1220 1169//1169 
f 1161//1161 1169//1169 1220//1220 
f 1206//1206 1169//1169 1161//1161 
f 1161//1161 1220//1220 1192//1192 
f 1192//1192 1091//1091 1191//1191 
f 1191//1191 1091//1091 1118//1118 
f 1191//1191 1218//1218 1192//1192 
f 1218//1218 1161//1161 1192//1192 
f 1191//1191 1084//1084 1190//1190 
f 1190//1190 1218//1218 1191//1191 
f 1147//1147 1190//1190 1084//1084 
f 1217//1217 1243//1243 1104//1104 
f 1260//1260 1147//1147 1217//1217 
f 1217//1217 1104//1104 1260//1260 
f 1104//1104 1092//1092 1260//1260 
f 1092//1092 1193//1193 1188//1188 
f 1134//1134 1064//1064 1199//1199 
f 1199//1199 1162//1162 1134//1134 
f 1074//1074 1125//1125 1168//1168 
f 1168//1168 1125//1125 1135//1135 
f 1168//1168 1135//1135 1219//1219 
f 1219//1219 1135//1135 1124//1124 
f 1219//1219 1124//1124 1242//1242 
f 1242//1242 1124//1124 1209//1209 
f 1209//1209 1171//1171 1254//1254 
f 1209//1209 1254//1254 1075//1075 
f 1253//1253 1256//1256 1101//1101 
f 1213//1213 1253//1253 1173//1173 
f 1085//1085 1096//1096 1102//1102 
f 1085//1085 1183//1183 1082//1082 
f 1156//1156 1121//1121 1153//1153 
f 1153//1153 1121//1121 1089//1089 
f 1090//1090 1100//1100 1212//1212 
f 1176//1176 1212//1212 1100//1100 
f 1212//1212 1176//1176 1150//1150 
f 1079//1079 1150//1150 1224//1224 
f 1224//1224 1099//1099 1079//1079 
f 1080//1080 1123//1123 1177//1177 
f 1080//1080 1177//1177 1160//1160 
f 1198//1198 1177//1177 1239//1239 
f 1198//1198 1107//1107 1214//1214 
f 1214//1214 1107//1107 1230//1230 
f 1230//1230 1216//1216 1214//1214 
f 1103//1103 1098//1098 1081//1081 
f 1098//1098 1111//1111 1167//1167 
f 1167//1167 1220//1220 1098//1098 
f 1091//1091 1220//1220 1167//1167 
f 1167//1167 1118//1118 1091//1091 
f 1084//1084 1093//1093 1217//1217 
f 1217//1217 1093//1093 1247//1247 
f 1243//1243 1193//1193 1092//1092 
f 1104//1104 1243//1243 1092//1092 
f 1199//1199 1120//1120 1142//1142 
f 1199//1199 1142//1142 1162//1162 
f 1162//1162 1142//1142 1125//1125 
f 1133//1133 1110//1110 1102//1102 
f 1133//1133 1102//1102 1096//1096 
f 1133//1133 1096//1096 1094//1094 
f 1173//1173 1101//1101 1096//1096 
f 1173//1173 1096//1096 1085//1085 
f 1183//1183 1221//1221 1088//1088 
f 1156//1156 1221//1221 1121//1121 
f 1121//1121 1109//1109 1089//1089 
f 1176//1176 1174//1174 1128//1128 
f 1099//1099 1246//1246 1080//1080 
f 1239//1239 1197//1197 1198//1198 
f 1197//1197 1107//1107 1198//1198 
f 1195//1195 1103//1103 1237//1237 
f 1237//1237 1216//1216 1195//1195 
f 1195//1195 1216//1216 1230//1230 
f 1195//1195 1230//1230 1107//1107 
f 1107//1107 1197//1197 1195//1195 
f 1195//1195 1197//1197 1239//1239 
f 1239//1239 1175//1175 1195//1195 
f 1195//1195 1175//1175 1252//1252 
f 1195//1195 1252//1252 1113//1113 
f 1195//1195 1113//1113 1231//1231 
f 1195//1195 1231//1231 1131//1131 
f 1131//1131 1132//1132 1195//1195 
f 1195//1195 1132//1132 1109//1109 
f 1109//1109 1232//1232 1195//1195 
f 1195//1195 1232//1232 1138//1138 
f 1195//1195 1138//1138 1110//1110 
f 1110//1110 1133//1133 1195//1195 
f 1195//1195 1133//1133 1182//1182 
f 1182//1182 1181//1181 1195//1195 
f 1195//1195 1181//1181 1225//1225 
f 1195//1195 1225//1225 1137//1137 
f 1195//1195 1137//1137 1255//1255 
f 1255//1255 1226//1226 1195//1195 
f 1195//1195 1226//1226 1233//1233 
f 1233//1233 1114//1114 1195//1195 
f 1195//1195 1114//1114 1234//1234 
f 1195//1195 1234//1234 1141//1141 
f 1141//1141 1115//1115 1195//1195 
f 1195//1195 1115//1115 1111//1111 
f 1111//1111 1098//1098 1195//1195 
f 1093//1093 1118//1118 1115//1115 
f 1115//1115 1247//1247 1093//1093 
f 1243//1243 1247//1247 1116//1116 
f 1243//1243 1116//1116 1193//1193 
f 1193//1193 1116//1116 1235//1235 
f 1193//1193 1235//1235 1227//1227 
f 1227//1227 1235//1235 1248//1248 
f 1255//1255 1135//1135 1125//1125 
f 1135//1135 1137//1137 1124//1124 
f 1171//1171 1124//1124 1137//1137 
f 1137//1137 1225//1225 1171//1171 
f 1171//1171 1225//1225 1254//1254 
f 1096//1096 1228//1228 1182//1182 
f 1094//1094 1096//1096 1182//1182 
f 1221//1221 1102//1102 1138//1138 
f 1232//1232 1109//1109 1121//1121 
f 1122//1122 1174//1174 1132//1132 
f 1122//1122 1131//1131 1128//1128 
f 1122//1122 1128//1128 1174//1174 
f 1224//1224 1229//1229 1105//1105 
f 1099//1099 1105//1105 1246//1246 
f 1123//1123 1175//1175 1177//1177 
f 1175//1175 1239//1239 1177//1177 
f 1252//1252 1175//1175 1246//1246 
f 1122//1122 1132//1132 1131//1131 
f 1138//1138 1232//1232 1221//1221 
f 1221//1221 1232//1232 1121//1121 
f 1105//1105 1229//1229 1231//1231 
f 1231//1231 1113//1113 1105//1105 
f 1113//1113 1252//1252 1246//1246 
f 1246//1246 1175//1175 1123//1123 
f 1113//1113 1246//1246 1105//1105 
f 1128//1128 1231//1231 1229//1229 
f 1131//1131 1231//1231 1128//1128 
f 1174//1174 1109//1109 1132//1132 
f 1133//1133 1094//1094 1182//1182 
f 1182//1182 1228//1228 1181//1181 
f 1228//1228 1225//1225 1181//1181 
f 1255//1255 1137//1137 1135//1135 
f 1141//1141 1234//1234 1116//1116 
f 1116//1116 1247//1247 1141//1141 
f 1235//1235 1116//1116 1234//1234 
f 1234//1234 1114//1114 1235//1235 
f 1235//1235 1114//1114 1248//1248 
f 1120//1120 1248//1248 1233//1233 
f 1233//1233 1226//1226 1120//1120 
f 1120//1120 1226//1226 1142//1142 
f 1142//1142 1226//1226 1125//1125 
f 1233//1233 1248//1248 1114//1114 
f 1228//1228 1256//1256 1225//1225 
f 1254//1254 1225//1225 1256//1256 
f 1255//1255 1125//1125 1226//1226 
f 1199//1199 1248//1248 1120//1120 
f 1115//1115 1118//1118 1111//1111 
f 1115//1115 1141//1141 1247//1247 
f 1098//1098 1103//1103 1195//1195 
f 1224//1224 1105//1105 1099//1099 
f 1176//1176 1229//1229 1224//1224 
f 1176//1176 1128//1128 1229//1229 
f 1100//1100 1174//1174 1176//1176 
f 1174//1174 1089//1089 1109//1109 
f 1183//1183 1102//1102 1221//1221 
f 1085//1085 1102//1102 1183//1183 
f 1110//1110 1138//1138 1102//1102 
f 1096//1096 1101//1101 1228//1228 
f 1256//1256 1228//1228 1101//1101 
f 1227//1227 1248//1248 1199//1199 
f 1083//1083 1193//1193 1227//1227 
f 1217//1217 1247//1247 1243//1243 
f 1084//1084 1118//1118 1093//1093 
f 1191//1191 1118//1118 1084//1084 
f 1167//1167 1111//1111 1118//1118 
f 1103//1103 1216//1216 1237//1237 
f 1169//1169 1216//1216 1103//1103 
f 1170//1170 1177//1177 1198//1198 
f 1080//1080 1246//1246 1123//1123 
f 1065//1065 1079//1079 1099//1099 
f 1224//1224 1150//1150 1176//1176 
f 1090//1090 1174//1174 1100//1100 
f 1153//1153 1174//1174 1090//1090 
f 1153//1153 1089//1089 1174//1174 
f 1088//1088 1221//1221 1156//1156 
f 1253//1253 1101//1101 1173//1173 
f 1075//1075 1256//1256 1253//1253 
f 1075//1075 1254//1254 1256//1256 
f 1209//1209 1124//1124 1171//1171 
f 1162//1162 1125//1125 1074//1074 
f 1199//1199 1064//1064 1227//1227 
f 1083//1083 1227//1227 1064//1064 
f 1217//1217 1147//1147 1084//1084 
f 1190//1190 1189//1189 1218//1218 
f 1192//1192 1220//1220 1091//1091 
f 1081//1081 1169//1169 1103//1103 
f 1160//1160 1177//1177 1170//1170 
f 1165//1165 1026//1026 1080//1080 
f 1080//1080 1065//1065 1099//1099 
f 1164//1164 1150//1150 1079//1079 
f 1153//1153 1090//1090 1070//1070 
f 1070//1070 1156//1156 1153//1153 
f 1088//1088 1082//1082 1183//1183 
f 1213//1213 1244//1244 1253//1253 
f 1244//1244 1075//1075 1253//1253 
f 1244//1244 1201//1201 1075//1075 
f 1083//1083 1188//1188 1193//1193 
f 1066//1066 1190//1190 1147//1147 
f 1218//1218 1189//1189 1161//1161 
f 1154//1154 1169//1169 1206//1206 
f 1154//1154 1071//1071 1169//1169 
f 1187//1187 1053//1053 1170//1170 
f 1065//1065 1164//1164 1079//1079 
f 1070//1070 1042//1042 1156//1156 
f 1042//1042 1076//1076 1156//1156 
f 1076//1076 1127//1127 1082//1082 
f 1078//1078 1201//1201 1173//1173 
f 1241//1241 1075//1075 1201//1201 
f 1196//1196 1095//1095 1242//1242 
f 1025//1025 1032//1032 1162//1162 
f 1066//1066 1147//1147 1260//1260 
f 1058//1058 1189//1189 1190//1190 
f 1154//1154 1206//1206 1151//1151 
f 1018//1018 1187//1187 1257//1257 
f 1067//1067 1026//1026 1165//1165 
f 1145//1145 1212//1212 1210//1210 
f 1119//1119 1047//1047 1045//1045 
f 1207//1207 1045//1045 1200//1200 
f 1207//1207 1200//1200 1043//1043 
f 1259//1259 1149//1149 1044//1044 
f 1205//1205 1186//1186 1259//1259 
f 1070//1070 1215//1215 1145//1145 
f 1145//1145 1236//1236 1041//1041 
f 1041//1041 1127//1127 1076//1076 
f 1258//1258 1201//1201 1204//1204 
f 1041//1041 1202//1202 1258//1258 
f 1040//1040 1126//1126 1117//1117 
f 1039//1039 1112//1112 1129//1129 
f 1069//1069 1129//1129 1036//1036 
f 1158//1158 1036//1036 1035//1035 
f 1203//1203 1035//1035 1144//1144 
f 1203//1203 1144//1144 1033//1033 
f 1140//1140 1203//1203 1033//1033 
f 1038//1038 1033//1033 1136//1136 
f 1033//1033 1144//1144 1034//1034 
f 1019//1019 1130//1130 1034//1034 
f 1033//1033 1034//1034 1136//1136 
f 1136//1136 1034//1034 1130//1130 
f 1027//1027 1130//1130 1019//1019 
f 1179//1179 1249//1249 1030//1030 
f 1038//1038 1028//1028 1179//1179 
f 1030//1030 1143//1143 1223//1223 
f 1030//1030 1238//1238 1143//1143 
f 1030//1030 1249//1249 1238//1238 
f 1066//1066 1092//1092 1188//1188 
f 1240//1240 1023//1023 1097//1097 
f 1087//1087 1063//1063 1097//1097 
f 1184//1184 1087//1087 1022//1022 
f 1155//1155 1022//1022 1021//1021 
f 1060//1060 1021//1021 1159//1159 
f 1059//1059 1159//1159 1086//1086 
f 1061//1061 1086//1086 1077//1077 
f 1152//1152 1077//1077 1211//1211 
f 1166//1166 1211//1211 1055//1055 
f 1054//1054 1062//1062 1072//1072 
f 1178//1178 1180//1180 1146//1146 
f 1058//1058 1052//1052 1189//1189 
f 1010//1010 1018//1018 1058//1058 
f 1012//1012 1050//1050 1014//1014 
f 1046//1046 1163//1163 1048//1048 
f 1051//1051 1194//1194 1014//1014 
f 1020//1020 1072//1072 1016//1016 
f 1185//1185 1026//1026 1067//1067 
f 1172//1172 1012//1012 1062//1062 
f 1009//1009 1016//1016 1015//1015 
f 1481//1481 1266//1266 1262//1262 
f 1262//1262 1301//1301 1481//1481 
f 1301//1301 1268//1268 1481//1481 
f 1268//1268 1295//1295 1481//1481 
f 1261//1261 1266//1266 1481//1481 
f 1261//1261 1287//1287 1424//1424 
f 1261//1261 1424//1424 1269//1269 
f 1266//1266 1261//1261 1269//1269 
f 1269//1269 1424//1424 1266//1266 
f 1439//1439 1287//1287 1480//1480 
f 1472//1472 1480//1480 1287//1287 
f 1472//1472 1287//1287 1261//1261 
f 1402//1402 1470//1470 1480//1480 
f 1402//1402 1480//1480 1322//1322 
f 1402//1402 1322//1322 1364//1364 
f 1402//1402 1364//1364 1263//1263 
f 1402//1402 1263//1263 1294//1294 
f 1264//1264 1402//1402 1294//1294 
f 1294//1294 1290//1290 1264//1264 
f 1264//1264 1290//1290 1357//1357 
f 1357//1357 1501//1501 1264//1264 
f 1292//1292 1501//1501 1357//1357 
f 1292//1292 1349//1349 1501//1501 
f 1501//1501 1349//1349 1451//1451 
f 1393//1393 1501//1501 1451//1451 
f 1393//1393 1446//1446 1501//1501 
f 1445//1445 1501//1501 1446//1446 
f 1344//1344 1445//1445 1446//1446 
f 1344//1344 1446//1446 1508//1508 
f 1276//1276 1508//1508 1456//1456 
f 1276//1276 1280//1280 1423//1423 
f 1423//1423 1344//1344 1276//1276 
f 1501//1501 1445//1445 1402//1402 
f 1445//1445 1377//1377 1402//1402 
f 1377//1377 1482//1482 1402//1402 
f 1482//1482 1310//1310 1402//1402 
f 1310//1310 1307//1307 1402//1402 
f 1402//1402 1307//1307 1289//1289 
f 1403//1403 1402//1402 1289//1289 
f 1403//1403 1267//1267 1402//1402 
f 1448//1448 1324//1324 1423//1423 
f 1324//1324 1325//1325 1423//1423 
f 1304//1304 1476//1476 1423//1423 
f 1267//1267 1297//1297 1402//1402 
f 1402//1402 1297//1297 1470//1470 
f 1423//1423 1458//1458 1365//1365 
f 1296//1296 1267//1267 1365//1365 
f 1296//1296 1297//1297 1267//1267 
f 1458//1458 1297//1297 1296//1296 
f 1458//1458 1296//1296 1365//1365 
f 1266//1266 1439//1439 1262//1262 
f 1262//1262 1439//1439 1298//1298 
f 1439//1439 1265//1265 1298//1298 
f 1262//1262 1298//1298 1291//1291 
f 1301//1301 1291//1291 1265//1265 
f 1262//1262 1291//1291 1301//1301 
f 1298//1298 1265//1265 1291//1291 
f 1439//1439 1470//1470 1265//1265 
f 1301//1301 1265//1265 1505//1505 
f 1301//1301 1505//1505 1268//1268 
f 1268//1268 1505//1505 1271//1271 
f 1271//1271 1505//1505 1265//1265 
f 1265//1265 1392//1392 1271//1271 
f 1270//1270 1392//1392 1295//1295 
f 1270//1270 1295//1295 1268//1268 
f 1271//1271 1392//1392 1283//1283 
f 1268//1268 1271//1271 1283//1283 
f 1268//1268 1283//1283 1270//1270 
f 1270//1270 1283//1283 1392//1392 
f 1295//1295 1423//1423 1481//1481 
f 1423//1423 1476//1476 1481//1481 
f 1481//1481 1278//1278 1330//1330 
f 1481//1481 1320//1320 1472//1472 
f 1320//1320 1479//1479 1472//1472 
f 1479//1479 1480//1480 1472//1472 
f 1479//1479 1322//1322 1480//1480 
f 1320//1320 1322//1322 1479//1479 
f 1364//1364 1322//1322 1323//1323 
f 1340//1340 1364//1364 1323//1323 
f 1340//1340 1323//1323 1478//1478 
f 1340//1340 1478//1478 1320//1320 
f 1364//1364 1387//1387 1263//1263 
f 1450//1450 1340//1340 1481//1481 
f 1263//1263 1387//1387 1382//1382 
f 1263//1263 1382//1382 1315//1315 
f 1272//1272 1315//1315 1388//1388 
f 1272//1272 1388//1388 1273//1273 
f 1263//1263 1315//1315 1375//1375 
f 1442//1442 1375//1375 1315//1315 
f 1442//1442 1315//1315 1272//1272 
f 1442//1442 1272//1272 1273//1273 
f 1263//1263 1375//1375 1373//1373 
f 1263//1263 1373//1373 1374//1374 
f 1326//1326 1263//1263 1374//1374 
f 1498//1498 1263//1263 1275//1275 
f 1284//1284 1332//1332 1394//1394 
f 1498//1498 1428//1428 1263//1263 
f 1263//1263 1428//1428 1390//1390 
f 1390//1390 1428//1428 1391//1391 
f 1390//1390 1391//1391 1294//1294 
f 1428//1428 1274//1274 1391//1391 
f 1391//1391 1274//1274 1290//1290 
f 1274//1274 1292//1292 1290//1290 
f 1381//1381 1292//1292 1274//1274 
f 1433//1433 1381//1381 1417//1417 
f 1433//1433 1417//1417 1395//1395 
f 1381//1381 1434//1434 1292//1292 
f 1429//1429 1353//1353 1444//1444 
f 1327//1327 1429//1429 1444//1444 
f 1444//1444 1434//1434 1327//1327 
f 1434//1434 1321//1321 1292//1292 
f 1292//1292 1321//1321 1318//1318 
f 1292//1292 1318//1318 1454//1454 
f 1292//1292 1454//1454 1431//1431 
f 1328//1328 1346//1346 1306//1306 
f 1328//1328 1306//1306 1345//1345 
f 1328//1328 1345//1345 1429//1429 
f 1429//1429 1281//1281 1328//1328 
f 1281//1281 1279//1279 1328//1328 
f 1328//1328 1279//1279 1406//1406 
f 1406//1406 1336//1336 1328//1328 
f 1336//1336 1346//1346 1328//1328 
f 1431//1431 1413//1413 1292//1292 
f 1346//1346 1413//1413 1431//1431 
f 1336//1336 1413//1413 1346//1346 
f 1413//1413 1468//1468 1292//1292 
f 1292//1292 1468//1468 1463//1463 
f 1292//1292 1463//1463 1389//1389 
f 1292//1292 1389//1389 1349//1349 
f 1351//1351 1349//1349 1430//1430 
f 1406//1406 1351//1351 1430//1430 
f 1430//1430 1405//1405 1406//1406 
f 1430//1430 1389//1389 1405//1405 
f 1430//1430 1349//1349 1389//1389 
f 1363//1363 1337//1337 1406//1406 
f 1406//1406 1337//1337 1351//1351 
f 1337//1337 1404//1404 1356//1356 
f 1451//1451 1349//1349 1404//1404 
f 1404//1404 1495//1495 1451//1451 
f 1456//1456 1354//1354 1276//1276 
f 1456//1456 1393//1393 1451//1451 
f 1456//1456 1451//1451 1354//1354 
f 1476//1476 1304//1304 1421//1421 
f 1484//1484 1421//1421 1277//1277 
f 1484//1484 1476//1476 1421//1421 
f 1423//1423 1473//1473 1458//1458 
f 1470//1470 1475//1475 1265//1265 
f 1475//1475 1392//1392 1265//1265 
f 1475//1475 1477//1477 1392//1392 
f 1477//1477 1474//1474 1392//1392 
f 1295//1295 1379//1379 1422//1422 
f 1422//1422 1379//1379 1347//1347 
f 1347//1347 1477//1477 1422//1422 
f 1379//1379 1474//1474 1347//1347 
f 1347//1347 1474//1474 1477//1477 
f 1295//1295 1392//1392 1348//1348 
f 1295//1295 1348//1348 1471//1471 
f 1295//1295 1471//1471 1379//1379 
f 1471//1471 1474//1474 1379//1379 
f 1471//1471 1348//1348 1474//1474 
f 1474//1474 1348//1348 1392//1392 
f 1422//1422 1477//1477 1462//1462 
f 1422//1422 1462//1462 1467//1467 
f 1467//1467 1473//1473 1423//1423 
f 1467//1467 1475//1475 1473//1473 
f 1467//1467 1462//1462 1475//1475 
f 1477//1477 1475//1475 1462//1462 
f 1467//1467 1423//1423 1422//1422 
f 1473//1473 1475//1475 1458//1458 
f 1458//1458 1475//1475 1470//1470 
f 1481//1481 1330//1330 1493//1493 
f 1481//1481 1493//1493 1273//1273 
f 1273//1273 1450//1450 1481//1481 
f 1459//1459 1460//1460 1387//1387 
f 1388//1388 1457//1457 1273//1273 
f 1388//1388 1437//1437 1457//1457 
f 1388//1388 1460//1460 1437//1437 
f 1388//1388 1382//1382 1460//1460 
f 1437//1437 1460//1460 1457//1457 
f 1457//1457 1465//1465 1273//1273 
f 1457//1457 1460//1460 1459//1459 
f 1457//1457 1459//1459 1465//1465 
f 1465//1465 1450//1450 1273//1273 
f 1459//1459 1387//1387 1411//1411 
f 1465//1465 1459//1459 1411//1411 
f 1465//1465 1411//1411 1450//1450 
f 1450//1450 1411//1411 1387//1387 
f 1273//1273 1493//1493 1485//1485 
f 1273//1273 1378//1378 1440//1440 
f 1440//1440 1373//1373 1372//1372 
f 1372//1372 1373//1373 1375//1375 
f 1273//1273 1372//1372 1442//1442 
f 1372//1372 1375//1375 1442//1442 
f 1372//1372 1273//1273 1440//1440 
f 1378//1378 1374//1374 1440//1440 
f 1440//1440 1374//1374 1373//1373 
f 1412//1412 1326//1326 1378//1378 
f 1412//1412 1378//1378 1273//1273 
f 1378//1378 1326//1326 1374//1374 
f 1273//1273 1485//1485 1394//1394 
f 1394//1394 1485//1485 1488//1488 
f 1428//1428 1498//1498 1342//1342 
f 1342//1342 1452//1452 1428//1428 
f 1410//1410 1428//1428 1452//1452 
f 1452//1452 1385//1385 1410//1410 
f 1415//1415 1394//1394 1510//1510 
f 1510//1510 1367//1367 1407//1407 
f 1407//1407 1367//1367 1385//1385 
f 1407//1407 1385//1385 1415//1415 
f 1385//1385 1367//1367 1410//1410 
f 1510//1510 1410//1410 1367//1367 
f 1407//1407 1415//1415 1510//1510 
f 1510//1510 1394//1394 1339//1339 
f 1466//1466 1418//1418 1428//1428 
f 1286//1286 1339//1339 1394//1394 
f 1286//1286 1418//1418 1466//1466 
f 1286//1286 1466//1466 1339//1339 
f 1274//1274 1418//1418 1483//1483 
f 1282//1282 1274//1274 1483//1483 
f 1398//1398 1338//1338 1285//1285 
f 1285//1285 1483//1483 1398//1398 
f 1282//1282 1419//1419 1274//1274 
f 1274//1274 1419//1419 1464//1464 
f 1464//1464 1417//1417 1274//1274 
f 1429//1429 1433//1433 1395//1395 
f 1420//1420 1281//1281 1429//1429 
f 1499//1499 1300//1300 1406//1406 
f 1300//1300 1506//1506 1406//1406 
f 1369//1369 1406//1406 1506//1506 
f 1369//1369 1363//1363 1406//1406 
f 1495//1495 1497//1497 1441//1441 
f 1494//1494 1495//1495 1363//1363 
f 1494//1494 1371//1371 1495//1495 
f 1371//1371 1497//1497 1495//1495 
f 1369//1369 1497//1497 1494//1494 
f 1494//1494 1497//1497 1371//1371 
f 1363//1363 1369//1369 1494//1494 
f 1506//1506 1441//1441 1369//1369 
f 1369//1369 1441//1441 1497//1497 
f 1495//1495 1441//1441 1489//1489 
f 1396//1396 1495//1495 1489//1489 
f 1499//1499 1461//1461 1300//1300 
f 1461//1461 1376//1376 1489//1489 
f 1489//1489 1376//1376 1396//1396 
f 1499//1499 1396//1396 1376//1376 
f 1499//1499 1376//1376 1461//1461 
f 1461//1461 1489//1489 1300//1300 
f 1396//1396 1384//1384 1495//1495 
f 1399//1399 1396//1396 1499//1499 
f 1399//1399 1486//1486 1396//1396 
f 1384//1384 1396//1396 1486//1486 
f 1293//1293 1384//1384 1399//1399 
f 1399//1399 1384//1384 1486//1486 
f 1293//1293 1399//1399 1499//1499 
f 1293//1293 1499//1499 1406//1406 
f 1495//1495 1384//1384 1397//1397 
f 1495//1495 1397//1397 1350//1350 
f 1487//1487 1341//1341 1276//1276 
f 1277//1277 1421//1421 1401//1401 
f 1277//1277 1401//1401 1491//1491 
f 1491//1491 1496//1496 1277//1277 
f 1277//1277 1496//1496 1484//1484 
f 1484//1484 1493//1493 1330//1330 
f 1484//1484 1485//1485 1493//1493 
f 1420//1420 1488//1488 1496//1496 
f 1491//1491 1420//1420 1496//1496 
f 1281//1281 1420//1420 1491//1491 
f 1284//1284 1394//1394 1361//1361 
f 1284//1284 1342//1342 1498//1498 
f 1361//1361 1342//1342 1284//1284 
f 1303//1303 1452//1452 1361//1361 
f 1361//1361 1452//1452 1342//1342 
f 1394//1394 1303//1303 1361//1361 
f 1279//1279 1401//1401 1492//1492 
f 1491//1491 1401//1401 1279//1279 
f 1491//1491 1279//1279 1281//1281 
f 1366//1366 1286//1286 1394//1394 
f 1418//1418 1331//1331 1483//1483 
f 1398//1398 1331//1331 1366//1366 
f 1398//1398 1483//1483 1331//1331 
f 1394//1394 1398//1398 1366//1366 
f 1394//1394 1338//1338 1398//1398 
f 1338//1338 1282//1282 1432//1432 
f 1282//1282 1483//1483 1432//1432 
f 1338//1338 1432//1432 1285//1285 
f 1504//1504 1338//1338 1394//1394 
f 1504//1504 1419//1419 1282//1282 
f 1504//1504 1282//1282 1338//1338 
f 1366//1366 1288//1288 1286//1286 
f 1288//1288 1400//1400 1418//1418 
f 1418//1418 1400//1400 1331//1331 
f 1366//1366 1331//1331 1400//1400 
f 1366//1366 1400//1400 1288//1288 
f 1288//1288 1418//1418 1286//1286 
f 1488//1488 1420//1420 1394//1394 
f 1394//1394 1420//1420 1429//1429 
f 1484//1484 1496//1496 1485//1485 
f 1488//1488 1485//1485 1496//1496 
f 1280//1280 1401//1401 1421//1421 
f 1304//1304 1280//1280 1421//1421 
f 1406//1406 1492//1492 1276//1276 
f 1276//1276 1305//1305 1406//1406 
f 1406//1406 1305//1305 1293//1293 
f 1305//1305 1397//1397 1502//1502 
f 1293//1293 1502//1502 1384//1384 
f 1397//1397 1384//1384 1502//1502 
f 1305//1305 1502//1502 1293//1293 
f 1335//1335 1386//1386 1397//1397 
f 1397//1397 1386//1386 1358//1358 
f 1335//1335 1358//1358 1386//1386 
f 1335//1335 1397//1397 1305//1305 
f 1276//1276 1335//1335 1305//1305 
f 1397//1397 1358//1358 1333//1333 
f 1487//1487 1350//1350 1333//1333 
f 1487//1487 1333//1333 1341//1341 
f 1341//1341 1335//1335 1276//1276 
f 1299//1299 1358//1358 1335//1335 
f 1335//1335 1341//1341 1299//1299 
f 1358//1358 1302//1302 1333//1333 
f 1341//1341 1333//1333 1302//1302 
f 1341//1341 1302//1302 1299//1299 
f 1299//1299 1302//1302 1358//1358 
f 1350//1350 1397//1397 1333//1333 
f 1401//1401 1280//1280 1492//1492 
f 1276//1276 1492//1492 1280//1280 
f 1350//1350 1451//1451 1495//1495 
f 1506//1506 1489//1489 1441//1441 
f 1300//1300 1489//1489 1506//1506 
f 1429//1429 1395//1395 1443//1443 
f 1429//1429 1443//1443 1380//1380 
f 1429//1429 1380//1380 1504//1504 
f 1380//1380 1503//1503 1504//1504 
f 1503//1503 1464//1464 1504//1504 
f 1503//1503 1507//1507 1464//1464 
f 1509//1509 1464//1464 1507//1507 
f 1380//1380 1509//1509 1507//1507 
f 1380//1380 1507//1507 1503//1503 
f 1509//1509 1512//1512 1417//1417 
f 1395//1395 1417//1417 1511//1511 
f 1395//1395 1512//1512 1443//1443 
f 1395//1395 1511//1511 1512//1512 
f 1512//1512 1511//1511 1417//1417 
f 1370//1370 1512//1512 1509//1509 
f 1380//1380 1370//1370 1509//1509 
f 1443//1443 1370//1370 1380//1380 
f 1443//1443 1512//1512 1370//1370 
f 1464//1464 1509//1509 1417//1417 
f 1429//1429 1504//1504 1394//1394 
f 1504//1504 1464//1464 1419//1419 
f 1285//1285 1432//1432 1483//1483 
f 1410//1410 1416//1416 1466//1466 
f 1339//1339 1466//1466 1416//1416 
f 1339//1339 1416//1416 1510//1510 
f 1510//1510 1416//1416 1410//1410 
f 1466//1466 1428//1428 1410//1410 
f 1415//1415 1303//1303 1394//1394 
f 1415//1415 1452//1452 1303//1303 
f 1415//1415 1449//1449 1452//1452 
f 1449//1449 1385//1385 1452//1452 
f 1415//1415 1385//1385 1449//1449 
f 1330//1330 1278//1278 1484//1484 
f 1278//1278 1476//1476 1484//1484 
f 1359//1359 1423//1423 1311//1311 
f 1423//1423 1359//1359 1490//1490 
f 1423//1423 1490//1490 1360//1360 
f 1360//1360 1362//1362 1423//1423 
f 1423//1423 1362//1362 1313//1313 
f 1362//1362 1482//1482 1377//1377 
f 1360//1360 1482//1482 1362//1362 
f 1362//1362 1377//1377 1313//1313 
f 1482//1482 1309//1309 1310//1310 
f 1490//1490 1310//1310 1309//1309 
f 1490//1490 1309//1309 1360//1360 
f 1360//1360 1309//1309 1482//1482 
f 1310//1310 1334//1334 1307//1307 
f 1359//1359 1307//1307 1334//1334 
f 1359//1359 1334//1334 1310//1310 
f 1359//1359 1310//1310 1490//1490 
f 1307//1307 1312//1312 1289//1289 
f 1423//1423 1325//1325 1311//1311 
f 1325//1325 1289//1289 1308//1308 
f 1325//1325 1308//1308 1311//1311 
f 1311//1311 1308//1308 1312//1312 
f 1312//1312 1308//1308 1289//1289 
f 1311//1311 1312//1312 1368//1368 
f 1368//1368 1355//1355 1307//1307 
f 1355//1355 1312//1312 1307//1307 
f 1368//1368 1312//1312 1355//1355 
f 1368//1368 1307//1307 1359//1359 
f 1311//1311 1368//1368 1359//1359 
f 1280//1280 1304//1304 1423//1423 
f 1354//1354 1451//1451 1500//1500 
f 1500//1500 1487//1487 1354//1354 
f 1500//1500 1451//1451 1350//1350 
f 1500//1500 1350//1350 1487//1487 
f 1354//1354 1487//1487 1276//1276 
f 1337//1337 1356//1356 1351//1351 
f 1351//1351 1356//1356 1349//1349 
f 1349//1349 1356//1356 1404//1404 
f 1363//1363 1404//1404 1337//1337 
f 1363//1363 1495//1495 1404//1404 
f 1406//1406 1279//1279 1492//1492 
f 1409//1409 1463//1463 1438//1438 
f 1409//1409 1438//1438 1406//1406 
f 1406//1406 1438//1438 1336//1336 
f 1438//1438 1468//1468 1336//1336 
f 1336//1336 1468//1468 1413//1413 
f 1438//1438 1463//1463 1468//1468 
f 1405//1405 1389//1389 1409//1409 
f 1409//1409 1389//1389 1463//1463 
f 1405//1405 1409//1409 1406//1406 
f 1345//1345 1408//1408 1429//1429 
f 1408//1408 1353//1353 1429//1429 
f 1353//1353 1314//1314 1318//1318 
f 1469//1469 1318//1318 1314//1314 
f 1408//1408 1469//1469 1314//1314 
f 1408//1408 1314//1314 1353//1353 
f 1318//1318 1469//1469 1454//1454 
f 1345//1345 1454//1454 1425//1425 
f 1316//1316 1469//1469 1408//1408 
f 1408//1408 1345//1345 1316//1316 
f 1345//1345 1425//1425 1316//1316 
f 1316//1316 1425//1425 1469//1469 
f 1469//1469 1425//1425 1454//1454 
f 1431//1431 1352//1352 1447//1447 
f 1346//1346 1431//1431 1447//1447 
f 1306//1306 1447//1447 1352//1352 
f 1346//1346 1447//1447 1306//1306 
f 1431//1431 1454//1454 1352//1352 
f 1345//1345 1436//1436 1454//1454 
f 1306//1306 1436//1436 1345//1345 
f 1454//1454 1436//1436 1352//1352 
f 1306//1306 1352//1352 1436//1436 
f 1353//1353 1318//1318 1414//1414 
f 1414//1414 1321//1321 1444//1444 
f 1414//1414 1318//1318 1321//1321 
f 1353//1353 1414//1414 1444//1444 
f 1444//1444 1321//1321 1434//1434 
f 1327//1327 1381//1381 1433//1433 
f 1327//1327 1434//1434 1381//1381 
f 1429//1429 1327//1327 1433//1433 
f 1417//1417 1381//1381 1274//1274 
f 1428//1428 1418//1418 1274//1274 
f 1332//1332 1317//1317 1394//1394 
f 1394//1394 1317//1317 1412//1412 
f 1332//1332 1319//1319 1343//1343 
f 1332//1332 1343//1343 1317//1317 
f 1317//1317 1343//1343 1275//1275 
f 1343//1343 1319//1319 1275//1275 
f 1319//1319 1435//1435 1498//1498 
f 1284//1284 1498//1498 1435//1435 
f 1332//1332 1435//1435 1319//1319 
f 1284//1284 1435//1435 1332//1332 
f 1275//1275 1319//1319 1498//1498 
f 1426//1426 1275//1275 1326//1326 
f 1317//1317 1426//1426 1412//1412 
f 1412//1412 1426//1426 1326//1326 
f 1317//1317 1275//1275 1426//1426 
f 1326//1326 1275//1275 1263//1263 
f 1394//1394 1412//1412 1273//1273 
f 1388//1388 1315//1315 1382//1382 
f 1382//1382 1387//1387 1460//1460 
f 1450//1450 1364//1364 1340//1340 
f 1450//1450 1387//1387 1364//1364 
f 1481//1481 1340//1340 1320//1320 
f 1478//1478 1323//1323 1322//1322 
f 1478//1478 1322//1322 1320//1320 
f 1295//1295 1422//1422 1423//1423 
f 1458//1458 1470//1470 1297//1297 
f 1325//1325 1403//1403 1289//1289 
f 1324//1324 1403//1403 1325//1325 
f 1427//1427 1403//1403 1383//1383 
f 1448//1448 1427//1427 1383//1383 
f 1448//1448 1383//1383 1324//1324 
f 1324//1324 1383//1383 1403//1403 
f 1403//1403 1427//1427 1267//1267 
f 1365//1365 1267//1267 1427//1427 
f 1365//1365 1427//1427 1448//1448 
f 1365//1365 1448//1448 1423//1423 
f 1445//1445 1453//1453 1377//1377 
f 1313//1313 1453//1453 1344//1344 
f 1344//1344 1453//1453 1445//1445 
f 1313//1313 1377//1377 1453//1453 
f 1423//1423 1313//1313 1344//1344 
f 1446//1446 1393//1393 1455//1455 
f 1508//1508 1446//1446 1455//1455 
f 1329//1329 1455//1455 1393//1393 
f 1508//1508 1455//1455 1329//1329 
f 1456//1456 1508//1508 1329//1329 
f 1329//1329 1393//1393 1456//1456 
f 1276//1276 1344//1344 1508//1508 
f 1290//1290 1292//1292 1357//1357 
f 1294//1294 1391//1391 1290//1290 
f 1501//1501 1402//1402 1264//1264 
f 1294//1294 1263//1263 1390//1390 
f 1470//1470 1439//1439 1480//1480 
f 1472//1472 1261//1261 1481//1481 
f 1481//1481 1476//1476 1278//1278 
f 1439//1439 1424//1424 1287//1287 
f 1266//1266 1424//1424 1439//1439 
f 1530//1530 1556//1556 1519//1519 
f 1556//1556 1514//1514 1519//1519 
f 1517//1517 1521//1521 1514//1514 
f 1517//1517 1632//1632 1521//1521 
f 1519//1519 1521//1521 1632//1632 
f 1519//1519 1632//1632 1513//1513 
f 1530//1530 1519//1519 1513//1513 
f 1567//1567 1518//1518 1522//1522 
f 1522//1522 1518//1518 1692//1692 
f 1558//1558 1556//1556 1530//1530 
f 1558//1558 1514//1514 1556//1556 
f 1514//1514 1575//1575 1517//1517 
f 1515//1515 1517//1517 1599//1599 
f 1515//1515 1599//1599 1577//1577 
f 1515//1515 1577//1577 1520//1520 
f 1520//1520 1721//1721 1515//1515 
f 1515//1515 1721//1721 1630//1630 
f 1515//1515 1630//1630 1629//1629 
f 1515//1515 1629//1629 1533//1533 
f 1515//1515 1533//1533 1516//1516 
f 1516//1516 1624//1624 1515//1515 
f 1515//1515 1624//1624 1517//1517 
f 1517//1517 1551//1551 1632//1632 
f 1550//1550 1530//1530 1513//1513 
f 1513//1513 1551//1551 1550//1550 
f 1550//1550 1551//1551 1565//1565 
f 1565//1565 1551//1551 1740//1740 
f 1565//1565 1740//1740 1566//1566 
f 1565//1565 1566//1566 1653//1653 
f 1565//1565 1653//1653 1530//1530 
f 1567//1567 1530//1530 1653//1653 
f 1567//1567 1653//1653 1634//1634 
f 1634//1634 1553//1553 1567//1567 
f 1567//1567 1553//1553 1552//1552 
f 1563//1563 1665//1665 1561//1561 
f 1522//1522 1563//1563 1561//1561 
f 1522//1522 1561//1561 1523//1523 
f 1523//1523 1562//1562 1522//1522 
f 1522//1522 1562//1562 1530//1530 
f 1562//1562 1558//1558 1530//1530 
f 1517//1517 1575//1575 1599//1599 
f 1562//1562 1674//1674 1558//1558 
f 1674//1674 1575//1575 1558//1558 
f 1674//1674 1524//1524 1575//1575 
f 1524//1524 1663//1663 1599//1599 
f 1599//1599 1663//1663 1574//1574 
f 1599//1599 1574//1574 1590//1590 
f 1599//1599 1590//1590 1577//1577 
f 1577//1577 1590//1590 1525//1525 
f 1525//1525 1578//1578 1577//1577 
f 1577//1577 1578//1578 1690//1690 
f 1577//1577 1690//1690 1520//1520 
f 1520//1520 1690//1690 1526//1526 
f 1520//1520 1526//1526 1721//1721 
f 1721//1721 1526//1526 1527//1527 
f 1721//1721 1527//1527 1689//1689 
f 1721//1721 1689//1689 1697//1697 
f 1697//1697 1630//1630 1721//1721 
f 1609//1609 1630//1630 1697//1697 
f 1601//1601 1609//1609 1697//1697 
f 1601//1601 1697//1697 1586//1586 
f 1610//1610 1601//1601 1586//1586 
f 1528//1528 1695//1695 1604//1604 
f 1610//1610 1683//1683 1601//1601 
f 1683//1683 1725//1725 1601//1601 
f 1601//1601 1725//1725 1609//1609 
f 1609//1609 1725//1725 1630//1630 
f 1630//1630 1725//1725 1622//1622 
f 1528//1528 1726//1726 1635//1635 
f 1726//1726 1535//1535 1635//1635 
f 1635//1635 1535//1535 1569//1569 
f 1635//1635 1536//1536 1610//1610 
f 1536//1536 1531//1531 1610//1610 
f 1610//1610 1531//1531 1529//1529 
f 1534//1534 1630//1630 1622//1622 
f 1531//1531 1534//1534 1622//1622 
f 1534//1534 1629//1629 1630//1630 
f 1531//1531 1623//1623 1534//1534 
f 1688//1688 1623//1623 1531//1531 
f 1536//1536 1688//1688 1531//1531 
f 1629//1629 1532//1532 1538//1538 
f 1635//1635 1537//1537 1570//1570 
f 1635//1635 1570//1570 1707//1707 
f 1707//1707 1572//1572 1536//1536 
f 1572//1572 1636//1636 1536//1536 
f 1629//1629 1538//1538 1640//1640 
f 1640//1640 1542//1542 1629//1629 
f 1629//1629 1542//1542 1644//1644 
f 1629//1629 1644//1644 1540//1540 
f 1629//1629 1540//1540 1533//1533 
f 1533//1533 1540//1540 1539//1539 
f 1533//1533 1539//1539 1543//1543 
f 1543//1543 1546//1546 1533//1533 
f 1615//1615 1545//1545 1547//1547 
f 1547//1547 1543//1543 1615//1615 
f 1615//1615 1543//1543 1544//1544 
f 1544//1544 1543//1543 1539//1539 
f 1615//1615 1544//1544 1545//1545 
f 1616//1616 1656//1656 1654//1654 
f 1616//1616 1654//1654 1541//1541 
f 1616//1616 1541//1541 1621//1621 
f 1533//1533 1546//1546 1516//1516 
f 1548//1548 1516//1516 1546//1546 
f 1760//1760 1548//1548 1546//1546 
f 1760//1760 1546//1546 1547//1547 
f 1545//1545 1760//1760 1547//1547 
f 1731//1731 1760//1760 1545//1545 
f 1641//1641 1731//1731 1545//1545 
f 1641//1641 1545//1545 1616//1616 
f 1616//1616 1708//1708 1641//1641 
f 1641//1641 1708//1708 1648//1648 
f 1641//1641 1648//1648 1660//1660 
f 1641//1641 1660//1660 1634//1634 
f 1634//1634 1731//1731 1641//1641 
f 1731//1731 1661//1661 1651//1651 
f 1651//1651 1760//1760 1731//1731 
f 1760//1760 1643//1643 1548//1548 
f 1548//1548 1643//1643 1516//1516 
f 1643//1643 1624//1624 1516//1516 
f 1626//1626 1624//1624 1643//1643 
f 1661//1661 1626//1626 1643//1643 
f 1626//1626 1549//1549 1624//1624 
f 1624//1624 1549//1549 1554//1554 
f 1624//1624 1554//1554 1557//1557 
f 1624//1624 1557//1557 1517//1517 
f 1557//1557 1740//1740 1517//1517 
f 1566//1566 1740//1740 1557//1557 
f 1566//1566 1557//1557 1555//1555 
f 1653//1653 1566//1566 1555//1555 
f 1634//1634 1739//1739 1553//1553 
f 1709//1709 1655//1655 1692//1692 
f 1559//1559 1655//1655 1709//1709 
f 1563//1563 1559//1559 1647//1647 
f 1647//1647 1665//1665 1563//1563 
f 1710//1710 1560//1560 1561//1561 
f 1562//1562 1679//1679 1646//1646 
f 1562//1562 1646//1646 1674//1674 
f 1674//1674 1663//1663 1524//1524 
f 1646//1646 1663//1663 1674//1674 
f 1679//1679 1574//1574 1646//1646 
f 1564//1564 1590//1590 1679//1679 
f 1562//1562 1564//1564 1679//1679 
f 1685//1685 1564//1564 1562//1562 
f 1523//1523 1685//1685 1562//1562 
f 1568//1568 1685//1685 1523//1523 
f 1523//1523 1664//1664 1568//1568 
f 1568//1568 1664//1664 1694//1694 
f 1649//1649 1685//1685 1650//1650 
f 1650//1650 1690//1690 1649//1649 
f 1649//1649 1564//1564 1685//1685 
f 1649//1649 1578//1578 1564//1564 
f 1703//1703 1526//1526 1650//1650 
f 1685//1685 1703//1703 1650//1650 
f 1737//1737 1703//1703 1685//1685 
f 1737//1737 1689//1689 1703//1703 
f 1703//1703 1689//1689 1527//1527 
f 1737//1737 1685//1685 1586//1586 
f 1586//1586 1689//1689 1737//1737 
f 1568//1568 1713//1713 1528//1528 
f 1696//1696 1726//1726 1604//1604 
f 1569//1569 1662//1662 1537//1537 
f 1761//1761 1570//1570 1691//1691 
f 1761//1761 1691//1691 1580//1580 
f 1580//1580 1706//1706 1761//1761 
f 1761//1761 1706//1706 1656//1656 
f 1707//1707 1761//1761 1656//1656 
f 1707//1707 1656//1656 1616//1616 
f 1616//1616 1572//1572 1707//1707 
f 1712//1712 1572//1572 1764//1764 
f 1764//1764 1644//1644 1712//1712 
f 1712//1712 1644//1644 1542//1542 
f 1712//1712 1542//1542 1571//1571 
f 1712//1712 1571//1571 1572//1572 
f 1711//1711 1572//1572 1571//1571 
f 1571//1571 1640//1640 1711//1711 
f 1764//1764 1572//1572 1545//1545 
f 1545//1545 1544//1544 1764//1764 
f 1544//1544 1540//1540 1764//1764 
f 1654//1654 1621//1621 1541//1541 
f 1634//1634 1660//1660 1718//1718 
f 1657//1657 1658//1658 1653//1653 
f 1657//1657 1653//1653 1555//1555 
f 1555//1555 1554//1554 1657//1657 
f 1657//1657 1554//1554 1658//1658 
f 1661//1661 1653//1653 1658//1658 
f 1658//1658 1626//1626 1661//1661 
f 1634//1634 1714//1714 1739//1739 
f 1553//1553 1739//1739 1606//1606 
f 1606//1606 1585//1585 1553//1553 
f 1552//1552 1553//1553 1585//1585 
f 1552//1552 1585//1585 1652//1652 
f 1559//1559 1591//1591 1647//1647 
f 1647//1647 1591//1591 1659//1659 
f 1579//1579 1763//1763 1576//1576 
f 1576//1576 1560//1560 1579//1579 
f 1576//1576 1763//1763 1664//1664 
f 1523//1523 1576//1576 1664//1664 
f 1713//1713 1694//1694 1584//1584 
f 1584//1584 1704//1704 1713//1713 
f 1704//1704 1695//1695 1713//1713 
f 1604//1604 1693//1693 1717//1717 
f 1696//1696 1604//1604 1717//1717 
f 1696//1696 1756//1756 1726//1726 
f 1757//1757 1726//1726 1756//1756 
f 1746//1746 1757//1757 1756//1756 
f 1746//1746 1662//1662 1569//1569 
f 1569//1569 1535//1535 1746//1746 
f 1537//1537 1662//1662 1715//1715 
f 1715//1715 1747//1747 1691//1691 
f 1715//1715 1691//1691 1570//1570 
f 1570//1570 1537//1537 1715//1715 
f 1666//1666 1706//1706 1597//1597 
f 1708//1708 1621//1621 1671//1671 
f 1671//1671 1748//1748 1708//1708 
f 1708//1708 1748//1748 1648//1648 
f 1573//1573 1660//1660 1748//1748 
f 1672//1672 1718//1718 1660//1660 
f 1668//1668 1699//1699 1709//1709 
f 1709//1709 1699//1699 1678//1678 
f 1709//1709 1678//1678 1745//1745 
f 1583//1583 1659//1659 1670//1670 
f 1581//1581 1618//1618 1582//1582 
f 1582//1582 1583//1583 1581//1581 
f 1560//1560 1582//1582 1579//1579 
f 1579//1579 1582//1582 1593//1593 
f 1579//1579 1593//1593 1720//1720 
f 1720//1720 1592//1592 1724//1724 
f 1720//1720 1719//1719 1694//1694 
f 1608//1608 1607//1607 1584//1584 
f 1584//1584 1607//1607 1704//1704 
f 1587//1587 1693//1693 1695//1695 
f 1756//1756 1755//1755 1746//1746 
f 1746//1746 1755//1755 1594//1594 
f 1746//1746 1594//1594 1662//1662 
f 1662//1662 1594//1594 1619//1619 
f 1662//1662 1619//1619 1715//1715 
f 1715//1715 1619//1619 1620//1620 
f 1715//1715 1620//1620 1747//1747 
f 1747//1747 1605//1605 1580//1580 
f 1580//1580 1605//1605 1758//1758 
f 1597//1597 1596//1596 1667//1667 
f 1667//1667 1596//1596 1744//1744 
f 1654//1654 1666//1666 1667//1667 
f 1654//1654 1667//1667 1621//1621 
f 1671//1671 1621//1621 1667//1667 
f 1748//1748 1676//1676 1573//1573 
f 1573//1573 1676//1676 1698//1698 
f 1573//1573 1698//1698 1672//1672 
f 1672//1672 1722//1722 1718//1718 
f 1718//1718 1722//1722 1714//1714 
f 1600//1600 1714//1714 1722//1722 
f 1600//1600 1723//1723 1739//1739 
f 1739//1739 1714//1714 1600//1600 
f 1739//1739 1723//1723 1595//1595 
f 1606//1606 1739//1739 1595//1595 
f 1716//1716 1611//1611 1588//1588 
f 1591//1591 1745//1745 1741//1741 
f 1591//1591 1741//1741 1659//1659 
f 1670//1670 1659//1659 1741//1741 
f 1589//1589 1728//1728 1592//1592 
f 1592//1592 1728//1728 1724//1724 
f 1582//1582 1618//1618 1593//1593 
f 1719//1719 1724//1724 1743//1743 
f 1719//1719 1743//1743 1608//1608 
f 1608//1608 1743//1743 1705//1705 
f 1607//1607 1730//1730 1704//1704 
f 1587//1587 1704//1704 1730//1730 
f 1717//1717 1738//1738 1756//1756 
f 1756//1756 1738//1738 1755//1755 
f 1702//1702 1759//1759 1755//1755 
f 1755//1755 1759//1759 1594//1594 
f 1669//1669 1758//1758 1603//1603 
f 1602//1602 1669//1669 1603//1603 
f 1602//1602 1627//1627 1596//1596 
f 1596//1596 1669//1669 1602//1602 
f 1706//1706 1758//1758 1669//1669 
f 1706//1706 1669//1669 1597//1597 
f 1597//1597 1669//1669 1596//1596 
f 1667//1667 1744//1744 1671//1671 
f 1748//1748 1625//1625 1676//1676 
f 1673//1673 1698//1698 1676//1676 
f 1600//1600 1598//1598 1614//1614 
f 1600//1600 1614//1614 1723//1723 
f 1595//1595 1687//1687 1606//1606 
f 1606//1606 1687//1687 1686//1686 
f 1652//1652 1734//1734 1716//1716 
f 1742//1742 1750//1750 1611//1611 
f 1699//1699 1680//1680 1678//1678 
f 1680//1680 1745//1745 1678//1678 
f 1741//1741 1745//1745 1680//1680 
f 1675//1675 1581//1581 1670//1670 
f 1670//1670 1741//1741 1675//1675 
f 1675//1675 1741//1741 1680//1680 
f 1675//1675 1680//1680 1750//1750 
f 1750//1750 1742//1742 1675//1675 
f 1675//1675 1742//1742 1628//1628 
f 1628//1628 1631//1631 1675//1675 
f 1631//1631 1677//1677 1675//1675 
f 1675//1675 1677//1677 1751//1751 
f 1675//1675 1751//1751 1633//1633 
f 1675//1675 1633//1633 1736//1736 
f 1736//1736 1754//1754 1675//1675 
f 1675//1675 1754//1754 1684//1684 
f 1675//1675 1684//1684 1627//1627 
f 1627//1627 1602//1602 1675//1675 
f 1675//1675 1602//1602 1700//1700 
f 1675//1675 1700//1700 1603//1603 
f 1603//1603 1642//1642 1675//1675 
f 1675//1675 1642//1642 1639//1639 
f 1639//1639 1612//1612 1675//1675 
f 1675//1675 1612//1612 1735//1735 
f 1675//1675 1735//1735 1617//1617 
f 1675//1675 1617//1617 1759//1759 
f 1675//1675 1759//1759 1702//1702 
f 1702//1702 1729//1729 1675//1675 
f 1675//1675 1729//1729 1681//1681 
f 1675//1675 1681//1681 1727//1727 
f 1675//1675 1727//1727 1682//1682 
f 1675//1675 1682//1682 1752//1752 
f 1675//1675 1752//1752 1613//1613 
f 1613//1613 1728//1728 1675//1675 
f 1728//1728 1589//1589 1675//1675 
f 1675//1675 1589//1589 1618//1618 
f 1724//1724 1728//1728 1743//1743 
f 1728//1728 1613//1613 1743//1743 
f 1743//1743 1613//1613 1705//1705 
f 1645//1645 1705//1705 1752//1752 
f 1607//1607 1705//1705 1645//1645 
f 1607//1607 1645//1645 1730//1730 
f 1730//1730 1645//1645 1587//1587 
f 1587//1587 1645//1645 1701//1701 
f 1637//1637 1755//1755 1738//1738 
f 1759//1759 1619//1619 1594//1594 
f 1735//1735 1620//1620 1619//1619 
f 1605//1605 1620//1620 1639//1639 
f 1627//1627 1684//1684 1732//1732 
f 1684//1684 1733//1733 1625//1625 
f 1625//1625 1732//1732 1684//1684 
f 1627//1627 1732//1732 1744//1744 
f 1625//1625 1733//1733 1676//1676 
f 1736//1736 1633//1633 1749//1749 
f 1633//1633 1751//1751 1598//1598 
f 1751//1751 1677//1677 1614//1614 
f 1687//1687 1614//1614 1677//1677 
f 1687//1687 1753//1753 1686//1686 
f 1595//1595 1614//1614 1687//1687 
f 1734//1734 1628//1628 1611//1611 
f 1734//1734 1753//1753 1628//1628 
f 1631//1631 1753//1753 1687//1687 
f 1687//1687 1677//1677 1631//1631 
f 1673//1673 1733//1733 1754//1754 
f 1754//1754 1736//1736 1673//1673 
f 1628//1628 1753//1753 1631//1631 
f 1699//1699 1750//1750 1680//1680 
f 1734//1734 1686//1686 1753//1753 
f 1749//1749 1698//1698 1736//1736 
f 1673//1673 1736//1736 1698//1698 
f 1625//1625 1744//1744 1732//1732 
f 1684//1684 1754//1754 1733//1733 
f 1605//1605 1639//1639 1642//1642 
f 1735//1735 1619//1619 1617//1617 
f 1681//1681 1729//1729 1637//1637 
f 1752//1752 1682//1682 1645//1645 
f 1682//1682 1727//1727 1645//1645 
f 1645//1645 1727//1727 1701//1701 
f 1727//1727 1638//1638 1701//1701 
f 1738//1738 1638//1638 1681//1681 
f 1681//1681 1637//1637 1738//1738 
f 1637//1637 1729//1729 1755//1755 
f 1727//1727 1681//1681 1638//1638 
f 1759//1759 1617//1617 1619//1619 
f 1612//1612 1639//1639 1620//1620 
f 1603//1603 1758//1758 1642//1642 
f 1602//1602 1603//1603 1700//1700 
f 1605//1605 1642//1642 1758//1758 
f 1735//1735 1612//1612 1620//1620 
f 1702//1702 1755//1755 1729//1729 
f 1738//1738 1701//1701 1638//1638 
f 1717//1717 1701//1701 1738//1738 
f 1752//1752 1705//1705 1613//1613 
f 1618//1618 1581//1581 1675//1675 
f 1628//1628 1742//1742 1611//1611 
f 1652//1652 1686//1686 1734//1734 
f 1606//1606 1686//1686 1652//1652 
f 1723//1723 1614//1614 1595//1595 
f 1722//1722 1598//1598 1600//1600 
f 1598//1598 1751//1751 1614//1614 
f 1722//1722 1749//1749 1598//1598 
f 1598//1598 1749//1749 1633//1633 
f 1673//1673 1676//1676 1733//1733 
f 1671//1671 1744//1744 1625//1625 
f 1596//1596 1627//1627 1744//1744 
f 1747//1747 1620//1620 1605//1605 
f 1587//1587 1701//1701 1717//1717 
f 1608//1608 1705//1705 1607//1607 
f 1720//1720 1724//1724 1719//1719 
f 1592//1592 1593//1593 1618//1618 
f 1592//1592 1618//1618 1589//1589 
f 1583//1583 1670//1670 1581//1581 
f 1699//1699 1611//1611 1750//1750 
f 1668//1668 1611//1611 1699//1699 
f 1716//1716 1734//1734 1611//1611 
f 1606//1606 1652//1652 1585//1585 
f 1672//1672 1749//1749 1722//1722 
f 1672//1672 1698//1698 1749//1749 
f 1671//1671 1625//1625 1748//1748 
f 1580//1580 1758//1758 1706//1706 
f 1696//1696 1717//1717 1756//1756 
f 1717//1717 1693//1693 1587//1587 
f 1695//1695 1704//1704 1587//1587 
f 1584//1584 1719//1719 1608//1608 
f 1694//1694 1719//1719 1584//1584 
f 1694//1694 1664//1664 1720//1720 
f 1664//1664 1763//1763 1720//1720 
f 1720//1720 1593//1593 1592//1592 
f 1560//1560 1583//1583 1582//1582 
f 1559//1559 1745//1745 1591//1591 
f 1588//1588 1611//1611 1668//1668 
f 1762//1762 1716//1716 1588//1588 
f 1552//1552 1652//1652 1716//1716 
f 1660//1660 1648//1648 1748//1748 
f 1667//1667 1666//1666 1597//1597 
f 1580//1580 1691//1691 1747//1747 
f 1535//1535 1757//1757 1746//1746 
f 1720//1720 1763//1763 1579//1579 
f 1710//1710 1583//1583 1560//1560 
f 1647//1647 1583//1583 1710//1710 
f 1647//1647 1659//1659 1583//1583 
f 1709//1709 1745//1745 1559//1559 
f 1668//1668 1762//1762 1588//1588 
f 1762//1762 1552//1552 1716//1716 
f 1634//1634 1718//1718 1714//1714 
f 1573//1573 1672//1672 1660//1660 
f 1654//1654 1656//1656 1666//1666 
f 1666//1666 1656//1656 1706//1706 
f 1535//1535 1726//1726 1757//1757 
f 1695//1695 1693//1693 1604//1604 
f 1568//1568 1694//1694 1713//1713 
f 1528//1528 1685//1685 1568//1568 
f 1523//1523 1561//1561 1576//1576 
f 1576//1576 1561//1561 1560//1560 
f 1561//1561 1665//1665 1710//1710 
f 1563//1563 1655//1655 1559//1559 
f 1710//1710 1665//1665 1647//1647 
f 1692//1692 1668//1668 1709//1709 
f 1692//1692 1762//1762 1668//1668 
f 1518//1518 1552//1552 1762//1762 
f 1555//1555 1557//1557 1554//1554 
f 1658//1658 1554//1554 1549//1549 
f 1658//1658 1549//1549 1626//1626 
f 1653//1653 1661//1661 1731//1731 
f 1651//1651 1643//1643 1760//1760 
f 1661//1661 1643//1643 1651//1651 
f 1634//1634 1653//1653 1731//1731 
f 1616//1616 1621//1621 1708//1708 
f 1616//1616 1545//1545 1572//1572 
f 1547//1547 1546//1546 1543//1543 
f 1544//1544 1539//1539 1540//1540 
f 1764//1764 1540//1540 1644//1644 
f 1571//1571 1542//1542 1640//1640 
f 1711//1711 1640//1640 1538//1538 
f 1711//1711 1538//1538 1636//1636 
f 1572//1572 1711//1711 1636//1636 
f 1707//1707 1570//1570 1761//1761 
f 1707//1707 1536//1536 1635//1635 
f 1536//1536 1636//1636 1688//1688 
f 1636//1636 1538//1538 1532//1532 
f 1629//1629 1623//1623 1532//1532 
f 1636//1636 1532//1532 1688//1688 
f 1688//1688 1532//1532 1623//1623 
f 1534//1534 1623//1623 1629//1629 
f 1531//1531 1622//1622 1529//1529 
f 1635//1635 1569//1569 1537//1537 
f 1528//1528 1604//1604 1726//1726 
f 1635//1635 1610//1610 1528//1528 
f 1529//1529 1683//1683 1610//1610 
f 1529//1529 1725//1725 1683//1683 
f 1529//1529 1622//1622 1725//1725 
f 1528//1528 1713//1713 1695//1695 
f 1528//1528 1610//1610 1685//1685 
f 1610//1610 1586//1586 1685//1685 
f 1586//1586 1697//1697 1689//1689 
f 1703//1703 1527//1527 1526//1526 
f 1650//1650 1526//1526 1690//1690 
f 1649//1649 1690//1690 1578//1578 
f 1564//1564 1578//1578 1525//1525 
f 1564//1564 1525//1525 1590//1590 
f 1679//1679 1590//1590 1574//1574 
f 1646//1646 1574//1574 1663//1663 
f 1524//1524 1599//1599 1575//1575 
f 1522//1522 1655//1655 1563//1563 
f 1692//1692 1518//1518 1762//1762 
f 1517//1517 1740//1740 1551//1551 
f 1550//1550 1565//1565 1530//1530 
f 1513//1513 1632//1632 1551//1551 
f 1558//1558 1575//1575 1514//1514 
f 1522//1522 1692//1692 1655//1655 
f 1567//1567 1552//1552 1518//1518 
f 1522//1522 1530//1530 1567//1567 
f 1519//1519 1514//1514 1521//1521 
f 1783//1783 2011//2011 1807//1807 
f 1855//1855 1783//1783 1807//1807 
f 1784//1784 1855//1855 1790//1790 
f 1784//1784 1774//1774 1855//1855 
f 1776//1776 1783//1783 1976//1976 
f 1784//1784 1798//1798 1886//1886 
f 1886//1886 1798//1798 1869//1869 
f 1886//1886 1869//1869 1800//1800 
f 1870//1870 1886//1886 1800//1800 
f 1800//1800 1765//1765 1870//1870 
f 1899//1899 1802//1802 1999//1999 
f 1776//1776 1998//1998 1782//1782 
f 1782//1782 1839//1839 1776//1776 
f 1839//1839 1783//1783 1776//1776 
f 1839//1839 1782//1782 2011//2011 
f 1790//1790 1798//1798 1784//1784 
f 1798//1798 2002//2002 1785//1785 
f 1874//1874 1766//1766 1786//1786 
f 1786//1786 1791//1791 1874//1874 
f 1791//1791 1938//1938 1874//1874 
f 1874//1874 1785//1785 1766//1766 
f 1785//1785 1874//1874 1767//1767 
f 1772//1772 1777//1777 1869//1869 
f 1770//1770 2013//2013 1800//1800 
f 2013//2013 1771//1771 1765//1765 
f 1765//1765 1771//1771 1803//1803 
f 1765//1765 1803//1803 1769//1769 
f 1765//1765 1769//1769 1796//1796 
f 1872//1872 1880//1880 1765//1765 
f 1765//1765 1796//1796 1872//1872 
f 1870//1870 1797//1797 1802//1802 
f 1870//1870 1802//1802 1899//1899 
f 1999//1999 1802//1802 1814//1814 
f 1814//1814 1768//1768 1999//1999 
f 2011//2011 1816//1816 1795//1795 
f 1816//1816 1895//1895 1795//1795 
f 1790//1790 1773//1773 1876//1876 
f 1876//1876 1798//1798 1790//1790 
f 2002//2002 1932//1932 1816//1816 
f 1998//1998 1786//1786 1782//1782 
f 1791//1791 1786//1786 1998//1998 
f 1938//1938 1810//1810 1874//1874 
f 1767//1767 1810//1810 1823//1823 
f 1785//1785 1767//1767 1775//1775 
f 1945//1945 1778//1778 1775//1775 
f 1775//1775 1949//1949 1948//1948 
f 1948//1948 1785//1785 1775//1775 
f 1948//1948 1829//1829 1785//1785 
f 1772//1772 1785//1785 1829//1829 
f 1878//1878 1772//1772 1888//1888 
f 1799//1799 1794//1794 1808//1808 
f 1808//1808 1971//1971 1799//1799 
f 1799//1799 1971//1971 1834//1834 
f 1878//1878 1777//1777 1772//1772 
f 1817//1817 1934//1934 1819//1819 
f 1770//1770 2000//2000 1817//1817 
f 1770//1770 1817//1817 2013//2013 
f 1817//1817 1819//1819 2013//2013 
f 2013//2013 1819//1819 1997//1997 
f 1872//1872 1796//1796 1781//1781 
f 1882//1882 1880//1880 1862//1862 
f 1882//1882 1797//1797 1880//1880 
f 1792//1792 1768//1768 1814//1814 
f 1922//1922 1768//1768 1891//1891 
f 1791//1791 1812//1812 1938//1938 
f 1824//1824 1820//1820 1948//1948 
f 1820//1820 1829//1829 1948//1948 
f 1888//1888 1772//1772 1811//1811 
f 1888//1888 1806//1806 1878//1878 
f 1794//1794 1878//1878 1806//1806 
f 1794//1794 1806//1806 2004//2004 
f 1808//1808 1826//1826 1971//1971 
f 1817//1817 1794//1794 1799//1799 
f 1799//1799 1934//1934 1817//1817 
f 1780//1780 1834//1834 1971//1971 
f 1935//1935 1771//1771 1997//1997 
f 1997//1997 2012//2012 1935//1935 
f 1935//1935 2012//2012 1780//1780 
f 1935//1935 1780//1780 1910//1910 
f 1935//1935 1910//1910 1860//1860 
f 1935//1935 1860//1860 1901//1901 
f 1935//1935 1901//1901 1779//1779 
f 1935//1935 1779//1779 1769//1769 
f 1803//1803 1771//1771 1769//1769 
f 1789//1789 1882//1882 1862//1862 
f 1797//1797 1897//1897 1814//1814 
f 1792//1792 1884//1884 1768//1768 
f 1891//1891 1768//1768 1937//1937 
f 1944//1944 1778//1778 1945//1945 
f 1936//1936 1787//1787 1788//1788 
f 1788//1788 1944//1944 1936//1936 
f 1853//1853 1778//1778 1944//1944 
f 1788//1788 1853//1853 1944//1944 
f 2014//2014 1948//1948 1949//1949 
f 1948//1948 1835//1835 1824//1824 
f 1809//1809 1813//1813 1824//1824 
f 1824//1824 1813//1813 1960//1960 
f 1824//1824 1960//1960 1928//1928 
f 1928//1928 1820//1820 1824//1824 
f 1928//1928 2002//2002 1820//1820 
f 1820//1820 2002//2002 1829//1829 
f 1811//1811 1829//1829 2002//2002 
f 1811//1811 1929//1929 1888//1888 
f 1896//1896 1806//1806 1888//1888 
f 2004//2004 1851//1851 1879//1879 
f 1879//1879 1854//1854 2004//2004 
f 1819//1819 2012//2012 1997//1997 
f 1819//1819 1934//1934 2012//2012 
f 1826//1826 1910//1910 1780//1780 
f 1779//1779 1901//1901 1781//1781 
f 1872//1872 1781//1781 1858//1858 
f 1862//1862 1872//1872 1858//1858 
f 1833//1833 1882//1882 1789//1789 
f 1837//1837 1973//1973 1840//1840 
f 1941//1941 1994//1994 1959//1959 
f 1959//1959 1821//1821 1941//1941 
f 1994//1994 1810//1810 1938//1938 
f 1815//1815 1810//1810 1994//1994 
f 1815//1815 1823//1823 1810//1810 
f 1815//1815 1945//1945 1823//1823 
f 1936//1936 1815//1815 1941//1941 
f 1941//1941 1801//1801 1936//1936 
f 1936//1936 1801//1801 1787//1787 
f 1936//1936 1944//1944 1815//1815 
f 1944//1944 1945//1945 1815//1815 
f 1939//1939 1787//1787 1801//1801 
f 1898//1898 1939//1939 1940//1940 
f 1898//1898 1940//1940 1867//1867 
f 1898//1898 1867//1867 1961//1961 
f 1898//1898 1961//1961 1900//1900 
f 1898//1898 1900//1900 1804//1804 
f 1898//1898 1804//1804 1920//1920 
f 1920//1920 1805//1805 1898//1898 
f 1805//1805 1847//1847 1787//1787 
f 1920//1920 1847//1847 1805//1805 
f 1920//1920 1992//1992 1847//1847 
f 2014//2014 1835//1835 1948//1948 
f 1824//1824 1835//1835 1809//1809 
f 1929//1929 1970//1970 1888//1888 
f 1929//1929 1943//1943 1970//1970 
f 1943//1943 2010//2010 1970//1970 
f 1933//1933 1932//1932 1928//1928 
f 2002//2002 1928//1928 1932//1932 
f 1876//1876 1929//1929 1811//1811 
f 1929//1929 1996//1996 1943//1943 
f 1996//1996 1962//1962 1943//1943 
f 1962//1962 1863//1863 2010//2010 
f 1876//1876 1811//1811 1798//1798 
f 1811//1811 2002//2002 1798//1798 
f 1786//1786 2011//2011 1782//1782 
f 1766//1766 1816//1816 2011//2011 
f 1895//1895 1818//1818 1795//1795 
f 1876//1876 1841//1841 1996//1996 
f 1841//1841 1848//1848 1996//1996 
f 1962//1962 1846//1846 1863//1863 
f 1932//1932 1846//1846 1979//1979 
f 1979//1979 1818//1818 1932//1932 
f 1932//1932 1933//1933 1846//1846 
f 1932//1932 1818//1818 1895//1895 
f 1848//1848 1818//1818 1979//1979 
f 1773//1773 1818//1818 1848//1848 
f 1848//1848 1979//1979 1846//1846 
f 1848//1848 1846//1846 1962//1962 
f 1773//1773 1841//1841 1876//1876 
f 1841//1841 1773//1773 1848//1848 
f 1807//1807 1795//1795 1773//1773 
f 1773//1773 1795//1795 1818//1818 
f 1816//1816 1932//1932 1895//1895 
f 1876//1876 1996//1996 1929//1929 
f 1996//1996 1848//1848 1962//1962 
f 1863//1863 1846//1846 1933//1933 
f 1933//1933 1960//1960 1863//1863 
f 1962//1962 2010//2010 1943//1943 
f 1960//1960 1933//1933 1928//1928 
f 1813//1813 1863//1863 1960//1960 
f 2010//2010 1863//1863 1813//1813 
f 1888//1888 1970//1970 1896//1896 
f 1854//1854 1931//1931 2004//2004 
f 1808//1808 1931//1931 1866//1866 
f 1866//1866 1826//1826 1808//1808 
f 1789//1789 1862//1862 1832//1832 
f 1789//1789 2009//2009 1833//1833 
f 1833//1833 1973//1973 1882//1882 
f 1946//1946 1950//1950 1902//1902 
f 1946//1946 1902//1902 1969//1969 
f 1946//1946 1844//1844 1950//1950 
f 1947//1947 1903//1903 1836//1836 
f 1903//1903 1812//1812 1836//1836 
f 1812//1812 1922//1922 1836//1836 
f 1994//1994 1938//1938 1812//1812 
f 1994//1994 1812//1812 1903//1903 
f 1959//1959 1994//1994 1903//1903 
f 1909//1909 1821//1821 1959//1959 
f 1909//1909 1959//1959 1844//1844 
f 1909//1909 1844//1844 1953//1953 
f 1961//1961 1909//1909 1953//1953 
f 1953//1953 1844//1844 1918//1918 
f 1822//1822 1953//1953 1918//1918 
f 1918//1918 1904//1904 1822//1822 
f 1992//1992 1822//1822 1904//1904 
f 1904//1904 1954//1954 1992//1992 
f 1992//1992 1954//1954 1853//1853 
f 1830//1830 1908//1908 2014//2014 
f 1930//1930 1830//1830 1904//1904 
f 1969//1969 1865//1865 1827//1827 
f 1865//1865 1918//1918 1827//1827 
f 1930//1930 1859//1859 1830//1830 
f 1859//1859 1828//1828 1830//1830 
f 1830//1830 1828//1828 1908//1908 
f 1828//1828 1906//1906 1908//1908 
f 1908//1908 1906//1906 1835//1835 
f 1809//1809 1835//1835 1896//1896 
f 1896//1896 1835//1835 1907//1907 
f 1896//1896 1907//1907 1806//1806 
f 1885//1885 1809//1809 1896//1896 
f 1907//1907 1906//1906 1806//1806 
f 1906//1906 1907//1907 1835//1835 
f 1906//1906 1924//1924 1851//1851 
f 1866//1866 1910//1910 1826//1826 
f 1915//1915 1901//1901 1860//1860 
f 1858//1858 1901//1901 1915//1915 
f 1831//1831 1858//1858 1915//1915 
f 1832//1832 1862//1862 1831//1831 
f 1875//1875 1986//1986 1833//1833 
f 1986//1986 1973//1973 1833//1833 
f 1986//1986 1840//1840 1973//1973 
f 1986//1986 1956//1956 1840//1840 
f 1836//1836 1891//1891 1861//1861 
f 1964//1964 1836//1836 1861//1861 
f 1902//1902 1838//1838 1969//1969 
f 1969//1969 1838//1838 1958//1958 
f 1969//1969 1958//1958 1952//1952 
f 1952//1952 1865//1865 1969//1969 
f 1918//1918 1955//1955 1930//1930 
f 1955//1955 1859//1859 1930//1930 
f 1906//1906 1892//1892 1924//1924 
f 1924//1924 1879//1879 1851//1851 
f 1879//1879 1989//1989 1854//1854 
f 2005//2005 1931//1931 1854//1854 
f 1866//1866 1931//1931 1915//1915 
f 1915//1915 1910//1910 1866//1866 
f 1931//1931 1831//1831 1915//1915 
f 1931//1931 1825//1825 1831//1831 
f 1991//1991 1825//1825 2005//2005 
f 1991//1991 1842//1842 1825//1825 
f 1993//1993 2009//2009 1832//1832 
f 2009//2009 1993//1993 1843//1843 
f 1919//1919 1956//1956 1986//1986 
f 1988//1988 1937//1937 1837//1837 
f 1964//1964 1988//1988 1849//1849 
f 1964//1964 1849//1849 1950//1950 
f 1950//1950 1849//1849 1967//1967 
f 1902//1902 1950//1950 1967//1967 
f 1967//1967 1849//1849 1926//1926 
f 1967//1967 1926//1926 1925//1925 
f 1838//1838 1967//1967 1925//1925 
f 1925//1925 1926//1926 1850//1850 
f 1925//1925 1850//1850 2006//2006 
f 1925//1925 2006//2006 1852//1852 
f 1958//1958 1925//1925 1852//1852 
f 2006//2006 1889//1889 1852//1852 
f 1852//1852 1889//1889 1955//1955 
f 1852//1852 1955//1955 1918//1918 
f 1952//1952 1852//1852 1918//1918 
f 1859//1859 1985//1985 1987//1987 
f 1879//1879 1924//1924 1989//1989 
f 1931//1931 2005//2005 1825//1825 
f 1854//1854 2007//2007 2005//2005 
f 1989//1989 1868//1868 2007//2007 
f 2007//2007 1868//1868 1913//1913 
f 2005//2005 2007//2007 1991//1991 
f 1893//1893 1842//1842 1963//1963 
f 1871//1871 2003//2003 1993//1993 
f 1993//1993 2003//2003 1843//1843 
f 2003//2003 1981//1981 1843//1843 
f 1833//1833 2009//2009 1843//1843 
f 1875//1875 1833//1833 1843//1843 
f 1981//1981 1875//1875 1843//1843 
f 1972//1972 1988//1988 1837//1837 
f 1972//1972 1837//1837 1840//1840 
f 1972//1972 1840//1840 1956//1956 
f 1972//1972 1956//1956 1856//1856 
f 1926//1926 1972//1972 1856//1856 
f 1856//1856 1956//1956 2008//2008 
f 1856//1856 2008//2008 1857//1857 
f 1926//1926 1856//1856 1857//1857 
f 2008//2008 1877//1877 1857//1857 
f 1857//1857 1877//1877 1887//1887 
f 1857//1857 1887//1887 1978//1978 
f 1850//1850 1857//1857 1978//1978 
f 1978//1978 1887//1887 1927//1927 
f 1978//1978 1927//1927 1911//1911 
f 2006//2006 1978//1978 1911//1911 
f 1911//1911 1927//1927 1905//1905 
f 1911//1911 1905//1905 1864//1864 
f 1911//1911 1864//1864 1957//1957 
f 1889//1889 1911//1911 1957//1957 
f 1957//1957 1864//1864 1975//1975 
f 1957//1957 1975//1975 1985//1985 
f 1957//1957 1985//1985 1859//1859 
f 1955//1955 1957//1957 1859//1859 
f 1793//1793 1987//1987 1985//1985 
f 1924//1924 1793//1793 1989//1989 
f 1989//1989 2007//2007 1854//1854 
f 1989//1989 1793//1793 1868//1868 
f 1793//1793 1985//1985 1868//1868 
f 1868//1868 1985//1985 1975//1975 
f 1912//1912 1980//1980 1991//1991 
f 1963//1963 1842//1842 1980//1980 
f 1963//1963 1965//1965 1893//1893 
f 1893//1893 1965//1965 1871//1871 
f 1965//1965 1968//1968 1871//1871 
f 2003//2003 1982//1982 1981//1981 
f 1921//1921 1982//1982 1966//1966 
f 1982//1982 1921//1921 1981//1981 
f 1919//1919 1921//1921 1873//1873 
f 1881//1881 2008//2008 1919//1919 
f 1919//1919 1873//1873 1881//1881 
f 1881//1881 1873//1873 1917//1917 
f 1913//1913 1864//1864 1942//1942 
f 1942//1942 1923//1923 1913//1913 
f 1913//1913 1923//1923 2007//2007 
f 1912//1912 1845//1845 1951//1951 
f 1912//1912 1951//1951 1980//1980 
f 1980//1980 1951//1951 1965//1965 
f 1965//1965 1890//1890 1968//1968 
f 1871//1871 1968//1968 1914//1914 
f 1871//1871 1914//1914 2003//2003 
f 1914//1914 1982//1982 2003//2003 
f 1966//1966 1982//1982 1914//1914 
f 1942//1942 1864//1864 1905//1905 
f 1983//1983 2001//2001 1883//1883 
f 1951//1951 1983//1983 1883//1883 
f 1951//1951 1883//1883 1965//1965 
f 1968//1968 1990//1990 1914//1914 
f 1966//1966 1914//1914 1990//1990 
f 1873//1873 1966//1966 1990//1990 
f 1881//1881 1917//1917 1977//1977 
f 1881//1881 1977//1977 1984//1984 
f 1984//1984 1887//1887 1881//1881 
f 1881//1881 1887//1887 1877//1877 
f 1984//1984 1927//1927 1887//1887 
f 1883//1883 2001//2001 1916//1916 
f 1883//1883 1916//1916 1890//1890 
f 1890//1890 1990//1990 1968//1968 
f 1873//1873 1990//1990 1974//1974 
f 1984//1984 1977//1977 1894//1894 
f 1894//1894 1942//1942 1984//1984 
f 1916//1916 1977//1977 1974//1974 
f 1974//1974 1977//1977 1917//1917 
f 1974//1974 1890//1890 1916//1916 
f 1894//1894 1977//1977 1916//1916 
f 1916//1916 2001//2001 1894//1894 
f 1894//1894 2001//2001 1923//1923 
f 1974//1974 1917//1917 1873//1873 
f 1990//1990 1890//1890 1974//1974 
f 1983//1983 1923//1923 2001//2001 
f 1942//1942 1905//1905 1927//1927 
f 1942//1942 1927//1927 1984//1984 
f 1883//1883 1890//1890 1965//1965 
f 1983//1983 2007//2007 1923//1923 
f 1942//1942 1894//1894 1923//1923 
f 1966//1966 1873//1873 1921//1921 
f 1845//1845 1983//1983 1951//1951 
f 2007//2007 1983//1983 1845//1845 
f 1881//1881 1877//1877 2008//2008 
f 1980//1980 1965//1965 1963//1963 
f 1980//1980 1842//1842 1991//1991 
f 1912//1912 1991//1991 1845//1845 
f 1845//1845 1991//1991 2007//2007 
f 1913//1913 1975//1975 1864//1864 
f 1892//1892 1793//1793 1924//1924 
f 1892//1892 1987//1987 1793//1793 
f 1981//1981 1921//1921 1875//1875 
f 1893//1893 1871//1871 1993//1993 
f 1842//1842 1893//1893 1993//1993 
f 1868//1868 1975//1975 1913//1913 
f 1892//1892 1828//1828 1987//1987 
f 1889//1889 1957//1957 1955//1955 
f 2006//2006 1911//1911 1889//1889 
f 1850//1850 1978//1978 2006//2006 
f 1926//1926 1857//1857 1850//1850 
f 1849//1849 1972//1972 1926//1926 
f 1849//1849 1988//1988 1972//1972 
f 1964//1964 1861//1861 1988//1988 
f 1861//1861 1937//1937 1988//1988 
f 1919//1919 2008//2008 1956//1956 
f 1986//1986 1921//1921 1919//1919 
f 1986//1986 1875//1875 1921//1921 
f 1842//1842 1993//1993 1832//1832 
f 1831//1831 1825//1825 1842//1842 
f 1952//1952 1918//1918 1865//1865 
f 1958//1958 1852//1852 1952//1952 
f 1838//1838 1925//1925 1958//1958 
f 1902//1902 1967//1967 1838//1838 
f 1947//1947 1836//1836 1964//1964 
f 1891//1891 1937//1937 1861//1861 
f 1789//1789 1832//1832 2009//2009 
f 1832//1832 1831//1831 1842//1842 
f 1862//1862 1858//1858 1831//1831 
f 1915//1915 1860//1860 1910//1910 
f 1828//1828 1892//1892 1906//1906 
f 1859//1859 1987//1987 1828//1828 
f 1969//1969 1827//1827 1946//1946 
f 1827//1827 1844//1844 1946//1946 
f 1853//1853 1830//1830 2014//2014 
f 1954//1954 1830//1830 1853//1853 
f 1904//1904 1830//1830 1954//1954 
f 1920//1920 1822//1822 1992//1992 
f 1918//1918 1930//1930 1904//1904 
f 1900//1900 1953//1953 1822//1822 
f 1827//1827 1918//1918 1844//1844 
f 1844//1844 1959//1959 1947//1947 
f 1867//1867 1821//1821 1909//1909 
f 1959//1959 1903//1903 1947//1947 
f 1950//1950 1947//1947 1964//1964 
f 1844//1844 1947//1947 1950//1950 
f 1836//1836 1922//1922 1891//1891 
f 1882//1882 1973//1973 1897//1897 
f 1858//1858 1781//1781 1901//1901 
f 1970//1970 1885//1885 1896//1896 
f 2010//2010 1885//1885 1970//1970 
f 2010//2010 1813//1813 1885//1885 
f 1885//1885 1813//1813 1809//1809 
f 1835//1835 2014//2014 1908//1908 
f 1788//1788 1847//1847 1992//1992 
f 1804//1804 1822//1822 1920//1920 
f 1900//1900 1822//1822 1804//1804 
f 1961//1961 1953//1953 1900//1900 
f 1867//1867 1909//1909 1961//1961 
f 1940//1940 1821//1821 1867//1867 
f 1940//1940 1801//1801 1821//1821 
f 1939//1939 1801//1801 1940//1940 
f 1805//1805 1939//1939 1898//1898 
f 1805//1805 1787//1787 1939//1939 
f 1941//1941 1815//1815 1994//1994 
f 1941//1941 1821//1821 1801//1801 
f 1837//1837 1884//1884 1973//1973 
f 1937//1937 1884//1884 1837//1837 
f 1973//1973 1884//1884 1897//1897 
f 1897//1897 1884//1884 1792//1792 
f 1897//1897 1797//1797 1882//1882 
f 1826//1826 1780//1780 1971//1971 
f 1808//1808 2004//2004 1931//1931 
f 1906//1906 1851//1851 1806//1806 
f 1853//1853 2014//2014 1949//1949 
f 1992//1992 1853//1853 1788//1788 
f 1853//1853 1949//1949 1778//1778 
f 1788//1788 1787//1787 1847//1847 
f 1768//1768 1884//1884 1937//1937 
f 1796//1796 1779//1779 1781//1781 
f 1779//1779 1796//1796 1769//1769 
f 1769//1769 1771//1771 1935//1935 
f 2012//2012 1934//1934 1834//1834 
f 1780//1780 2012//2012 1834//1834 
f 1799//1799 1834//1834 1934//1934 
f 1806//1806 1851//1851 2004//2004 
f 1772//1772 1829//1829 1811//1811 
f 1814//1814 1897//1897 1792//1792 
f 1880//1880 1872//1872 1862//1862 
f 2013//2013 1997//1997 1771//1771 
f 1770//1770 1777//1777 2000//2000 
f 1817//1817 2000//2000 1794//1794 
f 2000//2000 1878//1878 1794//1794 
f 2000//2000 1777//1777 1878//1878 
f 1808//1808 1794//1794 2004//2004 
f 1775//1775 1778//1778 1949//1949 
f 1767//1767 1945//1945 1775//1775 
f 1823//1823 1945//1945 1767//1767 
f 1998//1998 1812//1812 1791//1791 
f 1812//1812 1998//1998 1922//1922 
f 1786//1786 1766//1766 2011//2011 
f 1922//1922 1999//1999 1768//1768 
f 1797//1797 1814//1814 1802//1802 
f 1870//1870 1880//1880 1797//1797 
f 1870//1870 1765//1765 1880//1880 
f 1800//1800 1869//1869 1770//1770 
f 1770//1770 1869//1869 1777//1777 
f 1874//1874 1810//1810 1767//1767 
f 1798//1798 1785//1785 1772//1772 
f 1785//1785 1816//1816 1766//1766 
f 2002//2002 1816//1816 1785//1785 
f 1790//1790 1807//1807 1773//1773 
f 1855//1855 1807//1807 1790//1790 
f 1807//1807 2011//2011 1795//1795 
f 1776//1776 1995//1995 1998//1998 
f 1998//1998 1995//1995 1999//1999 
f 1999//1999 1995//1995 1899//1899 
f 1976//1976 1899//1899 1995//1995 
f 1976//1976 1995//1995 1776//1776 
f 1922//1922 1998//1998 1999//1999 
f 1886//1886 1870//1870 1899//1899 
f 1784//1784 1886//1886 1899//1899 
f 1800//1800 2013//2013 1765//1765 
f 1869//1869 1798//1798 1772//1772 
f 1784//1784 1899//1899 1774//1774 
f 1899//1899 1976//1976 1774//1774 
f 1774//1774 1976//1976 1783//1783 
f 1774//1774 1783//1783 1855//1855 
f 2011//2011 1783//1783 1839//1839 
f 2106//2106 2107//2107 2024//2024 
f 2033//2033 2024//2024 2107//2107 
f 2033//2033 2107//2107 2016//2016 
f 2031//2031 2033//2033 2016//2016 
f 2106//2106 2031//2031 2021//2021 
f 2021//2021 2019//2019 2106//2106 
f 2031//2031 2017//2017 2026//2026 
f 2026//2026 2017//2017 2023//2023 
f 2021//2021 2020//2020 2018//2018 
f 2023//2023 2018//2018 2020//2020 
f 2026//2026 2023//2023 2022//2022 
f 2021//2021 2026//2026 2035//2035 
f 2035//2035 2041//2041 2021//2021 
f 2021//2021 2041//2041 2032//2032 
f 2022//2022 2032//2032 2041//2041 
f 2022//2022 2041//2041 2025//2025 
f 2027//2027 2022//2022 2025//2025 
f 2035//2035 2028//2028 2041//2041 
f 2025//2025 2041//2041 2028//2028 
f 2025//2025 2028//2028 2029//2029 
f 2027//2027 2029//2029 2030//2030 
f 2035//2035 2027//2027 2042//2042 
f 2042//2042 2037//2037 2035//2035 
f 2035//2035 2037//2037 2034//2034 
f 2030//2030 2034//2034 2037//2037 
f 2030//2030 2037//2037 2038//2038 
f 2036//2036 2030//2030 2038//2038 
f 2042//2042 2040//2040 2037//2037 
f 2038//2038 2037//2037 2040//2040 
f 2038//2038 2040//2040 2050//2050 
f 2036//2036 2038//2038 2050//2050 
f 2036//2036 2050//2050 2044//2044 
f 2036//2036 2044//2044 2043//2043 
f 2039//2039 2036//2036 2043//2043 
f 2039//2039 2047//2047 2045//2045 
f 2039//2039 2045//2045 2042//2042 
f 2044//2044 2045//2045 2047//2047 
f 2044//2044 2047//2047 2051//2051 
f 2043//2043 2044//2044 2051//2051 
f 2043//2043 2051//2051 2048//2048 
f 2039//2039 2053//2053 2060//2060 
f 2048//2048 2060//2060 2053//2053 
f 2048//2048 2053//2053 2049//2049 
f 2043//2043 2048//2048 2049//2049 
f 2043//2043 2049//2049 2059//2059 
f 2043//2043 2059//2059 2052//2052 
f 2055//2055 2043//2043 2052//2052 
f 2066//2066 2057//2057 2055//2055 
f 2055//2055 2057//2057 2039//2039 
f 2059//2059 2057//2057 2066//2066 
f 2059//2059 2066//2066 2056//2056 
f 2052//2052 2059//2059 2056//2056 
f 2055//2055 2052//2052 2058//2058 
f 2058//2058 2065//2065 2055//2055 
f 2055//2055 2065//2065 2066//2066 
f 2056//2056 2066//2066 2065//2065 
f 2056//2056 2065//2065 2061//2061 
f 2058//2058 2064//2064 2075//2075 
f 2075//2075 2068//2068 2058//2058 
f 2064//2064 2063//2063 2074//2074 
f 2074//2074 2063//2063 2067//2067 
f 2075//2075 2071//2071 2069//2069 
f 2067//2067 2069//2069 2071//2071 
f 2067//2067 2071//2071 2070//2070 
f 2074//2074 2067//2067 2070//2070 
f 2074//2074 2070//2070 2073//2073 
f 2075//2075 2074//2074 2077//2077 
f 2077//2077 2079//2079 2075//2075 
f 2075//2075 2079//2079 2072//2072 
f 2073//2073 2072//2072 2079//2079 
f 2073//2073 2079//2079 2084//2084 
f 2073//2073 2084//2084 2083//2083 
f 2074//2074 2073//2073 2083//2083 
f 2077//2077 2083//2083 2076//2076 
f 2076//2076 2086//2086 2077//2077 
f 2077//2077 2086//2086 2079//2079 
f 2084//2084 2079//2079 2086//2086 
f 2084//2084 2086//2086 2081//2081 
f 2080//2080 2081//2081 2092//2092 
f 2076//2076 2082//2082 2085//2085 
f 2092//2092 2085//2085 2082//2082 
f 2092//2092 2082//2082 2087//2087 
f 2080//2080 2087//2087 2093//2093 
f 2088//2088 2080//2080 2093//2093 
f 2088//2088 2099//2099 2076//2076 
f 2093//2093 2089//2089 2095//2095 
f 2093//2093 2095//2095 2090//2090 
f 2091//2091 2093//2093 2090//2090 
f 2091//2091 2102//2102 2094//2094 
f 2091//2091 2094//2094 2088//2088 
f 2095//2095 2094//2094 2102//2102 
f 2095//2095 2102//2102 2100//2100 
f 2090//2090 2095//2095 2100//2100 
f 2091//2091 2090//2090 2101//2101 
f 2101//2101 2105//2105 2091//2091 
f 2091//2091 2105//2105 2102//2102 
f 2100//2100 2102//2102 2105//2105 
f 2100//2100 2105//2105 2103//2103 
f 2097//2097 2103//2103 2104//2104 
f 2101//2101 2015//2015 2098//2098 
f 2104//2104 2098//2098 2015//2015 
f 2104//2104 2015//2015 2096//2096 
f 2097//2097 2096//2096 2078//2078 
f 2101//2101 2097//2097 2106//2106 
f 2106//2106 2062//2062 2101//2101 
f 2101//2101 2062//2062 2054//2054 
f 2078//2078 2054//2054 2062//2062 
f 2078//2078 2062//2062 2046//2046 
f 2031//2031 2046//2046 2033//2033 
f 2046//2046 2024//2024 2033//2033 
f 2097//2097 2046//2046 2031//2031 
f 2046//2046 2062//2062 2024//2024 
f 2106//2106 2024//2024 2062//2062 
f 2106//2106 2097//2097 2031//2031 
f 2097//2097 2078//2078 2046//2046 
f 2096//2096 2054//2054 2078//2078 
f 2096//2096 2015//2015 2054//2054 
f 2101//2101 2054//2054 2015//2015 
f 2097//2097 2104//2104 2096//2096 
f 2103//2103 2098//2098 2104//2104 
f 2090//2090 2103//2103 2097//2097 
f 2103//2103 2105//2105 2098//2098 
f 2101//2101 2098//2098 2105//2105 
f 2101//2101 2090//2090 2097//2097 
f 2090//2090 2100//2100 2103//2103 
f 2088//2088 2093//2093 2091//2091 
f 2089//2089 2094//2094 2095//2095 
f 2089//2089 2099//2099 2094//2094 
f 2087//2087 2099//2099 2089//2089 
f 2088//2088 2094//2094 2099//2099 
f 2076//2076 2080//2080 2088//2088 
f 2093//2093 2087//2087 2089//2089 
f 2087//2087 2082//2082 2099//2099 
f 2076//2076 2099//2099 2082//2082 
f 2080//2080 2092//2092 2087//2087 
f 2081//2081 2085//2085 2092//2092 
f 2083//2083 2081//2081 2080//2080 
f 2081//2081 2086//2086 2085//2085 
f 2076//2076 2085//2085 2086//2086 
f 2076//2076 2083//2083 2080//2080 
f 2083//2083 2084//2084 2081//2081 
f 2077//2077 2074//2074 2083//2083 
f 2070//2070 2072//2072 2073//2073 
f 2070//2070 2071//2071 2072//2072 
f 2075//2075 2072//2072 2071//2071 
f 2063//2063 2069//2069 2067//2067 
f 2063//2063 2068//2068 2069//2069 
f 2061//2061 2068//2068 2063//2063 
f 2075//2075 2069//2069 2068//2068 
f 2075//2075 2064//2064 2074//2074 
f 2061//2061 2063//2063 2064//2064 
f 2052//2052 2061//2061 2064//2064 
f 2061//2061 2065//2065 2068//2068 
f 2058//2058 2068//2068 2065//2065 
f 2058//2058 2052//2052 2064//2064 
f 2052//2052 2056//2056 2061//2061 
f 2039//2039 2043//2043 2055//2055 
f 2049//2049 2057//2057 2059//2059 
f 2049//2049 2053//2053 2057//2057 
f 2039//2039 2057//2057 2053//2053 
f 2051//2051 2060//2060 2048//2048 
f 2051//2051 2047//2047 2060//2060 
f 2039//2039 2060//2060 2047//2047 
f 2042//2042 2036//2036 2039//2039 
f 2050//2050 2045//2045 2044//2044 
f 2050//2050 2040//2040 2045//2045 
f 2042//2042 2045//2045 2040//2040 
f 2027//2027 2030//2030 2036//2036 
f 2042//2042 2027//2027 2036//2036 
f 2029//2029 2034//2034 2030//2030 
f 2029//2029 2028//2028 2034//2034 
f 2035//2035 2034//2034 2028//2028 
f 2027//2027 2025//2025 2029//2029 
f 2026//2026 2022//2022 2027//2027 
f 2035//2035 2026//2026 2027//2027 
f 2023//2023 2032//2032 2022//2022 
f 2023//2023 2020//2020 2032//2032 
f 2021//2021 2032//2032 2020//2020 
f 2017//2017 2018//2018 2023//2023 
f 2017//2017 2019//2019 2018//2018 
f 2016//2016 2019//2019 2017//2017 
f 2021//2021 2018//2018 2019//2019 
f 2021//2021 2031//2031 2026//2026 
f 2016//2016 2017//2017 2031//2031 
f 2016//2016 2107//2107 2019//2019 
f 2106//2106 2019//2019 2107//2107 
f 2119//2119 2196//2196 2200//2200 
f 2200//2200 2108//2108 2119//2119 
f 2122//2122 2119//2119 2108//2108 
f 2122//2122 2108//2108 2109//2109 
f 2110//2110 2122//2122 2109//2109 
f 2110//2110 2116//2116 2112//2112 
f 2200//2200 2110//2110 2111//2111 
f 2111//2111 2115//2115 2200//2200 
f 2200//2200 2115//2115 2117//2117 
f 2112//2112 2117//2117 2115//2115 
f 2110//2110 2112//2112 2114//2114 
f 2114//2114 2112//2112 2125//2125 
f 2111//2111 2114//2114 2123//2123 
f 2123//2123 2132//2132 2111//2111 
f 2111//2111 2132//2132 2118//2118 
f 2125//2125 2118//2118 2132//2132 
f 2125//2125 2132//2132 2120//2120 
f 2125//2125 2120//2120 2126//2126 
f 2114//2114 2125//2125 2126//2126 
f 2123//2123 2127//2127 2121//2121 
f 2123//2123 2121//2121 2132//2132 
f 2120//2120 2132//2132 2121//2121 
f 2120//2120 2121//2121 2128//2128 
f 2128//2128 2121//2121 2127//2127 
f 2128//2128 2127//2127 2124//2124 
f 2126//2126 2128//2128 2124//2124 
f 2123//2123 2126//2126 2135//2135 
f 2135//2135 2141//2141 2123//2123 
f 2123//2123 2141//2141 2130//2130 
f 2123//2123 2130//2130 2127//2127 
f 2124//2124 2127//2127 2130//2130 
f 2124//2124 2130//2130 2131//2131 
f 2131//2131 2130//2130 2141//2141 
f 2131//2131 2141//2141 2129//2129 
f 2133//2133 2131//2131 2129//2129 
f 2135//2135 2136//2136 2141//2141 
f 2129//2129 2141//2141 2136//2136 
f 2129//2129 2136//2136 2142//2142 
f 2133//2133 2129//2129 2142//2142 
f 2133//2133 2142//2142 2134//2134 
f 2135//2135 2133//2133 2149//2149 
f 2149//2149 2151//2151 2135//2135 
f 2135//2135 2151//2151 2137//2137 
f 2134//2134 2137//2137 2151//2151 
f 2134//2134 2151//2151 2138//2138 
f 2133//2133 2134//2134 2138//2138 
f 2133//2133 2138//2138 2139//2139 
f 2149//2149 2157//2157 2140//2140 
f 2140//2140 2151//2151 2149//2149 
f 2138//2138 2151//2151 2140//2140 
f 2138//2138 2140//2140 2148//2148 
f 2148//2148 2140//2140 2157//2157 
f 2148//2148 2157//2157 2143//2143 
f 2139//2139 2148//2148 2143//2143 
f 2149//2149 2139//2139 2152//2152 
f 2152//2152 2155//2155 2149//2149 
f 2149//2149 2155//2155 2150//2150 
f 2149//2149 2150//2150 2157//2157 
f 2143//2143 2157//2157 2150//2150 
f 2143//2143 2150//2150 2146//2146 
f 2146//2146 2150//2150 2155//2155 
f 2146//2146 2155//2155 2147//2147 
f 2154//2154 2146//2146 2147//2147 
f 2152//2152 2153//2153 2155//2155 
f 2147//2147 2155//2155 2153//2153 
f 2147//2147 2153//2153 2159//2159 
f 2152//2152 2154//2154 2160//2160 
f 2160//2160 2165//2165 2152//2152 
f 2154//2154 2158//2158 2166//2166 
f 2166//2166 2158//2158 2161//2161 
f 2160//2160 2166//2166 2173//2173 
f 2173//2173 2162//2162 2160//2160 
f 2160//2160 2162//2162 2164//2164 
f 2161//2161 2164//2164 2162//2162 
f 2161//2161 2162//2162 2168//2168 
f 2166//2166 2161//2161 2168//2168 
f 2166//2166 2168//2168 2174//2174 
f 2174//2174 2168//2168 2163//2163 
f 2173//2173 2171//2171 2167//2167 
f 2163//2163 2167//2167 2171//2171 
f 2163//2163 2171//2171 2182//2182 
f 2163//2163 2182//2182 2174//2174 
f 2174//2174 2182//2182 2175//2175 
f 2170//2170 2174//2174 2175//2175 
f 2170//2170 2176//2176 2171//2171 
f 2170//2170 2171//2171 2173//2173 
f 2182//2182 2171//2171 2176//2176 
f 2182//2182 2176//2176 2177//2177 
f 2175//2175 2177//2177 2183//2183 
f 2170//2170 2178//2178 2181//2181 
f 2183//2183 2181//2181 2178//2178 
f 2183//2183 2178//2178 2179//2179 
f 2175//2175 2179//2179 2185//2185 
f 2180//2180 2175//2175 2185//2185 
f 2180//2180 2192//2192 2189//2189 
f 2180//2180 2189//2189 2170//2170 
f 2184//2184 2189//2189 2192//2192 
f 2184//2184 2192//2192 2190//2190 
f 2185//2185 2184//2184 2190//2190 
f 2180//2180 2193//2193 2192//2192 
f 2190//2190 2192//2192 2193//2193 
f 2190//2190 2193//2193 2187//2187 
f 2185//2185 2187//2187 2188//2188 
f 2185//2185 2188//2188 2198//2198 
f 2197//2197 2185//2185 2198//2198 
f 2197//2197 2191//2191 2194//2194 
f 2197//2197 2194//2194 2180//2180 
f 2188//2188 2194//2194 2191//2191 
f 2188//2188 2191//2191 2195//2195 
f 2188//2188 2195//2195 2198//2198 
f 2197//2197 2198//2198 2196//2196 
f 2196//2196 2199//2199 2197//2197 
f 2197//2197 2199//2199 2191//2191 
f 2195//2195 2191//2191 2199//2199 
f 2195//2195 2199//2199 2186//2186 
f 2172//2172 2186//2186 2169//2169 
f 2196//2196 2156//2156 2145//2145 
f 2169//2169 2145//2145 2156//2156 
f 2169//2169 2156//2156 2144//2144 
f 2172//2172 2144//2144 2122//2122 
f 2144//2144 2119//2119 2122//2122 
f 2144//2144 2156//2156 2119//2119 
f 2196//2196 2119//2119 2156//2156 
f 2172//2172 2169//2169 2144//2144 
f 2186//2186 2145//2145 2169//2169 
f 2198//2198 2186//2186 2172//2172 
f 2186//2186 2199//2199 2145//2145 
f 2196//2196 2145//2145 2199//2199 
f 2196//2196 2198//2198 2172//2172 
f 2198//2198 2195//2195 2186//2186 
f 2180//2180 2185//2185 2197//2197 
f 2187//2187 2194//2194 2188//2188 
f 2187//2187 2193//2193 2194//2194 
f 2180//2180 2194//2194 2193//2193 
f 2185//2185 2190//2190 2187//2187 
f 2179//2179 2189//2189 2184//2184 
f 2170//2170 2175//2175 2180//2180 
f 2179//2179 2184//2184 2185//2185 
f 2179//2179 2178//2178 2189//2189 
f 2170//2170 2189//2189 2178//2178 
f 2175//2175 2183//2183 2179//2179 
f 2177//2177 2181//2181 2183//2183 
f 2177//2177 2176//2176 2181//2181 
f 2170//2170 2181//2181 2176//2176 
f 2173//2173 2174//2174 2170//2170 
f 2175//2175 2182//2182 2177//2177 
f 2168//2168 2167//2167 2163//2163 
f 2168//2168 2162//2162 2167//2167 
f 2173//2173 2167//2167 2162//2162 
f 2173//2173 2166//2166 2174//2174 
f 2158//2158 2164//2164 2161//2161 
f 2158//2158 2165//2165 2164//2164 
f 2159//2159 2165//2165 2158//2158 
f 2160//2160 2164//2164 2165//2165 
f 2160//2160 2154//2154 2166//2166 
f 2159//2159 2158//2158 2154//2154 
f 2159//2159 2153//2153 2165//2165 
f 2152//2152 2165//2165 2153//2153 
f 2154//2154 2147//2147 2159//2159 
f 2139//2139 2146//2146 2154//2154 
f 2152//2152 2139//2139 2154//2154 
f 2139//2139 2143//2143 2146//2146 
f 2139//2139 2138//2138 2148//2148 
f 2149//2149 2133//2133 2139//2139 
f 2142//2142 2137//2137 2134//2134 
f 2142//2142 2136//2136 2137//2137 
f 2135//2135 2137//2137 2136//2136 
f 2126//2126 2131//2131 2133//2133 
f 2135//2135 2126//2126 2133//2133 
f 2126//2126 2124//2124 2131//2131 
f 2126//2126 2120//2120 2128//2128 
f 2123//2123 2114//2114 2126//2126 
f 2112//2112 2118//2118 2125//2125 
f 2112//2112 2115//2115 2118//2118 
f 2111//2111 2118//2118 2115//2115 
f 2111//2111 2110//2110 2114//2114 
f 2116//2116 2117//2117 2112//2112 
f 2116//2116 2113//2113 2117//2117 
f 2109//2109 2113//2113 2116//2116 
f 2200//2200 2117//2117 2113//2113 
f 2200//2200 2172//2172 2110//2110 
f 2109//2109 2116//2116 2110//2110 
f 2172//2172 2122//2122 2110//2110 
f 2109//2109 2108//2108 2113//2113 
f 2200//2200 2113//2113 2108//2108 
f 2196//2196 2172//2172 2200//2200 
f 2289//2289 2237//2237 2292//2292 
f 2292//2292 2201//2201 2289//2289 
f 2237//2237 2283//2283 2205//2205 
f 2237//2237 2212//2212 2283//2283 
f 2205//2205 2283//2283 2208//2208 
f 2292//2292 2203//2203 2291//2291 
f 2208//2208 2291//2291 2203//2203 
f 2208//2208 2203//2203 2202//2202 
f 2292//2292 2205//2205 2204//2204 
f 2204//2204 2207//2207 2292//2292 
f 2205//2205 2215//2215 2206//2206 
f 2206//2206 2215//2215 2209//2209 
f 2204//2204 2210//2210 2216//2216 
f 2209//2209 2216//2216 2210//2210 
f 2209//2209 2210//2210 2211//2211 
f 2206//2206 2209//2209 2211//2211 
f 2206//2206 2211//2211 2214//2214 
f 2206//2206 2214//2214 2218//2218 
f 2223//2223 2206//2206 2218//2218 
f 2223//2223 2219//2219 2217//2217 
f 2223//2223 2217//2217 2204//2204 
f 2214//2214 2217//2217 2219//2219 
f 2214//2214 2219//2219 2213//2213 
f 2218//2218 2214//2214 2213//2213 
f 2226//2226 2219//2219 2223//2223 
f 2213//2213 2219//2219 2226//2226 
f 2213//2213 2226//2226 2224//2224 
f 2218//2218 2224//2224 2221//2221 
f 2218//2218 2221//2221 2231//2231 
f 2222//2222 2218//2218 2231//2231 
f 2222//2222 2225//2225 2223//2223 
f 2231//2231 2221//2221 2232//2232 
f 2234//2234 2227//2227 2222//2222 
f 2232//2232 2227//2227 2234//2234 
f 2232//2232 2234//2234 2230//2230 
f 2231//2231 2232//2232 2230//2230 
f 2231//2231 2230//2230 2228//2228 
f 2229//2229 2231//2231 2228//2228 
f 2229//2229 2235//2235 2234//2234 
f 2229//2229 2234//2234 2222//2222 
f 2230//2230 2234//2234 2235//2235 
f 2230//2230 2235//2235 2239//2239 
f 2228//2228 2230//2230 2239//2239 
f 2229//2229 2240//2240 2235//2235 
f 2239//2239 2235//2235 2240//2240 
f 2239//2239 2240//2240 2238//2238 
f 2228//2228 2238//2238 2236//2236 
f 2228//2228 2236//2236 2241//2241 
f 2242//2242 2228//2228 2241//2241 
f 2242//2242 2248//2248 2229//2229 
f 2229//2229 2248//2248 2243//2243 
f 2236//2236 2243//2243 2248//2248 
f 2236//2236 2248//2248 2244//2244 
f 2241//2241 2244//2244 2245//2245 
f 2242//2242 2251//2251 2256//2256 
f 2245//2245 2256//2256 2251//2251 
f 2245//2245 2251//2251 2246//2246 
f 2241//2241 2246//2246 2252//2252 
f 2241//2241 2252//2252 2247//2247 
f 2257//2257 2241//2241 2247//2247 
f 2263//2263 2250//2250 2257//2257 
f 2257//2257 2250//2250 2242//2242 
f 2252//2252 2250//2250 2263//2263 
f 2252//2252 2263//2263 2253//2253 
f 2247//2247 2252//2252 2253//2253 
f 2247//2247 2253//2253 2255//2255 
f 2260//2260 2247//2247 2255//2255 
f 2260//2260 2254//2254 2263//2263 
f 2260//2260 2263//2263 2257//2257 
f 2253//2253 2263//2263 2254//2254 
f 2253//2253 2254//2254 2258//2258 
f 2255//2255 2253//2253 2258//2258 
f 2255//2255 2258//2258 2259//2259 
f 2260//2260 2255//2255 2261//2261 
f 2261//2261 2271//2271 2260//2260 
f 2260//2260 2271//2271 2270//2270 
f 2259//2259 2270//2270 2271//2271 
f 2259//2259 2271//2271 2262//2262 
f 2255//2255 2259//2259 2262//2262 
f 2255//2255 2262//2262 2265//2265 
f 2261//2261 2265//2265 2273//2273 
f 2273//2273 2266//2266 2261//2261 
f 2266//2266 2271//2271 2261//2261 
f 2262//2262 2271//2271 2266//2266 
f 2262//2262 2266//2266 2272//2272 
f 2265//2265 2272//2272 2268//2268 
f 2268//2268 2272//2272 2274//2274 
f 2273//2273 2269//2269 2278//2278 
f 2274//2274 2278//2278 2269//2269 
f 2274//2274 2269//2269 2276//2276 
f 2268//2268 2276//2276 2279//2279 
f 2268//2268 2279//2279 2277//2277 
f 2280//2280 2268//2268 2277//2277 
f 2275//2275 2287//2287 2280//2280 
f 2280//2280 2287//2287 2273//2273 
f 2279//2279 2287//2287 2275//2275 
f 2279//2279 2275//2275 2286//2286 
f 2277//2277 2279//2279 2286//2286 
f 2280//2280 2277//2277 2281//2281 
f 2281//2281 2288//2288 2280//2280 
f 2277//2277 2282//2282 2284//2284 
f 2284//2284 2282//2282 2285//2285 
f 2281//2281 2284//2284 2289//2289 
f 2289//2289 2267//2267 2281//2281 
f 2281//2281 2267//2267 2264//2264 
f 2285//2285 2264//2264 2267//2267 
f 2285//2285 2267//2267 2249//2249 
f 2284//2284 2285//2285 2249//2249 
f 2284//2284 2249//2249 2237//2237 
f 2237//2237 2249//2249 2233//2233 
f 2289//2289 2290//2290 2220//2220 
f 2233//2233 2220//2220 2290//2290 
f 2233//2233 2290//2290 2212//2212 
f 2237//2237 2233//2233 2212//2212 
f 2212//2212 2290//2290 2201//2201 
f 2249//2249 2220//2220 2233//2233 
f 2249//2249 2267//2267 2220//2220 
f 2289//2289 2220//2220 2267//2267 
f 2289//2289 2284//2284 2237//2237 
f 2282//2282 2264//2264 2285//2285 
f 2282//2282 2288//2288 2264//2264 
f 2286//2286 2288//2288 2282//2282 
f 2281//2281 2264//2264 2288//2288 
f 2281//2281 2277//2277 2284//2284 
f 2286//2286 2282//2282 2277//2277 
f 2286//2286 2275//2275 2288//2288 
f 2280//2280 2288//2288 2275//2275 
f 2273//2273 2268//2268 2280//2280 
f 2276//2276 2287//2287 2279//2279 
f 2276//2276 2269//2269 2287//2287 
f 2273//2273 2287//2287 2269//2269 
f 2268//2268 2274//2274 2276//2276 
f 2272//2272 2278//2278 2274//2274 
f 2272//2272 2266//2266 2278//2278 
f 2273//2273 2278//2278 2266//2266 
f 2273//2273 2265//2265 2268//2268 
f 2265//2265 2262//2262 2272//2272 
f 2261//2261 2255//2255 2265//2265 
f 2258//2258 2270//2270 2259//2259 
f 2258//2258 2254//2254 2270//2270 
f 2260//2260 2270//2270 2254//2254 
f 2257//2257 2247//2247 2260//2260 
f 2242//2242 2241//2241 2257//2257 
f 2246//2246 2250//2250 2252//2252 
f 2246//2246 2251//2251 2250//2250 
f 2242//2242 2250//2250 2251//2251 
f 2241//2241 2245//2245 2246//2246 
f 2244//2244 2256//2256 2245//2245 
f 2244//2244 2248//2248 2256//2256 
f 2242//2242 2256//2256 2248//2248 
f 2229//2229 2228//2228 2242//2242 
f 2241//2241 2236//2236 2244//2244 
f 2238//2238 2243//2243 2236//2236 
f 2238//2238 2240//2240 2243//2243 
f 2229//2229 2243//2243 2240//2240 
f 2228//2228 2239//2239 2238//2238 
f 2222//2222 2231//2231 2229//2229 
f 2221//2221 2227//2227 2232//2232 
f 2221//2221 2225//2225 2227//2227 
f 2222//2222 2227//2227 2225//2225 
f 2223//2223 2218//2218 2222//2222 
f 2224//2224 2225//2225 2221//2221 
f 2224//2224 2226//2226 2225//2225 
f 2223//2223 2225//2225 2226//2226 
f 2218//2218 2213//2213 2224//2224 
f 2204//2204 2206//2206 2223//2223 
f 2211//2211 2217//2217 2214//2214 
f 2211//2211 2210//2210 2217//2217 
f 2204//2204 2217//2217 2210//2210 
f 2215//2215 2216//2216 2209//2209 
f 2215//2215 2207//2207 2216//2216 
f 2202//2202 2207//2207 2215//2215 
f 2204//2204 2216//2216 2207//2207 
f 2204//2204 2205//2205 2206//2206 
f 2202//2202 2215//2215 2205//2205 
f 2202//2202 2203//2203 2207//2207 
f 2292//2292 2207//2207 2203//2203 
f 2205//2205 2208//2208 2202//2202 
f 2283//2283 2291//2291 2208//2208 
f 2283//2283 2201//2201 2291//2291 
f 2212//2212 2201//2201 2283//2283 
f 2292//2292 2291//2291 2201//2201 
f 2292//2292 2237//2237 2205//2205 
f 2289//2289 2201//2201 2290//2290 
f 2293//2293 2381//2381 2367//2367 
f 2367//2367 2377//2377 2293//2293 
f 2293//2293 2295//2295 2381//2381 
f 2299//2299 2381//2381 2295//2295 
f 2299//2299 2295//2295 2384//2384 
f 2299//2299 2384//2384 2377//2377 
f 2377//2377 2384//2384 2294//2294 
f 2293//2293 2377//2377 2294//2294 
f 2293//2293 2302//2302 2295//2295 
f 2384//2384 2295//2295 2302//2302 
f 2384//2384 2302//2302 2383//2383 
f 2294//2294 2384//2384 2383//2383 
f 2296//2296 2304//2304 2302//2302 
f 2296//2296 2302//2302 2293//2293 
f 2383//2383 2302//2302 2304//2304 
f 2383//2383 2304//2304 2297//2297 
f 2294//2294 2383//2383 2297//2297 
f 2294//2294 2297//2297 2298//2298 
f 2309//2309 2294//2294 2298//2298 
f 2309//2309 2311//2311 2308//2308 
f 2309//2309 2308//2308 2296//2296 
f 2296//2296 2308//2308 2304//2304 
f 2297//2297 2304//2304 2308//2308 
f 2297//2297 2308//2308 2300//2300 
f 2300//2300 2308//2308 2311//2311 
f 2300//2300 2311//2311 2301//2301 
f 2298//2298 2300//2300 2301//2301 
f 2309//2309 2298//2298 2305//2305 
f 2305//2305 2313//2313 2309//2309 
f 2309//2309 2313//2313 2310//2310 
f 2310//2310 2311//2311 2309//2309 
f 2301//2301 2311//2311 2310//2310 
f 2301//2301 2310//2310 2306//2306 
f 2306//2306 2310//2310 2313//2313 
f 2306//2306 2313//2313 2323//2323 
f 2315//2315 2306//2306 2323//2323 
f 2305//2305 2315//2315 2316//2316 
f 2316//2316 2312//2312 2305//2305 
f 2305//2305 2312//2312 2313//2313 
f 2323//2323 2313//2313 2312//2312 
f 2323//2323 2312//2312 2318//2318 
f 2315//2315 2318//2318 2317//2317 
f 2317//2317 2318//2318 2324//2324 
f 2316//2316 2330//2330 2319//2319 
f 2324//2324 2319//2319 2330//2330 
f 2324//2324 2330//2330 2320//2320 
f 2317//2317 2324//2324 2320//2320 
f 2317//2317 2320//2320 2326//2326 
f 2321//2321 2317//2317 2326//2326 
f 2321//2321 2330//2330 2316//2316 
f 2326//2326 2320//2320 2322//2322 
f 2321//2321 2328//2328 2325//2325 
f 2322//2322 2325//2325 2328//2328 
f 2322//2322 2328//2328 2327//2327 
f 2326//2326 2322//2322 2327//2327 
f 2326//2326 2327//2327 2331//2331 
f 2326//2326 2331//2331 2329//2329 
f 2333//2333 2326//2326 2329//2329 
f 2333//2333 2337//2337 2339//2339 
f 2333//2333 2339//2339 2321//2321 
f 2331//2331 2339//2339 2337//2337 
f 2331//2331 2337//2337 2332//2332 
f 2331//2331 2332//2332 2329//2329 
f 2329//2329 2332//2332 2334//2334 
f 2342//2342 2329//2329 2334//2334 
f 2342//2342 2340//2340 2333//2333 
f 2340//2340 2337//2337 2333//2333 
f 2332//2332 2337//2337 2340//2340 
f 2332//2332 2340//2340 2335//2335 
f 2334//2334 2335//2335 2348//2348 
f 2342//2342 2338//2338 2347//2347 
f 2348//2348 2347//2347 2338//2338 
f 2348//2348 2338//2338 2344//2344 
f 2334//2334 2344//2344 2341//2341 
f 2334//2334 2341//2341 2354//2354 
f 2346//2346 2334//2334 2354//2354 
f 2346//2346 2350//2350 2349//2349 
f 2346//2346 2349//2349 2342//2342 
f 2341//2341 2349//2349 2350//2350 
f 2341//2341 2350//2350 2345//2345 
f 2354//2354 2341//2341 2345//2345 
f 2346//2346 2355//2355 2350//2350 
f 2345//2345 2350//2350 2355//2355 
f 2345//2345 2355//2355 2351//2351 
f 2354//2354 2345//2345 2351//2351 
f 2354//2354 2351//2351 2356//2356 
f 2354//2354 2356//2356 2352//2352 
f 2358//2358 2354//2354 2352//2352 
f 2358//2358 2364//2364 2353//2353 
f 2358//2358 2353//2353 2346//2346 
f 2356//2356 2353//2353 2364//2364 
f 2356//2356 2364//2364 2363//2363 
f 2352//2352 2356//2356 2363//2363 
f 2352//2352 2363//2363 2359//2359 
f 2360//2360 2352//2352 2359//2359 
f 2360//2360 2361//2361 2358//2358 
f 2358//2358 2361//2361 2364//2364 
f 2363//2363 2364//2364 2361//2361 
f 2363//2363 2361//2361 2373//2373 
f 2359//2359 2373//2373 2370//2370 
f 2360//2360 2359//2359 2365//2365 
f 2365//2365 2371//2371 2360//2360 
f 2360//2360 2371//2371 2366//2366 
f 2370//2370 2366//2366 2371//2371 
f 2370//2370 2371//2371 2369//2369 
f 2379//2379 2369//2369 2368//2368 
f 2365//2365 2379//2379 2374//2374 
f 2374//2374 2375//2375 2365//2365 
f 2375//2375 2380//2380 2365//2365 
f 2368//2368 2380//2380 2375//2375 
f 2368//2368 2375//2375 2372//2372 
f 2376//2376 2368//2368 2372//2372 
f 2374//2374 2357//2357 2375//2375 
f 2372//2372 2375//2375 2357//2357 
f 2372//2372 2357//2357 2382//2382 
f 2376//2376 2372//2372 2382//2382 
f 2376//2376 2382//2382 2378//2378 
f 2367//2367 2376//2376 2378//2378 
f 2367//2367 2307//2307 2362//2362 
f 2367//2367 2362//2362 2374//2374 
f 2362//2362 2357//2357 2374//2374 
f 2382//2382 2357//2357 2362//2362 
f 2382//2382 2362//2362 2343//2343 
f 2343//2343 2362//2362 2307//2307 
f 2343//2343 2307//2307 2336//2336 
f 2378//2378 2343//2343 2336//2336 
f 2314//2314 2307//2307 2367//2367 
f 2336//2336 2307//2307 2314//2314 
f 2336//2336 2314//2314 2303//2303 
f 2378//2378 2303//2303 2377//2377 
f 2377//2377 2303//2303 2299//2299 
f 2303//2303 2381//2381 2299//2299 
f 2303//2303 2314//2314 2381//2381 
f 2378//2378 2336//2336 2303//2303 
f 2374//2374 2376//2376 2367//2367 
f 2378//2378 2382//2382 2343//2343 
f 2379//2379 2368//2368 2376//2376 
f 2374//2374 2379//2379 2376//2376 
f 2369//2369 2380//2380 2368//2368 
f 2359//2359 2369//2369 2379//2379 
f 2369//2369 2371//2371 2380//2380 
f 2365//2365 2380//2380 2371//2371 
f 2365//2365 2359//2359 2379//2379 
f 2359//2359 2370//2370 2369//2369 
f 2373//2373 2366//2366 2370//2370 
f 2373//2373 2361//2361 2366//2366 
f 2360//2360 2366//2366 2361//2361 
f 2358//2358 2352//2352 2360//2360 
f 2359//2359 2363//2363 2373//2373 
f 2346//2346 2354//2354 2358//2358 
f 2351//2351 2353//2353 2356//2356 
f 2351//2351 2355//2355 2353//2353 
f 2346//2346 2353//2353 2355//2355 
f 2342//2342 2334//2334 2346//2346 
f 2344//2344 2349//2349 2341//2341 
f 2344//2344 2338//2338 2349//2349 
f 2342//2342 2349//2349 2338//2338 
f 2334//2334 2348//2348 2344//2344 
f 2335//2335 2347//2347 2348//2348 
f 2335//2335 2340//2340 2347//2347 
f 2342//2342 2347//2347 2340//2340 
f 2333//2333 2329//2329 2342//2342 
f 2334//2334 2332//2332 2335//2335 
f 2321//2321 2326//2326 2333//2333 
f 2327//2327 2339//2339 2331//2331 
f 2327//2327 2328//2328 2339//2339 
f 2321//2321 2339//2339 2328//2328 
f 2320//2320 2325//2325 2322//2322 
f 2320//2320 2330//2330 2325//2325 
f 2321//2321 2325//2325 2330//2330 
f 2316//2316 2317//2317 2321//2321 
f 2318//2318 2319//2319 2324//2324 
f 2318//2318 2312//2312 2319//2319 
f 2316//2316 2319//2319 2312//2312 
f 2316//2316 2315//2315 2317//2317 
f 2315//2315 2323//2323 2318//2318 
f 2298//2298 2306//2306 2315//2315 
f 2305//2305 2298//2298 2315//2315 
f 2298//2298 2301//2301 2306//2306 
f 2296//2296 2294//2294 2309//2309 
f 2298//2298 2297//2297 2300//2300 
f 2293//2293 2294//2294 2296//2296 
f 2367//2367 2378//2378 2377//2377 
f 2367//2367 2381//2381 2314//2314 
f 2392//2392 2386//2386 2413//2413 
f 2496//2496 2428//2428 2386//2386 
f 2453//2453 2413//2413 2386//2386 
f 2413//2413 2394//2394 2440//2440 
f 2440//2440 2437//2437 2413//2413 
f 2437//2437 2428//2428 2413//2413 
f 2428//2428 2385//2385 2413//2413 
f 2496//2496 2413//2413 2600//2600 
f 2496//2496 2600//2600 2526//2526 
f 2496//2496 2385//2385 2428//2428 
f 2389//2389 2458//2458 2428//2428 
f 2428//2428 2458//2458 2386//2386 
f 2386//2386 2458//2458 2396//2396 
f 2396//2396 2413//2413 2453//2453 
f 2393//2393 2453//2453 2386//2386 
f 2453//2453 2388//2388 2396//2396 
f 2388//2388 2393//2393 2396//2396 
f 2464//2464 2453//2453 2393//2393 
f 2464//2464 2394//2394 2453//2453 
f 2458//2458 2453//2453 2394//2394 
f 2388//2388 2458//2458 2717//2717 
f 2717//2717 2464//2464 2388//2388 
f 2696//2696 2482//2482 2402//2402 
f 2402//2402 2706//2706 2696//2696 
f 2696//2696 2706//2706 2436//2436 
f 2397//2397 2696//2696 2407//2407 
f 2407//2407 2473//2473 2397//2397 
f 2696//2696 2495//2495 2407//2407 
f 2407//2407 2436//2436 2482//2482 
f 2482//2482 2436//2436 2706//2706 
f 2482//2482 2391//2391 2402//2402 
f 2482//2482 2574//2574 2676//2676 
f 2676//2676 2390//2390 2482//2482 
f 2482//2482 2390//2390 2407//2407 
f 2390//2390 2473//2473 2407//2407 
f 2681//2681 2473//2473 2390//2390 
f 2495//2495 2473//2473 2681//2681 
f 2681//2681 2387//2387 2495//2495 
f 2495//2495 2387//2387 2678//2678 
f 2495//2495 2678//2678 2623//2623 
f 2495//2495 2623//2623 2436//2436 
f 2436//2436 2407//2407 2495//2495 
f 2464//2464 2482//2482 2386//2386 
f 2717//2717 2468//2468 2482//2482 
f 2402//2402 2574//2574 2706//2706 
f 2574//2574 2391//2391 2706//2706 
f 2402//2402 2391//2391 2531//2531 
f 2402//2402 2531//2531 2676//2676 
f 2531//2531 2438//2438 2676//2676 
f 2438//2438 2400//2400 2676//2676 
f 2676//2676 2400//2400 2390//2390 
f 2390//2390 2725//2725 2401//2401 
f 2401//2401 2690//2690 2390//2390 
f 2423//2423 2681//2681 2390//2390 
f 2722//2722 2423//2423 2401//2401 
f 2722//2722 2424//2424 2423//2423 
f 2423//2423 2424//2424 2675//2675 
f 2675//2675 2487//2487 2423//2423 
f 2423//2423 2487//2487 2414//2414 
f 2414//2414 2523//2523 2423//2423 
f 2423//2423 2523//2523 2688//2688 
f 2523//2523 2414//2414 2681//2681 
f 2681//2681 2414//2414 2537//2537 
f 2681//2681 2537//2537 2387//2387 
f 2397//2397 2387//2387 2537//2537 
f 2537//2537 2573//2573 2397//2397 
f 2573//2573 2523//2523 2397//2397 
f 2523//2523 2681//2681 2397//2397 
f 2482//2482 2397//2397 2574//2574 
f 2574//2574 2402//2402 2676//2676 
f 2574//2574 2449//2449 2391//2391 
f 2449//2449 2531//2531 2391//2391 
f 2574//2574 2400//2400 2449//2449 
f 2449//2449 2400//2400 2438//2438 
f 2449//2449 2438//2438 2642//2642 
f 2642//2642 2399//2399 2449//2449 
f 2422//2422 2399//2399 2531//2531 
f 2449//2449 2399//2399 2409//2409 
f 2409//2409 2654//2654 2405//2405 
f 2405//2405 2654//2654 2642//2642 
f 2405//2405 2642//2642 2528//2528 
f 2405//2405 2528//2528 2433//2433 
f 2433//2433 2412//2412 2405//2405 
f 2405//2405 2412//2412 2403//2403 
f 2405//2405 2403//2403 2410//2410 
f 2410//2410 2404//2404 2405//2405 
f 2446//2446 2449//2449 2405//2405 
f 2405//2405 2616//2616 2446//2446 
f 2449//2449 2446//2446 2720//2720 
f 2616//2616 2422//2422 2446//2446 
f 2720//2720 2446//2446 2404//2404 
f 2616//2616 2451//2451 2403//2403 
f 2412//2412 2616//2616 2403//2403 
f 2616//2616 2412//2412 2528//2528 
f 2444//2444 2616//2616 2528//2528 
f 2444//2444 2528//2528 2401//2401 
f 2434//2434 2401//2401 2642//2642 
f 2401//2401 2639//2639 2444//2444 
f 2390//2390 2444//2444 2725//2725 
f 2574//2574 2444//2444 2642//2642 
f 2574//2574 2642//2642 2400//2400 
f 2390//2390 2400//2400 2687//2687 
f 2642//2642 2687//2687 2400//2400 
f 2438//2438 2531//2531 2444//2444 
f 2531//2531 2399//2399 2444//2444 
f 2444//2444 2399//2399 2654//2654 
f 2642//2642 2654//2654 2399//2399 
f 2616//2616 2654//2654 2409//2409 
f 2616//2616 2409//2409 2422//2422 
f 2405//2405 2451//2451 2616//2616 
f 2438//2438 2687//2687 2642//2642 
f 2438//2438 2444//2444 2687//2687 
f 2444//2444 2639//2639 2642//2642 
f 2642//2642 2639//2639 2434//2434 
f 2412//2412 2736//2736 2401//2401 
f 2401//2401 2736//2736 2722//2722 
f 2722//2722 2736//2736 2434//2434 
f 2434//2434 2736//2736 2433//2433 
f 2528//2528 2434//2434 2433//2433 
f 2528//2528 2412//2412 2434//2434 
f 2433//2433 2562//2562 2410//2410 
f 2410//2410 2412//2412 2433//2433 
f 2425//2425 2562//2562 2412//2412 
f 2412//2412 2562//2562 2675//2675 
f 2675//2675 2736//2736 2412//2412 
f 2433//2433 2736//2736 2424//2424 
f 2433//2433 2424//2424 2598//2598 
f 2598//2598 2487//2487 2433//2433 
f 2487//2487 2634//2634 2433//2433 
f 2634//2634 2633//2633 2433//2433 
f 2633//2633 2461//2461 2433//2433 
f 2433//2433 2461//2461 2408//2408 
f 2433//2433 2408//2408 2398//2398 
f 2398//2398 2679//2679 2433//2433 
f 2622//2622 2675//2675 2679//2679 
f 2622//2622 2679//2679 2425//2425 
f 2425//2425 2615//2615 2622//2622 
f 2622//2622 2615//2615 2640//2640 
f 2622//2622 2640//2640 2432//2432 
f 2622//2622 2532//2532 2614//2614 
f 2614//2614 2461//2461 2622//2622 
f 2622//2622 2461//2461 2398//2398 
f 2532//2532 2572//2572 2398//2398 
f 2572//2572 2640//2640 2398//2398 
f 2398//2398 2640//2640 2615//2615 
f 2398//2398 2615//2615 2410//2410 
f 2410//2410 2679//2679 2398//2398 
f 2425//2425 2679//2679 2562//2562 
f 2410//2410 2562//2562 2679//2679 
f 2615//2615 2641//2641 2410//2410 
f 2410//2410 2641//2641 2456//2456 
f 2456//2456 2448//2448 2410//2410 
f 2412//2412 2451//2451 2425//2425 
f 2403//2403 2451//2451 2410//2410 
f 2411//2411 2425//2425 2451//2451 
f 2410//2410 2448//2448 2411//2411 
f 2410//2410 2411//2411 2450//2450 
f 2450//2450 2395//2395 2410//2410 
f 2410//2410 2395//2395 2422//2422 
f 2410//2410 2422//2422 2720//2720 
f 2449//2449 2721//2721 2422//2422 
f 2717//2717 2419//2419 2468//2468 
f 2419//2419 2721//2721 2468//2468 
f 2449//2449 2468//2468 2721//2721 
f 2449//2449 2720//2720 2419//2419 
f 2416//2416 2418//2418 2706//2706 
f 2717//2717 2418//2418 2721//2721 
f 2720//2720 2717//2717 2721//2721 
f 2721//2721 2418//2418 2713//2713 
f 2720//2720 2418//2418 2416//2416 
f 2720//2720 2713//2713 2418//2418 
f 2713//2713 2430//2430 2454//2454 
f 2454//2454 2415//2415 2713//2713 
f 2713//2713 2415//2415 2422//2422 
f 2422//2422 2415//2415 2720//2720 
f 2415//2415 2450//2450 2720//2720 
f 2450//2450 2430//2430 2720//2720 
f 2430//2430 2443//2443 2700//2700 
f 2700//2700 2443//2443 2450//2450 
f 2450//2450 2609//2609 2700//2700 
f 2609//2609 2429//2429 2700//2700 
f 2700//2700 2447//2447 2714//2714 
f 2714//2714 2699//2699 2700//2700 
f 2700//2700 2699//2699 2420//2420 
f 2700//2700 2420//2420 2720//2720 
f 2420//2420 2426//2426 2720//2720 
f 2720//2720 2426//2426 2677//2677 
f 2677//2677 2445//2445 2720//2720 
f 2445//2445 2431//2431 2720//2720 
f 2431//2431 2421//2421 2713//2713 
f 2508//2508 2713//2713 2421//2421 
f 2717//2717 2421//2421 2418//2418 
f 2418//2418 2421//2421 2431//2431 
f 2418//2418 2508//2508 2392//2392 
f 2440//2440 2394//2394 2392//2392 
f 2392//2392 2394//2394 2464//2464 
f 2717//2717 2458//2458 2440//2440 
f 2440//2440 2392//2392 2406//2406 
f 2717//2717 2440//2440 2406//2406 
f 2435//2435 2437//2437 2677//2677 
f 2677//2677 2437//2437 2440//2440 
f 2437//2437 2716//2716 2389//2389 
f 2435//2435 2716//2716 2437//2437 
f 2713//2713 2716//2716 2718//2718 
f 2718//2718 2427//2427 2713//2713 
f 2427//2427 2698//2698 2713//2713 
f 2698//2698 2427//2427 2677//2677 
f 2677//2677 2427//2427 2442//2442 
f 2442//2442 2435//2435 2677//2677 
f 2427//2427 2718//2718 2506//2506 
f 2427//2427 2506//2506 2607//2607 
f 2427//2427 2714//2714 2475//2475 
f 2714//2714 2704//2704 2475//2475 
f 2704//2704 2579//2579 2475//2475 
f 2442//2442 2437//2437 2718//2718 
f 2442//2442 2718//2718 2435//2435 
f 2716//2716 2435//2435 2718//2718 
f 2389//2389 2718//2718 2437//2437 
f 2718//2718 2620//2620 2506//2506 
f 2439//2439 2715//2715 2475//2475 
f 2475//2475 2579//2579 2439//2439 
f 2439//2439 2719//2719 2700//2700 
f 2700//2700 2556//2556 2439//2439 
f 2439//2439 2556//2556 2493//2493 
f 2439//2439 2493//2493 2459//2459 
f 2715//2715 2417//2417 2447//2447 
f 2417//2417 2493//2493 2447//2447 
f 2447//2447 2493//2493 2556//2556 
f 2447//2447 2556//2556 2492//2492 
f 2447//2447 2719//2719 2607//2607 
f 2704//2704 2447//2447 2607//2607 
f 2714//2714 2439//2439 2704//2704 
f 2607//2607 2506//2506 2579//2579 
f 2677//2677 2714//2714 2698//2698 
f 2677//2677 2713//2713 2406//2406 
f 2445//2445 2406//2406 2392//2392 
f 2392//2392 2717//2717 2445//2445 
f 2445//2445 2717//2717 2713//2713 
f 2406//2406 2713//2713 2717//2717 
f 2445//2445 2677//2677 2406//2406 
f 2426//2426 2420//2420 2713//2713 
f 2426//2426 2699//2699 2714//2714 
f 2607//2607 2420//2420 2699//2699 
f 2420//2420 2607//2607 2441//2441 
f 2713//2713 2420//2420 2441//2441 
f 2430//2430 2713//2713 2441//2441 
f 2441//2441 2443//2443 2430//2430 
f 2450//2450 2443//2443 2454//2454 
f 2443//2443 2441//2441 2454//2454 
f 2454//2454 2441//2441 2609//2609 
f 2454//2454 2609//2609 2425//2425 
f 2425//2425 2448//2448 2454//2454 
f 2454//2454 2448//2448 2613//2613 
f 2451//2451 2454//2454 2613//2613 
f 2451//2451 2613//2613 2411//2411 
f 2411//2411 2613//2613 2450//2450 
f 2613//2613 2456//2456 2450//2450 
f 2462//2462 2450//2450 2456//2456 
f 2425//2425 2462//2462 2492//2492 
f 2492//2492 2456//2456 2425//2425 
f 2425//2425 2456//2456 2741//2741 
f 2741//2741 2432//2432 2425//2425 
f 2432//2432 2640//2640 2425//2425 
f 2456//2456 2613//2613 2448//2448 
f 2425//2425 2411//2411 2448//2448 
f 2456//2456 2641//2641 2572//2572 
f 2572//2572 2741//2741 2456//2456 
f 2741//2741 2492//2492 2432//2432 
f 2492//2492 2556//2556 2432//2432 
f 2432//2432 2556//2556 2452//2452 
f 2572//2572 2452//2452 2556//2556 
f 2556//2556 2700//2700 2572//2572 
f 2492//2492 2572//2572 2700//2700 
f 2572//2572 2492//2492 2741//2741 
f 2456//2456 2492//2492 2700//2700 
f 2700//2700 2462//2462 2456//2456 
f 2462//2462 2429//2429 2492//2492 
f 2441//2441 2492//2492 2429//2429 
f 2447//2447 2492//2492 2441//2441 
f 2714//2714 2447//2447 2441//2441 
f 2607//2607 2719//2719 2441//2441 
f 2714//2714 2441//2441 2719//2719 
f 2429//2429 2462//2462 2700//2700 
f 2459//2459 2452//2452 2572//2572 
f 2572//2572 2465//2465 2459//2459 
f 2465//2465 2467//2467 2459//2459 
f 2499//2499 2467//2467 2463//2463 
f 2499//2499 2463//2463 2457//2457 
f 2499//2499 2457//2457 2547//2547 
f 2547//2547 2481//2481 2499//2499 
f 2499//2499 2481//2481 2498//2498 
f 2498//2498 2455//2455 2499//2499 
f 2499//2499 2455//2455 2475//2475 
f 2459//2459 2697//2697 2475//2475 
f 2611//2611 2459//2459 2475//2475 
f 2459//2459 2611//2611 2439//2439 
f 2439//2439 2611//2611 2417//2417 
f 2417//2417 2611//2611 2506//2506 
f 2506//2506 2459//2459 2417//2417 
f 2417//2417 2459//2459 2499//2499 
f 2417//2417 2499//2499 2474//2474 
f 2474//2474 2467//2467 2417//2417 
f 2463//2463 2467//2467 2474//2474 
f 2457//2457 2463//2463 2465//2465 
f 2465//2465 2463//2463 2466//2466 
f 2465//2465 2572//2572 2457//2457 
f 2572//2572 2466//2466 2457//2457 
f 2457//2457 2466//2466 2490//2490 
f 2490//2490 2469//2469 2457//2457 
f 2457//2457 2469//2469 2489//2489 
f 2489//2489 2479//2479 2457//2457 
f 2457//2457 2479//2479 2474//2474 
f 2474//2474 2479//2479 2466//2466 
f 2466//2466 2463//2463 2474//2474 
f 2466//2466 2479//2479 2470//2470 
f 2466//2466 2470//2470 2469//2469 
f 2561//2561 2466//2466 2469//2469 
f 2469//2469 2483//2483 2561//2561 
f 2561//2561 2483//2483 2470//2470 
f 2470//2470 2510//2510 2561//2561 
f 2614//2614 2561//2561 2589//2589 
f 2634//2634 2461//2461 2614//2614 
f 2460//2460 2398//2398 2461//2461 
f 2460//2460 2461//2461 2633//2633 
f 2512//2512 2460//2460 2633//2633 
f 2512//2512 2614//2614 2460//2460 
f 2614//2614 2471//2471 2460//2460 
f 2460//2460 2510//2510 2490//2490 
f 2460//2460 2490//2490 2398//2398 
f 2398//2398 2561//2561 2532//2532 
f 2532//2532 2561//2561 2614//2614 
f 2490//2490 2561//2561 2398//2398 
f 2432//2432 2472//2472 2561//2561 
f 2472//2472 2466//2466 2561//2561 
f 2466//2466 2472//2472 2490//2490 
f 2472//2472 2572//2572 2490//2490 
f 2490//2490 2622//2622 2561//2561 
f 2572//2572 2532//2532 2490//2490 
f 2532//2532 2622//2622 2490//2490 
f 2417//2417 2466//2466 2432//2432 
f 2467//2467 2466//2466 2417//2417 
f 2465//2465 2466//2466 2467//2467 
f 2572//2572 2432//2432 2466//2466 
f 2572//2572 2472//2472 2432//2432 
f 2432//2432 2561//2561 2622//2622 
f 2490//2490 2510//2510 2489//2489 
f 2489//2489 2483//2483 2490//2490 
f 2469//2469 2470//2470 2489//2489 
f 2471//2471 2739//2739 2489//2489 
f 2489//2489 2491//2491 2481//2481 
f 2481//2481 2476//2476 2475//2475 
f 2455//2455 2481//2481 2475//2475 
f 2474//2474 2498//2498 2470//2470 
f 2547//2547 2489//2489 2481//2481 
f 2489//2489 2547//2547 2479//2479 
f 2470//2470 2479//2479 2547//2547 
f 2480//2480 2491//2491 2470//2470 
f 2673//2673 2501//2501 2491//2491 
f 2491//2491 2501//2501 2481//2481 
f 2501//2501 2511//2511 2481//2481 
f 2481//2481 2511//2511 2480//2480 
f 2511//2511 2491//2491 2480//2480 
f 2478//2478 2511//2511 2626//2626 
f 2626//2626 2518//2518 2478//2478 
f 2478//2478 2518//2518 2624//2624 
f 2554//2554 2673//2673 2505//2505 
f 2505//2505 2494//2494 2554//2554 
f 2554//2554 2696//2696 2436//2436 
f 2696//2696 2623//2623 2473//2473 
f 2683//2683 2540//2540 2473//2473 
f 2540//2540 2387//2387 2473//2473 
f 2397//2397 2473//2473 2387//2387 
f 2678//2678 2540//2540 2414//2414 
f 2634//2634 2512//2512 2678//2678 
f 2678//2678 2512//2512 2471//2471 
f 2678//2678 2471//2471 2614//2614 
f 2678//2678 2614//2614 2502//2502 
f 2502//2502 2516//2516 2678//2678 
f 2473//2473 2678//2678 2484//2484 
f 2623//2623 2678//2678 2473//2473 
f 2678//2678 2516//2516 2484//2484 
f 2471//2471 2683//2683 2484//2484 
f 2573//2573 2683//2683 2486//2486 
f 2486//2486 2633//2633 2573//2573 
f 2523//2523 2573//2573 2598//2598 
f 2598//2598 2688//2688 2523//2523 
f 2573//2573 2487//2487 2598//2598 
f 2573//2573 2414//2414 2487//2487 
f 2414//2414 2634//2634 2486//2486 
f 2633//2633 2683//2683 2512//2512 
f 2614//2614 2512//2512 2634//2634 
f 2471//2471 2512//2512 2683//2683 
f 2633//2633 2678//2678 2683//2683 
f 2486//2486 2634//2634 2678//2678 
f 2633//2633 2486//2486 2678//2678 
f 2634//2634 2487//2487 2675//2675 
f 2675//2675 2408//2408 2634//2634 
f 2408//2408 2461//2461 2634//2634 
f 2408//2408 2675//2675 2398//2398 
f 2633//2633 2634//2634 2573//2573 
f 2573//2573 2634//2634 2414//2414 
f 2683//2683 2414//2414 2486//2486 
f 2540//2540 2683//2683 2573//2573 
f 2537//2537 2414//2414 2540//2540 
f 2573//2573 2537//2537 2540//2540 
f 2491//2491 2739//2739 2470//2470 
f 2489//2489 2478//2478 2491//2491 
f 2478//2478 2505//2505 2491//2491 
f 2505//2505 2673//2673 2739//2739 
f 2494//2494 2505//2505 2478//2478 
f 2514//2514 2494//2494 2478//2478 
f 2739//2739 2471//2471 2494//2494 
f 2494//2494 2471//2471 2554//2554 
f 2471//2471 2502//2502 2554//2554 
f 2471//2471 2477//2477 2502//2502 
f 2477//2477 2436//2436 2502//2502 
f 2703//2703 2502//2502 2436//2436 
f 2436//2436 2477//2477 2514//2514 
f 2436//2436 2514//2514 2478//2478 
f 2477//2477 2554//2554 2514//2514 
f 2554//2554 2477//2477 2703//2703 
f 2703//2703 2477//2477 2484//2484 
f 2484//2484 2502//2502 2703//2703 
f 2484//2484 2477//2477 2471//2471 
f 2514//2514 2502//2502 2739//2739 
f 2739//2739 2494//2494 2514//2514 
f 2554//2554 2502//2502 2514//2514 
f 2673//2673 2478//2478 2489//2489 
f 2491//2491 2505//2505 2739//2739 
f 2739//2739 2673//2673 2489//2489 
f 2470//2470 2739//2739 2502//2502 
f 2696//2696 2488//2488 2516//2516 
f 2516//2516 2488//2488 2484//2484 
f 2484//2484 2488//2488 2502//2502 
f 2502//2502 2488//2488 2623//2623 
f 2623//2623 2516//2516 2502//2502 
f 2623//2623 2488//2488 2436//2436 
f 2488//2488 2696//2696 2703//2703 
f 2488//2488 2703//2703 2436//2436 
f 2696//2696 2516//2516 2623//2623 
f 2502//2502 2614//2614 2470//2470 
f 2470//2470 2614//2614 2589//2589 
f 2470//2470 2589//2589 2510//2510 
f 2489//2489 2510//2510 2589//2589 
f 2489//2489 2589//2589 2471//2471 
f 2589//2589 2460//2460 2471//2471 
f 2683//2683 2678//2678 2414//2414 
f 2484//2484 2683//2683 2473//2473 
f 2703//2703 2696//2696 2554//2554 
f 2485//2485 2673//2673 2436//2436 
f 2485//2485 2509//2509 2673//2673 
f 2509//2509 2518//2518 2673//2673 
f 2673//2673 2518//2518 2501//2501 
f 2501//2501 2518//2518 2695//2695 
f 2695//2695 2685//2685 2501//2501 
f 2504//2504 2470//2470 2569//2569 
f 2476//2476 2481//2481 2504//2504 
f 2504//2504 2480//2480 2470//2470 
f 2481//2481 2480//2480 2504//2504 
f 2475//2475 2476//2476 2685//2685 
f 2475//2475 2497//2497 2693//2693 
f 2693//2693 2631//2631 2475//2475 
f 2475//2475 2631//2631 2506//2506 
f 2442//2442 2506//2506 2620//2620 
f 2718//2718 2428//2428 2527//2527 
f 2718//2718 2527//2527 2620//2620 
f 2693//2693 2619//2619 2506//2506 
f 2506//2506 2619//2619 2685//2685 
f 2506//2506 2685//2685 2569//2569 
f 2455//2455 2506//2506 2481//2481 
f 2470//2470 2481//2481 2506//2506 
f 2506//2506 2455//2455 2474//2474 
f 2474//2474 2499//2499 2506//2506 
f 2506//2506 2499//2499 2697//2697 
f 2697//2697 2459//2459 2506//2506 
f 2697//2697 2499//2499 2475//2475 
f 2455//2455 2498//2498 2474//2474 
f 2506//2506 2569//2569 2470//2470 
f 2576//2576 2685//2685 2619//2619 
f 2519//2519 2517//2517 2576//2576 
f 2576//2576 2517//2517 2518//2518 
f 2576//2576 2518//2518 2626//2626 
f 2576//2576 2626//2626 2685//2685 
f 2624//2624 2543//2543 2509//2509 
f 2550//2550 2509//2509 2543//2543 
f 2519//2519 2543//2543 2624//2624 
f 2550//2550 2543//2543 2500//2500 
f 2517//2517 2550//2550 2500//2500 
f 2517//2517 2519//2519 2550//2550 
f 2500//2500 2543//2543 2519//2519 
f 2518//2518 2500//2500 2695//2695 
f 2695//2695 2500//2500 2519//2519 
f 2519//2519 2694//2694 2695//2695 
f 2576//2576 2525//2525 2740//2740 
f 2632//2632 2576//2576 2740//2740 
f 2632//2632 2740//2740 2503//2503 
f 2503//2503 2694//2694 2632//2632 
f 2632//2632 2726//2726 2576//2576 
f 2576//2576 2695//2695 2525//2525 
f 2475//2475 2695//2695 2619//2619 
f 2576//2576 2726//2726 2519//2519 
f 2726//2726 2694//2694 2519//2519 
f 2509//2509 2694//2694 2726//2726 
f 2509//2509 2726//2726 2436//2436 
f 2726//2726 2632//2632 2436//2436 
f 2694//2694 2485//2485 2632//2632 
f 2694//2694 2740//2740 2695//2695 
f 2740//2740 2738//2738 2695//2695 
f 2738//2738 2740//2740 2525//2525 
f 2738//2738 2497//2497 2695//2695 
f 2525//2525 2497//2497 2619//2619 
f 2525//2525 2619//2619 2693//2693 
f 2693//2693 2738//2738 2525//2525 
f 2693//2693 2497//2497 2738//2738 
f 2693//2693 2507//2507 2513//2513 
f 2693//2693 2513//2513 2621//2621 
f 2693//2693 2621//2621 2691//2691 
f 2691//2691 2566//2566 2693//2693 
f 2631//2631 2507//2507 2506//2506 
f 2527//2527 2513//2513 2507//2507 
f 2664//2664 2513//2513 2527//2527 
f 2565//2565 2513//2513 2567//2567 
f 2565//2565 2620//2620 2631//2631 
f 2631//2631 2620//2620 2507//2507 
f 2527//2527 2507//2507 2620//2620 
f 2442//2442 2620//2620 2565//2565 
f 2538//2538 2605//2605 2534//2534 
f 2568//2568 2705//2705 2701//2701 
f 2565//2565 2527//2527 2568//2568 
f 2565//2565 2568//2568 2521//2521 
f 2567//2567 2701//2701 2521//2521 
f 2515//2515 2594//2594 2538//2538 
f 2515//2515 2538//2538 2534//2534 
f 2705//2705 2538//2538 2520//2520 
f 2705//2705 2520//2520 2555//2555 
f 2701//2701 2705//2705 2555//2555 
f 2731//2731 2597//2597 2515//2515 
f 2520//2520 2707//2707 2555//2555 
f 2707//2707 2515//2515 2555//2555 
f 2710//2710 2515//2515 2707//2707 
f 2544//2544 2710//2710 2600//2600 
f 2600//2600 2710//2710 2526//2526 
f 2657//2657 2526//2526 2710//2710 
f 2659//2659 2530//2530 2526//2526 
f 2727//2727 2530//2530 2610//2610 
f 2530//2530 2727//2727 2592//2592 
f 2530//2530 2592//2592 2601//2601 
f 2601//2601 2526//2526 2530//2530 
f 2526//2526 2571//2571 2533//2533 
f 2580//2580 2586//2586 2533//2533 
f 2586//2586 2529//2529 2533//2533 
f 2533//2533 2529//2529 2530//2530 
f 2533//2533 2530//2530 2496//2496 
f 2496//2496 2530//2530 2689//2689 
f 2689//2689 2667//2667 2644//2644 
f 2496//2496 2689//2689 2644//2644 
f 2600//2600 2644//2644 2524//2524 
f 2600//2600 2524//2524 2534//2534 
f 2600//2600 2534//2534 2667//2667 
f 2644//2644 2667//2667 2524//2524 
f 2527//2527 2524//2524 2705//2705 
f 2428//2428 2442//2442 2527//2527 
f 2534//2534 2527//2527 2644//2644 
f 2534//2534 2644//2644 2385//2385 
f 2385//2385 2442//2442 2534//2534 
f 2442//2442 2385//2385 2527//2527 
f 2527//2527 2385//2385 2496//2496 
f 2600//2600 2385//2385 2644//2644 
f 2644//2644 2527//2527 2496//2496 
f 2527//2527 2534//2534 2524//2524 
f 2524//2524 2667//2667 2705//2705 
f 2667//2667 2534//2534 2705//2705 
f 2689//2689 2536//2536 2707//2707 
f 2710//2710 2707//2707 2536//2536 
f 2557//2557 2536//2536 2530//2530 
f 2529//2529 2559//2559 2661//2661 
f 2551//2551 2661//2661 2559//2559 
f 2530//2530 2661//2661 2553//2553 
f 2553//2553 2559//2559 2645//2645 
f 2610//2610 2533//2533 2571//2571 
f 2610//2610 2684//2684 2529//2529 
f 2684//2684 2539//2539 2643//2643 
f 2553//2553 2545//2545 2559//2559 
f 2553//2553 2661//2661 2731//2731 
f 2553//2553 2731//2731 2545//2545 
f 2618//2618 2603//2603 2545//2545 
f 2548//2548 2551//2551 2603//2603 
f 2618//2618 2551//2551 2548//2548 
f 2603//2603 2618//2618 2585//2585 
f 2548//2548 2612//2612 2618//2618 
f 2612//2612 2686//2686 2618//2618 
f 2686//2686 2549//2549 2630//2630 
f 2585//2585 2686//2686 2558//2558 
f 2585//2585 2669//2669 2629//2629 
f 2629//2629 2603//2603 2585//2585 
f 2612//2612 2548//2548 2603//2603 
f 2612//2612 2603//2603 2542//2542 
f 2669//2669 2612//2612 2542//2542 
f 2629//2629 2669//2669 2649//2649 
f 2542//2542 2603//2603 2729//2729 
f 2542//2542 2539//2539 2669//2669 
f 2539//2539 2649//2649 2669//2669 
f 2629//2629 2590//2590 2637//2637 
f 2637//2637 2628//2628 2629//2629 
f 2542//2542 2559//2559 2629//2629 
f 2559//2559 2545//2545 2629//2629 
f 2629//2629 2545//2545 2729//2729 
f 2551//2551 2729//2729 2545//2545 
f 2729//2729 2551//2551 2559//2559 
f 2559//2559 2542//2542 2729//2729 
f 2629//2629 2628//2628 2542//2542 
f 2542//2542 2628//2628 2522//2522 
f 2522//2522 2590//2590 2542//2542 
f 2637//2637 2590//2590 2651//2651 
f 2628//2628 2637//2637 2559//2559 
f 2596//2596 2553//2553 2645//2645 
f 2645//2645 2529//2529 2596//2596 
f 2553//2553 2596//2596 2733//2733 
f 2553//2553 2733//2733 2546//2546 
f 2553//2553 2546//2546 2610//2610 
f 2610//2610 2539//2539 2684//2684 
f 2684//2684 2643//2643 2651//2651 
f 2684//2684 2651//2651 2522//2522 
f 2684//2684 2522//2522 2546//2546 
f 2682//2682 2546//2546 2643//2643 
f 2650//2650 2546//2546 2682//2682 
f 2643//2643 2539//2539 2590//2590 
f 2590//2590 2649//2649 2643//2643 
f 2625//2625 2552//2552 2539//2539 
f 2539//2539 2552//2552 2649//2649 
f 2649//2649 2552//2552 2585//2585 
f 2682//2682 2649//2649 2585//2585 
f 2552//2552 2558//2558 2612//2612 
f 2612//2612 2669//2669 2552//2552 
f 2612//2612 2558//2558 2541//2541 
f 2552//2552 2682//2682 2558//2558 
f 2682//2682 2585//2585 2558//2558 
f 2682//2682 2583//2583 2584//2584 
f 2584//2584 2625//2625 2682//2682 
f 2552//2552 2541//2541 2682//2682 
f 2682//2682 2541//2541 2686//2686 
f 2686//2686 2583//2583 2682//2682 
f 2672//2672 2583//2583 2686//2686 
f 2612//2612 2672//2672 2708//2708 
f 2612//2612 2551//2551 2686//2686 
f 2686//2686 2551//2551 2731//2731 
f 2731//2731 2692//2692 2686//2686 
f 2686//2686 2692//2692 2549//2549 
f 2551//2551 2692//2692 2671//2671 
f 2671//2671 2661//2661 2551//2551 
f 2731//2731 2551//2551 2618//2618 
f 2545//2545 2731//2731 2618//2618 
f 2661//2661 2563//2563 2635//2635 
f 2635//2635 2712//2712 2661//2661 
f 2557//2557 2712//2712 2635//2635 
f 2659//2659 2712//2712 2530//2530 
f 2557//2557 2530//2530 2712//2712 
f 2635//2635 2659//2659 2557//2557 
f 2731//2731 2712//2712 2659//2659 
f 2731//2731 2661//2661 2712//2712 
f 2731//2731 2659//2659 2635//2635 
f 2555//2555 2560//2560 2563//2563 
f 2560//2560 2597//2597 2563//2563 
f 2536//2536 2560//2560 2555//2555 
f 2555//2555 2710//2710 2536//2536 
f 2536//2536 2557//2557 2560//2560 
f 2710//2710 2560//2560 2657//2657 
f 2557//2557 2657//2657 2560//2560 
f 2597//2597 2560//2560 2710//2710 
f 2597//2597 2710//2710 2555//2555 
f 2563//2563 2661//2661 2555//2555 
f 2555//2555 2671//2671 2701//2701 
f 2521//2521 2701//2701 2627//2627 
f 2515//2515 2627//2627 2593//2593 
f 2593//2593 2701//2701 2515//2515 
f 2702//2702 2701//2701 2593//2593 
f 2612//2612 2564//2564 2702//2702 
f 2593//2593 2564//2564 2638//2638 
f 2564//2564 2617//2617 2702//2702 
f 2702//2702 2617//2617 2668//2668 
f 2702//2702 2668//2668 2664//2664 
f 2664//2664 2567//2567 2627//2627 
f 2593//2593 2627//2627 2567//2567 
f 2593//2593 2668//2668 2617//2617 
f 2513//2513 2664//2664 2668//2668 
f 2668//2668 2570//2570 2513//2513 
f 2513//2513 2570//2570 2567//2567 
f 2621//2621 2599//2599 2668//2668 
f 2567//2567 2668//2668 2593//2593 
f 2567//2567 2527//2527 2565//2565 
f 2527//2527 2567//2567 2521//2521 
f 2521//2521 2664//2664 2527//2527 
f 2568//2568 2664//2664 2521//2521 
f 2664//2664 2568//2568 2701//2701 
f 2655//2655 2570//2570 2668//2668 
f 2655//2655 2668//2668 2599//2599 
f 2621//2621 2570//2570 2655//2655 
f 2599//2599 2656//2656 2732//2732 
f 2599//2599 2732//2732 2581//2581 
f 2581//2581 2732//2732 2730//2730 
f 2680//2680 2581//2581 2730//2730 
f 2732//2732 2656//2656 2680//2680 
f 2730//2730 2732//2732 2578//2578 
f 2578//2578 2732//2732 2680//2680 
f 2680//2680 2734//2734 2602//2602 
f 2734//2734 2740//2740 2602//2602 
f 2740//2740 2693//2693 2577//2577 
f 2631//2631 2577//2577 2566//2566 
f 2566//2566 2691//2691 2581//2581 
f 2656//2656 2587//2587 2581//2581 
f 2587//2587 2566//2566 2581//2581 
f 2730//2730 2656//2656 2566//2566 
f 2734//2734 2656//2656 2730//2730 
f 2730//2730 2578//2578 2723//2723 
f 2578//2578 2737//2737 2723//2723 
f 2737//2737 2575//2575 2723//2723 
f 2723//2723 2663//2663 2602//2602 
f 2723//2723 2602//2602 2539//2539 
f 2503//2503 2723//2723 2539//2539 
f 2503//2503 2539//2539 2608//2608 
f 2503//2503 2602//2602 2694//2694 
f 2735//2735 2595//2595 2602//2602 
f 2658//2658 2602//2602 2595//2595 
f 2595//2595 2575//2575 2658//2658 
f 2602//2602 2658//2658 2578//2578 
f 2602//2602 2578//2578 2680//2680 
f 2581//2581 2737//2737 2578//2578 
f 2658//2658 2599//2599 2578//2578 
f 2662//2662 2599//2599 2658//2658 
f 2658//2658 2737//2737 2662//2662 
f 2691//2691 2599//2599 2662//2662 
f 2581//2581 2691//2691 2662//2662 
f 2656//2656 2599//2599 2631//2631 
f 2621//2621 2513//2513 2565//2565 
f 2621//2621 2565//2565 2631//2631 
f 2599//2599 2621//2621 2631//2631 
f 2655//2655 2652//2652 2583//2583 
f 2708//2708 2604//2604 2583//2583 
f 2625//2625 2583//2583 2552//2552 
f 2691//2691 2583//2583 2625//2625 
f 2660//2660 2691//2691 2625//2625 
f 2599//2599 2691//2691 2584//2584 
f 2584//2584 2583//2583 2599//2599 
f 2583//2583 2604//2604 2599//2599 
f 2655//2655 2564//2564 2604//2604 
f 2604//2604 2564//2564 2593//2593 
f 2599//2599 2604//2604 2593//2593 
f 2617//2617 2564//2564 2655//2655 
f 2655//2655 2599//2599 2617//2617 
f 2599//2599 2593//2593 2617//2617 
f 2584//2584 2606//2606 2660//2660 
f 2606//2606 2691//2691 2660//2660 
f 2584//2584 2691//2691 2658//2658 
f 2658//2658 2575//2575 2584//2584 
f 2584//2584 2575//2575 2606//2606 
f 2691//2691 2606//2606 2575//2575 
f 2691//2691 2575//2575 2737//2737 
f 2658//2658 2691//2691 2737//2737 
f 2625//2625 2584//2584 2595//2595 
f 2595//2595 2582//2582 2625//2625 
f 2584//2584 2660//2660 2595//2595 
f 2595//2595 2723//2723 2582//2582 
f 2575//2575 2582//2582 2723//2723 
f 2723//2723 2595//2595 2735//2735 
f 2660//2660 2582//2582 2575//2575 
f 2595//2595 2660//2660 2575//2575 
f 2660//2660 2625//2625 2582//2582 
f 2682//2682 2625//2625 2602//2602 
f 2602//2602 2663//2663 2682//2682 
f 2625//2625 2539//2539 2663//2663 
f 2735//2735 2602//2602 2625//2625 
f 2625//2625 2663//2663 2723//2723 
f 2735//2735 2625//2625 2723//2723 
f 2682//2682 2663//2663 2539//2539 
f 2691//2691 2655//2655 2583//2583 
f 2604//2604 2708//2708 2638//2638 
f 2708//2708 2652//2652 2564//2564 
f 2686//2686 2638//2638 2708//2708 
f 2638//2638 2630//2630 2593//2593 
f 2612//2612 2708//2708 2564//2564 
f 2702//2702 2630//2630 2612//2612 
f 2593//2593 2630//2630 2666//2666 
f 2666//2666 2702//2702 2593//2593 
f 2692//2692 2515//2515 2666//2666 
f 2671//2671 2666//2666 2701//2701 
f 2515//2515 2701//2701 2666//2666 
f 2630//2630 2671//2671 2692//2692 
f 2630//2630 2702//2702 2671//2671 
f 2671//2671 2702//2702 2666//2666 
f 2666//2666 2630//2630 2692//2692 
f 2630//2630 2638//2638 2686//2686 
f 2564//2564 2652//2652 2638//2638 
f 2638//2638 2652//2652 2604//2604 
f 2583//2583 2652//2652 2708//2708 
f 2604//2604 2652//2652 2655//2655 
f 2581//2581 2662//2662 2737//2737 
f 2599//2599 2581//2581 2578//2578 
f 2650//2650 2539//2539 2602//2602 
f 2610//2610 2546//2546 2650//2650 
f 2539//2539 2653//2653 2591//2591 
f 2653//2653 2650//2650 2591//2591 
f 2610//2610 2650//2650 2674//2674 
f 2674//2674 2724//2724 2610//2610 
f 2674//2674 2588//2588 2724//2724 
f 2608//2608 2724//2724 2588//2588 
f 2608//2608 2665//2665 2650//2650 
f 2539//2539 2591//2591 2665//2665 
f 2665//2665 2646//2646 2650//2650 
f 2591//2591 2646//2646 2648//2648 
f 2665//2665 2591//2591 2648//2648 
f 2665//2665 2648//2648 2588//2588 
f 2674//2674 2646//2646 2665//2665 
f 2588//2588 2674//2674 2665//2665 
f 2674//2674 2648//2648 2646//2646 
f 2588//2588 2648//2648 2653//2653 
f 2653//2653 2648//2648 2650//2650 
f 2674//2674 2650//2650 2648//2648 
f 2608//2608 2588//2588 2503//2503 
f 2591//2591 2650//2650 2646//2646 
f 2650//2650 2724//2724 2608//2608 
f 2724//2724 2650//2650 2503//2503 
f 2610//2610 2724//2724 2503//2503 
f 2650//2650 2602//2602 2503//2503 
f 2539//2539 2665//2665 2608//2608 
f 2740//2740 2730//2730 2723//2723 
f 2740//2740 2577//2577 2730//2730 
f 2734//2734 2730//2730 2577//2577 
f 2680//2680 2587//2587 2734//2734 
f 2587//2587 2680//2680 2730//2730 
f 2587//2587 2656//2656 2734//2734 
f 2587//2587 2730//2730 2566//2566 
f 2691//2691 2621//2621 2655//2655 
f 2566//2566 2656//2656 2631//2631 
f 2693//2693 2566//2566 2577//2577 
f 2631//2631 2693//2693 2734//2734 
f 2734//2734 2577//2577 2631//2631 
f 2734//2734 2693//2693 2740//2740 
f 2656//2656 2581//2581 2680//2680 
f 2621//2621 2668//2668 2567//2567 
f 2567//2567 2570//2570 2621//2621 
f 2664//2664 2627//2627 2702//2702 
f 2702//2702 2627//2627 2701//2701 
f 2563//2563 2670//2670 2635//2635 
f 2670//2670 2731//2731 2635//2635 
f 2557//2557 2670//2670 2563//2563 
f 2657//2657 2670//2670 2659//2659 
f 2670//2670 2557//2557 2659//2659 
f 2563//2563 2657//2657 2557//2557 
f 2597//2597 2670//2670 2657//2657 
f 2597//2597 2731//2731 2670//2670 
f 2597//2597 2657//2657 2563//2563 
f 2671//2671 2555//2555 2661//2661 
f 2551//2551 2549//2549 2692//2692 
f 2612//2612 2549//2549 2551//2551 
f 2612//2612 2630//2630 2549//2549 
f 2541//2541 2672//2672 2612//2612 
f 2541//2541 2583//2583 2672//2672 
f 2552//2552 2583//2583 2541//2541 
f 2682//2682 2643//2643 2649//2649 
f 2596//2596 2529//2529 2684//2684 
f 2733//2733 2637//2637 2684//2684 
f 2596//2596 2684//2684 2637//2637 
f 2522//2522 2529//2529 2733//2733 
f 2733//2733 2529//2529 2645//2645 
f 2645//2645 2559//2559 2733//2733 
f 2522//2522 2628//2628 2559//2559 
f 2522//2522 2651//2651 2590//2590 
f 2643//2643 2637//2637 2651//2651 
f 2637//2637 2522//2522 2596//2596 
f 2643//2643 2546//2546 2637//2637 
f 2733//2733 2596//2596 2522//2522 
f 2546//2546 2522//2522 2637//2637 
f 2682//2682 2539//2539 2650//2650 
f 2610//2610 2653//2653 2539//2539 
f 2588//2588 2653//2653 2610//2610 
f 2610//2610 2503//2503 2588//2588 
f 2733//2733 2684//2684 2546//2546 
f 2522//2522 2559//2559 2529//2529 
f 2637//2637 2733//2733 2559//2559 
f 2590//2590 2539//2539 2542//2542 
f 2629//2629 2729//2729 2603//2603 
f 2629//2629 2649//2649 2590//2590 
f 2585//2585 2552//2552 2669//2669 
f 2541//2541 2558//2558 2686//2686 
f 2686//2686 2708//2708 2672//2672 
f 2585//2585 2618//2618 2686//2686 
f 2603//2603 2551//2551 2545//2545 
f 2647//2647 2711//2711 2728//2728 
f 2636//2636 2727//2727 2610//2610 
f 2529//2529 2727//2727 2647//2647 
f 2728//2728 2711//2711 2586//2586 
f 2592//2592 2586//2586 2711//2711 
f 2586//2586 2592//2592 2529//2529 
f 2727//2727 2529//2529 2592//2592 
f 2586//2586 2601//2601 2728//2728 
f 2711//2711 2601//2601 2592//2592 
f 2711//2711 2636//2636 2601//2601 
f 2636//2636 2728//2728 2601//2601 
f 2636//2636 2647//2647 2728//2728 
f 2647//2647 2727//2727 2711//2711 
f 2727//2727 2636//2636 2711//2711 
f 2647//2647 2636//2636 2571//2571 
f 2647//2647 2526//2526 2580//2580 
f 2533//2533 2610//2610 2647//2647 
f 2647//2647 2610//2610 2529//2529 
f 2571//2571 2636//2636 2610//2610 
f 2529//2529 2661//2661 2530//2530 
f 2535//2535 2544//2544 2600//2600 
f 2594//2594 2689//2689 2538//2538 
f 2594//2594 2515//2515 2544//2544 
f 2594//2594 2544//2544 2535//2535 
f 2544//2544 2515//2515 2689//2689 
f 2689//2689 2515//2515 2520//2520 
f 2538//2538 2689//2689 2520//2520 
f 2535//2535 2689//2689 2594//2594 
f 2707//2707 2544//2544 2689//2689 
f 2689//2689 2535//2535 2705//2705 
f 2605//2605 2689//2689 2705//2705 
f 2705//2705 2535//2535 2538//2538 
f 2535//2535 2600//2600 2605//2605 
f 2535//2535 2605//2605 2538//2538 
f 2600//2600 2689//2689 2605//2605 
f 2689//2689 2600//2600 2667//2667 
f 2530//2530 2536//2536 2689//2689 
f 2601//2601 2586//2586 2580//2580 
f 2647//2647 2580//2580 2533//2533 
f 2647//2647 2571//2571 2526//2526 
f 2601//2601 2580//2580 2526//2526 
f 2610//2610 2530//2530 2553//2553 
f 2659//2659 2526//2526 2657//2657 
f 2710//2710 2544//2544 2520//2520 
f 2520//2520 2544//2544 2707//2707 
f 2710//2710 2520//2520 2515//2515 
f 2597//2597 2555//2555 2515//2515 
f 2731//2731 2515//2515 2692//2692 
f 2521//2521 2627//2627 2515//2515 
f 2534//2534 2521//2521 2515//2515 
f 2664//2664 2701//2701 2567//2567 
f 2527//2527 2705//2705 2568//2568 
f 2705//2705 2534//2534 2605//2605 
f 2534//2534 2565//2565 2521//2521 
f 2695//2695 2497//2497 2525//2525 
f 2694//2694 2602//2602 2740//2740 
f 2485//2485 2694//2694 2509//2509 
f 2503//2503 2740//2740 2723//2723 
f 2550//2550 2519//2519 2624//2624 
f 2517//2517 2500//2500 2518//2518 
f 2576//2576 2619//2619 2695//2695 
f 2693//2693 2506//2506 2507//2507 
f 2534//2534 2442//2442 2565//2565 
f 2475//2475 2619//2619 2497//2497 
f 2475//2475 2685//2685 2695//2695 
f 2476//2476 2569//2569 2685//2685 
f 2476//2476 2626//2626 2569//2569 
f 2501//2501 2626//2626 2476//2476 
f 2626//2626 2504//2504 2569//2569 
f 2626//2626 2511//2511 2504//2504 
f 2501//2501 2504//2504 2511//2511 
f 2476//2476 2504//2504 2501//2501 
f 2685//2685 2626//2626 2501//2501 
f 2509//2509 2550//2550 2518//2518 
f 2632//2632 2485//2485 2436//2436 
f 2436//2436 2478//2478 2509//2509 
f 2436//2436 2673//2673 2554//2554 
f 2478//2478 2624//2624 2509//2509 
f 2624//2624 2518//2518 2550//2550 
f 2673//2673 2511//2511 2478//2478 
f 2673//2673 2491//2491 2511//2511 
f 2470//2470 2547//2547 2474//2474 
f 2498//2498 2481//2481 2470//2470 
f 2489//2489 2470//2470 2483//2483 
f 2460//2460 2561//2561 2510//2510 
f 2460//2460 2589//2589 2561//2561 
f 2490//2490 2483//2483 2469//2469 
f 2506//2506 2611//2611 2715//2715 
f 2475//2475 2715//2715 2611//2611 
f 2457//2457 2474//2474 2547//2547 
f 2467//2467 2499//2499 2459//2459 
f 2417//2417 2452//2452 2493//2493 
f 2459//2459 2493//2493 2452//2452 
f 2417//2417 2432//2432 2452//2452 
f 2572//2572 2641//2641 2640//2640 
f 2641//2641 2425//2425 2640//2640 
f 2609//2609 2450//2450 2462//2462 
f 2395//2395 2454//2454 2451//2451 
f 2422//2422 2395//2395 2451//2451 
f 2451//2451 2446//2446 2422//2422 
f 2404//2404 2446//2446 2451//2451 
f 2415//2415 2395//2395 2450//2450 
f 2425//2425 2609//2609 2462//2462 
f 2441//2441 2429//2429 2609//2609 
f 2607//2607 2699//2699 2426//2426 
f 2607//2607 2426//2426 2713//2713 
f 2713//2713 2698//2698 2607//2607 
f 2426//2426 2714//2714 2677//2677 
f 2714//2714 2607//2607 2698//2698 
f 2579//2579 2704//2704 2607//2607 
f 2447//2447 2704//2704 2439//2439 
f 2447//2447 2439//2439 2506//2506 
f 2579//2579 2506//2506 2439//2439 
f 2719//2719 2447//2447 2700//2700 
f 2439//2439 2417//2417 2715//2715 
f 2719//2719 2439//2439 2714//2714 
f 2447//2447 2506//2506 2715//2715 
f 2506//2506 2442//2442 2475//2475 
f 2442//2442 2427//2427 2475//2475 
f 2427//2427 2607//2607 2714//2714 
f 2677//2677 2716//2716 2713//2713 
f 2677//2677 2389//2389 2716//2716 
f 2440//2440 2389//2389 2677//2677 
f 2717//2717 2508//2508 2421//2421 
f 2458//2458 2394//2394 2413//2413 
f 2717//2717 2392//2392 2508//2508 
f 2431//2431 2508//2508 2418//2418 
f 2431//2431 2445//2445 2508//2508 
f 2445//2445 2713//2713 2508//2508 
f 2713//2713 2720//2720 2431//2431 
f 2430//2430 2700//2700 2720//2720 
f 2450//2450 2454//2454 2430//2430 
f 2454//2454 2395//2395 2415//2415 
f 2422//2422 2721//2721 2713//2713 
f 2416//2416 2717//2717 2720//2720 
f 2416//2416 2419//2419 2717//2717 
f 2416//2416 2468//2468 2449//2449 
f 2449//2449 2419//2419 2416//2416 
f 2720//2720 2721//2721 2419//2419 
f 2410//2410 2451//2451 2412//2412 
f 2615//2615 2425//2425 2641//2641 
f 2398//2398 2675//2675 2622//2622 
f 2679//2679 2675//2675 2433//2433 
f 2598//2598 2424//2424 2722//2722 
f 2675//2675 2424//2424 2736//2736 
f 2433//2433 2675//2675 2562//2562 
f 2434//2434 2412//2412 2401//2401 
f 2434//2434 2639//2639 2725//2725 
f 2574//2574 2725//2725 2444//2444 
f 2401//2401 2725//2725 2639//2639 
f 2574//2574 2434//2434 2725//2725 
f 2574//2574 2690//2690 2434//2434 
f 2434//2434 2690//2690 2598//2598 
f 2598//2598 2390//2390 2397//2397 
f 2397//2397 2390//2390 2574//2574 
f 2574//2574 2390//2390 2690//2690 
f 2598//2598 2423//2423 2390//2390 
f 2401//2401 2423//2423 2690//2690 
f 2690//2690 2423//2423 2598//2598 
f 2687//2687 2444//2444 2390//2390 
f 2642//2642 2401//2401 2528//2528 
f 2654//2654 2616//2616 2444//2444 
f 2404//2404 2410//2410 2720//2720 
f 2531//2531 2449//2449 2709//2709 
f 2422//2422 2531//2531 2468//2468 
f 2709//2709 2422//2422 2468//2468 
f 2468//2468 2531//2531 2482//2482 
f 2709//2709 2482//2482 2531//2531 
f 2391//2391 2709//2709 2416//2416 
f 2416//2416 2706//2706 2391//2391 
f 2468//2468 2416//2416 2709//2709 
f 2391//2391 2482//2482 2709//2709 
f 2449//2449 2422//2422 2709//2709 
f 2404//2404 2451//2451 2405//2405 
f 2409//2409 2405//2405 2449//2449 
f 2422//2422 2409//2409 2399//2399 
f 2681//2681 2688//2688 2397//2397 
f 2397//2397 2688//2688 2598//2598 
f 2598//2598 2722//2722 2434//2434 
f 2423//2423 2688//2688 2681//2681 
f 2678//2678 2387//2387 2540//2540 
f 2696//2696 2473//2473 2495//2495 
f 2397//2397 2482//2482 2696//2696 
f 2392//2392 2482//2482 2706//2706 
f 2418//2418 2392//2392 2706//2706 
f 2392//2392 2413//2413 2482//2482 
f 2482//2482 2413//2413 2496//2496 
f 2482//2482 2464//2464 2717//2717 
f 2453//2453 2458//2458 2388//2388 
f 2393//2393 2388//2388 2464//2464 
f 2396//2396 2393//2393 2386//2386 
f 2458//2458 2413//2413 2396//2396 
f 2440//2440 2458//2458 2389//2389 
f 2718//2718 2389//2389 2428//2428 
f 2496//2496 2526//2526 2533//2533 
f 2413//2413 2385//2385 2600//2600 
f 2437//2437 2442//2442 2428//2428 
f 2386//2386 2482//2482 2496//2496 
f 2464//2464 2386//2386 2392//2392 
f 2762//2762 2749//2749 2834//2834 
f 2743//2743 2762//2762 2834//2834 
f 2743//2743 2745//2745 2832//2832 
f 2834//2834 2744//2744 2833//2833 
f 2834//2834 2833//2833 2747//2747 
f 2753//2753 2834//2834 2747//2747 
f 2753//2753 2746//2746 2743//2743 
f 2747//2747 2833//2833 2754//2754 
f 2753//2753 2751//2751 2748//2748 
f 2754//2754 2748//2748 2751//2751 
f 2754//2754 2751//2751 2755//2755 
f 2754//2754 2755//2755 2747//2747 
f 2747//2747 2755//2755 2750//2750 
f 2756//2756 2747//2747 2750//2750 
f 2756//2756 2758//2758 2757//2757 
f 2756//2756 2757//2757 2751//2751 
f 2756//2756 2751//2751 2753//2753 
f 2755//2755 2751//2751 2757//2757 
f 2755//2755 2757//2757 2752//2752 
f 2752//2752 2757//2757 2758//2758 
f 2752//2752 2758//2758 2759//2759 
f 2750//2750 2752//2752 2759//2759 
f 2756//2756 2750//2750 2766//2766 
f 2766//2766 2760//2760 2756//2756 
f 2756//2756 2760//2760 2763//2763 
f 2756//2756 2763//2763 2758//2758 
f 2759//2759 2758//2758 2763//2763 
f 2759//2759 2763//2763 2761//2761 
f 2761//2761 2763//2763 2760//2760 
f 2761//2761 2760//2760 2765//2765 
f 2770//2770 2761//2761 2765//2765 
f 2766//2766 2769//2769 2760//2760 
f 2765//2765 2760//2760 2769//2769 
f 2765//2765 2769//2769 2764//2764 
f 2770//2770 2765//2765 2764//2764 
f 2770//2770 2764//2764 2767//2767 
f 2771//2771 2770//2770 2767//2767 
f 2771//2771 2781//2781 2774//2774 
f 2771//2771 2774//2774 2766//2766 
f 2766//2766 2774//2774 2769//2769 
f 2764//2764 2769//2769 2774//2774 
f 2764//2764 2774//2774 2778//2778 
f 2778//2778 2774//2774 2781//2781 
f 2778//2778 2781//2781 2775//2775 
f 2767//2767 2778//2778 2775//2775 
f 2767//2767 2775//2775 2772//2772 
f 2773//2773 2767//2767 2772//2772 
f 2773//2773 2782//2782 2771//2771 
f 2782//2782 2781//2781 2771//2771 
f 2775//2775 2781//2781 2782//2782 
f 2775//2775 2782//2782 2776//2776 
f 2772//2772 2776//2776 2777//2777 
f 2773//2773 2772//2772 2787//2787 
f 2787//2787 2795//2795 2773//2773 
f 2773//2773 2795//2795 2788//2788 
f 2777//2777 2788//2788 2795//2795 
f 2777//2777 2795//2795 2783//2783 
f 2784//2784 2777//2777 2783//2783 
f 2787//2787 2784//2784 2786//2786 
f 2786//2786 2785//2785 2787//2787 
f 2787//2787 2785//2785 2795//2795 
f 2783//2783 2795//2795 2785//2785 
f 2783//2783 2785//2785 2790//2790 
f 2792//2792 2789//2789 2796//2796 
f 2798//2798 2792//2792 2796//2796 
f 2798//2798 2793//2793 2786//2786 
f 2786//2786 2793//2793 2794//2794 
f 2789//2789 2794//2794 2793//2793 
f 2789//2789 2793//2793 2799//2799 
f 2796//2796 2799//2799 2803//2803 
f 2798//2798 2796//2796 2812//2812 
f 2812//2812 2807//2807 2798//2798 
f 2798//2798 2807//2807 2804//2804 
f 2803//2803 2804//2804 2807//2807 
f 2803//2803 2807//2807 2806//2806 
f 2803//2803 2806//2806 2801//2801 
f 2796//2796 2803//2803 2801//2801 
f 2812//2812 2811//2811 2807//2807 
f 2806//2806 2807//2807 2811//2811 
f 2806//2806 2811//2811 2802//2802 
f 2802//2802 2811//2811 2805//2805 
f 2801//2801 2802//2802 2805//2805 
f 2801//2801 2805//2805 2808//2808 
f 2814//2814 2801//2801 2808//2808 
f 2814//2814 2809//2809 2811//2811 
f 2814//2814 2811//2811 2812//2812 
f 2805//2805 2811//2811 2809//2809 
f 2805//2805 2809//2809 2813//2813 
f 2814//2814 2817//2817 2810//2810 
f 2818//2818 2810//2810 2817//2817 
f 2818//2818 2817//2817 2821//2821 
f 2808//2808 2818//2818 2821//2821 
f 2808//2808 2821//2821 2816//2816 
f 2815//2815 2808//2808 2816//2816 
f 2815//2815 2831//2831 2828//2828 
f 2815//2815 2828//2828 2814//2814 
f 2814//2814 2828//2828 2817//2817 
f 2821//2821 2817//2817 2828//2828 
f 2821//2821 2828//2828 2827//2827 
f 2827//2827 2828//2828 2831//2831 
f 2827//2827 2831//2831 2823//2823 
f 2816//2816 2827//2827 2823//2823 
f 2815//2815 2816//2816 2830//2830 
f 2830//2830 2822//2822 2815//2815 
f 2815//2815 2822//2822 2820//2820 
f 2820//2820 2831//2831 2815//2815 
f 2823//2823 2831//2831 2820//2820 
f 2823//2823 2820//2820 2824//2824 
f 2824//2824 2820//2820 2822//2822 
f 2824//2824 2822//2822 2825//2825 
f 2824//2824 2825//2825 2829//2829 
f 2816//2816 2824//2824 2829//2829 
f 2830//2830 2826//2826 2822//2822 
f 2825//2825 2822//2822 2826//2826 
f 2825//2825 2826//2826 2819//2819 
f 2829//2829 2819//2819 2800//2800 
f 2829//2829 2800//2800 2797//2797 
f 2791//2791 2829//2829 2797//2797 
f 2791//2791 2797//2797 2832//2832 
f 2832//2832 2780//2780 2791//2791 
f 2791//2791 2780//2780 2779//2779 
f 2791//2791 2779//2779 2830//2830 
f 2800//2800 2779//2779 2780//2780 
f 2800//2800 2780//2780 2768//2768 
f 2762//2762 2768//2768 2749//2749 
f 2768//2768 2742//2742 2749//2749 
f 2797//2797 2768//2768 2762//2762 
f 2768//2768 2780//2780 2742//2742 
f 2832//2832 2742//2742 2780//2780 
f 2832//2832 2797//2797 2762//2762 
f 2830//2830 2829//2829 2791//2791 
f 2797//2797 2800//2800 2768//2768 
f 2819//2819 2779//2779 2800//2800 
f 2819//2819 2826//2826 2779//2779 
f 2830//2830 2779//2779 2826//2826 
f 2829//2829 2825//2825 2819//2819 
f 2830//2830 2816//2816 2829//2829 
f 2816//2816 2823//2823 2824//2824 
f 2814//2814 2808//2808 2815//2815 
f 2816//2816 2821//2821 2827//2827 
f 2813//2813 2810//2810 2818//2818 
f 2813//2813 2818//2818 2808//2808 
f 2813//2813 2809//2809 2810//2810 
f 2814//2814 2810//2810 2809//2809 
f 2812//2812 2801//2801 2814//2814 
f 2808//2808 2805//2805 2813//2813 
f 2801//2801 2806//2806 2802//2802 
f 2812//2812 2796//2796 2801//2801 
f 2799//2799 2804//2804 2803//2803 
f 2799//2799 2793//2793 2804//2804 
f 2798//2798 2804//2804 2793//2793 
f 2786//2786 2792//2792 2798//2798 
f 2796//2796 2789//2789 2799//2799 
f 2790//2790 2794//2794 2789//2789 
f 2790//2790 2789//2789 2792//2792 
f 2784//2784 2790//2790 2792//2792 
f 2790//2790 2785//2785 2794//2794 
f 2786//2786 2794//2794 2785//2785 
f 2786//2786 2784//2784 2792//2792 
f 2784//2784 2783//2783 2790//2790 
f 2772//2772 2777//2777 2784//2784 
f 2787//2787 2772//2772 2784//2784 
f 2776//2776 2788//2788 2777//2777 
f 2776//2776 2782//2782 2788//2788 
f 2773//2773 2788//2788 2782//2782 
f 2771//2771 2767//2767 2773//2773 
f 2772//2772 2775//2775 2776//2776 
f 2766//2766 2770//2770 2771//2771 
f 2767//2767 2764//2764 2778//2778 
f 2750//2750 2761//2761 2770//2770 
f 2766//2766 2750//2750 2770//2770 
f 2750//2750 2759//2759 2761//2761 
f 2753//2753 2747//2747 2756//2756 
f 2750//2750 2755//2755 2752//2752 
f 2833//2833 2748//2748 2754//2754 
f 2833//2833 2746//2746 2748//2748 
f 2753//2753 2748//2748 2746//2746 
f 2743//2743 2834//2834 2753//2753 
f 2744//2744 2746//2746 2833//2833 
f 2744//2744 2745//2745 2746//2746 
f 2749//2749 2745//2745 2744//2744 
f 2743//2743 2746//2746 2745//2745 
f 2832//2832 2762//2762 2743//2743 
f 2749//2749 2744//2744 2834//2834 
f 2749//2749 2742//2742 2745//2745 
f 2832//2832 2745//2745 2742//2742 
f 2927//2927 2925//2925 2835//2835 
f 2835//2835 2838//2838 2840//2840 
f 2840//2840 2846//2846 2835//2835 
f 2838//2838 2836//2836 2837//2837 
f 2837//2837 2836//2836 2926//2926 
f 2840//2840 2839//2839 2841//2841 
f 2926//2926 2841//2841 2839//2839 
f 2837//2837 2926//2926 2844//2844 
f 2837//2837 2844//2844 2842//2842 
f 2847//2847 2837//2837 2842//2842 
f 2847//2847 2848//2848 2843//2843 
f 2847//2847 2843//2843 2840//2840 
f 2844//2844 2843//2843 2848//2848 
f 2844//2844 2848//2848 2854//2854 
f 2842//2842 2844//2844 2854//2854 
f 2842//2842 2854//2854 2845//2845 
f 2853//2853 2842//2842 2845//2845 
f 2853//2853 2856//2856 2848//2848 
f 2853//2853 2848//2848 2847//2847 
f 2854//2854 2848//2848 2856//2856 
f 2854//2854 2856//2856 2850//2850 
f 2845//2845 2850//2850 2851//2851 
f 2853//2853 2845//2845 2852//2852 
f 2852//2852 2857//2857 2853//2853 
f 2853//2853 2857//2857 2861//2861 
f 2851//2851 2861//2861 2857//2857 
f 2851//2851 2857//2857 2855//2855 
f 2858//2858 2851//2851 2855//2855 
f 2858//2858 2864//2864 2870//2870 
f 2858//2858 2870//2870 2859//2859 
f 2869//2869 2858//2858 2859//2859 
f 2869//2869 2860//2860 2852//2852 
f 2852//2852 2860//2860 2865//2865 
f 2870//2870 2865//2865 2860//2860 
f 2870//2870 2860//2860 2866//2866 
f 2859//2859 2866//2866 2872//2872 
f 2859//2859 2872//2872 2867//2867 
f 2868//2868 2859//2859 2867//2867 
f 2868//2868 2881//2881 2871//2871 
f 2868//2868 2871//2871 2869//2869 
f 2872//2872 2871//2871 2881//2881 
f 2872//2872 2881//2881 2874//2874 
f 2867//2867 2872//2872 2874//2874 
f 2868//2868 2867//2867 2873//2873 
f 2873//2873 2883//2883 2868//2868 
f 2883//2883 2875//2875 2868//2868 
f 2868//2868 2875//2875 2881//2881 
f 2874//2874 2881//2881 2875//2875 
f 2874//2874 2875//2875 2886//2886 
f 2886//2886 2875//2875 2883//2883 
f 2886//2886 2883//2883 2876//2876 
f 2877//2877 2886//2886 2876//2876 
f 2873//2873 2877//2877 2887//2887 
f 2887//2887 2882//2882 2873//2873 
f 2873//2873 2882//2882 2883//2883 
f 2876//2876 2883//2883 2882//2882 
f 2876//2876 2882//2882 2880//2880 
f 2884//2884 2885//2885 2892//2892 
f 2884//2884 2892//2892 2895//2895 
f 2888//2888 2884//2884 2895//2895 
f 2888//2888 2903//2903 2890//2890 
f 2888//2888 2890//2890 2887//2887 
f 2892//2892 2890//2890 2903//2903 
f 2892//2892 2903//2903 2896//2896 
f 2895//2895 2892//2892 2896//2896 
f 2888//2888 2895//2895 2906//2906 
f 2906//2906 2894//2894 2888//2888 
f 2888//2888 2894//2894 2903//2903 
f 2896//2896 2903//2903 2894//2894 
f 2896//2896 2894//2894 2898//2898 
f 2895//2895 2898//2898 2893//2893 
f 2893//2893 2898//2898 2900//2900 
f 2906//2906 2904//2904 2902//2902 
f 2900//2900 2902//2902 2904//2904 
f 2900//2900 2904//2904 2899//2899 
f 2893//2893 2899//2899 2901//2901 
f 2906//2906 2893//2893 2910//2910 
f 2910//2910 2911//2911 2906//2906 
f 2911//2911 2905//2905 2906//2906 
f 2901//2901 2905//2905 2911//2911 
f 2901//2901 2911//2911 2907//2907 
f 2913//2913 2901//2901 2907//2907 
f 2913//2913 2909//2909 2912//2912 
f 2913//2913 2912//2912 2916//2916 
f 2914//2914 2913//2913 2916//2916 
f 2914//2914 2920//2920 2910//2910 
f 2916//2916 2912//2912 2918//2918 
f 2914//2914 2916//2916 2922//2922 
f 2922//2922 2915//2915 2914//2914 
f 2914//2914 2915//2915 2923//2923 
f 2918//2918 2923//2923 2915//2915 
f 2918//2918 2915//2915 2921//2921 
f 2924//2924 2918//2918 2921//2921 
f 2922//2922 2917//2917 2915//2915 
f 2921//2921 2915//2915 2917//2917 
f 2921//2921 2917//2917 2919//2919 
f 2924//2924 2919//2919 2897//2897 
f 2924//2924 2897//2897 2891//2891 
f 2925//2925 2924//2924 2891//2891 
f 2925//2925 2879//2879 2878//2878 
f 2925//2925 2878//2878 2922//2922 
f 2897//2897 2878//2878 2879//2879 
f 2897//2897 2879//2879 2863//2863 
f 2891//2891 2863//2863 2849//2849 
f 2863//2863 2927//2927 2849//2849 
f 2863//2863 2879//2879 2927//2927 
f 2925//2925 2927//2927 2879//2879 
f 2922//2922 2924//2924 2925//2925 
f 2891//2891 2897//2897 2863//2863 
f 2919//2919 2878//2878 2897//2897 
f 2919//2919 2917//2917 2878//2878 
f 2922//2922 2878//2878 2917//2917 
f 2924//2924 2921//2921 2919//2919 
f 2916//2916 2918//2918 2924//2924 
f 2922//2922 2916//2916 2924//2924 
f 2912//2912 2923//2923 2918//2918 
f 2912//2912 2920//2920 2923//2923 
f 2914//2914 2923//2923 2920//2920 
f 2910//2910 2913//2913 2914//2914 
f 2909//2909 2920//2920 2912//2912 
f 2909//2909 2908//2908 2920//2920 
f 2907//2907 2908//2908 2909//2909 
f 2910//2910 2920//2920 2908//2908 
f 2913//2913 2907//2907 2909//2909 
f 2893//2893 2901//2901 2913//2913 
f 2907//2907 2911//2911 2908//2908 
f 2910//2910 2908//2908 2911//2911 
f 2910//2910 2893//2893 2913//2913 
f 2899//2899 2905//2905 2901//2901 
f 2899//2899 2904//2904 2905//2905 
f 2906//2906 2905//2905 2904//2904 
f 2893//2893 2900//2900 2899//2899 
f 2898//2898 2902//2902 2900//2900 
f 2898//2898 2894//2894 2902//2902 
f 2906//2906 2902//2902 2894//2894 
f 2906//2906 2895//2895 2893//2893 
f 2895//2895 2896//2896 2898//2898 
f 2887//2887 2884//2884 2888//2888 
f 2885//2885 2890//2890 2892//2892 
f 2885//2885 2889//2889 2890//2890 
f 2880//2880 2889//2889 2885//2885 
f 2887//2887 2890//2890 2889//2889 
f 2880//2880 2885//2885 2884//2884 
f 2877//2877 2880//2880 2884//2884 
f 2880//2880 2882//2882 2889//2889 
f 2887//2887 2889//2889 2882//2882 
f 2887//2887 2877//2877 2884//2884 
f 2877//2877 2876//2876 2880//2880 
f 2867//2867 2886//2886 2877//2877 
f 2873//2873 2867//2867 2877//2877 
f 2867//2867 2874//2874 2886//2886 
f 2869//2869 2859//2859 2868//2868 
f 2866//2866 2871//2871 2872//2872 
f 2866//2866 2860//2860 2871//2871 
f 2869//2869 2871//2871 2860//2860 
f 2852//2852 2858//2858 2869//2869 
f 2859//2859 2870//2870 2866//2866 
f 2864//2864 2865//2865 2870//2870 
f 2864//2864 2862//2862 2865//2865 
f 2855//2855 2862//2862 2864//2864 
f 2852//2852 2865//2865 2862//2862 
f 2855//2855 2864//2864 2858//2858 
f 2845//2845 2851//2851 2858//2858 
f 2855//2855 2857//2857 2862//2862 
f 2852//2852 2862//2862 2857//2857 
f 2852//2852 2845//2845 2858//2858 
f 2850//2850 2861//2861 2851//2851 
f 2850//2850 2856//2856 2861//2861 
f 2853//2853 2861//2861 2856//2856 
f 2847//2847 2842//2842 2853//2853 
f 2845//2845 2854//2854 2850//2850 
f 2840//2840 2837//2837 2847//2847 
f 2926//2926 2843//2843 2844//2844 
f 2926//2926 2839//2839 2843//2843 
f 2840//2840 2843//2843 2839//2839 
f 2836//2836 2841//2841 2926//2926 
f 2836//2836 2846//2846 2841//2841 
f 2849//2849 2846//2846 2836//2836 
f 2840//2840 2841//2841 2846//2846 
f 2840//2840 2838//2838 2837//2837 
f 2835//2835 2891//2891 2838//2838 
f 2849//2849 2836//2836 2838//2838 
f 2891//2891 2849//2849 2838//2838 
f 2849//2849 2927//2927 2846//2846 
f 2835//2835 2846//2846 2927//2927 
f 2925//2925 2891//2891 2835//2835 
f 2928//2928 2932//2932 2935//2935 
f 2938//2938 2935//2935 2932//2932 
f 2938//2938 2932//2932 2929//2929 
f 2938//2938 2929//2929 3018//3018 
f 3018//3018 2929//2929 3019//3019 
f 3018//3018 3019//3019 2930//2930 
f 2939//2939 3018//3018 2930//2930 
f 2939//2939 2937//2937 2931//2931 
f 2939//2939 2931//2931 2928//2928 
f 3019//3019 2931//2931 2937//2937 
f 3019//3019 2937//2937 2944//2944 
f 2930//2930 3019//3019 2944//2944 
f 2930//2930 2944//2944 2933//2933 
f 2936//2936 2930//2930 2933//2933 
f 2936//2936 2941//2941 2937//2937 
f 2936//2936 2937//2937 2939//2939 
f 2944//2944 2937//2937 2941//2941 
f 2944//2944 2941//2941 2934//2934 
f 2933//2933 2944//2944 2934//2934 
f 2936//2936 2940//2940 2941//2941 
f 2934//2934 2941//2941 2940//2940 
f 2934//2934 2940//2940 2947//2947 
f 2933//2933 2947//2947 2942//2942 
f 2933//2933 2942//2942 2952//2952 
f 2943//2943 2933//2933 2952//2952 
f 2943//2943 2953//2953 2951//2951 
f 2943//2943 2951//2951 2936//2936 
f 2942//2942 2951//2951 2953//2953 
f 2942//2942 2953//2953 2948//2948 
f 2952//2952 2942//2942 2948//2948 
f 2943//2943 2952//2952 2950//2950 
f 2950//2950 2960//2960 2943//2943 
f 2943//2943 2960//2960 2953//2953 
f 2948//2948 2953//2953 2960//2960 
f 2948//2948 2960//2960 2949//2949 
f 2952//2952 2949//2949 2955//2955 
f 2950//2950 2955//2955 2959//2959 
f 2959//2959 2956//2956 2950//2950 
f 2950//2950 2956//2956 2960//2960 
f 2949//2949 2960//2960 2956//2956 
f 2949//2949 2956//2956 2958//2958 
f 2959//2959 2965//2965 2967//2967 
f 2963//2963 2967//2967 2965//2965 
f 2963//2963 2965//2965 2961//2961 
f 2957//2957 2963//2963 2961//2961 
f 2957//2957 2961//2961 2970//2970 
f 2962//2962 2957//2957 2970//2970 
f 2962//2962 2964//2964 2959//2959 
f 2964//2964 2965//2965 2959//2959 
f 2961//2961 2965//2965 2964//2964 
f 2961//2961 2964//2964 2974//2974 
f 2970//2970 2974//2974 2966//2966 
f 2970//2970 2966//2966 2971//2971 
f 2970//2970 2971//2971 2975//2975 
f 2977//2977 2970//2970 2975//2975 
f 2977//2977 2972//2972 2973//2973 
f 2977//2977 2973//2973 2962//2962 
f 2971//2971 2973//2973 2972//2972 
f 2971//2971 2972//2972 2978//2978 
f 2971//2971 2978//2978 2975//2975 
f 2975//2975 2978//2978 2983//2983 
f 2975//2975 2983//2983 2986//2986 
f 2984//2984 2975//2975 2986//2986 
f 2984//2984 2982//2982 2979//2979 
f 2984//2984 2979//2979 2977//2977 
f 2983//2983 2979//2979 2982//2982 
f 2983//2983 2982//2982 2985//2985 
f 2983//2983 2985//2985 2986//2986 
f 2984//2984 2986//2986 2981//2981 
f 2981//2981 2999//2999 2984//2984 
f 2984//2984 2999//2999 2987//2987 
f 2984//2984 2987//2987 2982//2982 
f 2985//2985 2982//2982 2987//2987 
f 2985//2985 2987//2987 2990//2990 
f 2990//2990 2987//2987 2999//2999 
f 2990//2990 2999//2999 2993//2993 
f 2991//2991 2990//2990 2993//2993 
f 2981//2981 2988//2988 2999//2999 
f 2993//2993 2999//2999 2988//2988 
f 2993//2993 2988//2988 2989//2989 
f 2991//2991 2993//2993 2989//2989 
f 2991//2991 2989//2989 2992//2992 
f 2991//2991 2992//2992 2994//2994 
f 2995//2995 2991//2991 2994//2994 
f 2995//2995 3007//3007 3001//3001 
f 2995//2995 3001//3001 2981//2981 
f 2992//2992 3001//3001 3007//3007 
f 2992//2992 3007//3007 3006//3006 
f 2994//2994 2992//2992 3006//3006 
f 2995//2995 2994//2994 3004//3004 
f 3004//3004 2996//2996 2995//2995 
f 2995//2995 2996//2996 3007//3007 
f 3006//3006 3007//3007 2996//2996 
f 3006//3006 2996//2996 3000//3000 
f 2994//2994 3000//3000 3003//3003 
f 3003//3003 3000//3000 3002//3002 
f 3004//3004 3008//3008 3005//3005 
f 3002//3002 3005//3005 3008//3008 
f 3002//3002 3008//3008 3014//3014 
f 3003//3003 3002//3002 3014//3014 
f 3004//3004 3003//3003 3010//3010 
f 3010//3010 3017//3017 3004//3004 
f 3004//3004 3017//3017 3008//3008 
f 3014//3014 3008//3008 3017//3017 
f 3014//3014 3017//3017 3015//3015 
f 3009//3009 3013//3013 3016//3016 
f 3009//3009 3016//3016 3011//3011 
f 2997//2997 3009//3009 3011//3011 
f 2997//2997 2998//2998 3010//3010 
f 2998//2998 2980//2980 3010//3010 
f 3016//3016 2980//2980 2998//2998 
f 3016//3016 2998//2998 2976//2976 
f 3011//3011 2976//2976 2968//2968 
f 3011//3011 2968//2968 3018//3018 
f 2928//2928 3011//3011 3018//3018 
f 2928//2928 2954//2954 2997//2997 
f 2954//2954 2946//2946 2997//2997 
f 2968//2968 2946//2946 2954//2954 
f 2968//2968 2954//2954 2945//2945 
f 3018//3018 2945//2945 2938//2938 
f 2945//2945 2935//2935 2938//2938 
f 2945//2945 2954//2954 2935//2935 
f 2997//2997 3011//3011 2928//2928 
f 3018//3018 2968//2968 2945//2945 
f 2976//2976 2946//2946 2968//2968 
f 2976//2976 2998//2998 2946//2946 
f 2997//2997 2946//2946 2998//2998 
f 3010//3010 3009//3009 2997//2997 
f 3011//3011 3016//3016 2976//2976 
f 3013//3013 2980//2980 3016//3016 
f 3013//3013 3012//3012 2980//2980 
f 3015//3015 3012//3012 3013//3013 
f 3010//3010 2980//2980 3012//3012 
f 3009//3009 3015//3015 3013//3013 
f 3003//3003 3015//3015 3009//3009 
f 3015//3015 3017//3017 3012//3012 
f 3010//3010 3012//3012 3017//3017 
f 3010//3010 3003//3003 3009//3009 
f 3003//3003 3014//3014 3015//3015 
f 3000//3000 3005//3005 3002//3002 
f 3000//3000 2996//2996 3005//3005 
f 3004//3004 3005//3005 2996//2996 
f 3004//3004 2994//2994 3003//3003 
f 2994//2994 3006//3006 3000//3000 
f 2981//2981 2991//2991 2995//2995 
f 2989//2989 3001//3001 2992//2992 
f 2989//2989 2988//2988 3001//3001 
f 2981//2981 3001//3001 2988//2988 
f 2986//2986 2990//2990 2991//2991 
f 2981//2981 2986//2986 2991//2991 
f 2986//2986 2985//2985 2990//2990 
f 2977//2977 2975//2975 2984//2984 
f 2978//2978 2979//2979 2983//2983 
f 2978//2978 2972//2972 2979//2979 
f 2977//2977 2979//2979 2972//2972 
f 2962//2962 2970//2970 2977//2977 
f 2966//2966 2973//2973 2971//2971 
f 2966//2966 2969//2969 2973//2973 
f 2962//2962 2973//2973 2969//2969 
f 2974//2974 2969//2969 2966//2966 
f 2974//2974 2964//2964 2969//2969 
f 2962//2962 2969//2969 2964//2964 
f 2959//2959 2957//2957 2962//2962 
f 2970//2970 2961//2961 2974//2974 
f 2958//2958 2967//2967 2963//2963 
f 2957//2957 2958//2958 2963//2963 
f 2955//2955 2958//2958 2957//2957 
f 2958//2958 2956//2956 2967//2967 
f 2959//2959 2967//2967 2956//2956 
f 2959//2959 2955//2955 2957//2957 
f 2955//2955 2949//2949 2958//2958 
f 2950//2950 2952//2952 2955//2955 
f 2952//2952 2948//2948 2949//2949 
f 2936//2936 2933//2933 2943//2943 
f 2947//2947 2951//2951 2942//2942 
f 2947//2947 2940//2940 2951//2951 
f 2936//2936 2951//2951 2940//2940 
f 2933//2933 2934//2934 2947//2947 
f 2939//2939 2930//2930 2936//2936 
f 2928//2928 3018//3018 2939//2939 
f 2929//2929 2931//2931 3019//3019 
f 2929//2929 2932//2932 2931//2931 
f 2928//2928 2931//2931 2932//2932 
f 2928//2928 2935//2935 2954//2954 
f 3020//3020 3103//3103 3024//3024 
f 3111//3111 3024//3024 3103//3103 
f 3111//3111 3103//3103 3109//3109 
f 3111//3111 3109//3109 3110//3110 
f 3110//3110 3109//3109 3023//3023 
f 3020//3020 3110//3110 3021//3021 
f 3021//3021 3025//3025 3020//3020 
f 3025//3025 3027//3027 3020//3020 
f 3023//3023 3027//3027 3025//3025 
f 3023//3023 3025//3025 3034//3034 
f 3022//3022 3023//3023 3034//3034 
f 3021//3021 3035//3035 3025//3025 
f 3034//3034 3025//3025 3035//3035 
f 3034//3034 3035//3035 3028//3028 
f 3022//3022 3034//3034 3028//3028 
f 3022//3022 3028//3028 3031//3031 
f 3026//3026 3022//3022 3031//3031 
f 3026//3026 3029//3029 3021//3021 
f 3021//3021 3029//3029 3035//3035 
f 3028//3028 3035//3035 3029//3029 
f 3028//3028 3029//3029 3037//3037 
f 3031//3031 3037//3037 3033//3033 
f 3031//3031 3033//3033 3041//3041 
f 3031//3031 3041//3041 3038//3038 
f 3036//3036 3031//3031 3038//3038 
f 3036//3036 3042//3042 3039//3039 
f 3036//3036 3039//3039 3026//3026 
f 3041//3041 3039//3039 3042//3042 
f 3041//3041 3042//3042 3050//3050 
f 3041//3041 3050//3050 3038//3038 
f 3038//3038 3050//3050 3049//3049 
f 3038//3038 3049//3049 3045//3045 
f 3043//3043 3038//3038 3045//3045 
f 3043//3043 3051//3051 3044//3044 
f 3043//3043 3044//3044 3036//3036 
f 3049//3049 3044//3044 3051//3051 
f 3049//3049 3051//3051 3046//3046 
f 3045//3045 3049//3049 3046//3046 
f 3043//3043 3045//3045 3057//3057 
f 3057//3057 3052//3052 3043//3043 
f 3043//3043 3052//3052 3051//3051 
f 3046//3046 3051//3051 3052//3052 
f 3046//3046 3052//3052 3048//3048 
f 3053//3053 3054//3054 3058//3058 
f 3053//3053 3058//3058 3055//3055 
f 3062//3062 3053//3053 3055//3055 
f 3062//3062 3059//3059 3057//3057 
f 3057//3057 3059//3059 3060//3060 
f 3058//3058 3060//3060 3059//3059 
f 3058//3058 3059//3059 3068//3068 
f 3055//3055 3068//3068 3066//3066 
f 3055//3055 3066//3066 3064//3064 
f 3061//3061 3055//3055 3064//3064 
f 3061//3061 3063//3063 3062//3062 
f 3062//3062 3063//3063 3074//3074 
f 3066//3066 3074//3074 3063//3063 
f 3066//3066 3063//3063 3067//3067 
f 3064//3064 3067//3067 3075//3075 
f 3061//3061 3064//3064 3073//3073 
f 3073//3073 3069//3069 3061//3061 
f 3061//3061 3069//3069 3072//3072 
f 3075//3075 3072//3072 3069//3069 
f 3075//3075 3069//3069 3070//3070 
f 3081//3081 3075//3075 3070//3070 
f 3081//3081 3070//3070 3071//3071 
f 3082//3082 3076//3076 3073//3073 
f 3071//3071 3076//3076 3082//3082 
f 3071//3071 3082//3082 3080//3080 
f 3081//3081 3071//3071 3080//3080 
f 3073//3073 3081//3081 3078//3078 
f 3078//3078 3085//3085 3073//3073 
f 3073//3073 3085//3085 3082//3082 
f 3080//3080 3082//3082 3085//3085 
f 3080//3080 3085//3085 3089//3089 
f 3081//3081 3080//3080 3089//3089 
f 3081//3081 3089//3089 3084//3084 
f 3078//3078 3083//3083 3085//3085 
f 3089//3089 3085//3085 3083//3083 
f 3089//3089 3083//3083 3090//3090 
f 3084//3084 3090//3090 3092//3092 
f 3084//3084 3092//3092 3091//3091 
f 3087//3087 3084//3084 3091//3091 
f 3087//3087 3099//3099 3078//3078 
f 3099//3099 3088//3088 3078//3078 
f 3092//3092 3088//3088 3099//3099 
f 3092//3092 3099//3099 3098//3098 
f 3091//3091 3098//3098 3093//3093 
f 3087//3087 3096//3096 3106//3106 
f 3093//3093 3106//3106 3096//3096 
f 3093//3093 3096//3096 3095//3095 
f 3091//3091 3093//3093 3095//3095 
f 3091//3091 3095//3095 3100//3100 
f 3097//3097 3091//3091 3100//3100 
f 3097//3097 3107//3107 3096//3096 
f 3097//3097 3096//3096 3087//3087 
f 3095//3095 3096//3096 3107//3107 
f 3095//3095 3107//3107 3101//3101 
f 3100//3100 3102//3102 3105//3105 
f 3100//3100 3105//3105 3108//3108 
f 3094//3094 3100//3100 3108//3108 
f 3094//3094 3086//3086 3097//3097 
f 3097//3097 3086//3086 3079//3079 
f 3105//3105 3079//3079 3086//3086 
f 3105//3105 3086//3086 3077//3077 
f 3108//3108 3077//3077 3056//3056 
f 3094//3094 3108//3108 3020//3020 
f 3020//3020 3047//3047 3094//3094 
f 3094//3094 3047//3047 3040//3040 
f 3056//3056 3040//3040 3047//3047 
f 3056//3056 3047//3047 3030//3030 
f 3110//3110 3056//3056 3030//3030 
f 3110//3110 3030//3030 3111//3111 
f 3030//3030 3024//3024 3111//3111 
f 3108//3108 3056//3056 3110//3110 
f 3030//3030 3047//3047 3024//3024 
f 3077//3077 3040//3040 3056//3056 
f 3077//3077 3086//3086 3040//3040 
f 3094//3094 3040//3040 3086//3086 
f 3097//3097 3100//3100 3094//3094 
f 3108//3108 3105//3105 3077//3077 
f 3102//3102 3079//3079 3105//3105 
f 3102//3102 3104//3104 3079//3079 
f 3101//3101 3104//3104 3102//3102 
f 3097//3097 3079//3079 3104//3104 
f 3101//3101 3102//3102 3100//3100 
f 3101//3101 3107//3107 3104//3104 
f 3097//3097 3104//3104 3107//3107 
f 3087//3087 3091//3091 3097//3097 
f 3100//3100 3095//3095 3101//3101 
f 3098//3098 3106//3106 3093//3093 
f 3098//3098 3099//3099 3106//3106 
f 3087//3087 3106//3106 3099//3099 
f 3078//3078 3084//3084 3087//3087 
f 3091//3091 3092//3092 3098//3098 
f 3090//3090 3088//3088 3092//3092 
f 3090//3090 3083//3083 3088//3088 
f 3078//3078 3088//3088 3083//3083 
f 3084//3084 3089//3089 3090//3090 
f 3078//3078 3081//3081 3084//3084 
f 3070//3070 3076//3076 3071//3071 
f 3064//3064 3075//3075 3081//3081 
f 3070//3070 3069//3069 3076//3076 
f 3073//3073 3076//3076 3069//3069 
f 3073//3073 3064//3064 3081//3081 
f 3067//3067 3072//3072 3075//3075 
f 3067//3067 3063//3063 3072//3072 
f 3061//3061 3072//3072 3063//3063 
f 3062//3062 3055//3055 3061//3061 
f 3064//3064 3066//3066 3067//3067 
f 3068//3068 3074//3074 3066//3066 
f 3068//3068 3059//3059 3074//3074 
f 3062//3062 3074//3074 3059//3059 
f 3057//3057 3053//3053 3062//3062 
f 3055//3055 3058//3058 3068//3068 
f 3054//3054 3060//3060 3058//3058 
f 3054//3054 3065//3065 3060//3060 
f 3048//3048 3065//3065 3054//3054 
f 3057//3057 3060//3060 3065//3065 
f 3048//3048 3054//3054 3053//3053 
f 3045//3045 3048//3048 3053//3053 
f 3048//3048 3052//3052 3065//3065 
f 3057//3057 3065//3065 3052//3052 
f 3057//3057 3045//3045 3053//3053 
f 3045//3045 3046//3046 3048//3048 
f 3036//3036 3038//3038 3043//3043 
f 3050//3050 3044//3044 3049//3049 
f 3050//3050 3042//3042 3044//3044 
f 3036//3036 3044//3044 3042//3042 
f 3026//3026 3031//3031 3036//3036 
f 3033//3033 3039//3039 3041//3041 
f 3033//3033 3032//3032 3039//3039 
f 3026//3026 3039//3039 3032//3032 
f 3037//3037 3032//3032 3033//3033 
f 3037//3037 3029//3029 3032//3032 
f 3026//3026 3032//3032 3029//3029 
f 3021//3021 3022//3022 3026//3026 
f 3031//3031 3028//3028 3037//3037 
f 3110//3110 3023//3023 3022//3022 
f 3021//3021 3110//3110 3022//3022 
f 3109//3109 3027//3027 3023//3023 
f 3109//3109 3103//3103 3027//3027 
f 3020//3020 3027//3027 3103//3103 
f 3020//3020 3108//3108 3110//3110 
f 3020//3020 3024//3024 3047//3047 
f 3249//3249 3125//3125 3141//3141 
f 3141//3141 3125//3125 3195//3195 
f 3195//3195 3124//3124 3146//3146 
f 3249//3249 3141//3141 3135//3135 
f 3249//3249 3135//3135 3159//3159 
f 3199//3199 3159//3159 3135//3135 
f 3142//3142 3119//3119 3199//3199 
f 3199//3199 3119//3119 3123//3123 
f 3123//3123 3119//3119 3118//3118 
f 3118//3118 3131//3131 3123//3123 
f 3136//3136 3249//3249 3159//3159 
f 3248//3248 3249//3249 3136//3136 
f 3337//3337 3112//3112 3248//3248 
f 3223//3223 3249//3249 3112//3112 
f 3223//3223 3224//3224 3319//3319 
f 3223//3223 3319//3319 3125//3125 
f 3223//3223 3125//3125 3249//3249 
f 3141//3141 3195//3195 3313//3313 
f 3195//3195 3221//3221 3313//3313 
f 3115//3115 3290//3290 3147//3147 
f 3290//3290 3113//3113 3147//3147 
f 3113//3113 3141//3141 3147//3147 
f 3283//3283 3169//3169 3113//3113 
f 3113//3113 3169//3169 3116//3116 
f 3113//3113 3116//3116 3141//3141 
f 3139//3139 3166//3166 3116//3116 
f 3116//3116 3166//3166 3135//3135 
f 3135//3135 3166//3166 3199//3199 
f 3142//3142 3199//3199 3166//3166 
f 3120//3120 3142//3142 3330//3330 
f 3120//3120 3330//3330 3150//3150 
f 3120//3120 3150//3150 3165//3165 
f 3120//3120 3312//3312 3142//3142 
f 3142//3142 3312//3312 3117//3117 
f 3117//3117 3119//3119 3142//3142 
f 3118//3118 3119//3119 3117//3117 
f 3121//3121 3118//3118 3117//3117 
f 3117//3117 3312//3312 3121//3121 
f 3187//3187 3118//3118 3121//3121 
f 3326//3326 3187//3187 3121//3121 
f 3120//3120 3326//3326 3121//3121 
f 3121//3121 3312//3312 3120//3120 
f 3120//3120 3165//3165 3190//3190 
f 3165//3165 3193//3193 3190//3190 
f 3190//3190 3193//3193 3326//3326 
f 3165//3165 3307//3307 3193//3193 
f 3193//3193 3323//3323 3187//3187 
f 3187//3187 3323//3323 3130//3130 
f 3210//3210 3187//3187 3130//3130 
f 3210//3210 3122//3122 3123//3123 
f 3210//3210 3123//3123 3131//3131 
f 3131//3131 3118//3118 3210//3210 
f 3122//3122 3311//3311 3123//3123 
f 3123//3123 3311//3311 3197//3197 
f 3197//3197 3311//3311 3189//3189 
f 3319//3319 3197//3197 3189//3189 
f 3319//3319 3189//3189 3114//3114 
f 3124//3124 3319//3319 3114//3114 
f 3226//3226 3265//3265 3197//3197 
f 3265//3265 3248//3248 3197//3197 
f 3197//3197 3248//3248 3159//3159 
f 3248//3248 3161//3161 3159//3159 
f 3248//3248 3290//3290 3161//3161 
f 3161//3161 3290//3290 3283//3283 
f 3136//3136 3161//3161 3283//3283 
f 3283//3283 3290//3290 3189//3189 
f 3189//3189 3169//3169 3283//3283 
f 3139//3139 3211//3211 3128//3128 
f 3139//3139 3128//3128 3309//3309 
f 3315//3315 3139//3139 3309//3309 
f 3142//3142 3166//3166 3315//3315 
f 3330//3330 3126//3126 3150//3150 
f 3126//3126 3127//3127 3150//3150 
f 3126//3126 3328//3328 3127//3127 
f 3328//3328 3201//3201 3127//3127 
f 3127//3127 3201//3201 3129//3129 
f 3127//3127 3129//3129 3281//3281 
f 3344//3344 3127//3127 3281//3281 
f 3344//3344 3207//3207 3307//3307 
f 3344//3344 3307//3307 3204//3204 
f 3214//3214 3333//3333 3207//3207 
f 3333//3333 3133//3133 3207//3207 
f 3207//3207 3133//3133 3307//3307 
f 3193//3193 3307//3307 3133//3133 
f 3193//3193 3133//3133 3332//3332 
f 3130//3130 3193//3193 3332//3332 
f 3332//3332 3212//3212 3130//3130 
f 3130//3130 3282//3282 3210//3210 
f 3210//3210 3282//3282 3317//3317 
f 3206//3206 3122//3122 3317//3317 
f 3311//3311 3206//3206 3208//3208 
f 3132//3132 3189//3189 3311//3311 
f 3311//3311 3208//3208 3132//3132 
f 3132//3132 3128//3128 3211//3211 
f 3285//3285 3128//3128 3132//3132 
f 3285//3285 3134//3134 3128//3128 
f 3134//3134 3292//3292 3128//3128 
f 3128//3128 3292//3292 3244//3244 
f 3244//3244 3202//3202 3173//3173 
f 3244//3244 3173//3173 3137//3137 
f 3244//3244 3137//3137 3128//3128 
f 3137//3137 3138//3138 3315//3315 
f 3140//3140 3291//3291 3254//3254 
f 3254//3254 3291//3291 3160//3160 
f 3291//3291 3140//3140 3143//3143 
f 3291//3291 3143//3143 3126//3126 
f 3328//3328 3143//3143 3144//3144 
f 3129//3129 3328//3328 3144//3144 
f 3145//3145 3333//3333 3129//3129 
f 3145//3145 3270//3270 3149//3149 
f 3336//3336 3215//3215 3230//3230 
f 3149//3149 3271//3271 3133//3133 
f 3271//3271 3148//3148 3133//3133 
f 3133//3133 3148//3148 3144//3144 
f 3144//3144 3162//3162 3133//3133 
f 3332//3332 3162//3162 3261//3261 
f 3261//3261 3162//3162 3151//3151 
f 3134//3134 3208//3208 3284//3284 
f 3244//3244 3292//3292 3152//3152 
f 3153//3153 3244//3244 3152//3152 
f 3272//3272 3274//3274 3308//3308 
f 3272//3272 3308//3308 3278//3278 
f 3278//3278 3308//3308 3306//3306 
f 3278//3278 3306//3306 3158//3158 
f 3180//3180 3278//3278 3158//3158 
f 3280//3280 3182//3182 3158//3158 
f 3158//3158 3182//3182 3155//3155 
f 3182//3182 3154//3154 3155//3155 
f 3155//3155 3154//3154 3342//3342 
f 3155//3155 3342//3342 3258//3258 
f 3155//3155 3272//3272 3158//3158 
f 3202//3202 3158//3158 3272//3272 
f 3153//3153 3202//3202 3272//3272 
f 3185//3185 3258//3258 3153//3153 
f 3185//3185 3156//3156 3258//3258 
f 3302//3302 3258//3258 3156//3156 
f 3302//3302 3196//3196 3298//3298 
f 3258//3258 3302//3302 3260//3260 
f 3258//3258 3260//3260 3155//3155 
f 3155//3155 3260//3260 3157//3157 
f 3155//3155 3157//3157 3198//3198 
f 3273//3273 3198//3198 3157//3157 
f 3157//3157 3268//3268 3273//3273 
f 3198//3198 3274//3274 3155//3155 
f 3308//3308 3184//3184 3297//3297 
f 3163//3163 3308//3308 3297//3297 
f 3163//3163 3297//3297 3164//3164 
f 3163//3163 3164//3164 3299//3299 
f 3163//3163 3299//3299 3233//3233 
f 3163//3163 3233//3233 3306//3306 
f 3170//3170 3306//3306 3218//3218 
f 3170//3170 3218//3218 3243//3243 
f 3243//3243 3277//3277 3172//3172 
f 3172//3172 3170//3170 3243//3243 
f 3167//3167 3170//3170 3172//3172 
f 3182//3182 3167//3167 3325//3325 
f 3239//3239 3325//3325 3167//3167 
f 3239//3239 3167//3167 3172//3172 
f 3334//3334 3239//3239 3172//3172 
f 3168//3168 3334//3334 3231//3231 
f 3320//3320 3168//3168 3200//3200 
f 3320//3320 3239//3239 3334//3334 
f 3171//3171 3154//3154 3266//3266 
f 3266//3266 3342//3342 3171//3171 
f 3342//3342 3173//3173 3258//3258 
f 3342//3342 3266//3266 3137//3137 
f 3341//3341 3325//3325 3174//3174 
f 3341//3341 3174//3174 3239//3239 
f 3341//3341 3239//3239 3320//3320 
f 3341//3341 3168//3168 3329//3329 
f 3178//3178 3303//3303 3279//3279 
f 3279//3279 3322//3322 3178//3178 
f 3175//3175 3322//3322 3279//3279 
f 3279//3279 3275//3275 3175//3175 
f 3175//3175 3275//3275 3327//3327 
f 3327//3327 3176//3176 3175//3175 
f 3175//3175 3176//3176 3177//3177 
f 3176//3176 3279//3279 3177//3177 
f 3177//3177 3279//3279 3179//3179 
f 3179//3179 3322//3322 3177//3177 
f 3140//3140 3254//3254 3322//3322 
f 3322//3322 3254//3254 3329//3329 
f 3329//3329 3254//3254 3341//3341 
f 3179//3179 3343//3343 3322//3322 
f 3322//3322 3343//3343 3140//3140 
f 3140//3140 3343//3343 3324//3324 
f 3324//3324 3181//3181 3140//3140 
f 3186//3186 3151//3151 3181//3181 
f 3151//3151 3143//3143 3181//3181 
f 3186//3186 3181//3181 3324//3324 
f 3208//3208 3186//3186 3183//3183 
f 3152//3152 3292//3292 3164//3164 
f 3164//3164 3297//3297 3152//3152 
f 3152//3152 3297//3297 3296//3296 
f 3152//3152 3296//3296 3293//3293 
f 3296//3296 3298//3298 3293//3293 
f 3153//3153 3293//3293 3185//3185 
f 3196//3196 3194//3194 3298//3298 
f 3260//3260 3298//3298 3296//3296 
f 3157//3157 3296//3296 3268//3268 
f 3268//3268 3297//3297 3184//3184 
f 3296//3296 3297//3297 3268//3268 
f 3293//3293 3298//3298 3194//3194 
f 3293//3293 3194//3194 3192//3192 
f 3192//3192 3242//3242 3293//3293 
f 3293//3293 3242//3242 3185//3185 
f 3188//3188 3294//3294 3191//3191 
f 3273//3273 3188//3188 3191//3191 
f 3242//3242 3288//3288 3294//3294 
f 3191//3191 3288//3288 3267//3267 
f 3192//3192 3234//3234 3242//3242 
f 3234//3234 3288//3288 3242//3242 
f 3191//3191 3267//3267 3289//3289 
f 3273//3273 3191//3191 3289//3289 
f 3273//3273 3184//3184 3196//3196 
f 3308//3308 3234//3234 3192//3192 
f 3267//3267 3288//3288 3234//3234 
f 3267//3267 3234//3234 3289//3289 
f 3308//3308 3274//3274 3234//3234 
f 3289//3289 3234//3234 3274//3274 
f 3289//3289 3274//3274 3198//3198 
f 3273//3273 3289//3289 3198//3198 
f 3192//3192 3184//3184 3308//3308 
f 3192//3192 3194//3194 3184//3184 
f 3196//3196 3184//3184 3194//3194 
f 3302//3302 3188//3188 3273//3273 
f 3191//3191 3294//3294 3288//3288 
f 3273//3273 3196//3196 3302//3302 
f 3156//3156 3294//3294 3188//3188 
f 3242//3242 3294//3294 3185//3185 
f 3156//3156 3188//3188 3302//3302 
f 3156//3156 3185//3185 3294//3294 
f 3292//3292 3284//3284 3299//3299 
f 3321//3321 3205//3205 3203//3203 
f 3203//3203 3287//3287 3321//3321 
f 3255//3255 3321//3321 3343//3343 
f 3255//3255 3343//3343 3179//3179 
f 3179//3179 3346//3346 3255//3255 
f 3203//3203 3255//3255 3346//3346 
f 3203//3203 3346//3346 3232//3232 
f 3232//3232 3287//3287 3203//3203 
f 3232//3232 3209//3209 3287//3287 
f 3306//3306 3287//3287 3209//3209 
f 3232//3232 3277//3277 3209//3209 
f 3209//3209 3277//3277 3243//3243 
f 3232//3232 3275//3275 3277//3277 
f 3275//3275 3176//3176 3277//3277 
f 3229//3229 3275//3275 3232//3232 
f 3232//3232 3318//3318 3229//3229 
f 3318//3318 3245//3245 3229//3229 
f 3229//3229 3300//3300 3275//3275 
f 3300//3300 3238//3238 3275//3275 
f 3275//3275 3238//3238 3231//3231 
f 3275//3275 3231//3231 3327//3327 
f 3303//3303 3305//3305 3314//3314 
f 3240//3240 3314//3314 3256//3256 
f 3237//3237 3240//3240 3256//3256 
f 3345//3345 3240//3240 3237//3237 
f 3279//3279 3303//3303 3314//3314 
f 3346//3346 3345//3345 3237//3237 
f 3246//3246 3346//3346 3237//3237 
f 3240//3240 3345//3345 3346//3346 
f 3240//3240 3346//3346 3179//3179 
f 3179//3179 3279//3279 3240//3240 
f 3295//3295 3346//3346 3246//3246 
f 3246//3246 3305//3305 3295//3295 
f 3295//3295 3305//3305 3303//3303 
f 3286//3286 3318//3318 3232//3232 
f 3231//3231 3250//3250 3295//3295 
f 3250//3250 3318//3318 3295//3295 
f 3295//3295 3318//3318 3286//3286 
f 3250//3250 3251//3251 3318//3318 
f 3229//3229 3301//3301 3300//3300 
f 3238//3238 3262//3262 3247//3247 
f 3276//3276 3238//3238 3247//3247 
f 3301//3301 3245//3245 3252//3252 
f 3252//3252 3304//3304 3301//3301 
f 3304//3304 3262//3262 3301//3301 
f 3251//3251 3237//3237 3245//3245 
f 3252//3252 3245//3245 3237//3237 
f 3247//3247 3262//3262 3304//3304 
f 3247//3247 3304//3304 3253//3253 
f 3246//3246 3237//3237 3250//3250 
f 3252//3252 3237//3237 3256//3256 
f 3256//3256 3257//3257 3252//3252 
f 3252//3252 3257//3257 3304//3304 
f 3253//3253 3304//3304 3235//3235 
f 3235//3235 3304//3304 3257//3257 
f 3305//3305 3246//3246 3235//3235 
f 3235//3235 3257//3257 3305//3305 
f 3305//3305 3257//3257 3314//3314 
f 3250//3250 3253//3253 3246//3246 
f 3250//3250 3237//3237 3251//3251 
f 3276//3276 3247//3247 3253//3253 
f 3250//3250 3276//3276 3253//3253 
f 3238//3238 3300//3300 3262//3262 
f 3229//3229 3245//3245 3301//3301 
f 3301//3301 3262//3262 3300//3300 
f 3251//3251 3245//3245 3318//3318 
f 3276//3276 3250//3250 3231//3231 
f 3231//3231 3295//3295 3303//3303 
f 3295//3295 3286//3286 3346//3346 
f 3240//3240 3279//3279 3314//3314 
f 3246//3246 3253//3253 3235//3235 
f 3256//3256 3314//3314 3257//3257 
f 3231//3231 3277//3277 3327//3327 
f 3334//3334 3277//3277 3231//3231 
f 3238//3238 3276//3276 3231//3231 
f 3232//3232 3346//3346 3286//3286 
f 3321//3321 3255//3255 3205//3205 
f 3183//3183 3321//3321 3287//3287 
f 3284//3284 3287//3287 3233//3233 
f 3205//3205 3255//3255 3203//3203 
f 3284//3284 3183//3183 3287//3287 
f 3183//3183 3343//3343 3321//3321 
f 3186//3186 3324//3324 3183//3183 
f 3183//3183 3324//3324 3343//3343 
f 3275//3275 3279//3279 3176//3176 
f 3327//3327 3277//3277 3176//3176 
f 3175//3175 3177//3177 3322//3322 
f 3178//3178 3168//3168 3303//3303 
f 3178//3178 3329//3329 3168//3168 
f 3322//3322 3329//3329 3178//3178 
f 3325//3325 3239//3239 3174//3174 
f 3138//3138 3266//3266 3325//3325 
f 3173//3173 3342//3342 3137//3137 
f 3325//3325 3266//3266 3154//3154 
f 3320//3320 3200//3200 3341//3341 
f 3341//3341 3200//3200 3168//3168 
f 3168//3168 3231//3231 3303//3303 
f 3320//3320 3334//3334 3168//3168 
f 3170//3170 3167//3167 3182//3182 
f 3172//3172 3277//3277 3334//3334 
f 3243//3243 3218//3218 3209//3209 
f 3306//3306 3209//3209 3218//3218 
f 3280//3280 3306//3306 3170//3170 
f 3233//3233 3287//3287 3306//3306 
f 3299//3299 3284//3284 3233//3233 
f 3299//3299 3164//3164 3292//3292 
f 3273//3273 3268//3268 3184//3184 
f 3260//3260 3296//3296 3157//3157 
f 3302//3302 3298//3298 3260//3260 
f 3155//3155 3274//3274 3272//3272 
f 3153//3153 3258//3258 3173//3173 
f 3171//3171 3342//3342 3154//3154 
f 3182//3182 3325//3325 3154//3154 
f 3182//3182 3280//3280 3170//3170 
f 3202//3202 3180//3180 3158//3158 
f 3153//3153 3278//3278 3180//3180 
f 3158//3158 3306//3306 3280//3280 
f 3306//3306 3308//3308 3163//3163 
f 3278//3278 3153//3153 3272//3272 
f 3153//3153 3152//3152 3293//3293 
f 3180//3180 3244//3244 3153//3153 
f 3208//3208 3183//3183 3284//3284 
f 3208//3208 3261//3261 3186//3186 
f 3261//3261 3151//3151 3186//3186 
f 3144//3144 3151//3151 3162//3162 
f 3144//3144 3148//3148 3310//3310 
f 3144//3144 3310//3310 3316//3316 
f 3263//3263 3347//3347 3310//3310 
f 3281//3281 3263//3263 3344//3344 
f 3269//3269 3281//3281 3129//3129 
f 3129//3129 3316//3316 3269//3269 
f 3264//3264 3340//3340 3281//3281 
f 3264//3264 3281//3281 3269//3269 
f 3347//3347 3213//3213 3310//3310 
f 3264//3264 3269//3269 3217//3217 
f 3316//3316 3217//3217 3269//3269 
f 3340//3340 3220//3220 3347//3347 
f 3220//3220 3213//3213 3347//3347 
f 3213//3213 3241//3241 3316//3316 
f 3241//3241 3217//3217 3316//3316 
f 3259//3259 3217//3217 3216//3216 
f 3340//3340 3259//3259 3225//3225 
f 3241//3241 3216//3216 3217//3217 
f 3220//3220 3241//3241 3213//3213 
f 3336//3336 3271//3271 3340//3340 
f 3215//3215 3335//3335 3230//3230 
f 3336//3336 3219//3219 3271//3271 
f 3336//3336 3230//3230 3344//3344 
f 3263//3263 3219//3219 3336//3336 
f 3344//3344 3263//3263 3336//3336 
f 3310//3310 3148//3148 3219//3219 
f 3263//3263 3310//3310 3219//3219 
f 3230//3230 3270//3270 3344//3344 
f 3344//3344 3270//3270 3145//3145 
f 3149//3149 3270//3270 3227//3227 
f 3220//3220 3149//3149 3227//3227 
f 3227//3227 3270//3270 3216//3216 
f 3271//3271 3149//3149 3220//3220 
f 3230//3230 3335//3335 3270//3270 
f 3270//3270 3335//3335 3216//3216 
f 3340//3340 3215//3215 3336//3336 
f 3225//3225 3335//3335 3215//3215 
f 3227//3227 3216//3216 3241//3241 
f 3220//3220 3227//3227 3241//3241 
f 3340//3340 3271//3271 3220//3220 
f 3340//3340 3225//3225 3215//3215 
f 3225//3225 3216//3216 3335//3335 
f 3259//3259 3216//3216 3225//3225 
f 3264//3264 3217//3217 3259//3259 
f 3340//3340 3264//3264 3259//3259 
f 3281//3281 3340//3340 3263//3263 
f 3340//3340 3347//3347 3263//3263 
f 3213//3213 3316//3316 3310//3310 
f 3219//3219 3148//3148 3271//3271 
f 3201//3201 3207//3207 3145//3145 
f 3129//3129 3201//3201 3145//3145 
f 3145//3145 3149//3149 3333//3333 
f 3129//3129 3144//3144 3316//3316 
f 3214//3214 3328//3328 3129//3129 
f 3201//3201 3328//3328 3214//3214 
f 3144//3144 3143//3143 3151//3151 
f 3181//3181 3143//3143 3140//3140 
f 3341//3341 3254//3254 3160//3160 
f 3341//3341 3138//3138 3325//3325 
f 3160//3160 3138//3138 3341//3341 
f 3138//3138 3137//3137 3266//3266 
f 3173//3173 3202//3202 3153//3153 
f 3202//3202 3244//3244 3180//3180 
f 3134//3134 3284//3284 3292//3292 
f 3285//3285 3208//3208 3134//3134 
f 3132//3132 3208//3208 3285//3285 
f 3261//3261 3208//3208 3206//3206 
f 3212//3212 3261//3261 3130//3130 
f 3261//3261 3282//3282 3130//3130 
f 3261//3261 3206//3206 3282//3282 
f 3282//3282 3206//3206 3317//3317 
f 3332//3332 3261//3261 3212//3212 
f 3332//3332 3133//3133 3162//3162 
f 3333//3333 3149//3149 3133//3133 
f 3129//3129 3333//3333 3214//3214 
f 3201//3201 3214//3214 3207//3207 
f 3344//3344 3145//3145 3207//3207 
f 3204//3204 3127//3127 3344//3344 
f 3204//3204 3165//3165 3127//3127 
f 3143//3143 3328//3328 3126//3126 
f 3330//3330 3291//3291 3126//3126 
f 3160//3160 3291//3291 3330//3330 
f 3160//3160 3315//3315 3138//3138 
f 3330//3330 3315//3315 3160//3160 
f 3315//3315 3309//3309 3137//3137 
f 3309//3309 3128//3128 3137//3137 
f 3211//3211 3169//3169 3132//3132 
f 3132//3132 3169//3169 3189//3189 
f 3265//3265 3337//3337 3248//3248 
f 3265//3265 3331//3331 3337//3337 
f 3112//3112 3337//3337 3331//3331 
f 3112//3112 3331//3331 3222//3222 
f 3223//3223 3112//3112 3222//3222 
f 3226//3226 3339//3339 3265//3265 
f 3339//3339 3331//3331 3265//3265 
f 3222//3222 3331//3331 3236//3236 
f 3222//3222 3236//3236 3221//3221 
f 3221//3221 3236//3236 3338//3338 
f 3146//3146 3339//3339 3224//3224 
f 3338//3338 3236//3236 3228//3228 
f 3338//3338 3228//3228 3313//3313 
f 3313//3313 3228//3228 3147//3147 
f 3146//3146 3115//3115 3339//3339 
f 3115//3115 3228//3228 3339//3339 
f 3115//3115 3147//3147 3228//3228 
f 3223//3223 3146//3146 3224//3224 
f 3195//3195 3146//3146 3223//3223 
f 3223//3223 3221//3221 3195//3195 
f 3339//3339 3228//3228 3236//3236 
f 3223//3223 3222//3222 3221//3221 
f 3339//3339 3236//3236 3331//3331 
f 3224//3224 3339//3339 3226//3226 
f 3226//3226 3197//3197 3319//3319 
f 3125//3125 3319//3319 3124//3124 
f 3206//3206 3311//3311 3122//3122 
f 3210//3210 3317//3317 3122//3122 
f 3118//3118 3187//3187 3210//3210 
f 3130//3130 3323//3323 3193//3193 
f 3204//3204 3307//3307 3165//3165 
f 3326//3326 3120//3120 3190//3190 
f 3326//3326 3193//3193 3187//3187 
f 3127//3127 3165//3165 3150//3150 
f 3330//3330 3142//3142 3315//3315 
f 3315//3315 3166//3166 3139//3139 
f 3116//3116 3211//3211 3139//3139 
f 3169//3169 3211//3211 3116//3116 
f 3136//3136 3283//3283 3113//3113 
f 3248//3248 3113//3113 3290//3290 
f 3189//3189 3290//3290 3115//3115 
f 3115//3115 3114//3114 3189//3189 
f 3115//3115 3146//3146 3114//3114 
f 3221//3221 3338//3338 3313//3313 
f 3224//3224 3226//3226 3319//3319 
f 3248//3248 3136//3136 3113//3113 
f 3248//3248 3112//3112 3249//3249 
f 3136//3136 3159//3159 3161//3161 
f 3123//3123 3197//3197 3159//3159 
f 3123//3123 3159//3159 3199//3199 
f 3135//3135 3141//3141 3116//3116 
f 3147//3147 3141//3141 3313//3313 
f 3124//3124 3114//3114 3146//3146 
f 3125//3125 3124//3124 3195//3195 
f 3349//3349 3348//3348 3375//3375 
f 3375//3375 3348//3348 3353//3353 
f 3350//3350 3375//3375 3351//3351 
f 3351//3351 3356//3356 3350//3350 
f 3356//3356 3357//3357 3350//3350 
f 3350//3350 3357//3357 3358//3358 
f 3358//3358 3405//3405 3350//3350 
f 3405//3405 3443//3443 3349//3349 
f 3443//3443 3352//3352 3348//3348 
f 3352//3352 3367//3367 3364//3364 
f 3364//3364 3367//3367 3587//3587 
f 3354//3354 3587//3587 3367//3367 
f 3369//3369 3354//3354 3370//3370 
f 3370//3370 3355//3355 3369//3369 
f 3355//3355 3424//3424 3369//3369 
f 3424//3424 3376//3376 3369//3369 
f 3369//3369 3376//3376 3385//3385 
f 3385//3385 3386//3386 3369//3369 
f 3385//3385 3480//3480 3386//3386 
f 3480//3480 3552//3552 3386//3386 
f 3386//3386 3552//3552 3390//3390 
f 3386//3386 3390//3390 3354//3354 
f 3390//3390 3489//3489 3354//3354 
f 3354//3354 3489//3489 3587//3587 
f 3364//3364 3587//3587 3373//3373 
f 3373//3373 3587//3587 3504//3504 
f 3353//3353 3373//3373 3420//3420 
f 3375//3375 3353//3353 3420//3420 
f 3375//3375 3420//3420 3450//3450 
f 3351//3351 3375//3375 3450//3450 
f 3450//3450 3420//3420 3493//3493 
f 3493//3493 3420//3420 3359//3359 
f 3351//3351 3493//3493 3423//3423 
f 3423//3423 3360//3360 3351//3351 
f 3432//3432 3360//3360 3423//3423 
f 3388//3388 3432//3432 3423//3423 
f 3423//3423 3396//3396 3388//3388 
f 3388//3388 3396//3396 3361//3361 
f 3388//3388 3361//3361 3362//3362 
f 3388//3388 3362//3362 3399//3399 
f 3399//3399 3442//3442 3388//3388 
f 3363//3363 3442//3442 3399//3399 
f 3358//3358 3363//3363 3399//3399 
f 3399//3399 3413//3413 3358//3358 
f 3358//3358 3413//3413 3411//3411 
f 3411//3411 3405//3405 3358//3358 
f 3405//3405 3516//3516 3443//3443 
f 3516//3516 3400//3400 3443//3443 
f 3370//3370 3352//3352 3400//3400 
f 3367//3367 3370//3370 3354//3354 
f 3516//3516 3365//3365 3400//3400 
f 3365//3365 3355//3355 3400//3400 
f 3365//3365 3436//3436 3355//3355 
f 3451//3451 3365//3365 3516//3516 
f 3411//3411 3451//3451 3516//3516 
f 3451//3451 3381//3381 3365//3365 
f 3448//3448 3365//3365 3381//3381 
f 3448//3448 3366//3366 3401//3401 
f 3401//3401 3366//3366 3437//3437 
f 3368//3368 3401//3401 3437//3437 
f 3392//3392 3586//3586 3452//3452 
f 3401//3401 3392//3392 3452//3452 
f 3507//3507 3401//3401 3452//3452 
f 3436//3436 3507//3507 3435//3435 
f 3435//3435 3534//3534 3436//3436 
f 3436//3436 3534//3534 3441//3441 
f 3436//3436 3441//3441 3454//3454 
f 3355//3355 3436//3436 3454//3454 
f 3454//3454 3441//3441 3530//3530 
f 3454//3454 3530//3530 3371//3371 
f 3424//3424 3454//3454 3371//3371 
f 3371//3371 3530//3530 3570//3570 
f 3371//3371 3570//3570 3521//3521 
f 3521//3521 3424//3424 3371//3371 
f 3521//3521 3570//3570 3526//3526 
f 3376//3376 3372//3372 3385//3385 
f 3385//3385 3372//3372 3416//3416 
f 3416//3416 3372//3372 3538//3538 
f 3416//3416 3538//3538 3491//3491 
f 3549//3549 3491//3491 3588//3588 
f 3374//3374 3549//3549 3588//3588 
f 3509//3509 3374//3374 3588//3588 
f 3414//3414 3509//3509 3522//3522 
f 3522//3522 3439//3439 3414//3414 
f 3414//3414 3439//3439 3527//3527 
f 3396//3396 3378//3378 3523//3523 
f 3378//3378 3379//3379 3523//3523 
f 3523//3523 3379//3379 3525//3525 
f 3523//3523 3525//3525 3453//3453 
f 3523//3523 3453//3453 3429//3429 
f 3361//3361 3523//3523 3429//3429 
f 3362//3362 3380//3380 3399//3399 
f 3399//3399 3380//3380 3413//3413 
f 3413//3413 3585//3585 3451//3451 
f 3451//3451 3415//3415 3381//3381 
f 3415//3415 3366//3366 3381//3381 
f 3585//3585 3415//3415 3451//3451 
f 3415//3415 3382//3382 3366//3366 
f 3383//3383 3382//3382 3415//3415 
f 3585//3585 3383//3383 3415//3415 
f 3417//3417 3437//3437 3382//3382 
f 3497//3497 3437//3437 3417//3417 
f 3429//3429 3383//3383 3585//3585 
f 3429//3429 3453//3453 3383//3383 
f 3453//3453 3417//3417 3383//3383 
f 3497//3497 3417//3417 3456//3456 
f 3497//3497 3456//3456 3391//3391 
f 3389//3389 3495//3495 3384//3384 
f 3387//3387 3389//3389 3384//3384 
f 3389//3389 3499//3499 3495//3495 
f 3495//3495 3499//3499 3391//3391 
f 3591//3591 3392//3392 3393//3393 
f 3393//3393 3392//3392 3368//3368 
f 3368//3368 3437//3437 3393//3393 
f 3591//3591 3586//3586 3392//3392 
f 3499//3499 3418//3418 3391//3391 
f 3497//3497 3391//3391 3502//3502 
f 3502//3502 3437//3437 3497//3497 
f 3394//3394 3591//3591 3393//3393 
f 3395//3395 3581//3581 3418//3418 
f 3395//3395 3418//3418 3535//3535 
f 3581//3581 3391//3391 3418//3418 
f 3581//3581 3421//3421 3391//3391 
f 3502//3502 3391//3391 3421//3421 
f 3508//3508 3406//3406 3592//3592 
f 3592//3592 3398//3398 3394//3394 
f 3394//3394 3437//3437 3592//3592 
f 3508//3508 3592//3592 3437//3437 
f 3508//3508 3437//3437 3502//3502 
f 3398//3398 3404//3404 3586//3586 
f 3404//3404 3419//3419 3586//3586 
f 3397//3397 3422//3422 3395//3395 
f 3425//3425 3421//3421 3581//3581 
f 3395//3395 3425//3425 3581//3581 
f 3593//3593 3404//3404 3398//3398 
f 3592//3592 3593//3593 3398//3398 
f 3508//3508 3502//3502 3579//3579 
f 3579//3579 3427//3427 3508//3508 
f 3427//3427 3583//3583 3578//3578 
f 3427//3427 3578//3578 3406//3406 
f 3583//3583 3404//3404 3578//3578 
f 3578//3578 3404//3404 3593//3593 
f 3584//3584 3580//3580 3422//3422 
f 3580//3580 3402//3402 3421//3421 
f 3402//3402 3596//3596 3502//3502 
f 3502//3502 3596//3596 3403//3403 
f 3579//3579 3502//3502 3403//3403 
f 3579//3579 3403//3403 3412//3412 
f 3579//3579 3412//3412 3590//3590 
f 3579//3579 3590//3590 3426//3426 
f 3582//3582 3594//3594 3583//3583 
f 3583//3583 3594//3594 3404//3404 
f 3404//3404 3594//3594 3419//3419 
f 3594//3594 3577//3577 3419//3419 
f 3577//3577 3407//3407 3419//3419 
f 3428//3428 3419//3419 3407//3407 
f 3428//3428 3407//3407 3409//3409 
f 3428//3428 3409//3409 3589//3589 
f 3428//3428 3589//3589 3408//3408 
f 3428//3428 3408//3408 3584//3584 
f 3428//3428 3584//3584 3397//3397 
f 3408//3408 3595//3595 3584//3584 
f 3584//3584 3595//3595 3580//3580 
f 3402//3402 3580//3580 3595//3595 
f 3402//3402 3595//3595 3410//3410 
f 3410//3410 3596//3596 3402//3402 
f 3596//3596 3409//3409 3407//3407 
f 3596//3596 3589//3589 3409//3409 
f 3595//3595 3408//3408 3589//3589 
f 3595//3595 3589//3589 3410//3410 
f 3410//3410 3589//3589 3596//3596 
f 3397//3397 3419//3419 3428//3428 
f 3403//3403 3407//3407 3577//3577 
f 3577//3577 3412//3412 3403//3403 
f 3577//3577 3572//3572 3412//3412 
f 3582//3582 3426//3426 3572//3572 
f 3572//3572 3426//3426 3590//3590 
f 3594//3594 3582//3582 3572//3572 
f 3594//3594 3572//3572 3577//3577 
f 3572//3572 3590//3590 3412//3412 
f 3583//3583 3426//3426 3582//3582 
f 3596//3596 3407//3407 3403//3403 
f 3427//3427 3426//3426 3583//3583 
f 3579//3579 3426//3426 3427//3427 
f 3502//3502 3421//3421 3402//3402 
f 3580//3580 3421//3421 3425//3425 
f 3422//3422 3580//3580 3425//3425 
f 3397//3397 3584//3584 3422//3422 
f 3406//3406 3578//3578 3593//3593 
f 3508//3508 3427//3427 3406//3406 
f 3422//3422 3425//3425 3395//3395 
f 3387//3387 3419//3419 3397//3397 
f 3406//3406 3593//3593 3592//3592 
f 3397//3397 3395//3395 3387//3387 
f 3535//3535 3387//3387 3395//3395 
f 3398//3398 3586//3586 3591//3591 
f 3394//3394 3398//3398 3591//3591 
f 3393//3393 3437//3437 3394//3394 
f 3535//3535 3418//3418 3499//3499 
f 3535//3535 3499//3499 3389//3389 
f 3387//3387 3535//3535 3389//3389 
f 3419//3419 3430//3430 3586//3586 
f 3586//3586 3430//3430 3431//3431 
f 3574//3574 3433//3433 3434//3434 
f 3434//3434 3529//3529 3574//3574 
f 3574//3574 3529//3529 3431//3431 
f 3586//3586 3431//3431 3529//3529 
f 3434//3434 3571//3571 3529//3529 
f 3452//3452 3529//3529 3571//3571 
f 3435//3435 3542//3542 3534//3534 
f 3542//3542 3463//3463 3534//3534 
f 3534//3534 3463//3463 3459//3459 
f 3459//3459 3528//3528 3530//3530 
f 3441//3441 3459//3459 3530//3530 
f 3530//3530 3528//3528 3570//3570 
f 3570//3570 3528//3528 3524//3524 
f 3570//3570 3524//3524 3526//3526 
f 3598//3598 3526//3526 3575//3575 
f 3598//3598 3575//3575 3455//3455 
f 3598//3598 3455//3455 3537//3537 
f 3537//3537 3538//3538 3598//3598 
f 3491//3491 3538//3538 3438//3438 
f 3471//3471 3438//3438 3537//3537 
f 3537//3537 3475//3475 3471//3471 
f 3471//3471 3475//3475 3457//3457 
f 3471//3471 3536//3536 3438//3438 
f 3588//3588 3438//3438 3536//3536 
f 3527//3527 3478//3478 3445//3445 
f 3527//3527 3445//3445 3539//3539 
f 3540//3540 3527//3527 3539//3539 
f 3384//3384 3440//3440 3460//3460 
f 3446//3446 3444//3444 3541//3541 
f 3541//3541 3460//3460 3446//3446 
f 3541//3541 3486//3486 3460//3460 
f 3460//3460 3486//3486 3387//3387 
f 3541//3541 3430//3430 3486//3486 
f 3419//3419 3486//3486 3430//3430 
f 3464//3464 3465//3465 3574//3574 
f 3574//3574 3431//3431 3464//3464 
f 3433//3433 3473//3473 3542//3542 
f 3463//3463 3447//3447 3459//3459 
f 3447//3447 3543//3543 3466//3466 
f 3528//3528 3447//3447 3466//3466 
f 3466//3466 3543//3543 3458//3458 
f 3466//3466 3458//3458 3449//3449 
f 3524//3524 3466//3466 3449//3449 
f 3524//3524 3449//3449 3544//3544 
f 3575//3575 3524//3524 3544//3544 
f 3575//3575 3544//3544 3455//3455 
f 3475//3475 3469//3469 3457//3457 
f 3471//3471 3457//3457 3439//3439 
f 3457//3457 3469//3469 3439//3439 
f 3439//3439 3469//3469 3478//3478 
f 3469//3469 3461//3461 3478//3478 
f 3478//3478 3461//3461 3462//3462 
f 3462//3462 3461//3461 3468//3468 
f 3445//3445 3462//3462 3599//3599 
f 3545//3545 3539//3539 3446//3446 
f 3460//3460 3545//3545 3446//3446 
f 3540//3540 3539//3539 3545//3545 
f 3440//3440 3540//3540 3545//3545 
f 3539//3539 3599//3599 3444//3444 
f 3444//3444 3599//3599 3472//3472 
f 3444//3444 3472//3472 3546//3546 
f 3546//3546 3472//3472 3467//3467 
f 3541//3541 3546//3546 3464//3464 
f 3546//3546 3467//3467 3465//3465 
f 3433//3433 3467//3467 3473//3473 
f 3467//3467 3484//3484 3473//3473 
f 3484//3484 3468//3468 3543//3543 
f 3473//3473 3484//3484 3463//3463 
f 3484//3484 3543//3543 3447//3447 
f 3543//3543 3468//3468 3458//3458 
f 3550//3550 3468//3468 3484//3484 
f 3599//3599 3462//3462 3472//3472 
f 3472//3472 3462//3462 3550//3550 
f 3462//3462 3468//3468 3550//3550 
f 3472//3472 3550//3550 3467//3467 
f 3467//3467 3550//3550 3484//3484 
f 3468//3468 3461//3461 3458//3458 
f 3449//3449 3458//3458 3551//3551 
f 3544//3544 3449//3449 3551//3551 
f 3544//3544 3551//3551 3469//3469 
f 3551//3551 3458//3458 3461//3461 
f 3469//3469 3551//3551 3461//3461 
f 3475//3475 3544//3544 3469//3469 
f 3455//3455 3544//3544 3475//3475 
f 3463//3463 3484//3484 3447//3447 
f 3542//3542 3473//3473 3463//3463 
f 3465//3465 3467//3467 3433//3433 
f 3464//3464 3546//3546 3465//3465 
f 3464//3464 3430//3430 3541//3541 
f 3541//3541 3444//3444 3546//3546 
f 3446//3446 3539//3539 3444//3444 
f 3440//3440 3545//3545 3460//3460 
f 3470//3470 3440//3440 3384//3384 
f 3470//3470 3414//3414 3540//3540 
f 3384//3384 3495//3495 3470//3470 
f 3495//3495 3481//3481 3470//3470 
f 3481//3481 3548//3548 3470//3470 
f 3481//3481 3379//3379 3548//3548 
f 3525//3525 3481//3481 3474//3474 
f 3495//3495 3474//3474 3481//3481 
f 3453//3453 3474//3474 3456//3456 
f 3456//3456 3474//3474 3391//3391 
f 3476//3476 3548//3548 3378//3378 
f 3377//3377 3470//3470 3548//3548 
f 3470//3470 3540//3540 3440//3440 
f 3414//3414 3527//3527 3540//3540 
f 3539//3539 3445//3445 3599//3599 
f 3478//3478 3462//3462 3445//3445 
f 3471//3471 3439//3439 3522//3522 
f 3522//3522 3536//3536 3471//3471 
f 3537//3537 3438//3438 3538//3538 
f 3537//3537 3455//3455 3475//3475 
f 3521//3521 3526//3526 3598//3598 
f 3376//3376 3521//3521 3598//3598 
f 3526//3526 3524//3524 3575//3575 
f 3528//3528 3466//3466 3524//3524 
f 3459//3459 3447//3447 3528//3528 
f 3434//3434 3542//3542 3435//3435 
f 3435//3435 3571//3571 3434//3434 
f 3434//3434 3433//3433 3542//3542 
f 3574//3574 3465//3465 3433//3433 
f 3464//3464 3431//3431 3430//3430 
f 3387//3387 3486//3486 3419//3419 
f 3384//3384 3460//3460 3387//3387 
f 3495//3495 3391//3391 3474//3474 
f 3453//3453 3456//3456 3417//3417 
f 3383//3383 3417//3417 3382//3382 
f 3380//3380 3585//3585 3413//3413 
f 3362//3362 3585//3585 3380//3380 
f 3362//3362 3429//3429 3585//3585 
f 3525//3525 3474//3474 3453//3453 
f 3379//3379 3481//3481 3525//3525 
f 3378//3378 3548//3548 3379//3379 
f 3423//3423 3547//3547 3396//3396 
f 3476//3476 3519//3519 3377//3377 
f 3483//3483 3377//3377 3519//3519 
f 3483//3483 3505//3505 3374//3374 
f 3374//3374 3505//3505 3482//3482 
f 3477//3477 3374//3374 3482//3482 
f 3490//3490 3549//3549 3477//3477 
f 3477//3477 3482//3482 3490//3490 
f 3558//3558 3549//3549 3490//3490 
f 3558//3558 3491//3491 3549//3549 
f 3480//3480 3488//3488 3552//3552 
f 3552//3552 3488//3488 3489//3489 
f 3479//3479 3489//3489 3492//3492 
f 3492//3492 3482//3482 3479//3479 
f 3563//3563 3558//3558 3490//3490 
f 3491//3491 3553//3553 3416//3416 
f 3553//3553 3385//3385 3416//3416 
f 3385//3385 3498//3498 3496//3496 
f 3498//3498 3488//3488 3496//3496 
f 3488//3488 3485//3485 3489//3489 
f 3492//3492 3489//3489 3485//3485 
f 3559//3559 3560//3560 3487//3487 
f 3487//3487 3569//3569 3563//3563 
f 3563//3563 3482//3482 3487//3487 
f 3559//3559 3487//3487 3482//3482 
f 3559//3559 3482//3482 3492//3492 
f 3569//3569 3576//3576 3491//3491 
f 3576//3576 3553//3553 3491//3491 
f 3531//3531 3556//3556 3498//3498 
f 3557//3557 3485//3485 3488//3488 
f 3498//3498 3557//3557 3488//3488 
f 3494//3494 3566//3566 3560//3560 
f 3560//3560 3566//3566 3555//3555 
f 3566//3566 3576//3576 3555//3555 
f 3555//3555 3576//3576 3569//3569 
f 3487//3487 3555//3555 3569//3569 
f 3559//3559 3492//3492 3533//3533 
f 3533//3533 3506//3506 3559//3559 
f 3559//3559 3506//3506 3494//3494 
f 3506//3506 3520//3520 3494//3494 
f 3494//3494 3520//3520 3566//3566 
f 3520//3520 3576//3576 3566//3566 
f 3561//3561 3514//3514 3556//3556 
f 3492//3492 3485//3485 3567//3567 
f 3567//3567 3510//3510 3492//3492 
f 3533//3533 3492//3492 3510//3510 
f 3510//3510 3513//3513 3533//3533 
f 3533//3533 3513//3513 3503//3503 
f 3533//3533 3503//3503 3515//3515 
f 3517//3517 3568//3568 3520//3520 
f 3520//3520 3568//3568 3576//3576 
f 3576//3576 3568//3568 3553//3553 
f 3568//3568 3597//3597 3553//3553 
f 3554//3554 3553//3553 3597//3597 
f 3554//3554 3597//3597 3512//3512 
f 3512//3512 3511//3511 3554//3554 
f 3511//3511 3500//3500 3554//3554 
f 3554//3554 3500//3500 3561//3561 
f 3554//3554 3561//3561 3531//3531 
f 3561//3561 3500//3500 3564//3564 
f 3567//3567 3564//3564 3511//3511 
f 3567//3567 3511//3511 3565//3565 
f 3565//3565 3562//3562 3567//3567 
f 3567//3567 3562//3562 3510//3510 
f 3510//3510 3512//3512 3597//3597 
f 3562//3562 3565//3565 3512//3512 
f 3564//3564 3500//3500 3511//3511 
f 3565//3565 3511//3511 3512//3512 
f 3562//3562 3512//3512 3510//3510 
f 3531//3531 3553//3553 3554//3554 
f 3510//3510 3597//3597 3513//3513 
f 3568//3568 3513//3513 3597//3597 
f 3513//3513 3501//3501 3503//3503 
f 3501//3501 3517//3517 3503//3503 
f 3517//3517 3515//3515 3503//3503 
f 3568//3568 3517//3517 3501//3501 
f 3568//3568 3501//3501 3513//3513 
f 3520//3520 3515//3515 3517//3517 
f 3567//3567 3485//3485 3564//3564 
f 3564//3564 3485//3485 3514//3514 
f 3561//3561 3564//3564 3514//3514 
f 3506//3506 3515//3515 3520//3520 
f 3533//3533 3515//3515 3506//3506 
f 3514//3514 3485//3485 3557//3557 
f 3556//3556 3514//3514 3557//3557 
f 3531//3531 3561//3561 3556//3556 
f 3556//3556 3557//3557 3498//3498 
f 3385//3385 3553//3553 3531//3531 
f 3560//3560 3555//3555 3487//3487 
f 3559//3559 3494//3494 3560//3560 
f 3531//3531 3498//3498 3385//3385 
f 3480//3480 3385//3385 3496//3496 
f 3569//3569 3491//3491 3558//3558 
f 3563//3563 3569//3569 3558//3558 
f 3490//3490 3482//3482 3563//3563 
f 3496//3496 3488//3488 3480//3480 
f 3479//3479 3504//3504 3489//3489 
f 3373//3373 3504//3504 3518//3518 
f 3504//3504 3573//3573 3518//3518 
f 3573//3573 3505//3505 3518//3518 
f 3518//3518 3505//3505 3532//3532 
f 3359//3359 3518//3518 3532//3532 
f 3493//3493 3359//3359 3547//3547 
f 3359//3359 3532//3532 3519//3519 
f 3359//3359 3519//3519 3476//3476 
f 3532//3532 3505//3505 3519//3519 
f 3505//3505 3573//3573 3482//3482 
f 3479//3479 3482//3482 3573//3573 
f 3573//3573 3504//3504 3479//3479 
f 3519//3519 3505//3505 3483//3483 
f 3509//3509 3483//3483 3374//3374 
f 3509//3509 3377//3377 3483//3483 
f 3547//3547 3359//3359 3476//3476 
f 3396//3396 3476//3476 3378//3378 
f 3547//3547 3476//3476 3396//3396 
f 3476//3476 3377//3377 3548//3548 
f 3377//3377 3414//3414 3470//3470 
f 3509//3509 3414//3414 3377//3377 
f 3439//3439 3478//3478 3527//3527 
f 3509//3509 3536//3536 3522//3522 
f 3588//3588 3536//3536 3509//3509 
f 3477//3477 3549//3549 3374//3374 
f 3588//3588 3491//3491 3438//3438 
f 3598//3598 3538//3538 3372//3372 
f 3376//3376 3598//3598 3372//3372 
f 3534//3534 3459//3459 3441//3441 
f 3507//3507 3571//3571 3435//3435 
f 3507//3507 3436//3436 3365//3365 
f 3452//3452 3571//3571 3507//3507 
f 3452//3452 3586//3586 3529//3529 
f 3368//3368 3392//3392 3401//3401 
f 3437//3437 3366//3366 3382//3382 
f 3381//3381 3366//3366 3448//3448 
f 3507//3507 3448//3448 3401//3401 
f 3507//3507 3365//3365 3448//3448 
f 3411//3411 3516//3516 3405//3405 
f 3413//3413 3451//3451 3411//3411 
f 3357//3357 3442//3442 3363//3363 
f 3361//3361 3429//3429 3362//3362 
f 3396//3396 3523//3523 3361//3361 
f 3442//3442 3432//3432 3388//3388 
f 3356//3356 3432//3432 3442//3442 
f 3360//3360 3432//3432 3356//3356 
f 3423//3423 3493//3493 3547//3547 
f 3420//3420 3518//3518 3359//3359 
f 3450//3450 3493//3493 3351//3351 
f 3420//3420 3373//3373 3518//3518 
f 3504//3504 3587//3587 3489//3489 
f 3390//3390 3552//3552 3489//3489 
f 3521//3521 3376//3376 3424//3424 
f 3355//3355 3454//3454 3424//3424 
f 3370//3370 3400//3400 3355//3355 
f 3386//3386 3354//3354 3369//3369 
f 3370//3370 3367//3367 3352//3352 
f 3443//3443 3400//3400 3352//3352 
f 3357//3357 3363//3363 3358//3358 
f 3356//3356 3442//3442 3357//3357 
f 3360//3360 3356//3356 3351//3351 
f 3348//3348 3373//3373 3353//3353 
f 3348//3348 3364//3364 3373//3373 
f 3348//3348 3352//3352 3364//3364 
f 3349//3349 3443//3443 3348//3348 
f 3350//3350 3405//3405 3349//3349 
f 3349//3349 3375//3375 3350//3350 
f 3607//3607 3605//3605 3600//3600 
f 3607//3607 3707//3707 3609//3609 
f 3707//3707 3603//3603 3609//3609 
f 3600//3600 3605//3605 3604//3604 
f 3604//3604 3601//3601 3600//3600 
f 3601//3601 3619//3619 3600//3600 
f 3600//3600 3619//3619 3627//3627 
f 3627//3627 3607//3607 3600//3600 
f 3627//3627 3612//3612 3607//3607 
f 3612//3612 3707//3707 3607//3607 
f 3707//3707 3602//3602 3603//3603 
f 3602//3602 3624//3624 3603//3603 
f 3603//3603 3624//3624 3621//3621 
f 3606//3606 3621//3621 3624//3624 
f 3616//3616 3606//3606 3653//3653 
f 3653//3653 3631//3631 3616//3616 
f 3631//3631 3709//3709 3616//3616 
f 3616//3616 3709//3709 3773//3773 
f 3616//3616 3773//3773 3637//3637 
f 3637//3637 3638//3638 3616//3616 
f 3637//3637 3732//3732 3638//3638 
f 3732//3732 3753//3753 3638//3638 
f 3638//3638 3753//3753 3606//3606 
f 3606//3606 3803//3803 3621//3621 
f 3603//3603 3621//3621 3838//3838 
f 3838//3838 3621//3621 3763//3763 
f 3609//3609 3838//3838 3748//3748 
f 3609//3609 3748//3748 3668//3668 
f 3605//3605 3609//3609 3668//3668 
f 3605//3605 3668//3668 3695//3695 
f 3604//3604 3605//3605 3695//3695 
f 3695//3695 3668//3668 3746//3746 
f 3604//3604 3746//3746 3744//3744 
f 3744//3744 3610//3610 3604//3604 
f 3608//3608 3610//3610 3744//3744 
f 3672//3672 3608//3608 3744//3744 
f 3744//3744 3639//3639 3672//3672 
f 3639//3639 3657//3657 3672//3672 
f 3672//3672 3657//3657 3769//3769 
f 3769//3769 3611//3611 3672//3672 
f 3675//3675 3611//3611 3769//3769 
f 3627//3627 3675//3675 3769//3769 
f 3769//3769 3613//3613 3627//3627 
f 3627//3627 3613//3613 3612//3612 
f 3830//3830 3685//3685 3602//3602 
f 3830//3830 3602//3602 3707//3707 
f 3653//3653 3602//3602 3685//3685 
f 3624//3624 3653//3653 3606//3606 
f 3685//3685 3784//3784 3631//3631 
f 3614//3614 3784//3784 3685//3685 
f 3830//3830 3614//3614 3685//3685 
f 3831//3831 3633//3633 3615//3615 
f 3615//3615 3633//3633 3646//3646 
f 3615//3615 3646//3646 3841//3841 
f 3841//3841 3669//3669 3615//3615 
f 3615//3615 3669//3669 3701//3701 
f 3701//3701 3669//3669 3696//3696 
f 3615//3615 3701//3701 3688//3688 
f 3762//3762 3615//3615 3688//3688 
f 3784//3784 3762//3762 3622//3622 
f 3622//3622 3790//3790 3784//3784 
f 3784//3784 3790//3790 3775//3775 
f 3784//3784 3775//3775 3617//3617 
f 3631//3631 3784//3784 3617//3617 
f 3617//3617 3775//3775 3618//3618 
f 3709//3709 3617//3617 3618//3618 
f 3618//3618 3775//3775 3776//3776 
f 3618//3618 3776//3776 3777//3777 
f 3618//3618 3777//3777 3703//3703 
f 3773//3773 3618//3618 3703//3703 
f 3703//3703 3777//3777 3822//3822 
f 3703//3703 3620//3620 3773//3773 
f 3773//3773 3620//3620 3637//3637 
f 3637//3637 3620//3620 3807//3807 
f 3807//3807 3620//3620 3819//3819 
f 3807//3807 3819//3819 3636//3636 
f 3800//3800 3636//3636 3705//3705 
f 3623//3623 3800//3800 3705//3705 
f 3749//3749 3623//3623 3705//3705 
f 3850//3850 3749//3749 3628//3628 
f 3628//3628 3692//3692 3850//3850 
f 3850//3850 3692//3692 3714//3714 
f 3850//3850 3714//3714 3781//3781 
f 3839//3839 3850//3850 3781//3781 
f 3839//3839 3781//3781 3626//3626 
f 3625//3625 3839//3839 3626//3626 
f 3666//3666 3625//3625 3778//3778 
f 3666//3666 3778//3778 3639//3639 
f 3778//3778 3840//3840 3629//3629 
f 3639//3639 3778//3778 3629//3629 
f 3629//3629 3840//3840 3630//3630 
f 3629//3629 3630//3630 3648//3648 
f 3657//3657 3629//3629 3648//3648 
f 3648//3648 3630//3630 3706//3706 
f 3657//3657 3648//3648 3632//3632 
f 3769//3769 3657//3657 3632//3632 
f 3769//3769 3632//3632 3704//3704 
f 3704//3704 3635//3635 3665//3665 
f 3704//3704 3665//3665 3613//3613 
f 3665//3665 3837//3837 3614//3614 
f 3837//3837 3831//3831 3614//3614 
f 3635//3635 3837//3837 3665//3665 
f 3634//3634 3633//3633 3837//3837 
f 3635//3635 3634//3634 3837//3837 
f 3667//3667 3646//3646 3633//3633 
f 3750//3750 3646//3646 3667//3667 
f 3706//3706 3667//3667 3634//3634 
f 3635//3635 3706//3706 3634//3634 
f 3648//3648 3706//3706 3635//3635 
f 3750//3750 3667//3667 3795//3795 
f 3750//3750 3795//3795 3643//3643 
f 3641//3641 3642//3642 3640//3640 
f 3649//3649 3641//3641 3640//3640 
f 3696//3696 3844//3844 3670//3670 
f 3641//3641 3783//3783 3642//3642 
f 3642//3642 3783//3783 3643//3643 
f 3646//3646 3644//3644 3841//3841 
f 3644//3644 3755//3755 3841//3841 
f 3755//3755 3669//3669 3841//3841 
f 3755//3755 3844//3844 3669//3669 
f 3645//3645 3752//3752 3783//3783 
f 3783//3783 3752//3752 3643//3643 
f 3750//3750 3643//3643 3690//3690 
f 3690//3690 3646//3646 3750//3750 
f 3649//3649 3843//3843 3761//3761 
f 3843//3843 3650//3650 3761//3761 
f 3761//3761 3650//3650 3752//3752 
f 3761//3761 3752//3752 3645//3645 
f 3650//3650 3643//3643 3752//3752 
f 3650//3650 3691//3691 3643//3643 
f 3690//3690 3643//3643 3691//3691 
f 3647//3647 3651//3651 3671//3671 
f 3671//3671 3652//3652 3644//3644 
f 3644//3644 3646//3646 3671//3671 
f 3647//3647 3671//3671 3646//3646 
f 3647//3647 3646//3646 3690//3690 
f 3658//3658 3845//3845 3843//3843 
f 3674//3674 3691//3691 3650//3650 
f 3843//3843 3674//3674 3650//3650 
f 3673//3673 3844//3844 3652//3652 
f 3671//3671 3673//3673 3652//3652 
f 3647//3647 3690//3690 3656//3656 
f 3656//3656 3654//3654 3647//3647 
f 3654//3654 3655//3655 3651//3651 
f 3655//3655 3835//3835 3673//3673 
f 3833//3833 3680//3680 3845//3845 
f 3680//3680 3834//3834 3691//3691 
f 3690//3690 3691//3691 3834//3834 
f 3834//3834 3846//3846 3690//3690 
f 3656//3656 3690//3690 3846//3846 
f 3846//3846 3678//3678 3656//3656 
f 3678//3678 3824//3824 3656//3656 
f 3824//3824 3659//3659 3656//3656 
f 3676//3676 3660//3660 3835//3835 
f 3676//3676 3835//3835 3655//3655 
f 3835//3835 3660//3660 3670//3670 
f 3660//3660 3677//3677 3670//3670 
f 3832//3832 3670//3670 3677//3677 
f 3832//3832 3677//3677 3780//3780 
f 3832//3832 3780//3780 3664//3664 
f 3664//3664 3661//3661 3832//3832 
f 3661//3661 3662//3662 3832//3832 
f 3832//3832 3662//3662 3658//3658 
f 3662//3662 3679//3679 3680//3680 
f 3662//3662 3680//3680 3833//3833 
f 3834//3834 3680//3680 3679//3679 
f 3679//3679 3681//3681 3834//3834 
f 3681//3681 3663//3663 3834//3834 
f 3663//3663 3846//3846 3834//3834 
f 3663//3663 3780//3780 3846//3846 
f 3681//3681 3664//3664 3663//3663 
f 3681//3681 3661//3661 3664//3664 
f 3679//3679 3662//3662 3661//3661 
f 3679//3679 3661//3661 3681//3681 
f 3664//3664 3780//3780 3663//3663 
f 3846//3846 3780//3780 3677//3677 
f 3658//3658 3670//3670 3832//3832 
f 3678//3678 3846//3846 3677//3677 
f 3660//3660 3842//3842 3677//3677 
f 3842//3842 3847//3847 3678//3678 
f 3847//3847 3824//3824 3678//3678 
f 3676//3676 3824//3824 3847//3847 
f 3676//3676 3847//3847 3660//3660 
f 3660//3660 3847//3847 3842//3842 
f 3677//3677 3842//3842 3678//3678 
f 3676//3676 3655//3655 3659//3659 
f 3676//3676 3659//3659 3824//3824 
f 3658//3658 3662//3662 3833//3833 
f 3654//3654 3659//3659 3655//3655 
f 3656//3656 3659//3659 3654//3654 
f 3680//3680 3691//3691 3674//3674 
f 3845//3845 3680//3680 3674//3674 
f 3658//3658 3833//3833 3845//3845 
f 3835//3835 3670//3670 3844//3844 
f 3673//3673 3835//3835 3844//3844 
f 3651//3651 3655//3655 3673//3673 
f 3647//3647 3654//3654 3651//3651 
f 3845//3845 3674//3674 3843//3843 
f 3649//3649 3670//3670 3658//3658 
f 3651//3651 3673//3673 3671//3671 
f 3658//3658 3843//3843 3649//3649 
f 3645//3645 3649//3649 3761//3761 
f 3652//3652 3844//3844 3755//3755 
f 3644//3644 3652//3652 3755//3755 
f 3645//3645 3783//3783 3641//3641 
f 3649//3649 3645//3645 3641//3641 
f 3696//3696 3669//3669 3844//3844 
f 3670//3670 3715//3715 3696//3696 
f 3696//3696 3715//3715 3682//3682 
f 3848//3848 3683//3683 3782//3782 
f 3782//3782 3827//3827 3848//3848 
f 3848//3848 3827//3827 3682//3682 
f 3696//3696 3682//3682 3827//3827 
f 3782//3782 3684//3684 3827//3827 
f 3688//3688 3827//3827 3684//3684 
f 3622//3622 3684//3684 3686//3686 
f 3686//3686 3825//3825 3622//3622 
f 3686//3686 3700//3700 3825//3825 
f 3790//3790 3708//3708 3775//3775 
f 3775//3775 3708//3708 3820//3820 
f 3775//3775 3820//3820 3776//3776 
f 3776//3776 3820//3820 3777//3777 
f 3777//3777 3820//3820 3821//3821 
f 3777//3777 3821//3821 3822//3822 
f 3822//3822 3727//3727 3779//3779 
f 3828//3828 3822//3822 3779//3779 
f 3828//3828 3779//3779 3774//3774 
f 3774//3774 3819//3819 3828//3828 
f 3774//3774 3779//3779 3689//3689 
f 3689//3689 3687//3687 3774//3774 
f 3774//3774 3687//3687 3819//3819 
f 3636//3636 3687//3687 3787//3787 
f 3785//3785 3787//3787 3689//3689 
f 3689//3689 3713//3713 3785//3785 
f 3785//3785 3713//3713 3789//3789 
f 3785//3785 3786//3786 3787//3787 
f 3705//3705 3787//3787 3786//3786 
f 3692//3692 3694//3694 3714//3714 
f 3694//3694 3788//3788 3714//3714 
f 3781//3781 3714//3714 3693//3693 
f 3781//3781 3693//3693 3711//3711 
f 3697//3697 3781//3781 3711//3711 
f 3640//3640 3697//3697 3836//3836 
f 3836//3836 3791//3791 3640//3640 
f 3702//3702 3791//3791 3836//3836 
f 3702//3702 3836//3836 3711//3711 
f 3711//3711 3717//3717 3702//3702 
f 3702//3702 3717//3717 3698//3698 
f 3791//3791 3715//3715 3649//3649 
f 3699//3699 3716//3716 3712//3712 
f 3699//3699 3712//3712 3848//3848 
f 3848//3848 3682//3682 3699//3699 
f 3683//3683 3710//3710 3700//3700 
f 3700//3700 3710//3710 3825//3825 
f 3782//3782 3700//3700 3686//3686 
f 3825//3825 3726//3726 3708//3708 
f 3708//3708 3718//3718 3722//3722 
f 3722//3722 3718//3718 3739//3739 
f 3821//3821 3722//3722 3739//3739 
f 3821//3821 3739//3739 3727//3727 
f 3779//3779 3727//3727 3720//3720 
f 3779//3779 3720//3720 3713//3713 
f 3713//3713 3720//3720 3721//3721 
f 3789//3789 3721//3721 3851//3851 
f 3789//3789 3851//3851 3692//3692 
f 3628//3628 3789//3789 3692//3692 
f 3785//3785 3789//3789 3628//3628 
f 3694//3694 3801//3801 3788//3788 
f 3788//3788 3801//3801 3794//3794 
f 3693//3693 3788//3788 3717//3717 
f 3717//3717 3788//3788 3724//3724 
f 3711//3711 3693//3693 3717//3717 
f 3724//3724 3728//3728 3716//3716 
f 3698//3698 3724//3724 3716//3716 
f 3792//3792 3698//3698 3716//3716 
f 3792//3792 3716//3716 3699//3699 
f 3702//3702 3698//3698 3792//3792 
f 3791//3791 3702//3702 3792//3792 
f 3716//3716 3719//3719 3712//3712 
f 3719//3719 3731//3731 3726//3726 
f 3719//3719 3726//3726 3710//3710 
f 3726//3726 3718//3718 3708//3708 
f 3728//3728 3731//3731 3719//3719 
f 3724//3724 3794//3794 3728//3728 
f 3728//3728 3794//3794 3730//3730 
f 3728//3728 3730//3730 3731//3731 
f 3726//3726 3730//3730 3718//3718 
f 3731//3731 3730//3730 3726//3726 
f 3716//3716 3728//3728 3719//3719 
f 3788//3788 3794//3794 3724//3724 
f 3794//3794 3801//3801 3730//3730 
f 3801//3801 3739//3739 3730//3730 
f 3720//3720 3739//3739 3793//3793 
f 3720//3720 3793//3793 3721//3721 
f 3793//3793 3739//3739 3801//3801 
f 3851//3851 3793//3793 3801//3801 
f 3851//3851 3801//3801 3694//3694 
f 3721//3721 3793//3793 3851//3851 
f 3727//3727 3739//3739 3720//3720 
f 3739//3739 3718//3718 3730//3730 
f 3710//3710 3726//3726 3825//3825 
f 3683//3683 3719//3719 3710//3710 
f 3712//3712 3719//3719 3683//3683 
f 3699//3699 3715//3715 3792//3792 
f 3791//3791 3792//3792 3715//3715 
f 3717//3717 3724//3724 3698//3698 
f 3697//3697 3711//3711 3836//3836 
f 3797//3797 3697//3697 3640//3640 
f 3640//3640 3642//3642 3797//3797 
f 3642//3642 3723//3723 3797//3797 
f 3723//3723 3729//3729 3797//3797 
f 3723//3723 3840//3840 3729//3729 
f 3840//3840 3723//3723 3733//3733 
f 3642//3642 3733//3733 3723//3723 
f 3630//3630 3733//3733 3795//3795 
f 3795//3795 3733//3733 3643//3643 
f 3797//3797 3729//3729 3626//3626 
f 3625//3625 3626//3626 3729//3729 
f 3797//3797 3781//3781 3697//3697 
f 3714//3714 3788//3788 3693//3693 
f 3692//3692 3851//3851 3694//3694 
f 3628//3628 3786//3786 3785//3785 
f 3713//3713 3721//3721 3789//3789 
f 3689//3689 3787//3787 3687//3687 
f 3689//3689 3779//3779 3713//3713 
f 3703//3703 3822//3822 3828//3828 
f 3620//3620 3703//3703 3828//3828 
f 3822//3822 3821//3821 3727//3727 
f 3820//3820 3722//3722 3821//3821 
f 3708//3708 3722//3722 3820//3820 
f 3825//3825 3708//3708 3790//3790 
f 3686//3686 3684//3684 3782//3782 
f 3782//3782 3683//3683 3700//3700 
f 3848//3848 3712//3712 3683//3683 
f 3699//3699 3682//3682 3715//3715 
f 3649//3649 3715//3715 3670//3670 
f 3640//3640 3791//3791 3649//3649 
f 3642//3642 3643//3643 3733//3733 
f 3706//3706 3795//3795 3667//3667 
f 3634//3634 3667//3667 3633//3633 
f 3632//3632 3635//3635 3704//3704 
f 3632//3632 3648//3648 3635//3635 
f 3630//3630 3795//3795 3706//3706 
f 3840//3840 3733//3733 3630//3630 
f 3778//3778 3729//3729 3840//3840 
f 3625//3625 3729//3729 3778//3778 
f 3744//3744 3798//3798 3666//3666 
f 3744//3744 3746//3746 3798//3798 
f 3746//3746 3829//3829 3798//3798 
f 3725//3725 3772//3772 3623//3623 
f 3623//3623 3772//3772 3743//3743 
f 3796//3796 3623//3623 3743//3743 
f 3799//3799 3800//3800 3796//3796 
f 3796//3796 3743//3743 3799//3799 
f 3735//3735 3800//3800 3799//3799 
f 3735//3735 3636//3636 3800//3800 
f 3732//3732 3738//3738 3753//3753 
f 3753//3753 3738//3738 3803//3803 
f 3734//3734 3735//3735 3799//3799 
f 3637//3637 3809//3809 3736//3736 
f 3809//3809 3738//3738 3736//3736 
f 3738//3738 3747//3747 3803//3803 
f 3802//3802 3803//3803 3747//3747 
f 3814//3814 3740//3740 3737//3737 
f 3737//3737 3805//3805 3734//3734 
f 3734//3734 3743//3743 3737//3737 
f 3814//3814 3737//3737 3743//3743 
f 3814//3814 3743//3743 3802//3802 
f 3805//3805 3826//3826 3636//3636 
f 3826//3826 3807//3807 3636//3636 
f 3808//3808 3745//3745 3809//3809 
f 3818//3818 3747//3747 3738//3738 
f 3809//3809 3818//3818 3738//3738 
f 3740//3740 3770//3770 3741//3741 
f 3770//3770 3826//3826 3741//3741 
f 3741//3741 3826//3826 3805//3805 
f 3737//3737 3741//3741 3805//3805 
f 3814//3814 3802//3802 3764//3764 
f 3764//3764 3742//3742 3814//3814 
f 3742//3742 3806//3806 3770//3770 
f 3742//3742 3770//3770 3740//3740 
f 3806//3806 3826//3826 3770//3770 
f 3808//3808 3804//3804 3745//3745 
f 3804//3804 3766//3766 3745//3745 
f 3766//3766 3823//3823 3747//3747 
f 3823//3823 3810//3810 3802//3802 
f 3764//3764 3802//3802 3810//3810 
f 3764//3764 3810//3810 3813//3813 
f 3764//3764 3813//3813 3757//3757 
f 3764//3764 3757//3757 3817//3817 
f 3771//3771 3816//3816 3826//3826 
f 3771//3771 3826//3826 3806//3806 
f 3826//3826 3816//3816 3807//3807 
f 3816//3816 3756//3756 3807//3807 
f 3756//3756 3768//3768 3807//3807 
f 3849//3849 3807//3807 3768//3768 
f 3849//3849 3768//3768 3765//3765 
f 3849//3849 3765//3765 3812//3812 
f 3812//3812 3751//3751 3849//3849 
f 3849//3849 3751//3751 3804//3804 
f 3849//3849 3804//3804 3808//3808 
f 3751//3751 3760//3760 3804//3804 
f 3760//3760 3754//3754 3823//3823 
f 3754//3754 3811//3811 3823//3823 
f 3811//3811 3810//3810 3823//3823 
f 3811//3811 3765//3765 3810//3810 
f 3811//3811 3812//3812 3765//3765 
f 3754//3754 3751//3751 3812//3812 
f 3760//3760 3751//3751 3754//3754 
f 3754//3754 3812//3812 3811//3811 
f 3810//3810 3765//3765 3768//3768 
f 3808//3808 3807//3807 3849//3849 
f 3810//3810 3768//3768 3756//3756 
f 3756//3756 3813//3813 3810//3810 
f 3756//3756 3767//3767 3813//3813 
f 3758//3758 3757//3757 3767//3767 
f 3771//3771 3817//3817 3758//3758 
f 3758//3758 3817//3817 3757//3757 
f 3816//3816 3771//3771 3758//3758 
f 3758//3758 3767//3767 3816//3816 
f 3816//3816 3767//3767 3756//3756 
f 3767//3767 3757//3757 3813//3813 
f 3771//3771 3806//3806 3817//3817 
f 3760//3760 3823//3823 3766//3766 
f 3804//3804 3760//3760 3766//3766 
f 3742//3742 3817//3817 3806//3806 
f 3764//3764 3817//3817 3742//3742 
f 3802//3802 3747//3747 3823//3823 
f 3766//3766 3747//3747 3818//3818 
f 3745//3745 3766//3766 3818//3818 
f 3814//3814 3742//3742 3740//3740 
f 3745//3745 3818//3818 3809//3809 
f 3637//3637 3807//3807 3808//3808 
f 3740//3740 3741//3741 3737//3737 
f 3808//3808 3809//3809 3637//3637 
f 3732//3732 3637//3637 3736//3736 
f 3805//3805 3636//3636 3735//3735 
f 3734//3734 3805//3805 3735//3735 
f 3799//3799 3743//3743 3734//3734 
f 3736//3736 3738//3738 3732//3732 
f 3802//3802 3763//3763 3803//3803 
f 3802//3802 3759//3759 3763//3763 
f 3748//3748 3763//3763 3759//3759 
f 3748//3748 3759//3759 3772//3772 
f 3748//3748 3772//3772 3815//3815 
f 3668//3668 3748//3748 3815//3815 
f 3668//3668 3815//3815 3829//3829 
f 3829//3829 3815//3815 3839//3839 
f 3815//3815 3725//3725 3839//3839 
f 3759//3759 3743//3743 3772//3772 
f 3802//3802 3743//3743 3759//3759 
f 3815//3815 3772//3772 3725//3725 
f 3749//3749 3725//3725 3623//3623 
f 3749//3749 3839//3839 3725//3725 
f 3798//3798 3829//3829 3625//3625 
f 3798//3798 3625//3625 3666//3666 
f 3829//3829 3839//3839 3625//3625 
f 3626//3626 3781//3781 3797//3797 
f 3749//3749 3850//3850 3839//3839 
f 3749//3749 3786//3786 3628//3628 
f 3705//3705 3786//3786 3749//3749 
f 3796//3796 3800//3800 3623//3623 
f 3705//3705 3636//3636 3787//3787 
f 3636//3636 3819//3819 3687//3687 
f 3828//3828 3819//3819 3620//3620 
f 3622//3622 3825//3825 3790//3790 
f 3762//3762 3684//3684 3622//3622 
f 3762//3762 3784//3784 3614//3614 
f 3688//3688 3684//3684 3762//3762 
f 3701//3701 3827//3827 3688//3688 
f 3701//3701 3696//3696 3827//3827 
f 3837//3837 3633//3633 3831//3831 
f 3762//3762 3831//3831 3615//3615 
f 3762//3762 3614//3614 3831//3831 
f 3665//3665 3614//3614 3830//3830 
f 3613//3613 3665//3665 3830//3830 
f 3613//3613 3830//3830 3612//3612 
f 3769//3769 3704//3704 3613//3613 
f 3619//3619 3611//3611 3675//3675 
f 3639//3639 3629//3629 3657//3657 
f 3744//3744 3666//3666 3639//3639 
f 3611//3611 3608//3608 3672//3672 
f 3601//3601 3608//3608 3611//3611 
f 3610//3610 3608//3608 3601//3601 
f 3746//3746 3668//3668 3829//3829 
f 3695//3695 3746//3746 3604//3604 
f 3838//3838 3763//3763 3748//3748 
f 3763//3763 3621//3621 3803//3803 
f 3606//3606 3753//3753 3803//3803 
f 3709//3709 3618//3618 3773//3773 
f 3631//3631 3617//3617 3709//3709 
f 3653//3653 3685//3685 3631//3631 
f 3638//3638 3606//3606 3616//3616 
f 3653//3653 3624//3624 3602//3602 
f 3612//3612 3830//3830 3707//3707 
f 3619//3619 3675//3675 3627//3627 
f 3601//3601 3611//3611 3619//3619 
f 3610//3610 3601//3601 3604//3604 
f 3609//3609 3603//3603 3838//3838 
f 3607//3607 3609//3609 3605//3605 
f 3977//3977 3887//3887 3942//3942 
f 3860//3860 3942//3942 3912//3912 
f 3912//3912 4081//4081 3860//3860 
f 3860//3860 4081//4081 3905//3905 
f 3860//3860 3957//3957 3942//3942 
f 3957//3957 4072//4072 3977//3977 
f 3852//3852 3977//3977 4072//4072 
f 3860//3860 3905//3905 3965//3965 
f 3891//3891 3925//3925 3965//3965 
f 3886//3886 3860//3860 3965//3965 
f 3925//3925 3886//3886 3965//3965 
f 4062//4062 3957//3957 3886//3886 
f 4088//4088 4062//4062 3886//3886 
f 4088//4088 3982//3982 4062//4062 
f 3852//3852 3877//3877 3859//3859 
f 3859//3859 3961//3961 3852//3852 
f 3961//3961 3977//3977 3852//3852 
f 3961//3961 3859//3859 3887//3887 
f 4081//4081 4091//4091 3956//3956 
f 3875//3875 4086//4086 3858//3858 
f 3875//3875 3956//3956 4086//4086 
f 3875//3875 3959//3959 3956//3956 
f 3956//3956 3959//3959 3856//3856 
f 3905//3905 4077//4077 3853//3853 
f 3853//3853 3965//3965 3905//3905 
f 3891//3891 3880//3880 3854//3854 
f 3880//3880 3888//3888 3854//3854 
f 3854//3854 3888//3888 3967//3967 
f 3879//3879 3854//3854 3932//3932 
f 3879//3879 3866//3866 3855//3855 
f 3925//3925 3982//3982 4088//4088 
f 3925//3925 4088//4088 3886//3886 
f 3929//3929 3862//3862 3982//3982 
f 3982//3982 3862//3862 4062//4062 
f 3885//3885 4062//4062 3862//3862 
f 3861//3861 3887//3887 3859//3859 
f 3881//3881 3872//3872 4005//4005 
f 3912//3912 3881//3881 3869//3869 
f 3869//3869 4081//4081 3912//3912 
f 4086//4086 4098//4098 3971//3971 
f 3875//3875 3858//3858 3877//3877 
f 3858//3858 4086//4086 3861//3861 
f 4021//4021 4018//4018 3959//3959 
f 3959//3959 4018//4018 3876//3876 
f 3856//3856 3876//3876 3984//3984 
f 3856//3856 3984//3984 3907//3907 
f 3956//3956 3856//3856 3907//3907 
f 3884//3884 3906//3906 3907//3907 
f 3907//3907 3906//3906 4020//4020 
f 4020//4020 3956//3956 3907//3907 
f 4007//4007 3868//3868 3897//3897 
f 3878//3878 3883//3883 3949//3949 
f 3949//3949 4032//4032 3878//3878 
f 3878//3878 4032//4032 3870//3870 
f 3878//3878 3963//3963 3883//3883 
f 3963//3963 3896//3896 3883//3883 
f 3896//3896 4077//4077 3905//3905 
f 3864//3864 4077//4077 3963//3963 
f 4080//4080 3864//3864 3963//3963 
f 4080//4080 3863//3863 3880//3880 
f 3880//3880 3864//3864 4080//4080 
f 3864//3864 3880//3880 3891//3891 
f 3891//3891 3853//3853 3864//3864 
f 3932//3932 3967//3967 4090//4090 
f 3879//3879 3865//3865 3973//3973 
f 3960//3960 3857//3857 3866//3866 
f 3871//3871 3982//3982 3857//3857 
f 3929//3929 3982//3982 3871//3871 
f 3885//3885 3862//3862 3969//3969 
f 3875//3875 3867//3867 4021//4021 
f 4031//4031 3981//3981 4020//4020 
f 3949//3949 4026//4026 4032//4032 
f 3878//3878 3870//3870 4080//4080 
f 4080//4080 3963//3963 3878//3878 
f 4016//4016 3863//3863 3870//3870 
f 4019//4019 3967//3967 3873//3873 
f 3873//3873 3926//3926 4019//4019 
f 4019//4019 3926//3926 4016//4016 
f 4016//4016 4032//4032 4019//4019 
f 4019//4019 4066//4066 3921//3921 
f 4019//4019 3921//3921 3990//3990 
f 3990//3990 3919//3919 4019//4019 
f 4019//4019 3919//3919 4090//4090 
f 4019//4019 4090//4090 3967//3967 
f 3865//3865 3919//3919 3973//3973 
f 3879//3879 3973//3973 4012//4012 
f 4012//4012 3866//3866 3879//3879 
f 3866//3866 4006//4006 3960//3960 
f 3929//3929 3922//3922 3862//3862 
f 3882//3882 4085//4085 4013//4013 
f 4085//4085 3906//3906 3884//3884 
f 3916//3916 4022//4022 4085//4085 
f 4085//4085 4022//4022 3906//3906 
f 3952//3952 4020//4020 4022//4022 
f 4020//4020 3936//3936 3992//3992 
f 3992//3992 3936//3936 4071//4071 
f 4071//4071 3899//3899 3992//3992 
f 3992//3992 3899//3899 4031//4031 
f 3920//3920 4007//4007 3897//3897 
f 4007//4007 3920//3920 4044//4044 
f 3883//3883 4044//4044 4024//4024 
f 3926//3926 3863//3863 4016//4016 
f 3990//3990 3973//3973 3919//3919 
f 3990//3990 3904//3904 3973//3973 
f 3960//3960 3983//3983 3857//3857 
f 3871//3871 3983//3983 3922//3922 
f 3874//3874 3903//3903 3939//3939 
f 3994//3994 3901//3901 3898//3898 
f 3994//3994 3898//3898 3889//3889 
f 3889//3889 4028//4028 3994//3994 
f 4028//4028 4018//4018 4021//4021 
f 4030//4030 4018//4018 4028//4028 
f 3889//3889 4030//4030 4028//4028 
f 3876//3876 4018//4018 4030//4030 
f 4013//4013 3984//3984 3876//3876 
f 3882//3882 4013//4013 3889//3889 
f 3889//3889 3898//3898 3882//3882 
f 3882//3882 3898//3898 3934//3934 
f 4046//4046 3934//3934 3898//3898 
f 3890//3890 4046//4046 4025//4025 
f 4025//4025 4101//4101 3890//3890 
f 3890//3890 4101//4101 4082//4082 
f 4082//4082 3944//3944 3890//3890 
f 3890//3890 3944//3944 3894//3894 
f 3890//3890 3894//3894 3892//3892 
f 3890//3890 3892//3892 4046//4046 
f 3892//3892 3934//3934 4046//4046 
f 3892//3892 3911//3911 3934//3934 
f 3894//3894 3911//3911 3892//3892 
f 3935//3935 3911//3911 3991//3991 
f 3991//3991 3916//3916 3935//3935 
f 3952//3952 3936//3936 4020//4020 
f 3868//3868 3981//3981 4091//4091 
f 3868//3868 3900//3900 3897//3897 
f 3900//3900 4099//4099 3897//3897 
f 4099//4099 3954//3954 4100//4100 
f 3868//3868 4091//4091 4081//4081 
f 4081//4081 3900//3900 3868//3868 
f 3900//3900 4061//4061 3954//3954 
f 3902//3902 4083//4083 4097//4097 
f 3979//3979 4031//4031 3902//3902 
f 4033//4033 4079//4079 3900//3900 
f 4061//4061 4097//4097 3954//3954 
f 4033//4033 4081//4081 3869//3869 
f 3971//3971 3861//3861 4086//4086 
f 4005//4005 3971//3971 4098//4098 
f 3985//3985 4005//4005 4098//4098 
f 3869//3869 3881//3881 3928//3928 
f 3869//3869 3928//3928 4033//4033 
f 4033//4033 3928//3928 4079//4079 
f 3928//3928 3986//3986 4079//4079 
f 4097//4097 4093//4093 3902//3902 
f 3985//3985 4093//4093 4038//4038 
f 3985//3985 3902//3902 4093//4093 
f 3979//3979 3902//3902 3985//3985 
f 3986//3986 4038//4038 4093//4093 
f 3928//3928 4038//4038 3986//3986 
f 4061//4061 4093//4093 4097//4097 
f 3986//3986 4093//4093 4061//4061 
f 3881//3881 4005//4005 3928//3928 
f 3928//3928 4005//4005 4038//4038 
f 4005//4005 3985//3985 4038//4038 
f 3979//3979 3985//3985 4098//4098 
f 3986//3986 4061//4061 4079//4079 
f 3954//3954 4097//4097 4083//4083 
f 4079//4079 4061//4061 3900//3900 
f 4081//4081 4033//4033 3900//3900 
f 4091//4091 4031//4031 3979//3979 
f 4083//4083 3902//3902 4031//4031 
f 3954//3954 4083//4083 3899//3899 
f 3900//3900 3954//3954 4099//4099 
f 4100//4100 3996//3996 3897//3897 
f 3996//3996 3920//3920 3897//3897 
f 4064//4064 4044//4044 3893//3893 
f 4024//4024 3933//3933 3883//3883 
f 3949//3949 3933//3933 3951//3951 
f 3951//3951 4066//4066 3949//3949 
f 3949//3949 4066//4066 4026//4026 
f 4012//4012 3973//3973 3904//3904 
f 4012//4012 3904//3904 4068//4068 
f 3866//3866 4012//4012 4068//4068 
f 3866//3866 4068//4068 3923//3923 
f 4006//4006 3866//3866 3923//3923 
f 3960//3960 4006//4006 4084//4084 
f 3960//3960 4015//4015 3947//3947 
f 3939//3939 3903//3903 4067//4067 
f 3980//3980 4003//4003 3988//3988 
f 3980//3980 3988//3988 3915//3915 
f 4003//4003 3910//3910 3908//3908 
f 3910//3910 3993//3993 3989//3989 
f 3993//3993 3867//3867 3885//3885 
f 4028//4028 4021//4021 3867//3867 
f 4028//4028 3867//3867 3993//3993 
f 3994//3994 4028//4028 3993//3993 
f 3901//3901 3994//3994 3917//3917 
f 3901//3901 3917//3917 3913//3913 
f 4101//4101 3901//3901 3913//3913 
f 3917//3917 3940//3940 3913//3913 
f 4082//4082 3913//3913 3940//3940 
f 3917//3917 3991//3991 3940//3940 
f 3991//3991 3914//3914 3916//3916 
f 3991//3991 3911//3911 3940//3940 
f 3894//3894 3940//3940 3911//3911 
f 3916//3916 3952//3952 4022//4022 
f 4065//4065 3895//3895 3952//3952 
f 3931//3931 4065//4065 3991//3991 
f 3915//3915 3909//3909 3995//3995 
f 3909//3909 4042//4042 3917//3917 
f 4042//4042 3931//3931 3917//3917 
f 4065//4065 3918//3918 3895//3895 
f 3918//3918 3893//3893 3895//3895 
f 3895//3895 3893//3893 3936//3936 
f 4071//4071 3936//3936 3996//3996 
f 3996//3996 3936//3936 3920//3920 
f 3893//3893 3920//3920 3936//3936 
f 4100//4100 4071//4071 3996//3996 
f 4068//4068 3950//3950 3951//3951 
f 4068//4068 3904//3904 3950//3950 
f 4008//4008 4084//4084 4006//4006 
f 4049//4049 4010//4010 3947//3947 
f 4010//4010 3903//3903 3947//3947 
f 4010//4010 4067//4067 3903//3903 
f 4010//4010 4035//4035 4067//4067 
f 3989//3989 3969//3969 3927//3927 
f 3908//3908 3989//3989 3927//3927 
f 3915//3915 3988//3988 3924//3924 
f 3924//3924 4034//4034 3915//3915 
f 3915//3915 4034//4034 3909//3909 
f 4042//4042 3941//3941 3931//3931 
f 3941//3941 4047//4047 3931//3931 
f 3931//3931 4047//4047 4065//4065 
f 4047//4047 3918//3918 4065//4065 
f 3893//3893 3918//3918 3930//3930 
f 4064//4064 3893//3893 3930//3930 
f 4096//4096 3933//3933 4024//4024 
f 3933//3933 4017//4017 3951//3951 
f 4051//4051 4017//4017 4096//4096 
f 4008//4008 4017//4017 4051//4051 
f 4068//4068 3951//3951 3923//3923 
f 3951//3951 4008//4008 3923//3923 
f 4015//4015 4084//4084 4009//4009 
f 4009//4009 4045//4045 4015//4015 
f 4015//4015 4045//4045 4094//4094 
f 4036//4036 3874//3874 3939//3939 
f 4076//4076 4036//4036 4075//4075 
f 4076//4076 4075//4075 4056//4056 
f 4003//4003 4076//4076 4056//4056 
f 3988//3988 4003//4003 4056//4056 
f 4056//4056 4075//4075 3937//3937 
f 4056//4056 3937//3937 3938//3938 
f 4056//4056 3938//3938 4078//4078 
f 3924//3924 4056//4056 4078//4078 
f 4078//4078 3938//3938 4040//4040 
f 4078//4078 4040//4040 4027//4027 
f 4034//4034 4078//4078 4027//4027 
f 4027//4027 4040//4040 4023//4023 
f 4027//4027 4023//4023 4074//4074 
f 4027//4027 4074//4074 3975//3975 
f 4027//4027 3975//3975 4042//4042 
f 4034//4034 4027//4027 4042//4042 
f 4042//4042 3975//3975 3941//3941 
f 4063//4063 4029//4029 4024//4024 
f 4024//4024 4064//4064 4063//4063 
f 4096//4096 4024//4024 4029//4029 
f 3933//3933 4096//4096 4017//4017 
f 4011//4011 4096//4096 4029//4029 
f 4029//4029 3953//3953 4011//4011 
f 4011//4011 4089//4089 4096//4096 
f 4092//4092 4009//4009 3943//3943 
f 4008//4008 3943//3943 4009//4009 
f 4009//4009 3964//3964 4045//4045 
f 4094//4094 4049//4049 3947//3947 
f 4010//4010 4095//4095 3997//3997 
f 3997//3997 3976//3976 4010//4010 
f 4010//4010 3976//3976 4035//4035 
f 3939//3939 4067//4067 4036//4036 
f 4036//4036 4067//4067 3998//3998 
f 4075//4075 4036//4036 3998//3998 
f 3998//3998 4067//4067 4035//4035 
f 3998//3998 4035//4035 3946//3946 
f 3937//3937 3998//3998 3946//3946 
f 4035//4035 3976//3976 3946//3946 
f 3946//3946 3976//3976 4073//4073 
f 3938//3938 3946//3946 4073//4073 
f 3976//3976 3948//3948 4073//4073 
f 4073//4073 3948//3948 3945//3945 
f 4040//4040 4073//4073 3945//3945 
f 3945//3945 3948//3948 4053//4053 
f 3945//3945 4053//4053 4059//4059 
f 3945//3945 4059//4059 3966//3966 
f 4023//4023 3945//3945 3966//3966 
f 3966//3966 4059//4059 4014//4014 
f 3966//3966 4014//4014 4048//4048 
f 4074//4074 3966//3966 4048//4048 
f 4048//4048 4014//4014 3955//3955 
f 4047//4047 4048//4048 3955//3955 
f 4047//4047 3955//3955 4043//4043 
f 3958//3958 3918//3918 4043//4043 
f 4064//4064 3958//3958 4063//4063 
f 4029//4029 3958//3958 3953//3953 
f 3958//3958 4043//4043 3953//3953 
f 3953//3953 4043//4043 3955//3955 
f 3953//3953 3955//3955 4052//4052 
f 4052//4052 3999//3999 3953//3953 
f 3953//3953 3999//3999 4011//4011 
f 4089//4089 4001//4001 4050//4050 
f 3943//3943 4008//4008 4051//4051 
f 3987//3987 3943//3943 4051//4051 
f 3987//3987 4054//4054 4092//4092 
f 4092//4092 4054//4054 3964//3964 
f 4045//4045 3968//3968 4094//4094 
f 3968//3968 4049//4049 4094//4094 
f 3962//3962 4095//4095 3968//3968 
f 3997//3997 4095//4095 4037//4037 
f 4055//4055 3948//3948 3997//3997 
f 3997//3997 4037//4037 4055//4055 
f 4089//4089 4011//4011 4001//4001 
f 4001//4001 4069//4069 4050//4050 
f 3987//3987 4004//4004 4054//4054 
f 4004//4004 3974//3974 4054//4054 
f 3964//3964 4054//4054 4039//4039 
f 3964//3964 4039//4039 4045//4045 
f 4039//4039 3962//3962 4045//4045 
f 4045//4045 3962//3962 3968//3968 
f 4055//4055 4037//4037 4041//4041 
f 4070//4070 3999//3999 4052//4052 
f 4069//4069 4058//4058 3972//3972 
f 4069//4069 3972//3972 4004//4004 
f 3974//3974 4057//4057 4054//4054 
f 4039//4039 4057//4057 3962//3962 
f 3970//3970 4057//4057 4037//4037 
f 4055//4055 4041//4041 3978//3978 
f 3978//3978 4053//4053 4055//4055 
f 3978//3978 4041//4041 4060//4060 
f 3978//3978 4059//4059 4053//4053 
f 4070//4070 4059//4059 3978//3978 
f 3978//3978 4060//4060 4070//4070 
f 4060//4060 3999//3999 4070//4070 
f 4011//4011 3999//3999 4069//4069 
f 4069//4069 3999//3999 4058//4058 
f 3972//3972 4000//4000 3974//3974 
f 4037//4037 4057//4057 4002//4002 
f 4087//4087 4058//4058 4060//4060 
f 4087//4087 3972//3972 4058//4058 
f 4087//4087 4041//4041 4002//4002 
f 4060//4060 4041//4041 4087//4087 
f 4002//4002 4000//4000 4087//4087 
f 4060//4060 4058//4058 3999//3999 
f 4002//4002 4041//4041 4037//4037 
f 4002//4002 4057//4057 4000//4000 
f 4087//4087 4000//4000 3972//3972 
f 3974//3974 4000//4000 4057//4057 
f 4004//4004 3972//3972 3974//3974 
f 4070//4070 4014//4014 4059//4059 
f 4052//4052 4014//4014 4070//4070 
f 4055//4055 4053//4053 3948//3948 
f 4095//4095 3970//3970 4037//4037 
f 3970//3970 3962//3962 4057//4057 
f 4095//4095 3962//3962 3970//3970 
f 4054//4054 4057//4057 4039//4039 
f 4050//4050 4069//4069 4004//4004 
f 4001//4001 4011//4011 4069//4069 
f 4050//4050 4004//4004 3987//3987 
f 3987//3987 4051//4051 4050//4050 
f 4050//4050 4051//4051 4089//4089 
f 4052//4052 3955//3955 4014//4014 
f 4063//4063 3958//3958 4029//4029 
f 3930//3930 3958//3958 4064//4064 
f 3930//3930 3918//3918 3958//3958 
f 3975//3975 4048//4048 4047//4047 
f 3997//3997 3948//3948 3976//3976 
f 3968//3968 4095//4095 4049//4049 
f 4092//4092 3964//3964 4009//4009 
f 4092//4092 3943//3943 3987//3987 
f 3975//3975 4047//4047 3941//3941 
f 4074//4074 4048//4048 3975//3975 
f 4023//4023 3966//3966 4074//4074 
f 4040//4040 3945//3945 4023//4023 
f 3938//3938 4073//4073 4040//4040 
f 3937//3937 3946//3946 3938//3938 
f 4075//4075 3998//3998 3937//3937 
f 4076//4076 3927//3927 4036//4036 
f 3908//3908 3927//3927 4076//4076 
f 3927//3927 3874//3874 4036//4036 
f 4010//4010 4049//4049 4095//4095 
f 4094//4094 3947//3947 4015//4015 
f 4008//4008 4009//4009 4084//4084 
f 3951//3951 4017//4017 4008//4008 
f 4096//4096 4089//4089 4051//4051 
f 4064//4064 4024//4024 4044//4044 
f 4047//4047 4043//4043 3918//3918 
f 4034//4034 4042//4042 3909//3909 
f 3924//3924 4078//4078 4034//4034 
f 3988//3988 4056//4056 3924//3924 
f 4003//4003 3908//3908 4076//4076 
f 3969//3969 3874//3874 3927//3927 
f 3989//3989 3885//3885 3969//3969 
f 3960//3960 4084//4084 4015//4015 
f 4006//4006 3923//3923 4008//4008 
f 3951//3951 3950//3950 3921//3921 
f 3951//3951 3921//3921 4066//4066 
f 3915//3915 3995//3995 3980//3980 
f 3980//3980 3917//3917 4003//4003 
f 3995//3995 3917//3917 3980//3980 
f 3909//3909 3917//3917 3995//3995 
f 3916//3916 4065//4065 3952//3952 
f 3914//3914 4065//4065 3916//3916 
f 3991//3991 4065//4065 3914//3914 
f 3917//3917 3931//3931 3991//3991 
f 3917//3917 3994//3994 4003//4003 
f 4003//4003 3994//3994 3910//3910 
f 3994//3994 3993//3993 3910//3910 
f 3910//3910 3989//3989 3908//3908 
f 3993//3993 3885//3885 3989//3989 
f 3947//3947 3903//3903 3983//3983 
f 3897//3897 4099//4099 4100//4100 
f 3954//3954 3899//3899 4100//4100 
f 4100//4100 3899//3899 4071//4071 
f 3936//3936 3952//3952 3895//3895 
f 3944//3944 3940//3940 3894//3894 
f 4082//4082 3940//3940 3944//3944 
f 4101//4101 3913//3913 4082//4082 
f 4025//4025 3901//3901 4101//4101 
f 4046//4046 3898//3898 4025//4025 
f 3889//3889 4013//4013 4030//4030 
f 4013//4013 3876//3876 4030//4030 
f 4025//4025 3898//3898 3901//3901 
f 3874//3874 3922//3922 3903//3903 
f 3903//3903 3922//3922 3983//3983 
f 3871//3871 3922//3922 3929//3929 
f 3960//3960 3947//3947 3983//3983 
f 3950//3950 3904//3904 3990//3990 
f 4066//4066 4032//4032 4026//4026 
f 3949//3949 3883//3883 3933//3933 
f 3893//3893 4044//4044 3920//3920 
f 4031//4031 4091//4091 3981//3981 
f 4083//4083 4031//4031 3899//3899 
f 3882//3882 3911//3911 3935//3935 
f 3935//3935 3916//3916 4085//4085 
f 3935//3935 4085//4085 3882//3882 
f 3882//3882 3934//3934 3911//3911 
f 4013//4013 3884//3884 3984//3984 
f 4085//4085 3884//3884 4013//4013 
f 3969//3969 3862//3862 3874//3874 
f 3862//3862 3922//3922 3874//3874 
f 3857//3857 3983//3983 3871//3871 
f 3865//3865 4090//4090 3919//3919 
f 3873//3873 3888//3888 3926//3926 
f 3880//3880 3863//3863 3888//3888 
f 3888//3888 3863//3863 3926//3926 
f 3921//3921 3950//3950 3990//3990 
f 4032//4032 4066//4066 4019//4019 
f 4032//4032 4016//4016 3870//3870 
f 4080//4080 3870//3870 3863//3863 
f 4007//4007 4044//4044 3883//3883 
f 4020//4020 3992//3992 4031//4031 
f 3984//3984 3884//3884 3907//3907 
f 3865//3865 3932//3932 4090//4090 
f 3967//3967 3888//3888 3873//3873 
f 3963//3963 4077//4077 3896//3896 
f 3905//3905 4007//4007 3896//3896 
f 3868//3868 4007//4007 3905//3905 
f 3905//3905 3956//3956 3868//3868 
f 3868//3868 3956//3956 3981//3981 
f 3896//3896 4007//4007 3883//3883 
f 4020//4020 3906//3906 4022//4022 
f 4020//4020 3981//3981 3956//3956 
f 3877//3877 3867//3867 3875//3875 
f 3867//3867 3877//3877 3885//3885 
f 3877//3877 3858//3858 3859//3859 
f 4091//4091 3979//3979 4098//4098 
f 3942//3942 3872//3872 3881//3881 
f 3971//3971 3887//3887 3861//3861 
f 3872//3872 3887//3887 3971//3971 
f 3858//3858 3861//3861 3859//3859 
f 3925//3925 3855//3855 3982//3982 
f 3857//3857 3855//3855 3866//3866 
f 3879//3879 3932//3932 3865//3865 
f 3857//3857 3982//3982 3855//3855 
f 3925//3925 3879//3879 3855//3855 
f 3925//3925 3854//3854 3879//3879 
f 3854//3854 3967//3967 3932//3932 
f 3891//3891 3965//3965 3853//3853 
f 3864//3864 3853//3853 4077//4077 
f 3959//3959 3876//3876 3856//3856 
f 3875//3875 4021//4021 3959//3959 
f 3956//3956 4098//4098 4086//4086 
f 4091//4091 4098//4098 3956//3956 
f 3912//3912 3942//3942 3881//3881 
f 4005//4005 3872//3872 3971//3971 
f 3852//3852 4062//4062 3877//3877 
f 4062//4062 4072//4072 3957//3957 
f 4072//4072 4062//4062 3852//3852 
f 3885//3885 3877//3877 4062//4062 
f 3891//3891 3854//3854 3925//3925 
f 3860//3860 3886//3886 3957//3957 
f 4081//4081 3956//3956 3905//3905 
f 3957//3957 3977//3977 3942//3942 
f 3942//3942 3887//3887 3872//3872 
f 3887//3887 3977//3977 3961//3961 
f 4131//4131 4344//4344 4108//4108 
f 4108//4108 4214//4214 4131//4131 
f 4214//4214 4135//4135 4131//4131 
f 4135//4135 4221//4221 4131//4131 
f 4347//4347 4262//4262 4131//4131 
f 4131//4131 4262//4262 4308//4308 
f 4308//4308 4344//4344 4131//4131 
f 4103//4103 4344//4344 4308//4308 
f 4103//4103 4102//4102 4344//4344 
f 4344//4344 4102//4102 4144//4144 
f 4144//4144 4102//4102 4320//4320 
f 4151//4151 4320//4320 4282//4282 
f 4126//4126 4238//4238 4320//4320 
f 4126//4126 4320//4320 4252//4252 
f 4126//4126 4252//4252 4249//4249 
f 4126//4126 4249//4249 4130//4130 
f 4126//4126 4130//4130 4350//4350 
f 4104//4104 4126//4126 4350//4350 
f 4350//4350 4146//4146 4104//4104 
f 4104//4104 4146//4146 4345//4345 
f 4345//4345 4129//4129 4104//4104 
f 4346//4346 4129//4129 4345//4345 
f 4346//4346 4231//4231 4129//4129 
f 4129//4129 4231//4231 4117//4117 
f 4116//4116 4129//4129 4117//4117 
f 4116//4116 4189//4189 4129//4129 
f 4115//4115 4129//4129 4189//4189 
f 4170//4170 4115//4115 4107//4107 
f 4107//4107 4115//4115 4189//4189 
f 4107//4107 4351//4351 4348//4348 
f 4348//4348 4351//4351 4173//4173 
f 4202//4202 4323//4323 4348//4348 
f 4129//4129 4115//4115 4126//4126 
f 4115//4115 4331//4331 4126//4126 
f 4331//4331 4333//4333 4126//4126 
f 4333//4333 4156//4156 4126//4126 
f 4156//4156 4197//4197 4126//4126 
f 4126//4126 4197//4197 4287//4287 
f 4281//4281 4126//4126 4287//4287 
f 4281//4281 4109//4109 4126//4126 
f 4343//4343 4106//4106 4145//4145 
f 4106//4106 4125//4125 4145//4145 
f 4109//4109 4238//4238 4126//4126 
f 4145//4145 4295//4295 4222//4222 
f 4222//4222 4238//4238 4109//4109 
f 4295//4295 4238//4238 4222//4222 
f 4344//4344 4144//4144 4108//4108 
f 4108//4108 4144//4144 4128//4128 
f 4144//4144 4216//4216 4128//4128 
f 4214//4214 4128//4128 4216//4216 
f 4108//4108 4128//4128 4214//4214 
f 4144//4144 4238//4238 4216//4216 
f 4214//4214 4216//4216 4291//4291 
f 4219//4219 4135//4135 4214//4214 
f 4219//4219 4291//4291 4223//4223 
f 4214//4214 4291//4291 4219//4219 
f 4219//4219 4223//4223 4135//4135 
f 4223//4223 4291//4291 4216//4216 
f 4216//4216 4285//4285 4223//4223 
f 4135//4135 4285//4285 4221//4221 
f 4223//4223 4285//4285 4225//4225 
f 4135//4135 4223//4223 4225//4225 
f 4135//4135 4225//4225 4285//4285 
f 4347//4347 4289//4289 4262//4262 
f 4111//4111 4320//4320 4151//4151 
f 4111//4111 4226//4226 4320//4320 
f 4320//4320 4226//4226 4252//4252 
f 4308//4308 4154//4154 4111//4111 
f 4154//4154 4226//4226 4111//4111 
f 4249//4249 4110//4110 4130//4130 
f 4119//4119 4297//4297 4308//4308 
f 4130//4130 4110//4110 4342//4342 
f 4130//4130 4342//4342 4243//4243 
f 4274//4274 4243//4243 4112//4112 
f 4274//4274 4112//4112 4308//4308 
f 4130//4130 4243//4243 4233//4233 
f 4187//4187 4233//4233 4274//4274 
f 4274//4274 4233//4233 4243//4243 
f 4187//4187 4274//4274 4308//4308 
f 4130//4130 4233//4233 4241//4241 
f 4130//4130 4241//4241 4245//4245 
f 4120//4120 4130//4130 4245//4245 
f 4334//4334 4130//4130 4254//4254 
f 4337//4337 4182//4182 4122//4122 
f 4334//4334 4275//4275 4130//4130 
f 4130//4130 4275//4275 4224//4224 
f 4224//4224 4275//4275 4113//4113 
f 4224//4224 4113//4113 4350//4350 
f 4275//4275 4179//4179 4113//4113 
f 4113//4113 4179//4179 4146//4146 
f 4179//4179 4346//4346 4146//4146 
f 4302//4302 4346//4346 4179//4179 
f 4192//4192 4227//4227 4300//4300 
f 4300//4300 4186//4186 4192//4192 
f 4302//4302 4228//4228 4346//4346 
f 4272//4272 4313//4313 4191//4191 
f 4191//4191 4161//4161 4272//4272 
f 4272//4272 4161//4161 4166//4166 
f 4169//4169 4272//4272 4166//4166 
f 4166//4166 4167//4167 4169//4169 
f 4228//4228 4167//4167 4346//4346 
f 4346//4346 4167//4167 4184//4184 
f 4346//4346 4184//4184 4271//4271 
f 4346//4346 4271//4271 4175//4175 
f 4191//4191 4181//4181 4165//4165 
f 4191//4191 4165//4165 4251//4251 
f 4251//4251 4114//4114 4191//4191 
f 4191//4191 4313//4313 4279//4279 
f 4256//4256 4261//4261 4191//4191 
f 4191//4191 4261//4261 4181//4181 
f 4175//4175 4193//4193 4346//4346 
f 4261//4261 4175//4175 4181//4181 
f 4261//4261 4286//4286 4175//4175 
f 4286//4286 4193//4193 4175//4175 
f 4256//4256 4193//4193 4286//4286 
f 4256//4256 4286//4286 4261//4261 
f 4193//4193 4283//4283 4346//4346 
f 4346//4346 4283//4283 4164//4164 
f 4346//4346 4164//4164 4230//4230 
f 4346//4346 4230//4230 4231//4231 
f 4294//4294 4229//4229 4191//4191 
f 4294//4294 4231//4231 4230//4230 
f 4294//4294 4230//4230 4229//4229 
f 4325//4325 4294//4294 4191//4191 
f 4191//4191 4200//4200 4325//4325 
f 4309//4309 4317//4317 4264//4264 
f 4309//4309 4160//4160 4325//4325 
f 4325//4325 4160//4160 4294//4294 
f 4160//4160 4264//4264 4332//4332 
f 4160//4160 4188//4188 4294//4294 
f 4188//4188 4231//4231 4294//4294 
f 4117//4117 4231//4231 4264//4264 
f 4264//4264 4317//4317 4117//4117 
f 4105//4105 4117//4117 4196//4196 
f 4348//4348 4105//4105 4196//4196 
f 4173//4173 4105//4105 4348//4348 
f 4105//4105 4116//4116 4117//4117 
f 4325//4325 4348//4348 4328//4328 
f 4325//4325 4202//4202 4348//4348 
f 4148//4148 4323//4323 4276//4276 
f 4289//4289 4148//4148 4276//4276 
f 4347//4347 4148//4148 4289//4289 
f 4145//4145 4347//4347 4131//4131 
f 4131//4131 4118//4118 4145//4145 
f 4145//4145 4118//4118 4295//4295 
f 4238//4238 4304//4304 4216//4216 
f 4304//4304 4285//4285 4216//4216 
f 4304//4304 4329//4329 4285//4285 
f 4329//4329 4232//4232 4285//4285 
f 4221//4221 4290//4290 4176//4176 
f 4290//4290 4232//4232 4322//4322 
f 4290//4290 4322//4322 4215//4215 
f 4290//4290 4215//4215 4176//4176 
f 4215//4215 4329//4329 4176//4176 
f 4215//4215 4322//4322 4329//4329 
f 4329//4329 4322//4322 4232//4232 
f 4221//4221 4285//4285 4232//4232 
f 4221//4221 4232//4232 4212//4212 
f 4212//4212 4290//4290 4221//4221 
f 4212//4212 4232//4232 4290//4290 
f 4176//4176 4118//4118 4131//4131 
f 4118//4118 4329//4329 4304//4304 
f 4176//4176 4329//4329 4118//4118 
f 4118//4118 4304//4304 4177//4177 
f 4118//4118 4177//4177 4185//4185 
f 4295//4295 4118//4118 4185//4185 
f 4185//4185 4238//4238 4295//4295 
f 4185//4185 4177//4177 4238//4238 
f 4304//4304 4238//4238 4177//4177 
f 4262//4262 4277//4277 4210//4210 
f 4308//4308 4262//4262 4210//4210 
f 4326//4326 4315//4315 4110//4110 
f 4112//4112 4314//4314 4308//4308 
f 4112//4112 4315//4315 4314//4314 
f 4112//4112 4342//4342 4315//4315 
f 4314//4314 4310//4310 4308//4308 
f 4314//4314 4315//4315 4316//4316 
f 4314//4314 4316//4316 4310//4310 
f 4310//4310 4316//4316 4326//4326 
f 4326//4326 4316//4316 4315//4315 
f 4310//4310 4119//4119 4308//4308 
f 4326//4326 4110//4110 4311//4311 
f 4310//4310 4326//4326 4217//4217 
f 4217//4217 4311//4311 4119//4119 
f 4217//4217 4326//4326 4311//4311 
f 4119//4119 4311//4311 4110//4110 
f 4119//4119 4310//4310 4217//4217 
f 4308//4308 4210//4210 4122//4122 
f 4122//4122 4244//4244 4308//4308 
f 4308//4308 4244//4244 4280//4280 
f 4280//4280 4319//4319 4187//4187 
f 4187//4187 4319//4319 4233//4233 
f 4280//4280 4241//4241 4319//4319 
f 4233//4233 4319//4319 4241//4241 
f 4187//4187 4308//4308 4280//4280 
f 4244//4244 4245//4245 4280//4280 
f 4280//4280 4245//4245 4241//4241 
f 4174//4174 4120//4120 4244//4244 
f 4174//4174 4244//4244 4122//4122 
f 4244//4244 4120//4120 4245//4245 
f 4122//4122 4210//4210 4352//4352 
f 4275//4275 4334//4334 4341//4341 
f 4341//4341 4203//4203 4275//4275 
f 4260//4260 4275//4275 4203//4203 
f 4203//4203 4306//4306 4260//4260 
f 4236//4236 4122//4122 4159//4159 
f 4159//4159 4121//4121 4236//4236 
f 4236//4236 4121//4121 4306//4306 
f 4159//4159 4272//4272 4123//4123 
f 4272//4272 4159//4159 4122//4122 
f 4122//4122 4234//4234 4272//4272 
f 4234//4234 4235//4235 4272//4272 
f 4152//4152 4134//4134 4275//4275 
f 4180//4180 4123//4123 4272//4272 
f 4180//4180 4134//4134 4123//4123 
f 4123//4123 4134//4134 4152//4152 
f 4179//4179 4134//4134 4178//4178 
f 4349//4349 4179//4179 4178//4178 
f 4137//4137 4140//4140 4136//4136 
f 4136//4136 4178//4178 4137//4137 
f 4349//4349 4301//4301 4179//4179 
f 4301//4301 4209//4209 4179//4179 
f 4227//4227 4179//4179 4209//4209 
f 4300//4300 4227//4227 4209//4209 
f 4272//4272 4186//4186 4300//4300 
f 4318//4318 4313//4313 4272//4272 
f 4325//4325 4200//4200 4202//4202 
f 4205//4205 4124//4124 4325//4325 
f 4124//4124 4240//4240 4325//4325 
f 4211//4211 4325//4325 4240//4240 
f 4211//4211 4309//4309 4325//4325 
f 4317//4317 4207//4207 4183//4183 
f 4211//4211 4317//4317 4309//4309 
f 4211//4211 4207//4207 4317//4317 
f 4240//4240 4183//4183 4132//4132 
f 4240//4240 4132//4132 4288//4288 
f 4288//4288 4132//4132 4207//4207 
f 4207//4207 4132//4132 4183//4183 
f 4288//4288 4207//4207 4211//4211 
f 4240//4240 4288//4288 4211//4211 
f 4317//4317 4183//4183 4127//4127 
f 4142//4142 4317//4317 4127//4127 
f 4205//4205 4127//4127 4124//4124 
f 4205//4205 4142//4142 4127//4127 
f 4142//4142 4133//4133 4317//4317 
f 4141//4141 4142//4142 4205//4205 
f 4142//4142 4339//4339 4133//4133 
f 4248//4248 4133//4133 4339//4339 
f 4248//4248 4339//4339 4141//4141 
f 4141//4141 4339//4339 4142//4142 
f 4248//4248 4141//4141 4205//4205 
f 4248//4248 4205//4205 4325//4325 
f 4317//4317 4133//4133 4327//4327 
f 4317//4317 4327//4327 4330//4330 
f 4328//4328 4198//4198 4325//4325 
f 4278//4278 4202//4202 4200//4200 
f 4276//4276 4278//4278 4293//4293 
f 4293//4293 4278//4278 4279//4279 
f 4293//4293 4279//4279 4318//4318 
f 4293//4293 4318//4318 4234//4234 
f 4293//4293 4234//4234 4277//4277 
f 4235//4235 4234//4234 4318//4318 
f 4313//4313 4318//4318 4279//4279 
f 4352//4352 4234//4234 4122//4122 
f 4340//4340 4336//4336 4122//4122 
f 4337//4337 4122//4122 4336//4336 
f 4336//4336 4341//4341 4334//4334 
f 4336//4336 4334//4334 4337//4337 
f 4340//4340 4341//4341 4336//4336 
f 4263//4263 4203//4203 4338//4338 
f 4263//4263 4338//4338 4340//4340 
f 4340//4340 4338//4338 4341//4341 
f 4122//4122 4263//4263 4340//4340 
f 4341//4341 4338//4338 4203//4203 
f 4279//4279 4278//4278 4200//4200 
f 4246//4246 4180//4180 4272//4272 
f 4134//4134 4201//4201 4178//4178 
f 4137//4137 4178//4178 4201//4201 
f 4137//4137 4201//4201 4246//4246 
f 4272//4272 4137//4137 4246//4246 
f 4272//4272 4140//4140 4137//4137 
f 4140//4140 4349//4349 4136//4136 
f 4136//4136 4349//4349 4178//4178 
f 4239//4239 4140//4140 4272//4272 
f 4301//4301 4349//4349 4138//4138 
f 4239//4239 4301//4301 4138//4138 
f 4239//4239 4138//4138 4140//4140 
f 4140//4140 4138//4138 4349//4349 
f 4246//4246 4139//4139 4180//4180 
f 4139//4139 4353//4353 4134//4134 
f 4134//4134 4353//4353 4201//4201 
f 4246//4246 4201//4201 4353//4353 
f 4246//4246 4353//4353 4139//4139 
f 4139//4139 4134//4134 4180//4180 
f 4235//4235 4318//4318 4272//4272 
f 4234//4234 4352//4352 4277//4277 
f 4277//4277 4352//4352 4210//4210 
f 4293//4293 4289//4289 4276//4276 
f 4323//4323 4202//4202 4276//4276 
f 4276//4276 4202//4202 4278//4278 
f 4325//4325 4143//4143 4248//4248 
f 4143//4143 4327//4327 4250//4250 
f 4143//4143 4133//4133 4248//4248 
f 4143//4143 4250//4250 4133//4133 
f 4250//4250 4327//4327 4133//4133 
f 4150//4150 4237//4237 4247//4247 
f 4150//4150 4312//4312 4143//4143 
f 4312//4312 4247//4247 4327//4327 
f 4150//4150 4247//4247 4312//4312 
f 4247//4247 4237//4237 4327//4327 
f 4312//4312 4327//4327 4143//4143 
f 4325//4325 4150//4150 4143//4143 
f 4327//4327 4237//4237 4147//4147 
f 4328//4328 4330//4330 4198//4198 
f 4198//4198 4330//4330 4147//4147 
f 4198//4198 4150//4150 4325//4325 
f 4198//4198 4147//4147 4150//4150 
f 4150//4150 4147//4147 4237//4237 
f 4330//4330 4327//4327 4147//4147 
f 4330//4330 4117//4117 4317//4317 
f 4183//4183 4199//4199 4127//4127 
f 4124//4124 4127//4127 4199//4199 
f 4240//4240 4199//4199 4183//4183 
f 4124//4124 4199//4199 4240//4240 
f 4272//4272 4300//4300 4208//4208 
f 4272//4272 4208//4208 4153//4153 
f 4272//4272 4153//4153 4239//4239 
f 4239//4239 4258//4258 4301//4301 
f 4149//4149 4301//4301 4258//4258 
f 4153//4153 4149//4149 4258//4258 
f 4153//4153 4258//4258 4239//4239 
f 4149//4149 4259//4259 4209//4209 
f 4300//4300 4209//4209 4259//4259 
f 4300//4300 4259//4259 4208//4208 
f 4153//4153 4292//4292 4149//4149 
f 4149//4149 4292//4292 4259//4259 
f 4208//4208 4259//4259 4292//4292 
f 4208//4208 4292//4292 4153//4153 
f 4301//4301 4149//4149 4209//4209 
f 4260//4260 4242//4242 4152//4152 
f 4123//4123 4152//4152 4242//4242 
f 4123//4123 4242//4242 4159//4159 
f 4159//4159 4242//4242 4260//4260 
f 4152//4152 4275//4275 4260//4260 
f 4159//4159 4260//4260 4121//4121 
f 4236//4236 4306//4306 4335//4335 
f 4236//4236 4263//4263 4122//4122 
f 4263//4263 4335//4335 4203//4203 
f 4236//4236 4335//4335 4263//4263 
f 4203//4203 4335//4335 4306//4306 
f 4306//4306 4121//4121 4260//4260 
f 4323//4323 4148//4148 4145//4145 
f 4348//4348 4323//4323 4145//4145 
f 4145//4145 4157//4157 4348//4348 
f 4204//4204 4348//4348 4157//4157 
f 4348//4348 4204//4204 4220//4220 
f 4348//4348 4220//4220 4321//4321 
f 4321//4321 4206//4206 4348//4348 
f 4206//4206 4333//4333 4331//4331 
f 4321//4321 4333//4333 4206//4206 
f 4333//4333 4324//4324 4156//4156 
f 4220//4220 4156//4156 4324//4324 
f 4220//4220 4324//4324 4155//4155 
f 4220//4220 4155//4155 4321//4321 
f 4321//4321 4324//4324 4333//4333 
f 4155//4155 4324//4324 4321//4321 
f 4204//4204 4197//4197 4156//4156 
f 4204//4204 4156//4156 4220//4220 
f 4197//4197 4158//4158 4287//4287 
f 4145//4145 4125//4125 4157//4157 
f 4125//4125 4287//4287 4213//4213 
f 4125//4125 4213//4213 4157//4157 
f 4157//4157 4213//4213 4158//4158 
f 4158//4158 4213//4213 4287//4287 
f 4157//4157 4158//4158 4194//4194 
f 4157//4157 4194//4194 4305//4305 
f 4305//4305 4194//4194 4197//4197 
f 4197//4197 4194//4194 4158//4158 
f 4305//4305 4197//4197 4204//4204 
f 4157//4157 4305//4305 4204//4204 
f 4293//4293 4277//4277 4289//4289 
f 4330//4330 4195//4195 4117//4117 
f 4196//4196 4117//4117 4195//4195 
f 4196//4196 4195//4195 4328//4328 
f 4328//4328 4195//4195 4330//4330 
f 4196//4196 4328//4328 4348//4348 
f 4188//4188 4332//4332 4231//4231 
f 4160//4160 4332//4332 4188//4188 
f 4231//4231 4332//4332 4264//4264 
f 4309//4309 4264//4264 4160//4160 
f 4162//4162 4164//4164 4257//4257 
f 4162//4162 4257//4257 4218//4218 
f 4162//4162 4218//4218 4191//4191 
f 4191//4191 4218//4218 4256//4256 
f 4193//4193 4265//4265 4283//4283 
f 4218//4218 4283//4283 4265//4265 
f 4218//4218 4265//4265 4190//4190 
f 4190//4190 4265//4265 4193//4193 
f 4190//4190 4193//4193 4256//4256 
f 4218//4218 4190//4190 4256//4256 
f 4218//4218 4257//4257 4283//4283 
f 4283//4283 4257//4257 4164//4164 
f 4230//4230 4164//4164 4298//4298 
f 4229//4229 4230//4230 4298//4298 
f 4229//4229 4298//4298 4284//4284 
f 4284//4284 4298//4298 4164//4164 
f 4284//4284 4164//4164 4162//4162 
f 4229//4229 4284//4284 4162//4162 
f 4229//4229 4162//4162 4191//4191 
f 4191//4191 4279//4279 4200//4200 
f 4114//4114 4296//4296 4191//4191 
f 4191//4191 4296//4296 4266//4266 
f 4191//4191 4266//4266 4161//4161 
f 4266//4266 4163//4163 4184//4184 
f 4184//4184 4163//4163 4299//4299 
f 4296//4296 4299//4299 4163//4163 
f 4296//4296 4163//4163 4266//4266 
f 4266//4266 4184//4184 4161//4161 
f 4184//4184 4299//4299 4271//4271 
f 4114//4114 4271//4271 4267//4267 
f 4114//4114 4267//4267 4299//4299 
f 4114//4114 4299//4299 4296//4296 
f 4299//4299 4267//4267 4271//4271 
f 4165//4165 4268//4268 4255//4255 
f 4181//4181 4268//4268 4165//4165 
f 4181//4181 4175//4175 4268//4268 
f 4175//4175 4255//4255 4268//4268 
f 4175//4175 4271//4271 4255//4255 
f 4251//4251 4269//4269 4271//4271 
f 4165//4165 4269//4269 4251//4251 
f 4271//4271 4269//4269 4255//4255 
f 4165//4165 4255//4255 4269//4269 
f 4251//4251 4271//4271 4114//4114 
f 4161//4161 4184//4184 4166//4166 
f 4166//4166 4184//4184 4167//4167 
f 4169//4169 4167//4167 4228//4228 
f 4169//4169 4228//4228 4186//4186 
f 4186//4186 4228//4228 4302//4302 
f 4272//4272 4169//4169 4186//4186 
f 4186//4186 4227//4227 4192//4192 
f 4186//4186 4302//4302 4227//4227 
f 4227//4227 4302//4302 4179//4179 
f 4275//4275 4134//4134 4179//4179 
f 4182//4182 4307//4307 4122//4122 
f 4122//4122 4307//4307 4174//4174 
f 4182//4182 4303//4303 4307//4307 
f 4307//4307 4303//4303 4254//4254 
f 4303//4303 4253//4253 4334//4334 
f 4337//4337 4334//4334 4253//4253 
f 4182//4182 4253//4253 4303//4303 
f 4337//4337 4253//4253 4182//4182 
f 4254//4254 4303//4303 4334//4334 
f 4307//4307 4254//4254 4174//4174 
f 4174//4174 4254//4254 4120//4120 
f 4120//4120 4254//4254 4130//4130 
f 4112//4112 4243//4243 4342//4342 
f 4342//4342 4110//4110 4315//4315 
f 4249//4249 4270//4270 4110//4110 
f 4119//4119 4110//4110 4270//4270 
f 4297//4297 4270//4270 4249//4249 
f 4119//4119 4270//4270 4297//4297 
f 4308//4308 4297//4297 4154//4154 
f 4297//4297 4249//4249 4154//4154 
f 4154//4154 4249//4249 4252//4252 
f 4154//4154 4252//4252 4226//4226 
f 4151//4151 4308//4308 4111//4111 
f 4289//4289 4277//4277 4262//4262 
f 4221//4221 4176//4176 4131//4131 
f 4148//4148 4347//4347 4145//4145 
f 4106//4106 4281//4281 4168//4168 
f 4125//4125 4168//4168 4287//4287 
f 4106//4106 4168//4168 4125//4125 
f 4281//4281 4287//4287 4168//4168 
f 4343//4343 4273//4273 4172//4172 
f 4172//4172 4281//4281 4106//4106 
f 4172//4172 4273//4273 4281//4281 
f 4281//4281 4273//4273 4109//4109 
f 4172//4172 4106//4106 4343//4343 
f 4222//4222 4109//4109 4343//4343 
f 4343//4343 4109//4109 4273//4273 
f 4222//4222 4343//4343 4145//4145 
f 4206//4206 4331//4331 4170//4170 
f 4170//4170 4331//4331 4115//4115 
f 4348//4348 4206//4206 4170//4170 
f 4189//4189 4116//4116 4171//4171 
f 4351//4351 4189//4189 4171//4171 
f 4173//4173 4171//4171 4116//4116 
f 4351//4351 4171//4171 4173//4173 
f 4107//4107 4189//4189 4351//4351 
f 4348//4348 4170//4170 4107//4107 
f 4173//4173 4116//4116 4105//4105 
f 4146//4146 4346//4346 4345//4345 
f 4350//4350 4113//4113 4146//4146 
f 4129//4129 4126//4126 4104//4104 
f 4350//4350 4130//4130 4224//4224 
f 4238//4238 4144//4144 4320//4320 
f 4151//4151 4103//4103 4308//4308 
f 4151//4151 4282//4282 4103//4103 
f 4103//4103 4282//4282 4102//4102 
f 4102//4102 4282//4282 4320//4320 
f 4356//4356 4396//4396 4355//4355 
f 4396//4396 4354//4354 4355//4355 
f 4355//4355 4354//4354 4359//4359 
f 4356//4356 4359//4359 4375//4375 
f 4375//4375 4357//4357 4356//4356 
f 4357//4357 4361//4361 4356//4356 
f 4356//4356 4361//4361 4363//4363 
f 4363//4363 4396//4396 4356//4356 
f 4415//4415 4370//4370 4354//4354 
f 4370//4370 4378//4378 4358//4358 
f 4358//4358 4378//4378 4373//4373 
f 4381//4381 4373//4373 4378//4378 
f 4360//4360 4381//4381 4450//4450 
f 4450//4450 4402//4402 4360//4360 
f 4402//4402 4389//4389 4360//4360 
f 4360//4360 4389//4389 4459//4459 
f 4360//4360 4459//4459 4392//4392 
f 4392//4392 4393//4393 4360//4360 
f 4392//4392 4487//4487 4393//4393 
f 4487//4487 4550//4550 4393//4393 
f 4393//4393 4550//4550 4381//4381 
f 4381//4381 4552//4552 4373//4373 
f 4358//4358 4373//4373 4422//4422 
f 4422//4422 4373//4373 4572//4572 
f 4354//4354 4422//4422 4362//4362 
f 4362//4362 4422//4422 4426//4426 
f 4364//4364 4375//4375 4359//4359 
f 4359//4359 4362//4362 4364//4364 
f 4364//4364 4362//4362 4365//4365 
f 4375//4375 4364//4364 4429//4429 
f 4375//4375 4429//4429 4367//4367 
f 4367//4367 4366//4366 4375//4375 
f 4394//4394 4366//4366 4367//4367 
f 4439//4439 4394//4394 4367//4367 
f 4367//4367 4442//4442 4439//4439 
f 4442//4442 4401//4401 4439//4439 
f 4439//4439 4401//4401 4368//4368 
f 4368//4368 4449//4449 4439//4439 
f 4369//4369 4449//4449 4368//4368 
f 4363//4363 4369//4369 4368//4368 
f 4368//4368 4384//4384 4363//4363 
f 4384//4384 4403//4403 4363//4363 
f 4403//4403 4371//4371 4415//4415 
f 4403//4403 4415//4415 4396//4396 
f 4371//4371 4404//4404 4415//4415 
f 4450//4450 4370//4370 4404//4404 
f 4378//4378 4450//4450 4381//4381 
f 4371//4371 4376//4376 4404//4404 
f 4376//4376 4402//4402 4404//4404 
f 4376//4376 4435//4435 4402//4402 
f 4597//4597 4376//4376 4371//4371 
f 4384//4384 4597//4597 4371//4371 
f 4597//4597 4385//4385 4376//4376 
f 4566//4566 4376//4376 4385//4385 
f 4566//4566 4406//4406 4455//4455 
f 4406//4406 4386//4386 4455//4455 
f 4455//4455 4386//4386 4418//4418 
f 4372//4372 4455//4455 4418//4418 
f 4502//4502 4409//4409 4457//4457 
f 4455//4455 4502//4502 4457//4457 
f 4566//4566 4455//4455 4457//4457 
f 4435//4435 4566//4566 4374//4374 
f 4374//4374 4576//4576 4435//4435 
f 4435//4435 4576//4576 4600//4600 
f 4435//4435 4600//4600 4445//4445 
f 4402//4402 4435//4435 4445//4445 
f 4445//4445 4600//4600 4434//4434 
f 4445//4445 4434//4434 4590//4590 
f 4389//4389 4445//4445 4590//4590 
f 4590//4590 4434//4434 4431//4431 
f 4590//4590 4431//4431 4531//4531 
f 4590//4590 4531//4531 4578//4578 
f 4578//4578 4459//4459 4590//4590 
f 4459//4459 4524//4524 4392//4392 
f 4392//4392 4524//4524 4554//4554 
f 4554//4554 4524//4524 4604//4604 
f 4554//4554 4604//4604 4500//4500 
f 4484//4484 4500//4500 4461//4461 
f 4571//4571 4484//4484 4461//4461 
f 4569//4569 4571//4571 4461//4461 
f 4377//4377 4569//4569 4537//4537 
f 4537//4537 4436//4436 4377//4377 
f 4377//4377 4436//4436 4522//4522 
f 4377//4377 4522//4522 4525//4525 
f 4382//4382 4377//4377 4525//4525 
f 4510//4510 4382//4382 4592//4592 
f 4475//4475 4510//4510 4592//4592 
f 4475//4475 4592//4592 4526//4526 
f 4367//4367 4475//4475 4526//4526 
f 4526//4526 4592//4592 4574//4574 
f 4526//4526 4574//4574 4442//4442 
f 4574//4574 4472//4472 4593//4593 
f 4574//4574 4593//4593 4379//4379 
f 4442//4442 4574//4574 4379//4379 
f 4379//4379 4593//4593 4380//4380 
f 4442//4442 4379//4379 4380//4380 
f 4380//4380 4593//4593 4420//4420 
f 4380//4380 4420//4420 4383//4383 
f 4401//4401 4380//4380 4383//4383 
f 4401//4401 4383//4383 4528//4528 
f 4528//4528 4529//4529 4368//4368 
f 4529//4529 4384//4384 4368//4368 
f 4529//4529 4597//4597 4384//4384 
f 4597//4597 4460//4460 4385//4385 
f 4460//4460 4406//4406 4385//4385 
f 4458//4458 4386//4386 4460//4460 
f 4387//4387 4458//4458 4460//4460 
f 4388//4388 4418//4418 4386//4386 
f 4397//4397 4418//4418 4388//4388 
f 4417//4417 4388//4388 4458//4458 
f 4387//4387 4417//4417 4458//4458 
f 4383//4383 4417//4417 4387//4387 
f 4397//4397 4388//4388 4474//4474 
f 4397//4397 4474//4474 4391//4391 
f 4390//4390 4437//4437 4591//4591 
f 4463//4463 4390//4390 4591//4591 
f 4390//4390 4498//4498 4437//4437 
f 4437//4437 4498//4498 4391//4391 
f 4580//4580 4502//4502 4395//4395 
f 4395//4395 4502//4502 4372//4372 
f 4372//4372 4418//4418 4395//4395 
f 4580//4580 4409//4409 4502//4502 
f 4498//4498 4504//4504 4391//4391 
f 4398//4398 4580//4580 4395//4395 
f 4463//4463 4423//4423 4440//4440 
f 4423//4423 4582//4582 4440//4440 
f 4440//4440 4582//4582 4504//4504 
f 4440//4440 4504//4504 4399//4399 
f 4582//4582 4391//4391 4504//4504 
f 4582//4582 4419//4419 4391//4391 
f 4397//4397 4391//4391 4419//4419 
f 4398//4398 4438//4438 4421//4421 
f 4421//4421 4515//4515 4398//4398 
f 4438//4438 4398//4398 4418//4418 
f 4438//4438 4418//4418 4397//4397 
f 4515//4515 4603//4603 4409//4409 
f 4603//4603 4595//4595 4409//4409 
f 4506//4506 4424//4424 4423//4423 
f 4596//4596 4419//4419 4582//4582 
f 4423//4423 4596//4596 4582//4582 
f 4400//4400 4509//4509 4421//4421 
f 4509//4509 4603//4603 4515//4515 
f 4421//4421 4509//4509 4515//4515 
f 4438//4438 4397//4397 4425//4425 
f 4425//4425 4412//4412 4438//4438 
f 4412//4412 4405//4405 4400//4400 
f 4405//4405 4603//4603 4509//4509 
f 4589//4589 4573//4573 4424//4424 
f 4573//4573 4523//4523 4419//4419 
f 4523//4523 4414//4414 4397//4397 
f 4397//4397 4414//4414 4411//4411 
f 4425//4425 4397//4397 4411//4411 
f 4425//4425 4411//4411 4583//4583 
f 4425//4425 4583//4583 4594//4594 
f 4425//4425 4594//4594 4427//4427 
f 4407//4407 4408//4408 4603//4603 
f 4407//4407 4603//4603 4405//4405 
f 4603//4603 4408//4408 4595//4595 
f 4408//4408 4416//4416 4595//4595 
f 4416//4416 4581//4581 4595//4595 
f 4584//4584 4595//4595 4581//4581 
f 4584//4584 4581//4581 4585//4585 
f 4584//4584 4585//4585 4588//4588 
f 4584//4584 4588//4588 4410//4410 
f 4584//4584 4410//4410 4589//4589 
f 4584//4584 4589//4589 4506//4506 
f 4410//4410 4413//4413 4589//4589 
f 4589//4589 4413//4413 4573//4573 
f 4523//4523 4573//4573 4413//4413 
f 4413//4413 4586//4586 4523//4523 
f 4586//4586 4414//4414 4523//4523 
f 4414//4414 4588//4588 4585//4585 
f 4586//4586 4413//4413 4588//4588 
f 4413//4413 4410//4410 4588//4588 
f 4586//4586 4588//4588 4414//4414 
f 4411//4411 4585//4585 4581//4581 
f 4506//4506 4595//4595 4584//4584 
f 4411//4411 4581//4581 4416//4416 
f 4416//4416 4583//4583 4411//4411 
f 4416//4416 4601//4601 4583//4583 
f 4407//4407 4427//4427 4601//4601 
f 4601//4601 4427//4427 4594//4594 
f 4408//4408 4407//4407 4601//4601 
f 4408//4408 4601//4601 4416//4416 
f 4601//4601 4594//4594 4583//4583 
f 4407//4407 4405//4405 4427//4427 
f 4414//4414 4585//4585 4411//4411 
f 4412//4412 4427//4427 4405//4405 
f 4425//4425 4427//4427 4412//4412 
f 4397//4397 4419//4419 4523//4523 
f 4573//4573 4419//4419 4596//4596 
f 4424//4424 4573//4573 4596//4596 
f 4506//4506 4589//4589 4424//4424 
f 4400//4400 4405//4405 4509//4509 
f 4438//4438 4412//4412 4400//4400 
f 4424//4424 4596//4596 4423//4423 
f 4463//4463 4595//4595 4506//4506 
f 4438//4438 4400//4400 4421//4421 
f 4506//4506 4423//4423 4463//4463 
f 4399//4399 4463//4463 4440//4440 
f 4515//4515 4409//4409 4580//4580 
f 4398//4398 4515//4515 4580//4580 
f 4395//4395 4418//4418 4398//4398 
f 4399//4399 4504//4504 4498//4498 
f 4399//4399 4498//4498 4390//4390 
f 4463//4463 4399//4399 4390//4390 
f 4595//4595 4447//4447 4409//4409 
f 4409//4409 4447//4447 4598//4598 
f 4532//4532 4598//4598 4533//4533 
f 4533//4533 4542//4542 4532//4532 
f 4532//4532 4542//4542 4448//4448 
f 4532//4532 4432//4432 4598//4598 
f 4409//4409 4598//4598 4432//4432 
f 4541//4541 4428//4428 4432//4432 
f 4457//4457 4432//4432 4428//4428 
f 4374//4374 4547//4547 4576//4576 
f 4430//4430 4546//4546 4434//4434 
f 4600//4600 4430//4430 4434//4434 
f 4434//4434 4546//4546 4431//4431 
f 4431//4431 4546//4546 4467//4467 
f 4431//4431 4467//4467 4531//4531 
f 4531//4531 4467//4467 4575//4575 
f 4578//4578 4579//4579 4527//4527 
f 4527//4527 4524//4524 4578//4578 
f 4527//4527 4579//4579 4543//4543 
f 4527//4527 4543//4543 4433//4433 
f 4433//4433 4604//4604 4527//4527 
f 4500//4500 4604//4604 4538//4538 
f 4599//4599 4538//4538 4433//4433 
f 4433//4433 4478//4478 4599//4599 
f 4599//4599 4478//4478 4451//4451 
f 4599//4599 4602//4602 4538//4538 
f 4461//4461 4538//4538 4602//4602 
f 4537//4537 4479//4479 4436//4436 
f 4436//4436 4479//4479 4522//4522 
f 4522//4522 4443//4443 4540//4540 
f 4525//4525 4522//4522 4540//4540 
f 4591//4591 4456//4456 4444//4444 
f 4444//4444 4539//4539 4591//4591 
f 4446//4446 4539//4539 4444//4444 
f 4446//4446 4444//4444 4452//4452 
f 4452//4452 4477//4477 4446//4446 
f 4446//4446 4477//4477 4548//4548 
f 4587//4587 4447//4447 4539//4539 
f 4595//4595 4539//4539 4447//4447 
f 4533//4533 4447//4447 4587//4587 
f 4587//4587 4542//4542 4533//4533 
f 4542//4542 4465//4465 4448//4448 
f 4465//4465 4462//4462 4448//4448 
f 4448//4448 4462//4462 4464//4464 
f 4448//4448 4464//4464 4547//4547 
f 4541//4541 4448//4448 4547//4547 
f 4532//4532 4448//4448 4541//4541 
f 4547//4547 4464//4464 4468//4468 
f 4547//4547 4468//4468 4576//4576 
f 4430//4430 4468//4468 4546//4546 
f 4468//4468 4466//4466 4546//4546 
f 4546//4546 4466//4466 4467//4467 
f 4575//4575 4467//4467 4545//4545 
f 4579//4579 4575//4575 4543//4543 
f 4543//4543 4575//4575 4605//4605 
f 4543//4543 4605//4605 4478//4478 
f 4478//4478 4605//4605 4451//4451 
f 4451//4451 4605//4605 4471//4471 
f 4599//4599 4451//4451 4479//4479 
f 4451//4451 4471//4471 4479//4479 
f 4479//4479 4471//4471 4544//4544 
f 4441//4441 4544//4544 4454//4454 
f 4443//4443 4441//4441 4469//4469 
f 4540//4540 4443//4443 4477//4477 
f 4452//4452 4540//4540 4477//4477 
f 4525//4525 4540//4540 4452//4452 
f 4456//4456 4525//4525 4452//4452 
f 4477//4477 4443//4443 4548//4548 
f 4548//4548 4469//4469 4453//4453 
f 4548//4548 4453//4453 4493//4493 
f 4446//4446 4493//4493 4587//4587 
f 4539//4539 4446//4446 4587//4587 
f 4493//4493 4465//4465 4542//4542 
f 4493//4493 4453//4453 4465//4465 
f 4465//4465 4453//4453 4462//4462 
f 4462//4462 4480//4480 4464//4464 
f 4464//4464 4485//4485 4468//4468 
f 4468//4468 4485//4485 4466//4466 
f 4480//4480 4454//4454 4485//4485 
f 4454//4454 4480//4480 4469//4469 
f 4480//4480 4485//4485 4464//4464 
f 4453//4453 4480//4480 4462//4462 
f 4469//4469 4480//4480 4453//4453 
f 4443//4443 4469//4469 4548//4548 
f 4441//4441 4454//4454 4469//4469 
f 4454//4454 4470//4470 4485//4485 
f 4470//4470 4466//4466 4485//4485 
f 4545//4545 4466//4466 4470//4470 
f 4605//4605 4545//4545 4471//4471 
f 4545//4545 4470//4470 4471//4471 
f 4471//4471 4470//4470 4544//4544 
f 4544//4544 4470//4470 4454//4454 
f 4575//4575 4545//4545 4605//4605 
f 4467//4467 4466//4466 4545//4545 
f 4587//4587 4493//4493 4542//4542 
f 4446//4446 4548//4548 4493//4493 
f 4456//4456 4452//4452 4444//4444 
f 4549//4549 4456//4456 4591//4591 
f 4591//4591 4437//4437 4549//4549 
f 4437//4437 4473//4473 4549//4549 
f 4473//4473 4472//4472 4549//4549 
f 4593//4593 4473//4473 4482//4482 
f 4437//4437 4482//4482 4473//4473 
f 4420//4420 4482//4482 4474//4474 
f 4474//4474 4482//4482 4391//4391 
f 4382//4382 4549//4549 4472//4472 
f 4549//4549 4525//4525 4456//4456 
f 4522//4522 4441//4441 4443//4443 
f 4522//4522 4544//4544 4441//4441 
f 4479//4479 4544//4544 4522//4522 
f 4599//4599 4479//4479 4537//4537 
f 4537//4537 4602//4602 4599//4599 
f 4433//4433 4538//4538 4604//4604 
f 4433//4433 4543//4543 4478//4478 
f 4531//4531 4575//4575 4579//4579 
f 4576//4576 4468//4468 4430//4430 
f 4541//4541 4547//4547 4374//4374 
f 4374//4374 4428//4428 4541//4541 
f 4541//4541 4432//4432 4532//4532 
f 4533//4533 4598//4598 4447//4447 
f 4463//4463 4539//4539 4595//4595 
f 4591//4591 4539//4539 4463//4463 
f 4437//4437 4391//4391 4482//4482 
f 4420//4420 4474//4474 4417//4417 
f 4417//4417 4474//4474 4388//4388 
f 4458//4458 4388//4388 4386//4386 
f 4387//4387 4460//4460 4597//4597 
f 4529//4529 4387//4387 4597//4597 
f 4528//4528 4387//4387 4529//4529 
f 4528//4528 4383//4383 4387//4387 
f 4383//4383 4420//4420 4417//4417 
f 4593//4593 4482//4482 4420//4420 
f 4472//4472 4473//4473 4593//4593 
f 4592//4592 4472//4472 4574//4574 
f 4429//4429 4475//4475 4367//4367 
f 4510//4510 4507//4507 4382//4382 
f 4476//4476 4382//4382 4507//4507 
f 4476//4476 4521//4521 4571//4571 
f 4571//4571 4521//4521 4491//4491 
f 4481//4481 4571//4571 4491//4491 
f 4486//4486 4484//4484 4481//4481 
f 4481//4481 4491//4491 4486//4486 
f 4494//4494 4484//4484 4486//4486 
f 4494//4494 4500//4500 4484//4484 
f 4487//4487 4559//4559 4550//4550 
f 4550//4550 4559//4559 4552//4552 
f 4553//4553 4494//4494 4486//4486 
f 4392//4392 4499//4499 4565//4565 
f 4499//4499 4559//4559 4565//4565 
f 4559//4559 4495//4495 4552//4552 
f 4483//4483 4552//4552 4495//4495 
f 4558//4558 4497//4497 4503//4503 
f 4503//4503 4512//4512 4553//4553 
f 4553//4553 4491//4491 4503//4503 
f 4558//4558 4503//4503 4491//4491 
f 4558//4558 4491//4491 4483//4483 
f 4512//4512 4535//4535 4500//4500 
f 4535//4535 4554//4554 4500//4500 
f 4536//4536 4495//4495 4559//4559 
f 4499//4499 4536//4536 4559//4559 
f 4497//4497 4556//4556 4489//4489 
f 4556//4556 4535//4535 4489//4489 
f 4489//4489 4535//4535 4512//4512 
f 4503//4503 4489//4489 4512//4512 
f 4535//4535 4492//4492 4554//4554 
f 4551//4551 4554//4554 4492//4492 
f 4551//4551 4519//4519 4499//4499 
f 4519//4519 4536//4536 4499//4499 
f 4558//4558 4483//4483 4496//4496 
f 4496//4496 4520//4520 4558//4558 
f 4520//4520 4490//4490 4556//4556 
f 4520//4520 4556//4556 4497//4497 
f 4490//4490 4535//4535 4556//4556 
f 4551//4551 4518//4518 4519//4519 
f 4518//4518 4513//4513 4519//4519 
f 4483//4483 4495//4495 4557//4557 
f 4557//4557 4560//4560 4483//4483 
f 4496//4496 4483//4483 4560//4560 
f 4496//4496 4560//4560 4514//4514 
f 4496//4496 4514//4514 4563//4563 
f 4496//4496 4563//4563 4511//4511 
f 4530//4530 4516//4516 4535//4535 
f 4530//4530 4535//4535 4490//4490 
f 4535//4535 4516//4516 4492//4492 
f 4516//4516 4562//4562 4492//4492 
f 4562//4562 4570//4570 4492//4492 
f 4534//4534 4492//4492 4570//4570 
f 4534//4534 4570//4570 4517//4517 
f 4534//4534 4517//4517 4577//4577 
f 4534//4534 4577//4577 4561//4561 
f 4534//4534 4561//4561 4568//4568 
f 4534//4534 4568//4568 4518//4518 
f 4534//4534 4518//4518 4551//4551 
f 4568//4568 4555//4555 4518//4518 
f 4518//4518 4555//4555 4513//4513 
f 4557//4557 4513//4513 4555//4555 
f 4555//4555 4501//4501 4557//4557 
f 4501//4501 4488//4488 4557//4557 
f 4557//4557 4488//4488 4577//4577 
f 4577//4577 4560//4560 4557//4557 
f 4560//4560 4577//4577 4517//4517 
f 4561//4561 4488//4488 4501//4501 
f 4501//4501 4568//4568 4561//4561 
f 4555//4555 4568//4568 4501//4501 
f 4561//4561 4577//4577 4488//4488 
f 4560//4560 4517//4517 4570//4570 
f 4551//4551 4492//4492 4534//4534 
f 4560//4560 4570//4570 4562//4562 
f 4567//4567 4563//4563 4514//4514 
f 4530//4530 4511//4511 4567//4567 
f 4567//4567 4511//4511 4563//4563 
f 4516//4516 4530//4530 4567//4567 
f 4516//4516 4567//4567 4562//4562 
f 4560//4560 4562//4562 4514//4514 
f 4567//4567 4514//4514 4562//4562 
f 4530//4530 4490//4490 4511//4511 
f 4557//4557 4495//4495 4513//4513 
f 4520//4520 4511//4511 4490//4490 
f 4496//4496 4511//4511 4520//4520 
f 4513//4513 4495//4495 4536//4536 
f 4519//4519 4513//4513 4536//4536 
f 4558//4558 4520//4520 4497//4497 
f 4392//4392 4554//4554 4551//4551 
f 4497//4497 4489//4489 4503//4503 
f 4551//4551 4499//4499 4392//4392 
f 4487//4487 4392//4392 4565//4565 
f 4512//4512 4500//4500 4494//4494 
f 4553//4553 4512//4512 4494//4494 
f 4486//4486 4491//4491 4553//4553 
f 4565//4565 4559//4559 4487//4487 
f 4483//4483 4572//4572 4552//4552 
f 4483//4483 4505//4505 4572//4572 
f 4426//4426 4572//4572 4505//4505 
f 4426//4426 4505//4505 4564//4564 
f 4362//4362 4426//4426 4564//4564 
f 4564//4564 4505//4505 4521//4521 
f 4564//4564 4521//4521 4508//4508 
f 4365//4365 4564//4564 4508//4508 
f 4365//4365 4508//4508 4510//4510 
f 4429//4429 4365//4365 4510//4510 
f 4510//4510 4508//4508 4507//4507 
f 4508//4508 4476//4476 4507//4507 
f 4505//4505 4491//4491 4521//4521 
f 4483//4483 4491//4491 4505//4505 
f 4508//4508 4521//4521 4476//4476 
f 4569//4569 4476//4476 4571//4571 
f 4569//4569 4382//4382 4476//4476 
f 4429//4429 4510//4510 4475//4475 
f 4592//4592 4382//4382 4472//4472 
f 4382//4382 4525//4525 4549//4549 
f 4569//4569 4377//4377 4382//4382 
f 4569//4569 4602//4602 4537//4537 
f 4461//4461 4602//4602 4569//4569 
f 4481//4481 4484//4484 4571//4571 
f 4461//4461 4500//4500 4538//4538 
f 4527//4527 4604//4604 4524//4524 
f 4459//4459 4578//4578 4524//4524 
f 4578//4578 4531//4531 4579//4579 
f 4576//4576 4430//4430 4600//4600 
f 4566//4566 4428//4428 4374//4374 
f 4566//4566 4435//4435 4376//4376 
f 4457//4457 4428//4428 4566//4566 
f 4457//4457 4409//4409 4432//4432 
f 4372//4372 4502//4502 4455//4455 
f 4460//4460 4386//4386 4406//4406 
f 4566//4566 4385//4385 4406//4406 
f 4384//4384 4371//4371 4403//4403 
f 4361//4361 4449//4449 4369//4369 
f 4368//4368 4401//4401 4528//4528 
f 4442//4442 4380//4380 4401//4401 
f 4367//4367 4526//4526 4442//4442 
f 4449//4449 4394//4394 4439//4439 
f 4357//4357 4394//4394 4449//4449 
f 4366//4366 4394//4394 4357//4357 
f 4364//4364 4365//4365 4429//4429 
f 4362//4362 4564//4564 4365//4365 
f 4422//4422 4572//4572 4426//4426 
f 4572//4572 4373//4373 4552//4552 
f 4381//4381 4550//4550 4552//4552 
f 4389//4389 4590//4590 4459//4459 
f 4402//4402 4445//4445 4389//4389 
f 4450//4450 4404//4404 4402//4402 
f 4393//4393 4381//4381 4360//4360 
f 4450//4450 4378//4378 4370//4370 
f 4415//4415 4404//4404 4370//4370 
f 4403//4403 4396//4396 4363//4363 
f 4361//4361 4369//4369 4363//4363 
f 4357//4357 4449//4449 4361//4361 
f 4366//4366 4357//4357 4375//4375 
f 4359//4359 4354//4354 4362//4362 
f 4354//4354 4358//4358 4422//4422 
f 4354//4354 4370//4370 4358//4358 
f 4396//4396 4415//4415 4354//4354 
f 4355//4355 4359//4359 4356//4356 
f 4606//4606 4664//4664 4726//4726 
f 4695//4695 4606//4606 4726//4726 
f 4610//4610 4637//4637 4607//4607 
f 4607//4607 4695//4695 4610//4610 
f 4695//4695 4733//4733 4606//4606 
f 4614//4614 4606//4606 4733//4733 
f 4607//4607 4637//4637 4611//4611 
f 4613//4613 4611//4611 4625//4625 
f 4625//4625 4671//4671 4613//4613 
f 4809//4809 4607//4607 4611//4611 
f 4809//4809 4655//4655 4641//4641 
f 4614//4614 4773//4773 4835//4835 
f 4835//4835 4709//4709 4614//4614 
f 4709//4709 4606//4606 4614//4614 
f 4772//4772 4664//4664 4835//4835 
f 4709//4709 4835//4835 4664//4664 
f 4637//4637 4681//4681 4608//4608 
f 4681//4681 4803//4803 4608//4608 
f 4608//4608 4803//4803 4714//4714 
f 4716//4716 4608//4608 4714//4714 
f 4710//4710 4608//4608 4716//4716 
f 4710//4710 4716//4716 4644//4644 
f 4637//4637 4675//4675 4720//4720 
f 4637//4637 4720//4720 4611//4611 
f 4625//4625 4611//4611 4720//4720 
f 4625//4625 4829//4829 4766//4766 
f 4766//4766 4855//4855 4671//4671 
f 4609//4609 4656//4656 4712//4712 
f 4609//4609 4712//4712 4671//4671 
f 4671//4671 4712//4712 4612//4612 
f 4718//4718 4671//4671 4612//4612 
f 4612//4612 4712//4712 4629//4629 
f 4613//4613 4619//4619 4655//4655 
f 4613//4613 4655//4655 4809//4809 
f 4623//4623 4658//4658 4655//4655 
f 4655//4655 4658//4658 4641//4641 
f 4615//4615 4639//4639 4687//4687 
f 4610//4610 4616//4616 4834//4834 
f 4834//4834 4637//4637 4610//4610 
f 4834//4834 4854//4854 4637//4637 
f 4854//4854 4681//4681 4637//4637 
f 4681//4681 4676//4676 4803//4803 
f 4773//4773 4772//4772 4835//4835 
f 4716//4716 4772//4772 4773//4773 
f 4772//4772 4716//4716 4714//4714 
f 4644//4644 4650//4650 4624//4624 
f 4644//4644 4624//4624 4634//4634 
f 4710//4710 4644//4644 4634//4634 
f 4770//4770 4620//4620 4634//4634 
f 4634//4634 4620//4620 4631//4631 
f 4631//4631 4710//4710 4634//4634 
f 4669//4669 4731//4731 4646//4646 
f 4853//4853 4632//4632 4722//4722 
f 4853//4853 4722//4722 4645//4645 
f 4645//4645 4777//4777 4853//4853 
f 4635//4635 4617//4617 4777//4777 
f 4617//4617 4675//4675 4637//4637 
f 4645//4645 4722//4722 4638//4638 
f 4645//4645 4638//4638 4829//4829 
f 4829//4829 4643//4643 4635//4635 
f 4643//4643 4829//4829 4625//4625 
f 4625//4625 4720//4720 4643//4643 
f 4829//4829 4622//4622 4642//4642 
f 4693//4693 4718//4718 4768//4768 
f 4693//4693 4619//4619 4718//4718 
f 4623//4623 4655//4655 4619//4619 
f 4663//4663 4658//4658 4618//4618 
f 4716//4716 4779//4779 4826//4826 
f 4735//4735 4630//4630 4631//4631 
f 4630//4630 4710//4710 4631//4631 
f 4646//4646 4731//4731 4854//4854 
f 4777//4777 4669//4669 4648//4648 
f 4853//4853 4648//4648 4682//4682 
f 4682//4682 4628//4628 4853//4853 
f 4621//4621 4638//4638 4722//4722 
f 4763//4763 4642//4642 4622//4622 
f 4763//4763 4622//4622 4621//4621 
f 4763//4763 4621//4621 4628//4628 
f 4628//4628 4659//4659 4763//4763 
f 4659//4659 4833//4833 4763//4763 
f 4763//4763 4833//4833 4764//4764 
f 4764//4764 4656//4656 4763//4763 
f 4763//4763 4656//4656 4609//4609 
f 4609//4609 4855//4855 4642//4642 
f 4656//4656 4764//4764 4712//4712 
f 4712//4712 4764//4764 4629//4629 
f 4791//4791 4693//4693 4768//4768 
f 4693//4693 4661//4661 4619//4619 
f 4619//4619 4661//4661 4623//4623 
f 4623//4623 4724//4724 4658//4658 
f 4618//4618 4658//4658 4755//4755 
f 4679//4679 4775//4775 4660//4660 
f 4660//4660 4627//4627 4679//4679 
f 4627//4627 4620//4620 4770//4770 
f 4627//4627 4670//4670 4620//4620 
f 4776//4776 4652//4652 4735//4735 
f 4735//4735 4652//4652 4630//4630 
f 4673//4673 4669//4669 4646//4646 
f 4669//4669 4673//4673 4730//4730 
f 4730//4730 4785//4785 4669//4669 
f 4785//4785 4819//4819 4648//4648 
f 4682//4682 4738//4738 4628//4628 
f 4628//4628 4621//4621 4632//4632 
f 4622//4622 4638//4638 4621//4621 
f 4764//4764 4760//4760 4629//4629 
f 4612//4612 4629//4629 4832//4832 
f 4768//4768 4612//4612 4832//4832 
f 4755//4755 4725//4725 4758//4758 
f 4662//4662 4650//4650 4826//4826 
f 4774//4774 4650//4650 4662//4662 
f 4771//4771 4774//4774 4662//4662 
f 4771//4771 4647//4647 4696//4696 
f 4696//4696 4774//4774 4771//4771 
f 4624//4624 4650//4650 4774//4774 
f 4696//4696 4647//4647 4679//4679 
f 4627//4627 4624//4624 4774//4774 
f 4729//4729 4679//4679 4728//4728 
f 4640//4640 4729//4729 4728//4728 
f 4640//4640 4728//4728 4654//4654 
f 4640//4640 4654//4654 4651//4651 
f 4640//4640 4651//4651 4649//4649 
f 4640//4640 4649//4649 4633//4633 
f 4640//4640 4633//4633 4807//4807 
f 4807//4807 4759//4759 4640//4640 
f 4759//4759 4729//4729 4640//4640 
f 4759//4759 4775//4775 4729//4729 
f 4807//4807 4775//4775 4759//4759 
f 4807//4807 4666//4666 4775//4775 
f 4660//4660 4775//4775 4666//4666 
f 4660//4660 4666//4666 4748//4748 
f 4748//4748 4736//4736 4660//4660 
f 4660//4660 4736//4736 4627//4627 
f 4736//4736 4670//4670 4627//4627 
f 4830//4830 4761//4761 4670//4670 
f 4735//4735 4761//4761 4776//4776 
f 4802//4802 4756//4756 4646//4646 
f 4657//4657 4756//4756 4802//4802 
f 4657//4657 4851//4851 4756//4756 
f 4652//4652 4653//4653 4630//4630 
f 4630//4630 4653//4653 4717//4717 
f 4630//4630 4717//4717 4684//4684 
f 4686//4686 4657//4657 4802//4802 
f 4657//4657 4783//4783 4851//4851 
f 4717//4717 4653//4653 4852//4852 
f 4717//4717 4852//4852 4691//4691 
f 4717//4717 4691//4691 4684//4684 
f 4626//4626 4684//4684 4681//4681 
f 4854//4854 4626//4626 4681//4681 
f 4686//4686 4854//4854 4834//4834 
f 4686//4686 4769//4769 4657//4657 
f 4783//4783 4852//4852 4851//4851 
f 4834//4834 4831//4831 4769//4769 
f 4834//4834 4769//4769 4686//4686 
f 4803//4803 4676//4676 4687//4687 
f 4639//4639 4714//4714 4803//4803 
f 4639//4639 4664//4664 4714//4714 
f 4615//4615 4687//4687 4787//4787 
f 4780//4780 4615//4615 4787//4787 
f 4668//4668 4843//4843 4783//4783 
f 4783//4783 4843//4843 4852//4852 
f 4852//4852 4843//4843 4691//4691 
f 4787//4787 4691//4691 4843//4843 
f 4691//4691 4687//4687 4676//4676 
f 4691//4691 4787//4787 4687//4687 
f 4684//4684 4691//4691 4676//4676 
f 4668//4668 4787//4787 4843//4843 
f 4780//4780 4787//4787 4668//4668 
f 4616//4616 4831//4831 4834//4834 
f 4616//4616 4780//4780 4831//4831 
f 4831//4831 4780//4780 4668//4668 
f 4616//4616 4615//4615 4780//4780 
f 4831//4831 4668//4668 4769//4769 
f 4769//4769 4668//4668 4783//4783 
f 4681//4681 4684//4684 4676//4676 
f 4851//4851 4852//4852 4653//4653 
f 4769//4769 4783//4783 4657//4657 
f 4684//4684 4626//4626 4630//4630 
f 4851//4851 4653//4653 4652//4652 
f 4854//4854 4686//4686 4802//4802 
f 4756//4756 4744//4744 4646//4646 
f 4744//4744 4673//4673 4646//4646 
f 4674//4674 4785//4785 4689//4689 
f 4689//4689 4785//4785 4730//4730 
f 4819//4819 4636//4636 4648//4648 
f 4833//4833 4760//4760 4764//4764 
f 4832//4832 4629//4629 4760//4760 
f 4791//4791 4678//4678 4693//4693 
f 4693//4693 4678//4678 4796//4796 
f 4693//4693 4725//4725 4661//4661 
f 4692//4692 4667//4667 4811//4811 
f 4667//4667 4779//4779 4811//4811 
f 4779//4779 4663//4663 4811//4811 
f 4662//4662 4826//4826 4779//4779 
f 4662//4662 4779//4779 4667//4667 
f 4732//4732 4662//4662 4667//4667 
f 4771//4771 4662//4662 4732//4732 
f 4732//4732 4778//4778 4771//4771 
f 4778//4778 4732//4732 4813//4813 
f 4651//4651 4778//4778 4813//4813 
f 4813//4813 4732//4732 4793//4793 
f 4813//4813 4793//4793 4737//4737 
f 4649//4649 4813//4813 4737//4737 
f 4737//4737 4793//4793 4666//4666 
f 4633//4633 4737//4737 4666//4666 
f 4793//4793 4748//4748 4666//4666 
f 4736//4736 4830//4830 4670//4670 
f 4672//4672 4747//4747 4748//4748 
f 4753//4753 4672//4672 4793//4793 
f 4746//4746 4753//4753 4793//4793 
f 4672//4672 4757//4757 4747//4747 
f 4757//4757 4699//4699 4747//4747 
f 4699//4699 4689//4689 4830//4830 
f 4830//4830 4689//4689 4761//4761 
f 4776//4776 4761//4761 4744//4744 
f 4744//4744 4761//4761 4673//4673 
f 4756//4756 4776//4776 4744//4744 
f 4689//4689 4673//4673 4761//4761 
f 4789//4789 4768//4768 4839//4839 
f 4791//4791 4768//4768 4789//4789 
f 4796//4796 4820//4820 4693//4693 
f 4820//4820 4725//4725 4693//4693 
f 4820//4820 4758//4758 4725//4725 
f 4820//4820 4827//4827 4758//4758 
f 4752//4752 4680//4680 4782//4782 
f 4680//4680 4840//4840 4782//4782 
f 4840//4840 4822//4822 4782//4782 
f 4782//4782 4822//4822 4821//4821 
f 4689//4689 4699//4699 4677//4677 
f 4674//4674 4689//4689 4677//4677 
f 4674//4674 4805//4805 4785//4785 
f 4849//4849 4636//4636 4819//4819 
f 4682//4682 4636//4636 4665//4665 
f 4665//4665 4795//4795 4682//4682 
f 4636//4636 4839//4839 4665//4665 
f 4636//4636 4683//4683 4839//4839 
f 4781//4781 4683//4683 4849//4849 
f 4781//4781 4685//4685 4683//4683 
f 4665//4665 4839//4839 4832//4832 
f 4824//4824 4678//4678 4789//4789 
f 4824//4824 4789//4789 4846//4846 
f 4824//4824 4841//4841 4786//4786 
f 4739//4739 4827//4827 4820//4820 
f 4814//4814 4844//4844 4801//4801 
f 4814//4814 4801//4801 4767//4767 
f 4680//4680 4814//4814 4767//4767 
f 4767//4767 4801//4801 4715//4715 
f 4767//4767 4715//4715 4823//4823 
f 4767//4767 4823//4823 4790//4790 
f 4840//4840 4767//4767 4790//4790 
f 4790//4790 4823//4823 4817//4817 
f 4790//4790 4817//4817 4690//4690 
f 4790//4790 4690//4690 4753//4753 
f 4822//4822 4790//4790 4753//4753 
f 4753//4753 4690//4690 4847//4847 
f 4753//4753 4847//4847 4723//4723 
f 4698//4698 4792//4792 4784//4784 
f 4698//4698 4784//4784 4757//4757 
f 4636//4636 4849//4849 4683//4683 
f 4697//4697 4781//4781 4849//4849 
f 4694//4694 4702//4702 4788//4788 
f 4788//4788 4685//4685 4694//4694 
f 4846//4846 4706//4706 4824//4824 
f 4739//4739 4806//4806 4827//4827 
f 4838//4838 4755//4755 4758//4758 
f 4838//4838 4758//4758 4848//4848 
f 4801//4801 4838//4838 4848//4848 
f 4848//4848 4758//4758 4827//4827 
f 4848//4848 4827//4827 4812//4812 
f 4715//4715 4848//4848 4812//4812 
f 4827//4827 4806//4806 4812//4812 
f 4812//4812 4806//4806 4727//4727 
f 4823//4823 4812//4812 4727//4727 
f 4806//4806 4816//4816 4727//4727 
f 4727//4727 4816//4816 4713//4713 
f 4727//4727 4713//4713 4742//4742 
f 4727//4727 4742//4742 4850//4850 
f 4817//4817 4727//4727 4850//4850 
f 4742//4742 4740//4740 4850//4850 
f 4850//4850 4740//4740 4794//4794 
f 4817//4817 4850//4850 4794//4794 
f 4794//4794 4740//4740 4700//4700 
f 4794//4794 4700//4700 4698//4698 
f 4690//4690 4794//4794 4698//4698 
f 4700//4700 4792//4792 4698//4698 
f 4674//4674 4704//4704 4805//4805 
f 4819//4819 4805//4805 4697//4697 
f 4805//4805 4704//4704 4808//4808 
f 4805//4805 4808//4808 4697//4697 
f 4704//4704 4792//4792 4808//4808 
f 4808//4808 4792//4792 4734//4734 
f 4700//4700 4810//4810 4734//4734 
f 4808//4808 4734//4734 4705//4705 
f 4705//4705 4762//4762 4808//4808 
f 4808//4808 4762//4762 4697//4697 
f 4818//4818 4708//4708 4828//4828 
f 4828//4828 4781//4781 4818//4818 
f 4828//4828 4702//4702 4694//4694 
f 4694//4694 4685//4685 4828//4828 
f 4788//4788 4703//4703 4706//4706 
f 4741//4741 4796//4796 4786//4786 
f 4754//4754 4741//4741 4707//4707 
f 4739//4739 4754//4754 4797//4797 
f 4688//4688 4816//4816 4739//4739 
f 4739//4739 4797//4797 4688//4688 
f 4688//4688 4797//4797 4749//4749 
f 4740//4740 4810//4810 4700//4700 
f 4792//4792 4700//4700 4734//4734 
f 4705//4705 4734//4734 4810//4810 
f 4697//4697 4818//4818 4781//4781 
f 4708//4708 4798//4798 4828//4828 
f 4828//4828 4798//4798 4702//4702 
f 4702//4702 4743//4743 4703//4703 
f 4703//4703 4743//4743 4799//4799 
f 4706//4706 4799//4799 4841//4841 
f 4841//4841 4799//4799 4711//4711 
f 4841//4841 4711//4711 4741//4741 
f 4688//4688 4749//4749 4719//4719 
f 4719//4719 4713//4713 4688//4688 
f 4688//4688 4713//4713 4816//4816 
f 4705//4705 4842//4842 4762//4762 
f 4745//4745 4750//4750 4708//4708 
f 4708//4708 4750//4750 4825//4825 
f 4708//4708 4825//4825 4798//4798 
f 4798//4798 4825//4825 4765//4765 
f 4702//4702 4765//4765 4743//4743 
f 4743//4743 4721//4721 4799//4799 
f 4799//4799 4721//4721 4707//4707 
f 4815//4815 4749//4749 4797//4797 
f 4719//4719 4749//4749 4845//4845 
f 4719//4719 4742//4742 4713//4713 
f 4845//4845 4836//4836 4719//4719 
f 4836//4836 4742//4742 4719//4719 
f 4836//4836 4740//4740 4742//4742 
f 4705//4705 4740//4740 4836//4836 
f 4836//4836 4837//4837 4705//4705 
f 4837//4837 4842//4842 4705//4705 
f 4750//4750 4804//4804 4825//4825 
f 4825//4825 4804//4804 4765//4765 
f 4765//4765 4804//4804 4743//4743 
f 4743//4743 4804//4804 4721//4721 
f 4815//4815 4721//4721 4800//4800 
f 4837//4837 4845//4845 4751//4751 
f 4751//4751 4804//4804 4837//4837 
f 4800//4800 4804//4804 4751//4751 
f 4800//4800 4749//4749 4815//4815 
f 4800//4800 4845//4845 4749//4749 
f 4751//4751 4845//4845 4800//4800 
f 4800//4800 4721//4721 4804//4804 
f 4837//4837 4750//4750 4842//4842 
f 4804//4804 4750//4750 4837//4837 
f 4836//4836 4845//4845 4837//4837 
f 4762//4762 4842//4842 4750//4750 
f 4815//4815 4707//4707 4721//4721 
f 4745//4745 4762//4762 4750//4750 
f 4705//4705 4810//4810 4740//4740 
f 4707//4707 4797//4797 4754//4754 
f 4797//4797 4707//4707 4815//4815 
f 4799//4799 4707//4707 4711//4711 
f 4798//4798 4765//4765 4702//4702 
f 4818//4818 4745//4745 4708//4708 
f 4697//4697 4745//4745 4818//4818 
f 4745//4745 4697//4697 4762//4762 
f 4711//4711 4707//4707 4741//4741 
f 4703//4703 4799//4799 4706//4706 
f 4828//4828 4685//4685 4781//4781 
f 4704//4704 4784//4784 4792//4792 
f 4819//4819 4697//4697 4849//4849 
f 4677//4677 4704//4704 4674//4674 
f 4677//4677 4784//4784 4704//4704 
f 4739//4739 4816//4816 4806//4806 
f 4741//4741 4754//4754 4796//4796 
f 4841//4841 4741//4741 4786//4786 
f 4788//4788 4706//4706 4846//4846 
f 4685//4685 4788//4788 4846//4846 
f 4702//4702 4703//4703 4788//4788 
f 4847//4847 4698//4698 4723//4723 
f 4690//4690 4698//4698 4847//4847 
f 4817//4817 4794//4794 4690//4690 
f 4823//4823 4727//4727 4817//4817 
f 4715//4715 4812//4812 4823//4823 
f 4801//4801 4848//4848 4715//4715 
f 4844//4844 4838//4838 4801//4801 
f 4701//4701 4755//4755 4838//4838 
f 4701//4701 4618//4618 4755//4755 
f 4820//4820 4754//4754 4739//4739 
f 4820//4820 4796//4796 4754//4754 
f 4786//4786 4796//4796 4678//4678 
f 4786//4786 4678//4678 4824//4824 
f 4824//4824 4706//4706 4841//4841 
f 4685//4685 4846//4846 4789//4789 
f 4839//4839 4683//4683 4685//4685 
f 4805//4805 4819//4819 4785//4785 
f 4677//4677 4699//4699 4784//4784 
f 4723//4723 4698//4698 4757//4757 
f 4822//4822 4753//4753 4821//4821 
f 4840//4840 4790//4790 4822//4822 
f 4680//4680 4767//4767 4840//4840 
f 4752//4752 4814//4814 4680//4680 
f 4844//4844 4701//4701 4838//4838 
f 4692//4692 4701//4701 4844//4844 
f 4811//4811 4618//4618 4701//4701 
f 4791//4791 4789//4789 4678//4678 
f 4789//4789 4839//4839 4685//4685 
f 4768//4768 4832//4832 4839//4839 
f 4832//4832 4760//4760 4833//4833 
f 4832//4832 4833//4833 4665//4665 
f 4665//4665 4833//4833 4795//4795 
f 4682//4682 4795//4795 4738//4738 
f 4757//4757 4784//4784 4699//4699 
f 4723//4723 4757//4757 4672//4672 
f 4753//4753 4723//4723 4672//4672 
f 4821//4821 4753//4753 4746//4746 
f 4821//4821 4746//4746 4782//4782 
f 4746//4746 4752//4752 4782//4782 
f 4752//4752 4793//4793 4814//4814 
f 4746//4746 4793//4793 4752//4752 
f 4747//4747 4699//4699 4830//4830 
f 4736//4736 4747//4747 4830//4830 
f 4748//4748 4747//4747 4736//4736 
f 4793//4793 4672//4672 4748//4748 
f 4793//4793 4732//4732 4692//4692 
f 4732//4732 4667//4667 4692//4692 
f 4793//4793 4692//4692 4814//4814 
f 4814//4814 4692//4692 4844//4844 
f 4692//4692 4811//4811 4701//4701 
f 4811//4811 4663//4663 4618//4618 
f 4738//4738 4795//4795 4659//4659 
f 4851//4851 4652//4652 4756//4756 
f 4756//4756 4652//4652 4776//4776 
f 4633//4633 4666//4666 4807//4807 
f 4649//4649 4737//4737 4633//4633 
f 4651//4651 4813//4813 4649//4649 
f 4654//4654 4778//4778 4651//4651 
f 4654//4654 4647//4647 4778//4778 
f 4728//4728 4647//4647 4654//4654 
f 4728//4728 4679//4679 4647//4647 
f 4679//4679 4774//4774 4696//4696 
f 4771//4771 4778//4778 4647//4647 
f 4755//4755 4724//4724 4725//4725 
f 4725//4725 4724//4724 4661//4661 
f 4661//4661 4724//4724 4623//4623 
f 4659//4659 4795//4795 4833//4833 
f 4682//4682 4648//4648 4636//4636 
f 4689//4689 4730//4730 4673//4673 
f 4854//4854 4802//4802 4646//4646 
f 4729//4729 4775//4775 4679//4679 
f 4679//4679 4627//4627 4774//4774 
f 4627//4627 4770//4770 4624//4624 
f 4658//4658 4724//4724 4755//4755 
f 4829//4829 4638//4638 4622//4622 
f 4628//4628 4738//4738 4659//4659 
f 4609//4609 4642//4642 4763//4763 
f 4632//4632 4621//4621 4722//4722 
f 4669//4669 4785//4785 4648//4648 
f 4731//4731 4626//4626 4854//4854 
f 4731//4731 4710//4710 4626//4626 
f 4626//4626 4710//4710 4630//4630 
f 4735//4735 4631//4631 4761//4761 
f 4670//4670 4761//4761 4631//4631 
f 4624//4624 4770//4770 4634//4634 
f 4718//4718 4612//4612 4768//4768 
f 4766//4766 4642//4642 4855//4855 
f 4829//4829 4635//4635 4645//4645 
f 4643//4643 4675//4675 4635//4635 
f 4635//4635 4675//4675 4617//4617 
f 4637//4637 4669//4669 4617//4617 
f 4731//4731 4669//4669 4637//4637 
f 4637//4637 4710//4710 4731//4731 
f 4645//4645 4635//4635 4777//4777 
f 4853//4853 4628//4628 4632//4632 
f 4853//4853 4777//4777 4648//4648 
f 4617//4617 4669//4669 4777//4777 
f 4631//4631 4620//4620 4670//4670 
f 4773//4773 4779//4779 4716//4716 
f 4779//4779 4773//4773 4663//4663 
f 4726//4726 4639//4639 4615//4615 
f 4726//4726 4615//4615 4616//4616 
f 4687//4687 4639//4639 4803//4803 
f 4772//4772 4714//4714 4664//4664 
f 4663//4663 4641//4641 4658//4658 
f 4613//4613 4718//4718 4619//4619 
f 4613//4613 4671//4671 4718//4718 
f 4671//4671 4855//4855 4609//4609 
f 4829//4829 4642//4642 4766//4766 
f 4643//4643 4720//4720 4675//4675 
f 4716//4716 4650//4650 4644//4644 
f 4637//4637 4608//4608 4710//4710 
f 4716//4716 4826//4826 4650//4650 
f 4610//4610 4726//4726 4616//4616 
f 4614//4614 4809//4809 4773//4773 
f 4773//4773 4809//4809 4641//4641 
f 4733//4733 4809//4809 4614//4614 
f 4663//4663 4773//4773 4641//4641 
f 4611//4611 4613//4613 4809//4809 
f 4625//4625 4766//4766 4671//4671 
f 4809//4809 4733//4733 4607//4607 
f 4607//4607 4733//4733 4695//4695 
f 4695//4695 4726//4726 4610//4610 
f 4726//4726 4664//4664 4639//4639 
f 4664//4664 4606//4606 4709//4709 
f 4945//4945 4872//4872 4856//4856 
f 4857//4857 4945//4945 4856//4856 
f 4857//4857 4856//4856 4861//4861 
f 4861//4861 4865//4865 4879//4879 
f 4879//4879 4857//4857 4861//4861 
f 4857//4857 4860//4860 4945//4945 
f 4923//4923 4945//4945 4860//4860 
f 5086//5086 4923//4923 4860//4860 
f 4865//4865 4959//4959 4879//4879 
f 4879//4879 4959//4959 4880//4880 
f 4960//4960 4880//4880 4858//4858 
f 4858//4858 5078//5078 4960//4960 
f 4960//4960 5078//5078 4871//4871 
f 5063//5063 5086//5086 4880//4880 
f 5063//5063 4881//4881 4882//4882 
f 4923//4923 5083//5083 4859//4859 
f 4859//4859 4896//4896 4923//4923 
f 4896//4896 4945//4945 4923//4923 
f 4896//4896 4859//4859 4872//4872 
f 4861//4861 4856//4856 5092//5092 
f 4865//4865 5076//5076 5089//5089 
f 4982//4982 5089//5089 4903//4903 
f 4982//4982 4913//4913 5089//5089 
f 4959//4959 5089//5089 4913//4913 
f 4982//4982 4890//4890 4913//4913 
f 4913//4913 4890//4890 4892//4892 
f 4959//4959 4913//4913 4909//4909 
f 4909//4909 4932//4932 4959//4959 
f 4959//4959 4932//4932 4962//4962 
f 4959//4959 4962//4962 4880//4880 
f 5078//5078 4862//4862 4970//4970 
f 4871//4871 4863//4863 4888//4888 
f 4911//4911 4964//4964 4871//4871 
f 4871//4871 4888//4888 4911//4911 
f 4910//4910 4964//4964 4898//4898 
f 4960//4960 4910//4910 4881//4881 
f 4960//4960 4881//4881 5063//5063 
f 5026//5026 4872//4872 4859//4859 
f 4864//4864 4908//4908 4966//4966 
f 4856//4856 4866//4866 5092//5092 
f 5092//5092 4865//4865 4861//4861 
f 5076//5076 4908//4908 4903//4903 
f 5083//5083 5026//5026 4859//4859 
f 4982//4982 5026//5026 5083//5083 
f 5026//5026 4982//4982 4903//4903 
f 4982//4982 4928//4928 5029//5029 
f 5029//5029 4867//4867 4890//4890 
f 4890//4890 4867//4867 5081//5081 
f 5090//5090 4913//4913 4892//4892 
f 4892//4892 5064//5064 5090//5090 
f 5064//5064 4870//4870 5090//5090 
f 5090//5090 4870//4870 4886//4886 
f 4886//4886 4913//4913 5090//5090 
f 4954//4954 4909//4909 5084//5084 
f 4905//4905 4954//4954 4899//4899 
f 4968//4968 4905//4905 4899//4899 
f 4968//4968 4873//4873 5031//5031 
f 5031//5031 4905//4905 4968//4968 
f 4909//4909 4891//4891 4932//4932 
f 4869//4869 4932//4932 4891//4891 
f 4869//4869 4891//4891 4905//4905 
f 4868//4868 4869//4869 4905//4905 
f 4868//4868 4905//4905 5031//5031 
f 5031//5031 4972//4972 4868//4868 
f 4868//4868 4972//4972 4878//4878 
f 4869//4869 4868//4868 4858//4858 
f 4858//4858 4962//4962 4869//4869 
f 4858//4858 4868//4868 5078//5078 
f 4868//4868 4862//4862 5078//5078 
f 4970//4970 4912//4912 4863//4863 
f 5088//5088 4898//4898 4964//4964 
f 4910//4910 4898//4898 4936//4936 
f 4876//4876 4882//4882 4936//4936 
f 4936//4936 4882//4882 4881//4881 
f 5028//5028 4882//4882 5020//5020 
f 4883//4883 4913//4913 4886//4886 
f 5033//5033 5042//5042 4924//4924 
f 5033//5033 4924//4924 4968//4968 
f 5031//5031 4873//4873 4972//4972 
f 4873//4873 5043//5043 4972//4972 
f 4921//4921 4970//4970 4874//4874 
f 4921//4921 4874//4874 5043//5043 
f 4921//4921 5043//5043 4873//4873 
f 4921//4921 4873//4873 4924//4924 
f 4974//4974 4924//4924 5042//5042 
f 4921//4921 4974//4974 4875//4875 
f 4875//4875 4912//4912 4921//4921 
f 4912//4912 4970//4970 4921//4921 
f 4970//4970 4862//4862 4874//4874 
f 4912//4912 4875//4875 4888//4888 
f 4875//4875 4991//4991 4888//4888 
f 4911//4911 4888//4888 4991//4991 
f 4911//4911 4976//4976 4964//4964 
f 5088//5088 4964//4964 4976//4976 
f 5020//5020 4876//4876 5017//5017 
f 5017//5017 4876//4876 4935//4935 
f 4877//4877 5035//5035 4915//4915 
f 4915//4915 4884//4884 4940//4940 
f 4884//4884 4870//4870 4940//4940 
f 4940//4940 4870//4870 5064//5064 
f 4915//4915 4885//4885 4914//4914 
f 4914//4914 4884//4884 4915//4915 
f 4900//4900 4886//4886 5036//5036 
f 4886//4886 4930//4930 4942//4942 
f 4942//4942 4973//4973 4883//4883 
f 4973//4973 5030//5030 4883//4883 
f 4909//4909 4933//4933 5075//5075 
f 5075//5075 5084//5084 4909//4909 
f 5087//5087 4954//4954 5084//5084 
f 4954//4954 5087//5087 4934//4934 
f 4899//4899 4934//4934 5059//5059 
f 5043//5043 4878//4878 4972//4972 
f 4874//4874 4878//4878 5043//5043 
f 5088//5088 4976//4976 4948//4948 
f 5088//5088 5022//5022 4898//4898 
f 5017//5017 4935//4935 4929//4929 
f 4887//4887 5029//5029 4928//4928 
f 4889//4889 4981//4981 4887//4887 
f 4981//4981 5029//5029 4887//4887 
f 4889//4889 5105//5105 4877//4877 
f 4877//4877 4981//4981 4889//4889 
f 4981//4981 5081//5081 4867//4867 
f 5062//5062 5105//5105 4894//4894 
f 5082//5082 5062//5062 4894//4894 
f 5082//5082 4894//4894 4902//4902 
f 5082//5082 4902//4902 4893//4893 
f 5082//5082 4893//4893 4895//4895 
f 5082//5082 4895//4895 4984//4984 
f 5082//5082 4984//4984 4953//4953 
f 4953//4953 5062//5062 5082//5082 
f 5062//5062 5035//5035 5105//5105 
f 5062//5062 4885//4885 5035//5035 
f 4953//4953 4885//4885 5062//5062 
f 4914//4914 4916//4916 4884//4884 
f 4916//4916 4900//4900 4884//4884 
f 4900//4900 4930//4930 4886//4886 
f 4906//4906 5103//5103 5084//5084 
f 5103//5103 5104//5104 4897//4897 
f 4973//4973 5018//5018 5030//5030 
f 5030//5030 5101//5101 4883//4883 
f 4933//4933 4883//4883 5101//5101 
f 4933//4933 5101//5101 5076//5076 
f 5075//5075 4933//4933 5076//5076 
f 4931//4931 5104//5104 5103//5103 
f 5030//5030 5018//5018 5101//5101 
f 5058//5058 5101//5101 5018//5018 
f 4906//4906 5075//5075 5092//5092 
f 5092//5092 5102//5102 4906//4906 
f 5102//5102 4931//4931 4906//4906 
f 4906//4906 4931//4931 5103//5103 
f 4931//4931 5018//5018 5104//5104 
f 4931//4931 4901//4901 5018//5018 
f 5102//5102 5065//5065 4931//4931 
f 5026//5026 4903//4903 4872//4872 
f 4864//4864 4872//4872 4903//4903 
f 4908//4908 4864//4864 4903//4903 
f 5092//5092 4866//4866 4904//4904 
f 5092//5092 4904//4904 5102//5102 
f 5065//5065 4901//4901 4931//4931 
f 4989//4989 5058//5058 4901//4901 
f 4988//4988 5058//5058 4989//4989 
f 4989//4989 4908//4908 4988//4988 
f 5076//5076 5101//5101 4988//4988 
f 4988//4988 5101//5101 5058//5058 
f 4904//4904 4966//4966 4989//4989 
f 4866//4866 4966//4966 4904//4904 
f 5065//5065 4989//4989 4901//4901 
f 4904//4904 4989//4989 5065//5065 
f 4856//4856 4966//4966 4866//4866 
f 4989//4989 4966//4966 4908//4908 
f 5075//5075 5076//5076 4865//4865 
f 4904//4904 5065//5065 5102//5102 
f 5092//5092 5075//5075 4865//4865 
f 5058//5058 5018//5018 4901//4901 
f 5104//5104 5018//5018 4973//4973 
f 4897//4897 4919//4919 5084//5084 
f 4919//4919 5087//5087 5084//5084 
f 5066//5066 4987//4987 4934//4934 
f 5059//5059 4958//4958 4899//4899 
f 5033//5033 4926//4926 5042//5042 
f 4926//4926 4992//4992 4974//4974 
f 4992//4992 5012//5012 4974//4974 
f 5012//5012 4991//4991 4875//4875 
f 4911//4911 4991//4991 5093//5093 
f 4976//4976 4911//4911 5093//5093 
f 5088//5088 4948//4948 4920//4920 
f 5022//5022 4907//4907 4898//4898 
f 5088//5088 5005//5005 5022//5022 
f 4994//4994 5028//5028 4990//4990 
f 4943//4943 4994//4994 4990//4990 
f 4943//4943 5014//5014 4994//4994 
f 5014//5014 4928//4928 4994//4994 
f 4928//4928 5028//5028 4994//4994 
f 4887//4887 4928//4928 5014//5014 
f 5006//5006 4887//4887 5014//5014 
f 4889//4889 4887//4887 5006//5006 
f 5006//5006 5085//5085 4889//4889 
f 4944//4944 5085//5085 5006//5006 
f 4944//4944 5006//5006 4999//4999 
f 4944//4944 4999//4999 5000//5000 
f 4944//4944 5000//5000 4918//4918 
f 4893//4893 4944//4944 4918//4918 
f 4998//4998 4918//4918 5000//5000 
f 5000//5000 4917//4917 4998//4998 
f 4914//4914 4998//4998 4917//4917 
f 4917//4917 4916//4916 4914//4914 
f 5001//5001 4965//4965 4900//4900 
f 4946//4946 5001//5001 4917//4917 
f 5001//5001 4995//4995 4965//4965 
f 4965//4965 5066//5066 4930//4930 
f 4942//4942 4930//4930 4919//4919 
f 4919//4919 4930//4930 5087//5087 
f 4919//4919 4973//4973 4942//4942 
f 4897//4897 4973//4973 4919//4919 
f 4930//4930 5066//5066 5087//5087 
f 5059//5059 4980//4980 4958//4958 
f 5033//5033 4958//4958 4957//4957 
f 4957//4957 4926//4926 5033//5033 
f 4996//4996 4920//4920 4948//4948 
f 4976//4976 5093//5093 4997//4997 
f 4948//4948 4976//4976 4997//4997 
f 4993//4993 5013//5013 5022//5022 
f 5013//5013 5010//5010 4922//4922 
f 4925//4925 5010//5010 5013//5013 
f 5013//5013 4993//4993 4925//4925 
f 4929//4929 5020//5020 5017//5017 
f 5051//5051 5091//5091 4927//4927 
f 4927//4927 5025//5025 5051//5051 
f 5051//5051 5025//5025 5021//5021 
f 5051//5051 5021//5021 5080//5080 
f 5021//5021 5074//5074 5080//5080 
f 5080//5080 5074//5074 5000//5000 
f 5074//5074 5049//5049 5000//5000 
f 5049//5049 5009//5009 5001//5001 
f 5009//5009 4995//4995 5001//5001 
f 5098//5098 4958//4958 4980//4980 
f 4958//4958 4997//4997 4957//4957 
f 4958//4958 4937//4937 4997//4997 
f 4938//4938 4937//4937 5098//5098 
f 4997//4997 4938//4938 4996//4996 
f 4957//4957 4997//4997 5093//5093 
f 5005//5005 4920//4920 5045//5045 
f 5045//5045 4947//4947 5005//5005 
f 5005//5005 4947//4947 5094//5094 
f 5037//5037 4955//4955 5023//5023 
f 4999//4999 4955//4955 5037//5037 
f 5037//5037 5023//5023 5016//5016 
f 5037//5037 5016//5016 5024//5024 
f 4927//4927 5037//5037 5024//5024 
f 5024//5024 5016//5016 4941//4941 
f 5024//5024 4941//4941 5097//5097 
f 5025//5025 5024//5024 5097//5097 
f 5097//5097 4941//4941 5027//5027 
f 5097//5097 5027//5027 5041//5041 
f 5097//5097 5041//5041 5096//5096 
f 5097//5097 5096//5096 5074//5074 
f 5021//5021 5097//5097 5074//5074 
f 5074//5074 5096//5096 5099//5099 
f 5074//5074 5099//5099 5049//5049 
f 5099//5099 5009//5009 5049//5049 
f 5099//5099 5067//5067 5009//5009 
f 5067//5067 5046//5046 5009//5009 
f 5059//5059 4987//4987 5040//5040 
f 4958//4958 5098//5098 4937//4937 
f 5019//5019 4996//4996 5069//5069 
f 5100//5100 5019//5019 5069//5069 
f 5045//5045 5019//5019 5100//5100 
f 4986//4986 4993//4993 5094//5094 
f 5094//5094 5022//5022 5005//5005 
f 4993//4993 5022//5022 5094//5094 
f 4925//4925 4949//4949 5060//5060 
f 5060//5060 4950//4950 4925//4925 
f 4925//4925 4950//4950 5010//5010 
f 4939//4939 4929//4929 4922//4922 
f 4939//4939 4922//4922 4952//4952 
f 5023//5023 4939//4939 4952//4952 
f 4952//4952 4922//4922 5010//5010 
f 5010//5010 4950//4950 4952//4952 
f 4952//4952 4950//4950 5044//5044 
f 5016//5016 4952//4952 5044//5044 
f 5044//5044 4950//4950 4961//4961 
f 5044//5044 4961//4961 4983//4983 
f 4941//4941 5044//5044 4983//4983 
f 4983//4983 4961//4961 4971//4971 
f 4983//4983 4971//4971 5070//5070 
f 4983//4983 5070//5070 5073//5073 
f 5027//5027 4983//4983 5073//5073 
f 5073//5073 5070//5070 4951//4951 
f 5073//5073 4951//4951 5061//5061 
f 5041//5041 5073//5073 5061//5061 
f 5061//5061 4951//4951 5095//5095 
f 5061//5061 5095//5095 5067//5067 
f 5096//5096 5061//5061 5067//5067 
f 5067//5067 5095//5095 5048//5048 
f 5067//5067 5048//5048 5046//5046 
f 5002//5002 4995//4995 5046//5046 
f 4987//4987 5002//5002 5040//5040 
f 5040//5040 5011//5011 4980//4980 
f 4980//4980 5011//5011 5068//5068 
f 5040//5040 5002//5002 4956//4956 
f 5040//5040 4956//4956 5011//5011 
f 5002//5002 5046//5046 4956//4956 
f 4956//4956 5046//5046 5048//5048 
f 4956//4956 5048//5048 5047//5047 
f 5047//5047 5054//5054 4956//4956 
f 4956//4956 5054//5054 5011//5011 
f 5054//5054 5068//5068 5011//5011 
f 5069//5069 4938//4938 5034//5034 
f 5069//5069 4996//4996 4938//4938 
f 5069//5069 4967//4967 5100//5100 
f 5100//5100 5056//5056 4985//4985 
f 5045//5045 4985//4985 4947//4947 
f 4986//4986 5004//5004 4993//4993 
f 4949//4949 5004//5004 5053//5053 
f 4949//4949 5053//5053 5050//5050 
f 5060//5060 4949//4949 5050//5050 
f 5060//5060 5050//5050 4975//4975 
f 5003//5003 4969//4969 4963//4963 
f 5003//5003 4963//4963 5034//5034 
f 5034//5034 4963//4963 4967//4967 
f 5056//5056 5052//5052 4985//4985 
f 4985//4985 5052//5052 4947//4947 
f 4947//4947 5052//5052 4986//4986 
f 5050//5050 5053//5053 5007//5007 
f 5077//5077 4971//4971 5060//5060 
f 5060//5060 4971//4971 4961//4961 
f 5038//5038 5054//5054 5047//5047 
f 4969//4969 5039//5039 5055//5055 
f 4963//4963 5055//5055 5072//5072 
f 4967//4967 5072//5072 5056//5056 
f 5056//5056 5053//5053 5052//5052 
f 5007//5007 4975//4975 5050//5050 
f 5077//5077 4975//4975 5057//5057 
f 5077//5077 5070//5070 4971//4971 
f 5057//5057 4977//4977 5077//5077 
f 4977//4977 5070//5070 5077//5077 
f 4977//4977 4951//4951 5070//5070 
f 5047//5047 4951//4951 4977//4977 
f 4977//4977 5038//5038 5047//5047 
f 4969//4969 5054//5054 5039//5039 
f 5039//5039 5079//5079 5055//5055 
f 5055//5055 5079//5079 5032//5032 
f 5039//5039 5054//5054 5038//5038 
f 5038//5038 5057//5057 5079//5079 
f 5079//5079 5057//5057 4979//4979 
f 4979//4979 5032//5032 5079//5079 
f 4979//4979 4978//4978 5032//5032 
f 5007//5007 4978//4978 4979//4979 
f 4979//4979 5057//5057 4975//4975 
f 5079//5079 5039//5039 5038//5038 
f 4977//4977 5057//5057 5038//5038 
f 4979//4979 4975//4975 5007//5007 
f 5072//5072 5032//5032 4978//4978 
f 5007//5007 5053//5053 4978//4978 
f 5056//5056 4978//4978 5053//5053 
f 5072//5072 4978//4978 5056//5056 
f 5055//5055 5032//5032 5072//5072 
f 5068//5068 4969//4969 5071//5071 
f 5047//5047 5095//5095 4951//4951 
f 5060//5060 4975//4975 5077//5077 
f 4963//4963 5072//5072 4967//4967 
f 4969//4969 5055//5055 4963//4963 
f 5068//5068 5054//5054 4969//4969 
f 5052//5052 5053//5053 5004//5004 
f 5052//5052 5004//5004 4986//4986 
f 5100//5100 4967//4967 5056//5056 
f 5034//5034 4967//4967 5069//5069 
f 5034//5034 4938//4938 5003//5003 
f 5071//5071 4969//4969 5003//5003 
f 5003//5003 5068//5068 5071//5071 
f 5047//5047 5048//5048 5095//5095 
f 5015//5015 5002//5002 4987//4987 
f 5015//5015 4995//4995 5002//5002 
f 5060//5060 4961//4961 4950//4950 
f 5004//5004 4949//4949 4993//4993 
f 5094//5094 4947//4947 4986//4986 
f 4996//4996 5019//5019 5045//5045 
f 5100//5100 4985//4985 5045//5045 
f 5003//5003 4938//4938 5068//5068 
f 4980//4980 5068//5068 5098//5098 
f 5040//5040 4980//4980 5059//5059 
f 5096//5096 5067//5067 5099//5099 
f 5041//5041 5061//5061 5096//5096 
f 5027//5027 5073//5073 5041//5041 
f 4941//4941 4983//4983 5027//5027 
f 5016//5016 5044//5044 4941//4941 
f 5023//5023 4952//4952 5016//5016 
f 4955//4955 4939//4939 5023//5023 
f 4955//4955 4990//4990 4939//4939 
f 4990//4990 4929//4929 4939//4939 
f 4990//4990 5020//5020 4929//4929 
f 4925//4925 4993//4993 4949//4949 
f 4996//4996 5045//5045 4920//4920 
f 4997//4997 4937//4937 4938//4938 
f 5068//5068 4938//4938 5098//5098 
f 5015//5015 4965//4965 4995//4995 
f 5009//5009 5046//5046 4995//4995 
f 5025//5025 5097//5097 5021//5021 
f 4927//4927 5024//5024 5025//5025 
f 5091//5091 5037//5037 4927//4927 
f 5091//5091 4999//4999 5037//5037 
f 4943//4943 4990//4990 4955//4955 
f 4990//4990 5028//5028 5020//5020 
f 5088//5088 4920//4920 5005//5005 
f 4948//4948 4997//4997 4996//4996 
f 5093//5093 5012//5012 4957//4957 
f 4957//4957 5012//5012 4992//4992 
f 4957//4957 4992//4992 4926//4926 
f 4987//4987 5066//5066 5015//5015 
f 4965//4965 5015//5015 5066//5066 
f 5049//5049 5001//5001 4946//4946 
f 5000//5000 5049//5049 4946//4946 
f 5051//5051 5080//5080 5008//5008 
f 5051//5051 5008//5008 5091//5091 
f 5008//5008 4999//4999 5091//5091 
f 5080//5080 5000//5000 5008//5008 
f 4916//4916 5001//5001 4900//4900 
f 4917//4917 5001//5001 4916//4916 
f 4914//4914 4885//4885 4998//4998 
f 4953//4953 4998//4998 4885//4885 
f 5000//5000 4946//4946 4917//4917 
f 4984//4984 4918//4918 4998//4998 
f 5008//5008 5000//5000 4999//4999 
f 4999//4999 5006//5006 4943//4943 
f 4893//4893 5085//5085 4944//4944 
f 5006//5006 5014//5014 4943//4943 
f 4999//4999 4943//4943 4955//4955 
f 5022//5022 5013//5013 4907//4907 
f 5013//5013 4935//4935 4907//4907 
f 5093//5093 4991//4991 5012//5012 
f 5103//5103 4897//4897 5084//5084 
f 5104//5104 4973//4973 4897//4897 
f 4930//4930 4900//4900 4965//4965 
f 4984//4984 4998//4998 4953//4953 
f 4895//4895 4918//4918 4984//4984 
f 4893//4893 4918//4918 4895//4895 
f 4902//4902 5085//5085 4893//4893 
f 4902//4902 5105//5105 5085//5085 
f 4894//4894 5105//5105 4902//4902 
f 4877//4877 4940//4940 4981//4981 
f 4940//4940 5064//5064 5081//5081 
f 4940//4940 5081//5081 4981//4981 
f 4889//4889 5085//5085 5105//5105 
f 4929//4929 5013//5013 4922//4922 
f 4929//4929 4935//4935 5013//5013 
f 4907//4907 4876//4876 4936//4936 
f 4898//4898 4907//4907 4936//4936 
f 4974//4974 5012//5012 4875//4875 
f 5042//5042 4926//4926 4974//4974 
f 5033//5033 4899//4899 4958//4958 
f 4934//4934 4987//4987 5059//5059 
f 5066//5066 4934//4934 5087//5087 
f 5075//5075 4906//4906 5084//5084 
f 4883//4883 4886//4886 4942//4942 
f 4884//4884 4900//4900 5036//5036 
f 4915//4915 5035//5035 4885//4885 
f 4884//4884 5036//5036 4870//4870 
f 4877//4877 5105//5105 5035//5035 
f 4915//4915 4940//4940 4877//4877 
f 4981//4981 4867//4867 5029//5029 
f 4935//4935 4876//4876 4907//4907 
f 4868//4868 4878//4878 4862//4862 
f 4924//4924 4974//4974 4921//4921 
f 4862//4862 4878//4878 4874//4874 
f 4968//4968 4899//4899 5033//5033 
f 4954//4954 4934//4934 4899//4899 
f 4909//4909 4913//4913 4933//4933 
f 4933//4933 4913//4913 4883//4883 
f 5020//5020 4882//4882 4876//4876 
f 4936//4936 4881//4881 4910//4910 
f 4912//4912 4888//4888 4863//4863 
f 4909//4909 4954//4954 4891//4891 
f 4968//4968 4924//4924 4873//4873 
f 4891//4891 4954//4954 4905//4905 
f 4886//4886 4870//4870 5036//5036 
f 5081//5081 5064//5064 4892//4892 
f 5083//5083 4928//4928 4982//4982 
f 4928//4928 5083//5083 5028//5028 
f 5076//5076 4988//4988 4908//4908 
f 4856//4856 4864//4864 4966//4966 
f 4960//4960 4964//4964 4910//4910 
f 4960//4960 4871//4871 4964//4964 
f 4871//4871 4970//4970 4863//4863 
f 4869//4869 4962//4962 4932//4932 
f 4890//4890 5081//5081 4892//4892 
f 4982//4982 5029//5029 4890//4890 
f 5076//5076 4903//4903 5089//5089 
f 4923//4923 5063//5063 5083//5083 
f 5083//5083 5063//5063 4882//4882 
f 5086//5086 5063//5063 4923//4923 
f 5028//5028 5083//5083 4882//4882 
f 4880//4880 4960//4960 5063//5063 
f 5078//5078 4970//4970 4871//4871 
f 4858//4858 4880//4880 4962//4962 
f 4865//4865 5089//5089 4959//4959 
f 4879//4879 4880//4880 5086//5086 
f 4879//4879 5086//5086 4857//4857 
f 5086//5086 4860//4860 4857//4857 
f 4856//4856 4872//4872 4864//4864 
f 4872//4872 4945//4945 4896//4896 
f 5111//5111 5345//5345 5107//5107 
f 5111//5111 5107//5107 5127//5127 
f 5108//5108 5111//5111 5127//5127 
f 5108//5108 5127//5127 5106//5106 
f 5106//5106 5254//5254 5108//5108 
f 5254//5254 5174//5174 5108//5108 
f 5108//5108 5174//5174 5133//5133 
f 5133//5133 5159//5159 5108//5108 
f 5159//5159 5123//5123 5345//5345 
f 5159//5159 5345//5345 5111//5111 
f 5123//5123 5115//5115 5345//5345 
f 5115//5115 5122//5122 5109//5109 
f 5109//5109 5122//5122 5154//5154 
f 5110//5110 5154//5154 5122//5122 
f 5250//5250 5110//5110 5207//5207 
f 5207//5207 5125//5125 5250//5250 
f 5250//5250 5125//5125 5112//5112 
f 5250//5250 5112//5112 5278//5278 
f 5250//5250 5278//5278 5144//5144 
f 5144//5144 5114//5114 5146//5146 
f 5114//5114 5178//5178 5146//5146 
f 5146//5146 5178//5178 5116//5116 
f 5146//5146 5116//5116 5250//5250 
f 5250//5250 5116//5116 5110//5110 
f 5116//5116 5244//5244 5110//5110 
f 5110//5110 5244//5244 5154//5154 
f 5109//5109 5154//5154 5132//5132 
f 5132//5132 5154//5154 5321//5321 
f 5107//5107 5132//5132 5117//5117 
f 5118//5118 5106//5106 5127//5127 
f 5127//5127 5145//5145 5118//5118 
f 5118//5118 5145//5145 5181//5181 
f 5118//5118 5181//5181 5252//5252 
f 5118//5118 5252//5252 5106//5106 
f 5106//5106 5252//5252 5119//5119 
f 5119//5119 5191//5191 5106//5106 
f 5120//5120 5191//5191 5119//5119 
f 5148//5148 5120//5120 5119//5119 
f 5119//5119 5201//5201 5148//5148 
f 5148//5148 5201//5201 5163//5163 
f 5148//5148 5163//5163 5275//5275 
f 5275//5275 5347//5347 5148//5148 
f 5121//5121 5347//5347 5275//5275 
f 5133//5133 5121//5121 5275//5275 
f 5275//5275 5128//5128 5133//5133 
f 5133//5133 5128//5128 5202//5202 
f 5133//5133 5202//5202 5159//5159 
f 5202//5202 5123//5123 5159//5159 
f 5207//5207 5115//5115 5334//5334 
f 5122//5122 5207//5207 5110//5110 
f 5334//5334 5124//5124 5125//5125 
f 5160//5160 5124//5124 5334//5334 
f 5215//5215 5160//5160 5334//5334 
f 5215//5215 5173//5173 5160//5160 
f 5251//5251 5160//5160 5173//5173 
f 5251//5251 5209//5209 5161//5161 
f 5161//5161 5209//5209 5344//5344 
f 5134//5134 5161//5161 5344//5344 
f 5126//5126 5195//5195 5211//5211 
f 5161//5161 5126//5126 5211//5211 
f 5251//5251 5161//5161 5211//5211 
f 5213//5213 5292//5292 5124//5124 
f 5124//5124 5292//5292 5129//5129 
f 5124//5124 5129//5129 5130//5130 
f 5125//5125 5124//5124 5130//5130 
f 5130//5130 5129//5129 5282//5282 
f 5130//5130 5282//5282 5196//5196 
f 5196//5196 5278//5278 5130//5130 
f 5196//5196 5282//5282 5283//5283 
f 5196//5196 5283//5283 5131//5131 
f 5131//5131 5278//5278 5196//5196 
f 5131//5131 5346//5346 5278//5278 
f 5278//5278 5346//5346 5144//5144 
f 5144//5144 5346//5346 5317//5317 
f 5317//5317 5346//5346 5290//5290 
f 5317//5317 5290//5290 5113//5113 
f 5172//5172 5113//5113 5135//5135 
f 5136//5136 5172//5172 5135//5135 
f 5324//5324 5136//5136 5135//5135 
f 5137//5137 5324//5324 5198//5198 
f 5198//5198 5280//5280 5137//5137 
f 5137//5137 5280//5280 5212//5212 
f 5228//5228 5231//5231 5210//5210 
f 5228//5228 5210//5210 5201//5201 
f 5210//5210 5227//5227 5139//5139 
f 5210//5210 5139//5139 5288//5288 
f 5201//5201 5210//5210 5288//5288 
f 5288//5288 5139//5139 5284//5284 
f 5288//5288 5284//5284 5354//5354 
f 5288//5288 5354//5354 5140//5140 
f 5163//5163 5288//5288 5140//5140 
f 5163//5163 5140//5140 5141//5141 
f 5275//5275 5141//5141 5348//5348 
f 5348//5348 5171//5171 5128//5128 
f 5128//5128 5171//5171 5215//5215 
f 5171//5171 5173//5173 5215//5215 
f 5171//5171 5142//5142 5173//5173 
f 5142//5142 5209//5209 5173//5173 
f 5142//5142 5176//5176 5209//5209 
f 5349//5349 5344//5344 5176//5176 
f 5261//5261 5344//5344 5349//5349 
f 5354//5354 5349//5349 5142//5142 
f 5140//5140 5354//5354 5142//5142 
f 5261//5261 5349//5349 5238//5238 
f 5261//5261 5238//5238 5150//5150 
f 5151//5151 5143//5143 5256//5256 
f 5151//5151 5285//5285 5143//5143 
f 5285//5285 5150//5150 5177//5177 
f 5267//5267 5350//5350 5149//5149 
f 5149//5149 5350//5350 5134//5134 
f 5134//5134 5344//5344 5149//5149 
f 5267//5267 5195//5195 5350//5350 
f 5151//5151 5256//5256 5258//5258 
f 5258//5258 5285//5285 5151//5151 
f 5285//5285 5152//5152 5150//5150 
f 5179//5179 5267//5267 5149//5149 
f 5195//5195 5351//5351 5147//5147 
f 5351//5351 5256//5256 5147//5147 
f 5256//5256 5184//5184 5258//5258 
f 5184//5184 5156//5156 5258//5258 
f 5258//5258 5156//5156 5152//5152 
f 5156//5156 5150//5150 5152//5152 
f 5156//5156 5153//5153 5150//5150 
f 5261//5261 5150//5150 5153//5153 
f 5155//5155 5157//5157 5180//5180 
f 5180//5180 5158//5158 5179//5179 
f 5179//5179 5344//5344 5180//5180 
f 5155//5155 5180//5180 5344//5344 
f 5155//5155 5344//5344 5261//5261 
f 5158//5158 5341//5341 5195//5195 
f 5341//5341 5351//5351 5195//5195 
f 5164//5164 5186//5186 5184//5184 
f 5342//5342 5153//5153 5156//5156 
f 5184//5184 5342//5342 5156//5156 
f 5182//5182 5341//5341 5158//5158 
f 5180//5180 5182//5182 5158//5158 
f 5155//5155 5261//5261 5183//5183 
f 5183//5183 5335//5335 5155//5155 
f 5335//5335 5338//5338 5157//5157 
f 5338//5338 5341//5341 5182//5182 
f 5167//5167 5187//5187 5186//5186 
f 5187//5187 5339//5339 5153//5153 
f 5261//5261 5153//5153 5339//5339 
f 5339//5339 5169//5169 5261//5261 
f 5183//5183 5261//5261 5169//5169 
f 5183//5183 5169//5169 5353//5353 
f 5183//5183 5353//5353 5328//5328 
f 5183//5183 5328//5328 5162//5162 
f 5165//5165 5166//5166 5338//5338 
f 5166//5166 5351//5351 5341//5341 
f 5166//5166 5286//5286 5351//5351 
f 5340//5340 5351//5351 5286//5286 
f 5340//5340 5286//5286 5337//5337 
f 5340//5340 5337//5337 5188//5188 
f 5188//5188 5336//5336 5340//5340 
f 5336//5336 5185//5185 5340//5340 
f 5340//5340 5185//5185 5167//5167 
f 5340//5340 5167//5167 5164//5164 
f 5185//5185 5168//5168 5167//5167 
f 5167//5167 5168//5168 5187//5187 
f 5339//5339 5187//5187 5168//5168 
f 5168//5168 5352//5352 5339//5339 
f 5352//5352 5170//5170 5339//5339 
f 5339//5339 5170//5170 5169//5169 
f 5170//5170 5188//5188 5337//5337 
f 5352//5352 5336//5336 5188//5188 
f 5168//5168 5185//5185 5336//5336 
f 5168//5168 5336//5336 5352//5352 
f 5352//5352 5188//5188 5170//5170 
f 5170//5170 5337//5337 5169//5169 
f 5169//5169 5337//5337 5286//5286 
f 5164//5164 5351//5351 5340//5340 
f 5286//5286 5189//5189 5353//5353 
f 5166//5166 5189//5189 5286//5286 
f 5189//5189 5328//5328 5353//5353 
f 5165//5165 5328//5328 5189//5189 
f 5165//5165 5162//5162 5328//5328 
f 5165//5165 5189//5189 5166//5166 
f 5165//5165 5338//5338 5162//5162 
f 5169//5169 5286//5286 5353//5353 
f 5338//5338 5166//5166 5341//5341 
f 5335//5335 5162//5162 5338//5338 
f 5183//5183 5162//5162 5335//5335 
f 5187//5187 5153//5153 5342//5342 
f 5186//5186 5187//5187 5342//5342 
f 5164//5164 5167//5167 5186//5186 
f 5157//5157 5338//5338 5182//5182 
f 5155//5155 5335//5335 5157//5157 
f 5186//5186 5342//5342 5184//5184 
f 5256//5256 5351//5351 5164//5164 
f 5157//5157 5182//5182 5180//5180 
f 5164//5164 5184//5184 5256//5256 
f 5158//5158 5195//5195 5267//5267 
f 5179//5179 5158//5158 5267//5267 
f 5149//5149 5344//5344 5179//5179 
f 5258//5258 5152//5152 5285//5285 
f 5126//5126 5350//5350 5195//5195 
f 5147//5147 5330//5330 5195//5195 
f 5192//5192 5195//5195 5330//5330 
f 5192//5192 5330//5330 5190//5190 
f 5327//5327 5192//5192 5190//5190 
f 5190//5190 5223//5223 5327//5327 
f 5327//5327 5223//5223 5297//5297 
f 5327//5327 5193//5193 5192//5192 
f 5195//5195 5192//5192 5193//5193 
f 5327//5327 5326//5326 5193//5193 
f 5211//5211 5193//5193 5326//5326 
f 5326//5326 5251//5251 5211//5211 
f 5213//5213 5251//5251 5194//5194 
f 5194//5194 5277//5277 5213//5213 
f 5277//5277 5356//5356 5292//5292 
f 5292//5292 5356//5356 5325//5325 
f 5325//5325 5281//5281 5282//5282 
f 5129//5129 5325//5325 5282//5282 
f 5282//5282 5281//5281 5283//5283 
f 5283//5283 5281//5281 5206//5206 
f 5131//5131 5283//5283 5279//5279 
f 5131//5131 5279//5279 5289//5289 
f 5289//5289 5290//5290 5131//5131 
f 5289//5289 5279//5279 5219//5219 
f 5289//5289 5219//5219 5333//5333 
f 5333//5333 5290//5290 5289//5289 
f 5293//5293 5113//5113 5290//5290 
f 5113//5113 5293//5293 5343//5343 
f 5197//5197 5343//5343 5333//5333 
f 5333//5333 5291//5291 5197//5197 
f 5197//5197 5296//5296 5343//5343 
f 5135//5135 5343//5343 5296//5296 
f 5212//5212 5280//5280 5294//5294 
f 5212//5212 5294//5294 5204//5204 
f 5199//5199 5212//5212 5204//5204 
f 5143//5143 5295//5295 5218//5218 
f 5200//5200 5300//5300 5357//5357 
f 5200//5200 5203//5203 5218//5218 
f 5218//5218 5203//5203 5256//5256 
f 5221//5221 5330//5330 5203//5203 
f 5147//5147 5203//5203 5330//5330 
f 5190//5190 5330//5330 5221//5221 
f 5221//5221 5235//5235 5190//5190 
f 5190//5190 5235//5235 5223//5223 
f 5223//5223 5230//5230 5297//5297 
f 5327//5327 5205//5205 5194//5194 
f 5194//5194 5205//5205 5277//5277 
f 5205//5205 5233//5233 5356//5356 
f 5233//5233 5220//5220 5325//5325 
f 5281//5281 5220//5220 5206//5206 
f 5206//5206 5220//5220 5217//5217 
f 5206//5206 5217//5217 5208//5208 
f 5279//5279 5206//5206 5208//5208 
f 5279//5279 5208//5208 5219//5219 
f 5219//5219 5234//5234 5291//5291 
f 5234//5234 5214//5214 5245//5245 
f 5291//5291 5234//5234 5245//5245 
f 5197//5197 5291//5291 5245//5245 
f 5214//5214 5298//5298 5294//5294 
f 5294//5294 5298//5298 5216//5216 
f 5294//5294 5216//5216 5302//5302 
f 5294//5294 5302//5302 5204//5204 
f 5229//5229 5204//5204 5300//5300 
f 5229//5229 5300//5300 5200//5200 
f 5218//5218 5229//5229 5200//5200 
f 5199//5199 5204//5204 5229//5229 
f 5295//5295 5199//5199 5229//5229 
f 5300//5300 5204//5204 5357//5357 
f 5221//5221 5357//5357 5235//5235 
f 5200//5200 5357//5357 5221//5221 
f 5203//5203 5200//5200 5221//5221 
f 5235//5235 5225//5225 5223//5223 
f 5223//5223 5225//5225 5230//5230 
f 5225//5225 5224//5224 5230//5230 
f 5230//5230 5224//5224 5233//5233 
f 5233//5233 5224//5224 5220//5220 
f 5220//5220 5237//5237 5226//5226 
f 5224//5224 5237//5237 5220//5220 
f 5225//5225 5237//5237 5224//5224 
f 5237//5237 5216//5216 5226//5226 
f 5302//5302 5216//5216 5222//5222 
f 5222//5222 5216//5216 5237//5237 
f 5222//5222 5237//5237 5225//5225 
f 5235//5235 5222//5222 5225//5225 
f 5357//5357 5222//5222 5235//5235 
f 5357//5357 5302//5302 5222//5222 
f 5204//5204 5302//5302 5357//5357 
f 5208//5208 5217//5217 5226//5226 
f 5234//5234 5208//5208 5298//5298 
f 5208//5208 5226//5226 5298//5298 
f 5298//5298 5226//5226 5216//5216 
f 5234//5234 5298//5298 5214//5214 
f 5219//5219 5208//5208 5234//5234 
f 5217//5217 5220//5220 5226//5226 
f 5205//5205 5230//5230 5233//5233 
f 5297//5297 5230//5230 5205//5205 
f 5295//5295 5229//5229 5218//5218 
f 5301//5301 5295//5295 5143//5143 
f 5301//5301 5137//5137 5199//5199 
f 5236//5236 5227//5227 5301//5301 
f 5236//5236 5301//5301 5143//5143 
f 5143//5143 5177//5177 5236//5236 
f 5236//5236 5306//5306 5227//5227 
f 5306//5306 5236//5236 5177//5177 
f 5139//5139 5306//5306 5299//5299 
f 5177//5177 5299//5299 5306//5306 
f 5284//5284 5299//5299 5238//5238 
f 5238//5238 5299//5299 5150//5150 
f 5138//5138 5301//5301 5227//5227 
f 5301//5301 5199//5199 5295//5295 
f 5137//5137 5212//5212 5199//5199 
f 5280//5280 5214//5214 5294//5294 
f 5245//5245 5214//5214 5280//5280 
f 5197//5197 5245//5245 5198//5198 
f 5198//5198 5296//5296 5197//5197 
f 5333//5333 5219//5219 5291//5291 
f 5333//5333 5343//5343 5293//5293 
f 5293//5293 5290//5290 5333//5333 
f 5283//5283 5206//5206 5279//5279 
f 5325//5325 5220//5220 5281//5281 
f 5356//5356 5233//5233 5325//5325 
f 5277//5277 5205//5205 5356//5356 
f 5194//5194 5251//5251 5326//5326 
f 5194//5194 5326//5326 5327//5327 
f 5327//5327 5297//5297 5205//5205 
f 5256//5256 5203//5203 5147//5147 
f 5143//5143 5218//5218 5256//5256 
f 5143//5143 5285//5285 5177//5177 
f 5177//5177 5150//5150 5299//5299 
f 5354//5354 5238//5238 5349//5349 
f 5142//5142 5349//5349 5176//5176 
f 5140//5140 5142//5142 5175//5175 
f 5141//5141 5140//5140 5175//5175 
f 5175//5175 5142//5142 5171//5171 
f 5348//5348 5175//5175 5171//5171 
f 5141//5141 5175//5175 5348//5348 
f 5284//5284 5238//5238 5354//5354 
f 5139//5139 5299//5299 5284//5284 
f 5227//5227 5306//5306 5139//5139 
f 5231//5231 5227//5227 5210//5210 
f 5252//5252 5228//5228 5119//5119 
f 5252//5252 5181//5181 5231//5231 
f 5181//5181 5319//5319 5231//5231 
f 5231//5231 5319//5319 5138//5138 
f 5232//5232 5138//5138 5319//5319 
f 5232//5232 5264//5264 5136//5136 
f 5136//5136 5264//5264 5239//5239 
f 5307//5307 5136//5136 5239//5239 
f 5307//5307 5305//5305 5172//5172 
f 5172//5172 5305//5305 5113//5113 
f 5257//5257 5305//5305 5307//5307 
f 5307//5307 5239//5239 5257//5257 
f 5255//5255 5305//5305 5257//5257 
f 5255//5255 5113//5113 5305//5305 
f 5178//5178 5304//5304 5244//5244 
f 5303//5303 5255//5255 5257//5257 
f 5144//5144 5309//5309 5240//5240 
f 5309//5309 5273//5273 5240//5240 
f 5240//5240 5273//5273 5304//5304 
f 5273//5273 5244//5244 5304//5304 
f 5273//5273 5265//5265 5244//5244 
f 5259//5259 5244//5244 5265//5265 
f 5303//5303 5242//5242 5241//5241 
f 5241//5241 5323//5323 5303//5303 
f 5242//5242 5303//5303 5239//5239 
f 5242//5242 5239//5239 5259//5259 
f 5323//5323 5248//5248 5113//5113 
f 5248//5248 5317//5317 5113//5113 
f 5246//5246 5265//5265 5273//5273 
f 5309//5309 5246//5246 5273//5273 
f 5355//5355 5314//5314 5241//5241 
f 5314//5314 5248//5248 5323//5323 
f 5241//5241 5314//5314 5323//5323 
f 5248//5248 5274//5274 5317//5317 
f 5243//5243 5317//5317 5274//5274 
f 5243//5243 5272//5272 5309//5309 
f 5272//5272 5246//5246 5309//5309 
f 5242//5242 5259//5259 5322//5322 
f 5322//5322 5310//5310 5242//5242 
f 5310//5310 5247//5247 5355//5355 
f 5247//5247 5248//5248 5314//5314 
f 5243//5243 5249//5249 5272//5272 
f 5249//5249 5287//5287 5272//5272 
f 5287//5287 5329//5329 5265//5265 
f 5259//5259 5265//5265 5329//5329 
f 5329//5329 5313//5313 5259//5259 
f 5322//5322 5259//5259 5313//5313 
f 5322//5322 5313//5313 5316//5316 
f 5322//5322 5316//5316 5271//5271 
f 5322//5322 5271//5271 5331//5331 
f 5331//5331 5332//5332 5310//5310 
f 5332//5332 5276//5276 5247//5247 
f 5276//5276 5274//5274 5248//5248 
f 5276//5276 5318//5318 5274//5274 
f 5318//5318 5253//5253 5274//5274 
f 5308//5308 5274//5274 5253//5253 
f 5308//5308 5253//5253 5269//5269 
f 5308//5308 5269//5269 5268//5268 
f 5308//5308 5268//5268 5311//5311 
f 5308//5308 5311//5311 5249//5249 
f 5308//5308 5249//5249 5243//5243 
f 5311//5311 5266//5266 5249//5249 
f 5249//5249 5266//5266 5312//5312 
f 5329//5329 5312//5312 5266//5266 
f 5266//5266 5315//5315 5329//5329 
f 5329//5329 5315//5315 5270//5270 
f 5329//5329 5270//5270 5313//5313 
f 5313//5313 5269//5269 5253//5253 
f 5270//5270 5268//5268 5269//5269 
f 5266//5266 5311//5311 5315//5315 
f 5315//5315 5311//5311 5268//5268 
f 5315//5315 5268//5268 5270//5270 
f 5269//5269 5313//5313 5270//5270 
f 5243//5243 5274//5274 5308//5308 
f 5313//5313 5253//5253 5318//5318 
f 5318//5318 5316//5316 5313//5313 
f 5318//5318 5260//5260 5316//5316 
f 5332//5332 5271//5271 5260//5260 
f 5332//5332 5331//5331 5271//5271 
f 5332//5332 5260//5260 5276//5276 
f 5276//5276 5260//5260 5318//5318 
f 5260//5260 5271//5271 5316//5316 
f 5312//5312 5329//5329 5287//5287 
f 5249//5249 5312//5312 5287//5287 
f 5247//5247 5276//5276 5248//5248 
f 5310//5310 5332//5332 5247//5247 
f 5322//5322 5331//5331 5310//5310 
f 5287//5287 5265//5265 5246//5246 
f 5272//5272 5287//5287 5246//5246 
f 5355//5355 5247//5247 5314//5314 
f 5242//5242 5310//5310 5355//5355 
f 5144//5144 5317//5317 5243//5243 
f 5242//5242 5355//5355 5241//5241 
f 5243//5243 5309//5309 5144//5144 
f 5114//5114 5144//5144 5240//5240 
f 5323//5323 5113//5113 5255//5255 
f 5303//5303 5323//5323 5255//5255 
f 5257//5257 5239//5239 5303//5303 
f 5240//5240 5304//5304 5114//5114 
f 5259//5259 5321//5321 5244//5244 
f 5259//5259 5262//5262 5321//5321 
f 5117//5117 5321//5321 5262//5262 
f 5117//5117 5262//5262 5320//5320 
f 5145//5145 5117//5117 5320//5320 
f 5107//5107 5117//5117 5145//5145 
f 5320//5320 5262//5262 5263//5263 
f 5263//5263 5264//5264 5320//5320 
f 5181//5181 5320//5320 5319//5319 
f 5320//5320 5264//5264 5319//5319 
f 5264//5264 5263//5263 5239//5239 
f 5262//5262 5239//5239 5263//5263 
f 5259//5259 5239//5239 5262//5262 
f 5319//5319 5264//5264 5232//5232 
f 5324//5324 5232//5232 5136//5136 
f 5324//5324 5138//5138 5232//5232 
f 5252//5252 5231//5231 5228//5228 
f 5231//5231 5138//5138 5227//5227 
f 5138//5138 5137//5137 5301//5301 
f 5324//5324 5137//5137 5138//5138 
f 5198//5198 5245//5245 5280//5280 
f 5324//5324 5296//5296 5198//5198 
f 5135//5135 5296//5296 5324//5324 
f 5307//5307 5172//5172 5136//5136 
f 5135//5135 5113//5113 5343//5343 
f 5131//5131 5290//5290 5346//5346 
f 5292//5292 5325//5325 5129//5129 
f 5213//5213 5277//5277 5292//5292 
f 5251//5251 5213//5213 5160//5160 
f 5211//5211 5195//5195 5193//5193 
f 5134//5134 5350//5350 5126//5126 
f 5134//5134 5126//5126 5161//5161 
f 5344//5344 5209//5209 5176//5176 
f 5251//5251 5173//5173 5209//5209 
f 5160//5160 5213//5213 5124//5124 
f 5215//5215 5334//5334 5123//5123 
f 5202//5202 5215//5215 5123//5123 
f 5128//5128 5215//5215 5202//5202 
f 5275//5275 5348//5348 5128//5128 
f 5174//5174 5347//5347 5121//5121 
f 5275//5275 5163//5163 5141//5141 
f 5201//5201 5288//5288 5163//5163 
f 5119//5119 5228//5228 5201//5201 
f 5347//5347 5120//5120 5148//5148 
f 5254//5254 5120//5120 5347//5347 
f 5191//5191 5120//5120 5254//5254 
f 5145//5145 5320//5320 5181//5181 
f 5127//5127 5107//5107 5145//5145 
f 5132//5132 5321//5321 5117//5117 
f 5321//5321 5154//5154 5244//5244 
f 5116//5116 5178//5178 5244//5244 
f 5114//5114 5304//5304 5178//5178 
f 5146//5146 5250//5250 5144//5144 
f 5112//5112 5130//5130 5278//5278 
f 5130//5130 5112//5112 5125//5125 
f 5207//5207 5334//5334 5125//5125 
f 5207//5207 5122//5122 5115//5115 
f 5123//5123 5334//5334 5115//5115 
f 5174//5174 5121//5121 5133//5133 
f 5254//5254 5347//5347 5174//5174 
f 5191//5191 5254//5254 5106//5106 
f 5345//5345 5132//5132 5107//5107 
f 5345//5345 5109//5109 5132//5132 
f 5345//5345 5115//5115 5109//5109 
f 5108//5108 5159//5159 5111//5111 
f 5360//5360 5361//5361 5358//5358 
f 5361//5361 5609//5609 5358//5358 
f 5609//5609 5397//5397 5358//5358 
f 5397//5397 5364//5364 5358//5358 
f 5358//5358 5364//5364 5363//5363 
f 5358//5358 5363//5363 5365//5365 
f 5398//5398 5491//5491 5366//5366 
f 5366//5366 5571//5571 5398//5398 
f 5398//5398 5571//5571 5604//5604 
f 5512//5512 5608//5608 5490//5490 
f 5472//5472 5603//5603 5490//5490 
f 5490//5490 5603//5603 5489//5489 
f 5489//5489 5573//5573 5490//5490 
f 5490//5490 5573//5573 5367//5367 
f 5490//5490 5367//5367 5525//5525 
f 5525//5525 5575//5575 5368//5368 
f 5525//5525 5368//5368 5490//5490 
f 5490//5490 5368//5368 5512//5512 
f 5368//5368 5607//5607 5512//5512 
f 5512//5512 5607//5607 5487//5487 
f 5512//5512 5487//5487 5488//5488 
f 5512//5512 5488//5488 5571//5571 
f 5571//5571 5488//5488 5485//5485 
f 5485//5485 5480//5480 5571//5571 
f 5359//5359 5605//5605 5496//5496 
f 5359//5359 5496//5496 5500//5500 
f 5500//5500 5606//5606 5359//5359 
f 5359//5359 5606//5606 5387//5387 
f 5387//5387 5564//5564 5359//5359 
f 5359//5359 5564//5564 5570//5570 
f 5359//5359 5570//5570 5605//5605 
f 5604//5604 5480//5480 5370//5370 
f 5370//5370 5369//5369 5604//5604 
f 5604//5604 5369//5369 5368//5368 
f 5369//5369 5607//5607 5368//5368 
f 5387//5387 5607//5607 5369//5369 
f 5564//5564 5369//5369 5370//5370 
f 5570//5570 5370//5370 5480//5480 
f 5570//5570 5480//5480 5605//5605 
f 5564//5564 5370//5370 5570//5570 
f 5387//5387 5369//5369 5564//5564 
f 5606//5606 5607//5607 5387//5387 
f 5500//5500 5487//5487 5606//5606 
f 5496//5496 5488//5488 5500//5500 
f 5605//5605 5485//5485 5496//5496 
f 5605//5605 5480//5480 5485//5485 
f 5496//5496 5485//5485 5488//5488 
f 5500//5500 5488//5488 5487//5487 
f 5606//5606 5487//5487 5607//5607 
f 5604//5604 5575//5575 5472//5472 
f 5368//5368 5575//5575 5604//5604 
f 5472//5472 5575//5575 5502//5502 
f 5502//5502 5481//5481 5472//5472 
f 5472//5472 5481//5481 5565//5565 
f 5481//5481 5390//5390 5565//5565 
f 5565//5565 5390//5390 5375//5375 
f 5565//5565 5375//5375 5377//5377 
f 5565//5565 5377//5377 5597//5597 
f 5565//5565 5597//5597 5371//5371 
f 5565//5565 5371//5371 5573//5573 
f 5489//5489 5603//5603 5565//5565 
f 5489//5489 5565//5565 5573//5573 
f 5371//5371 5410//5410 5573//5573 
f 5410//5410 5592//5592 5573//5573 
f 5573//5573 5592//5592 5498//5498 
f 5573//5573 5498//5498 5372//5372 
f 5372//5372 5498//5498 5572//5572 
f 5372//5372 5572//5572 5415//5415 
f 5372//5372 5415//5415 5602//5602 
f 5602//5602 5383//5383 5372//5372 
f 5372//5372 5383//5383 5481//5481 
f 5372//5372 5502//5502 5367//5367 
f 5372//5372 5481//5481 5502//5502 
f 5481//5481 5383//5383 5426//5426 
f 5481//5481 5426//5426 5574//5574 
f 5481//5481 5574//5574 5533//5533 
f 5481//5481 5533//5533 5390//5390 
f 5374//5374 5390//5390 5601//5601 
f 5374//5374 5601//5601 5434//5434 
f 5373//5373 5374//5374 5434//5434 
f 5374//5374 5373//5373 5582//5582 
f 5374//5374 5582//5582 5375//5375 
f 5599//5599 5582//5582 5562//5562 
f 5412//5412 5599//5599 5562//5562 
f 5412//5412 5562//5562 5600//5600 
f 5499//5499 5599//5599 5412//5412 
f 5599//5599 5376//5376 5582//5582 
f 5598//5598 5377//5377 5376//5376 
f 5499//5499 5516//5516 5598//5598 
f 5598//5598 5516//5516 5580//5580 
f 5580//5580 5597//5597 5598//5598 
f 5597//5597 5377//5377 5598//5598 
f 5587//5587 5580//5580 5384//5384 
f 5587//5587 5371//5371 5580//5580 
f 5587//5587 5590//5590 5371//5371 
f 5590//5590 5410//5410 5371//5371 
f 5590//5590 5378//5378 5410//5410 
f 5378//5378 5586//5586 5592//5592 
f 5456//5456 5379//5379 5389//5389 
f 5456//5456 5380//5380 5379//5379 
f 5380//5380 5586//5586 5379//5379 
f 5380//5380 5419//5419 5586//5586 
f 5438//5438 5498//5498 5419//5419 
f 5438//5438 5419//5419 5380//5380 
f 5459//5459 5438//5438 5380//5380 
f 5438//5438 5459//5459 5526//5526 
f 5438//5438 5572//5572 5498//5498 
f 5381//5381 5526//5526 5402//5402 
f 5381//5381 5402//5402 5585//5585 
f 5585//5585 5401//5401 5381//5381 
f 5381//5381 5443//5443 5526//5526 
f 5415//5415 5572//5572 5443//5443 
f 5443//5443 5572//5572 5399//5399 
f 5427//5427 5415//5415 5443//5443 
f 5443//5443 5381//5381 5455//5455 
f 5443//5443 5455//5455 5427//5427 
f 5584//5584 5602//5602 5427//5427 
f 5583//5583 5581//5581 5382//5382 
f 5581//5581 5385//5385 5584//5584 
f 5385//5385 5383//5383 5584//5584 
f 5473//5473 5385//5385 5581//5581 
f 5473//5473 5581//5581 5583//5583 
f 5385//5385 5473//5473 5386//5386 
f 5386//5386 5426//5426 5385//5385 
f 5431//5431 5386//5386 5473//5473 
f 5431//5431 5473//5473 5588//5588 
f 5595//5595 5425//5425 5593//5593 
f 5595//5595 5593//5593 5589//5589 
f 5494//5494 5595//5595 5589//5589 
f 5494//5494 5589//5589 5550//5550 
f 5550//5550 5388//5388 5494//5494 
f 5494//5494 5388//5388 5484//5484 
f 5388//5388 5431//5431 5588//5588 
f 5431//5431 5591//5591 5386//5386 
f 5591//5591 5574//5574 5386//5386 
f 5533//5533 5574//5574 5591//5591 
f 5601//5601 5533//5533 5591//5591 
f 5601//5601 5591//5591 5431//5431 
f 5601//5601 5431//5431 5388//5388 
f 5430//5430 5601//5601 5388//5388 
f 5407//5407 5434//5434 5430//5430 
f 5403//5403 5538//5538 5440//5440 
f 5461//5461 5403//5403 5440//5440 
f 5577//5577 5540//5540 5451//5451 
f 5451//5451 5499//5499 5412//5412 
f 5516//5516 5499//5499 5451//5451 
f 5451//5451 5435//5435 5414//5414 
f 5384//5384 5414//5414 5393//5393 
f 5384//5384 5393//5393 5587//5587 
f 5448//5448 5378//5378 5590//5590 
f 5389//5389 5521//5521 5456//5456 
f 5417//5417 5557//5557 5555//5555 
f 5527//5527 5417//5417 5585//5585 
f 5530//5530 5465//5465 5424//5424 
f 5530//5530 5424//5424 5457//5457 
f 5458//5458 5530//5530 5457//5457 
f 5391//5391 5583//5583 5532//5532 
f 5543//5543 5583//5583 5391//5391 
f 5420//5420 5408//5408 5425//5425 
f 5420//5420 5425//5425 5595//5595 
f 5484//5484 5420//5420 5595//5595 
f 5391//5391 5484//5484 5543//5543 
f 5589//5589 5594//5594 5550//5550 
f 5594//5594 5589//5589 5403//5403 
f 5589//5589 5392//5392 5403//5403 
f 5403//5403 5392//5392 5538//5538 
f 5440//5440 5406//5406 5539//5539 
f 5440//5440 5539//5539 5468//5468 
f 5468//5468 5539//5539 5578//5578 
f 5468//5468 5578//5578 5405//5405 
f 5468//5468 5405//5405 5504//5504 
f 5504//5504 5577//5577 5468//5468 
f 5504//5504 5540//5540 5577//5577 
f 5451//5451 5540//5540 5435//5435 
f 5561//5561 5414//5414 5435//5435 
f 5414//5414 5561//5561 5404//5404 
f 5414//5414 5404//5404 5393//5393 
f 5393//5393 5531//5531 5590//5590 
f 5531//5531 5519//5519 5448//5448 
f 5477//5477 5519//5519 5439//5439 
f 5477//5477 5514//5514 5515//5515 
f 5514//5514 5563//5563 5515//5515 
f 5563//5563 5495//5495 5515//5515 
f 5515//5515 5495//5495 5394//5394 
f 5515//5515 5394//5394 5428//5428 
f 5515//5515 5428//5428 5560//5560 
f 5560//5560 5428//5428 5596//5596 
f 5560//5560 5596//5596 5417//5417 
f 5521//5521 5560//5560 5417//5417 
f 5417//5417 5555//5555 5416//5416 
f 5417//5417 5416//5416 5418//5418 
f 5416//5416 5395//5395 5418//5418 
f 5418//5418 5395//5395 5465//5465 
f 5418//5418 5465//5465 5530//5530 
f 5401//5401 5418//5418 5530//5530 
f 5457//5457 5556//5556 5396//5396 
f 5457//5457 5396//5396 5400//5400 
f 5400//5400 5396//5396 5467//5467 
f 5400//5400 5467//5467 5579//5579 
f 5400//5400 5579//5579 5420//5420 
f 5420//5420 5391//5391 5400//5400 
f 5420//5420 5579//5579 5408//5408 
f 5504//5504 5545//5545 5553//5553 
f 5504//5504 5553//5553 5423//5423 
f 5435//5435 5504//5504 5423//5423 
f 5423//5423 5561//5561 5435//5435 
f 5404//5404 5411//5411 5531//5531 
f 5439//5439 5519//5519 5531//5531 
f 5514//5514 5554//5554 5563//5563 
f 5538//5538 5517//5517 5478//5478 
f 5538//5538 5478//5478 5406//5406 
f 5539//5539 5469//5469 5578//5578 
f 5423//5423 5541//5541 5460//5460 
f 5423//5423 5460//5460 5442//5442 
f 5442//5442 5460//5460 5409//5409 
f 5442//5442 5411//5411 5561//5561 
f 5404//5404 5561//5561 5411//5411 
f 5442//5442 5421//5421 5413//5413 
f 5442//5442 5413//5413 5514//5514 
f 5395//5395 5544//5544 5465//5465 
f 5465//5465 5544//5544 5463//5463 
f 5465//5465 5505//5505 5424//5424 
f 5556//5556 5446//5446 5396//5396 
f 5396//5396 5446//5446 5422//5422 
f 5396//5396 5422//5422 5467//5467 
f 5467//5467 5429//5429 5579//5579 
f 5579//5579 5429//5429 5408//5408 
f 5593//5593 5509//5509 5534//5534 
f 5539//5539 5576//5576 5471//5471 
f 5406//5406 5576//5576 5539//5539 
f 5546//5546 5545//5545 5493//5493 
f 5546//5546 5553//5553 5545//5545 
f 5436//5436 5541//5541 5553//5553 
f 5436//5436 5553//5553 5546//5546 
f 5460//5460 5436//5436 5433//5433 
f 5460//5460 5508//5508 5409//5409 
f 5428//5428 5432//5432 5596//5596 
f 5596//5596 5432//5432 5476//5476 
f 5596//5596 5476//5476 5557//5557 
f 5555//5555 5486//5486 5416//5416 
f 5416//5416 5445//5445 5544//5544 
f 5416//5416 5544//5544 5395//5395 
f 5424//5424 5505//5505 5556//5556 
f 5556//5556 5505//5505 5446//5446 
f 5425//5425 5497//5497 5593//5593 
f 5593//5593 5497//5497 5509//5509 
f 5421//5421 5508//5508 5437//5437 
f 5421//5421 5437//5437 5413//5413 
f 5413//5413 5437//5437 5510//5510 
f 5394//5394 5568//5568 5432//5432 
f 5394//5394 5432//5432 5428//5428 
f 5554//5554 5510//5510 5513//5513 
f 5563//5563 5513//5513 5495//5495 
f 5495//5495 5513//5513 5568//5568 
f 5506//5506 5471//5471 5576//5576 
f 5506//5506 5469//5469 5471//5471 
f 5547//5547 5542//5542 5506//5506 
f 5547//5547 5493//5493 5542//5542 
f 5547//5547 5436//5436 5546//5546 
f 5441//5441 5433//5433 5436//5436 
f 5441//5441 5436//5436 5547//5547 
f 5441//5441 5508//5508 5433//5433 
f 5444//5444 5445//5445 5486//5486 
f 5452//5452 5544//5544 5444//5444 
f 5444//5444 5544//5544 5445//5445 
f 5452//5452 5463//5463 5544//5544 
f 5511//5511 5463//5463 5452//5452 
f 5511//5511 5505//5505 5463//5463 
f 5511//5511 5446//5446 5505//5505 
f 5559//5559 5470//5470 5429//5429 
f 5475//5475 5503//5503 5470//5470 
f 5551//5551 5509//5509 5475//5475 
f 5551//5551 5558//5558 5509//5509 
f 5551//5551 5517//5517 5558//5558 
f 5501//5501 5517//5517 5551//5551 
f 5501//5501 5478//5478 5517//5517 
f 5524//5524 5501//5501 5449//5449 
f 5447//5447 5506//5506 5524//5524 
f 5548//5548 5547//5547 5447//5447 
f 5441//5441 5547//5547 5548//5548 
f 5479//5479 5441//5441 5548//5548 
f 5479//5479 5507//5507 5441//5441 
f 5507//5507 5508//5508 5441//5441 
f 5518//5518 5437//5437 5507//5507 
f 5518//5518 5510//5510 5437//5437 
f 5518//5518 5513//5513 5510//5510 
f 5474//5474 5513//5513 5518//5518 
f 5450//5450 5432//5432 5474//5474 
f 5474//5474 5432//5432 5568//5568 
f 5444//5444 5476//5476 5450//5450 
f 5520//5520 5444//5444 5566//5566 
f 5520//5520 5453//5453 5452//5452 
f 5452//5452 5444//5444 5520//5520 
f 5453//5453 5511//5511 5452//5452 
f 5453//5453 5522//5522 5523//5523 
f 5522//5522 5559//5559 5523//5523 
f 5567//5567 5559//5559 5522//5522 
f 5567//5567 5475//5475 5559//5559 
f 5449//5449 5475//5475 5567//5567 
f 5524//5524 5454//5454 5447//5447 
f 5447//5447 5454//5454 5529//5529 
f 5548//5548 5529//5529 5552//5552 
f 5479//5479 5552//5552 5549//5549 
f 5479//5479 5518//5518 5507//5507 
f 5549//5549 5518//5518 5479//5479 
f 5566//5566 5450//5450 5474//5474 
f 5566//5566 5444//5444 5450//5450 
f 5453//5453 5520//5520 5569//5569 
f 5522//5522 5492//5492 5567//5567 
f 5449//5449 5492//5492 5524//5524 
f 5492//5492 5454//5454 5524//5524 
f 5549//5549 5552//5552 5566//5566 
f 5566//5566 5552//5552 5520//5520 
f 5520//5520 5528//5528 5569//5569 
f 5569//5569 5528//5528 5492//5492 
f 5552//5552 5528//5528 5520//5520 
f 5492//5492 5528//5528 5454//5454 
f 5522//5522 5569//5569 5492//5492 
f 5474//5474 5549//5549 5566//5566 
f 5529//5529 5528//5528 5552//5552 
f 5454//5454 5528//5528 5529//5529 
f 5567//5567 5492//5492 5449//5449 
f 5453//5453 5569//5569 5522//5522 
f 5450//5450 5476//5476 5432//5432 
f 5444//5444 5486//5486 5476//5476 
f 5474//5474 5568//5568 5513//5513 
f 5549//5549 5474//5474 5518//5518 
f 5548//5548 5552//5552 5479//5479 
f 5447//5447 5529//5529 5548//5548 
f 5449//5449 5501//5501 5551//5551 
f 5449//5449 5551//5551 5475//5475 
f 5475//5475 5509//5509 5497//5497 
f 5475//5475 5470//5470 5559//5559 
f 5523//5523 5446//5446 5511//5511 
f 5523//5523 5422//5422 5446//5446 
f 5559//5559 5422//5422 5523//5523 
f 5559//5559 5429//5429 5422//5422 
f 5453//5453 5523//5523 5511//5511 
f 5507//5507 5437//5437 5508//5508 
f 5447//5447 5547//5547 5506//5506 
f 5506//5506 5542//5542 5469//5469 
f 5524//5524 5506//5506 5501//5501 
f 5506//5506 5576//5576 5501//5501 
f 5576//5576 5478//5478 5501//5501 
f 5475//5475 5497//5497 5503//5503 
f 5554//5554 5513//5513 5563//5563 
f 5413//5413 5510//5510 5554//5554 
f 5547//5547 5546//5546 5493//5493 
f 5495//5495 5568//5568 5394//5394 
f 5425//5425 5503//5503 5497//5497 
f 5408//5408 5503//5503 5425//5425 
f 5408//5408 5470//5470 5503//5503 
f 5416//5416 5486//5486 5445//5445 
f 5555//5555 5476//5476 5486//5486 
f 5557//5557 5476//5476 5555//5555 
f 5409//5409 5508//5508 5421//5421 
f 5460//5460 5433//5433 5508//5508 
f 5541//5541 5436//5436 5460//5460 
f 5493//5493 5545//5545 5542//5542 
f 5509//5509 5558//5558 5534//5534 
f 5408//5408 5429//5429 5470//5470 
f 5467//5467 5422//5422 5429//5429 
f 5465//5465 5463//5463 5505//5505 
f 5442//5442 5439//5439 5411//5411 
f 5442//5442 5409//5409 5421//5421 
f 5542//5542 5545//5545 5405//5405 
f 5578//5578 5542//5542 5405//5405 
f 5578//5578 5469//5469 5542//5542 
f 5539//5539 5471//5471 5469//5469 
f 5406//5406 5478//5478 5576//5576 
f 5392//5392 5517//5517 5538//5538 
f 5392//5392 5558//5558 5517//5517 
f 5534//5534 5558//5558 5392//5392 
f 5514//5514 5413//5413 5554//5554 
f 5439//5439 5442//5442 5514//5514 
f 5439//5439 5531//5531 5411//5411 
f 5561//5561 5423//5423 5442//5442 
f 5540//5540 5504//5504 5435//5435 
f 5423//5423 5553//5553 5541//5541 
f 5504//5504 5405//5405 5545//5545 
f 5457//5457 5424//5424 5556//5556 
f 5514//5514 5477//5477 5439//5439 
f 5404//5404 5531//5531 5393//5393 
f 5589//5589 5534//5534 5392//5392 
f 5589//5589 5593//5593 5534//5534 
f 5420//5420 5484//5484 5391//5391 
f 5588//5588 5473//5473 5543//5543 
f 5543//5543 5473//5473 5583//5583 
f 5400//5400 5391//5391 5532//5532 
f 5400//5400 5532//5532 5457//5457 
f 5458//5458 5457//5457 5532//5532 
f 5458//5458 5382//5382 5482//5482 
f 5482//5482 5381//5381 5401//5401 
f 5382//5382 5455//5455 5381//5381 
f 5382//5382 5381//5381 5482//5482 
f 5532//5532 5382//5382 5458//5458 
f 5530//5530 5458//5458 5482//5482 
f 5401//5401 5530//5530 5482//5482 
f 5418//5418 5401//5401 5585//5585 
f 5585//5585 5417//5417 5418//5418 
f 5585//5585 5402//5402 5527//5527 
f 5527//5527 5402//5402 5521//5521 
f 5402//5402 5456//5456 5521//5521 
f 5402//5402 5459//5459 5456//5456 
f 5526//5526 5459//5459 5402//5402 
f 5417//5417 5596//5596 5557//5557 
f 5417//5417 5527//5527 5521//5521 
f 5560//5560 5521//5521 5389//5389 
f 5560//5560 5389//5389 5515//5515 
f 5477//5477 5515//5515 5389//5389 
f 5379//5379 5448//5448 5477//5477 
f 5477//5477 5448//5448 5519//5519 
f 5586//5586 5378//5378 5448//5448 
f 5531//5531 5448//5448 5590//5590 
f 5414//5414 5516//5516 5451//5451 
f 5451//5451 5412//5412 5577//5577 
f 5468//5468 5577//5577 5600//5600 
f 5468//5468 5600//5600 5440//5440 
f 5461//5461 5440//5440 5600//5600 
f 5461//5461 5562//5562 5483//5483 
f 5594//5594 5461//5461 5483//5483 
f 5483//5483 5373//5373 5407//5407 
f 5562//5562 5582//5582 5373//5373 
f 5562//5562 5373//5373 5483//5483 
f 5600//5600 5562//5562 5461//5461 
f 5538//5538 5406//5406 5440//5440 
f 5403//5403 5461//5461 5594//5594 
f 5483//5483 5407//5407 5594//5594 
f 5373//5373 5434//5434 5407//5407 
f 5430//5430 5594//5594 5407//5407 
f 5434//5434 5601//5601 5430//5430 
f 5390//5390 5533//5533 5601//5601 
f 5430//5430 5388//5388 5550//5550 
f 5430//5430 5550//5550 5594//5594 
f 5595//5595 5494//5494 5484//5484 
f 5388//5388 5588//5588 5484//5484 
f 5484//5484 5588//5588 5543//5543 
f 5386//5386 5574//5574 5426//5426 
f 5583//5583 5382//5382 5532//5532 
f 5581//5581 5584//5584 5382//5382 
f 5382//5382 5584//5584 5455//5455 
f 5584//5584 5427//5427 5455//5455 
f 5383//5383 5602//5602 5584//5584 
f 5443//5443 5399//5399 5526//5526 
f 5399//5399 5572//5572 5438//5438 
f 5438//5438 5526//5526 5399//5399 
f 5380//5380 5456//5456 5459//5459 
f 5389//5389 5379//5379 5477//5477 
f 5379//5379 5586//5586 5448//5448 
f 5419//5419 5592//5592 5586//5586 
f 5393//5393 5590//5590 5587//5587 
f 5414//5414 5384//5384 5516//5516 
f 5384//5384 5580//5580 5516//5516 
f 5499//5499 5598//5598 5599//5599 
f 5598//5598 5376//5376 5599//5599 
f 5577//5577 5412//5412 5600//5600 
f 5376//5376 5375//5375 5582//5582 
f 5426//5426 5383//5383 5385//5385 
f 5602//5602 5415//5415 5427//5427 
f 5498//5498 5592//5592 5419//5419 
f 5378//5378 5592//5592 5410//5410 
f 5597//5597 5580//5580 5371//5371 
f 5377//5377 5375//5375 5376//5376 
f 5375//5375 5390//5390 5374//5374 
f 5575//5575 5367//5367 5502//5502 
f 5525//5525 5367//5367 5575//5575 
f 5573//5573 5372//5372 5367//5367 
f 5472//5472 5565//5565 5603//5603 
f 5608//5608 5472//5472 5490//5490 
f 5462//5462 5608//5608 5512//5512 
f 5462//5462 5512//5512 5366//5366 
f 5366//5366 5535//5535 5462//5462 
f 5462//5462 5535//5535 5536//5536 
f 5535//5535 5397//5397 5536//5536 
f 5464//5464 5535//5535 5366//5366 
f 5366//5366 5491//5491 5464//5464 
f 5491//5491 5363//5363 5464//5464 
f 5464//5464 5364//5364 5535//5535 
f 5462//5462 5536//5536 5608//5608 
f 5608//5608 5536//5536 5466//5466 
f 5466//5466 5537//5537 5608//5608 
f 5466//5466 5361//5361 5537//5537 
f 5536//5536 5609//5609 5466//5466 
f 5608//5608 5398//5398 5472//5472 
f 5608//5608 5537//5537 5398//5398 
f 5604//5604 5472//5472 5398//5398 
f 5571//5571 5480//5480 5604//5604 
f 5366//5366 5512//5512 5571//5571 
f 5362//5362 5365//5365 5491//5491 
f 5362//5362 5360//5360 5365//5365 
f 5491//5491 5365//5365 5363//5363 
f 5464//5464 5363//5363 5364//5364 
f 5535//5535 5364//5364 5397//5397 
f 5536//5536 5397//5397 5609//5609 
f 5466//5466 5609//5609 5361//5361 
f 5537//5537 5361//5361 5360//5360 
f 5537//5537 5360//5360 5362//5362 
f 5358//5358 5365//5365 5360//5360 
f 5398//5398 5537//5537 5362//5362 
f 5362//5362 5491//5491 5398//5398 
