v -12.22851849 222.8315887 -204.9210205
vn -0.1032223478 0.4549012482 -0.8845394254
v 118.6431046 -51.9367218 795.3778076
vn 0.6583815813 -0.7521138191 -0.02930026688
v -80.60819244 -10.87704563 742.1470337
vn -0.771454215 -0.6331734657 -0.06284669042
v 4.508563995 255.0468903 -158.8419189
vn -0.03968968615 0.955122292 -0.2935407758
v -15.0216856 263.3270569 53.99591446
vn -0.9411287308 0.3211107552 0.105662562
v 62.77418137 -75.89608765 808.5834961
vn 0.1687136143 -0.9848718643 0.03953613713
v 6.133013248 -283.8259277 125.6619492
vn -0.4574427307 -0.8882641196 0.04162919521
v 84.41423035 135.3590698 -937.1448364
vn 0.259891808 0.9342442751 -0.244220987
v 71.6842041 -58.74599457 -850.4071045
vn 0.2238761783 0.973969698 -0.0355319865
v 74.3059082 146.4171753 340.3206787
vn 0.1206169203 0.9898600578 -0.07502410561
v 51.74189758 280.9444275 173.1363525
vn 0.393877238 0.9188433886 -0.02424005792
v 144.0514832 -80.39073944 116.584137
vn 0.9331201911 -0.07054515928 0.352576375
v 86.00926971 -59.98383713 -518.151001
vn 0.7848026752 0.6173137426 0.05484930053
v -19.57196426 242.741745 -175.8460388
vn -0.6842935681 0.6811879277 -0.260240823
v -136.8388672 52.41849899 -942.8303223
vn -0.04344677553 -0.2785980403 -0.9594245553
v 108.1817398 -108.2076645 -926.6764526
vn 0.968180418 -0.2467471808 0.04174266383
v -7.758443832 -209.849411 547.4679565
vn -0.819588244 -0.4440506697 0.362069279
v 53.23278809 -146.3160248 -850.6359863
vn 0.003504870227 -0.9892047048 -0.1464982629
v 160.4291077 -4.094107628 89.77428436
vn 0.9423230886 -9.922701429e-05 0.3347045481
v 83.24575043 262.2429504 219.5524597
vn 0.7859219909 0.6181185246 -0.01600275189
v 22.34209824 168.76651 321.7847595
vn -0.1598774046 -0.9676442742 -0.1952017993
v 145.3082275 105.0375214 483.2949524
vn 0.9003558159 0.4310174882 0.0598613359
v -14.3086195 215.6997223 516.5099487
vn -0.8581245542 0.4493304789 0.2484439015
v -5.388305664 207.5583191 -37.43225861
vn -0.2165046036 -0.9732011557 -0.07749367505
v 95.32287598 -197.9624329 478.6452942
vn 0.9864168763 -0.1147494614 0.117534034
v 87.86474609 -166.198822 447.2085266
vn 0.8544474244 0.4966514707 -0.1525020897
v -57.19588852 246.99086 -127.6717377
vn -0.6812668443 0.7317090034 0.02184997126
v 68.21682739 70.31004333 660.4973755
vn -0.05295999721 0.4809028506 0.8751729727
v 106.1146622 -123.8248825 -482.4037476
vn 0.9891584516 -0.115238063 0.0910262838
v 109.0362167 23.64516258 663.7598267
vn 0.9135733843 0.3881267905 0.1214137003
v -60.02657318 -221.3311768 -78.95664978
vn -0.8914396763 -0.4384669662 0.1143767163
v -90.39568329 -35.68759918 240.760437
vn -0.9943659902 -0.06925064325 0.08025378734
v 64.92086029 6.788811207 903.0978394
vn 0.3667676449 0.1435757875 0.9191667438
v 3.55369091 -59.84877396 709.9483032
vn -0.1078629494 -0.9312264323 -0.3481132984
v -24.7299633 -258.3371887 -10.91489887
vn -0.8870854378 -0.4491467476 0.1065206081
v 94.55628967 -117.339447 -408.1532593
vn 0.9923103452 0.02240808494 0.1217296347
v -36.57431793 -180.0156097 -210.2080536
vn -0.8516798615 0.2387966812 -0.4664949179
v 26.86503792 -47.03928375 640.0792236
vn -0.6467786431 -0.7605092525 -0.05747253448
v 148.5857697 -56.08971405 257.946167
vn 0.988263309 -0.08701550961 -0.1255544275
v -83.48013306 48.02838516 374.3123169
vn -0.9953116775 0.0965853557 -0.005091046914
v -3.878100872 -59.76766205 -933.0668335
vn 0.186609745 0.2049727291 -0.9608137012
v -10.74350739 -211.8503113 -186.3464661
vn -0.2192139626 0.7788634896 0.5876367092
v 17.97123146 44.71717453 640.7189331
vn -0.6997534037 0.7123063207 -0.05445128679
v 85.52565765 -260.2059021 239.0409851
vn 0.761910975 -0.647347033 -0.02082002722
v 4.594657898 165.7496643 63.46627045
vn -0.243683964 0.9603882432 0.135175854
v 110.7554703 151.0058441 514.1864624
vn 0.8114522099 0.5823982358 0.04855469987
v -35.78562164 189.3473969 -215.8845062
vn -0.641469121 -0.4191253483 -0.6425350308
v -58.12149429 -154.5922241 -901.4759521
vn 0.02296870947 -0.9837295413 0.1781814098
v 153.204483 129.3713989 -14.80036545
vn 0.859223187 0.4999009669 -0.1087866873
v 26.30514717 -253.769928 -60.29465103
vn 0.2735719085 -0.9210640192 -0.2771271467
v -86.12401581 -63.56913376 210.4128876
vn -0.9013443589 -0.4298203588 0.0532242842
v -73.79457855 -80.70980835 324.1427917
vn -0.9136579633 -0.4064658582 -0.003822299186
v 92.21445465 133.835495 -411.4907227
vn 0.891856432 0.4217749536 0.1633953005
v -49.26663589 -128.2463379 -270.6892395
vn -0.8989189863 -0.4222941995 -0.11667151
v 30.05175972 -155.1899872 598.6428833
vn -0.0464416407 -0.407356441 0.9120876789
v 45.13349533 -83.01278687 785.7938843
vn 0.3000908196 -0.9522196651 -0.05677353591
v -48.38724518 -148.1425781 -191.4097443
vn -0.6782484055 -0.7305834293 -0.07891089469
v 9.751170158 -134.0272827 -846.0570679
vn -0.6545622945 -0.7282263637 -0.2030631304
v -66.09228516 18.51527214 794.7008667
vn -0.9761192203 0.1638334692 -0.1426530331
v -6.275408745 72.21737671 -524.9924316
vn -0.8672264814 -0.4870397151 -0.1034919545
v -17.43291664 258.7180176 -55.96762466
vn -0.08111884445 0.993814826 -0.07584062219
v 101.3706741 93.71885681 -856.3896484
vn 0.9796313643 -0.1208299845 -0.1603823006
v 23.09762955 151.8064117 176.5589752
vn -0.08265288174 0.9945418835 0.06367858499
v -43.18841553 -47.78457642 842.1437378
vn -0.6942687631 -0.6759206057 0.2472291142
v -29.21721458 -62.54137421 835.1967163
vn -0.4423976839 -0.8788270354 0.1787382215
v 61.25643539 76.64805603 774.4672241
vn 0.1772677153 0.9813594222 -0.0742283538
v 109.6507492 -90.28170776 -717.2313232
vn 0.9188723564 0.3945231736 0.005008651875
v 81.30515289 -65.8014679 661.5141602
vn -0.2834782898 0.2731494606 0.9192548394
v 129.2872314 -15.52149963 836.3094482
vn 0.8936471343 -0.1881881505 0.4074064493
v -10.23978233 128.3091431 -586.2756958
vn -0.9218743443 0.3753073215 -0.09639573842
v -37.99573135 212.7318878 -211.9512634
vn 0.01734849252 0.3509136736 -0.9362471104
v 155.6472778 -81.15117645 457.8854065
vn 0.9374222755 -0.3481924534 0.001202929881
v -51.78310394 -33.68286896 781.1901245
vn -0.686969161 -0.2916488945 -0.6655932069
v 34.83026886 50.59865952 -715.5170898
vn -0.3416683674 -0.938352406 -0.0525117144
v 166.7318115 15.3235178 431.8163147
vn 0.9996153712 0.02518738806 -0.01160373259
v 42.24032974 60.48962402 636.541687
vn -0.4385373592 0.8720926046 0.2171162516
v 92.1785202 -137.8382416 -418.2932129
vn 0.8815453649 -0.4576864541 0.115762189
v -25.26945496 198.1989288 491.792572
vn -0.9615699649 0.2720177472 0.03727712482
v 59.17144775 163.7197723 -681.5223999
vn -0.0830681771 0.9956384301 -0.0424717702
v 104.8942337 37.83100128 693.9124146
vn 0.7934725285 0.4806559682 -0.373324573
v 35.96363449 251.0233307 -77.07200623
vn 0.5927973986 0.8050072193 -0.02355027571
v 9.360352516 200.1937561 236.3239899
vn -0.8122218251 -0.5720984936 -0.1140131652
v 18.78576469 76.89875793 759.6038208
vn -0.2516585588 0.9513321519 -0.1778627187
v 70.47061157 185.8353424 177.6576233
vn 0.5812306404 -0.7968338132 -0.16500552
v -79.03969574 90.76545715 426.059082
vn -0.9399091005 0.3397461772 0.03381442651
v -57.8298378 33.50472641 759.1583862
vn -0.8300361037 0.5028481483 0.2412132174
v -10.35061359 -213.1246948 -202.4226379
vn -0.313116014 -0.2545275092 -0.9149721861
v -11.67659855 -66.84468079 606.638916
vn -0.6442447305 -0.660864532 0.3849763274
v 92.49906158 -65.47026062 -893.8648682
vn 0.3922293484 0.9197527766 0.01452536229
v -53.49365234 -239.7526398 -140.9880676
vn -0.5652076006 -0.8119249344 -0.1460078806
v 20.15350914 -71.87760925 738.8293457
vn -0.1498264521 -0.9563655853 -0.2508324087
v 152.01474 -95.49346161 -59.95034409
vn 0.9640877247 -0.1143203229 -0.2397201508
v -122.6530228 154.1940918 -919.7192383
vn -0.300299108 0.9525948167 0.04882154986
v 129.6677856 87.74199677 -183.0023041
vn 0.9757247567 -0.1353263557 -0.1721857339
v 23.9700489 57.81877899 -803.8803101
vn -0.4954220951 -0.8685532808 -0.01311888639
v -62.9241333 -8.256661415 690.2261963
vn -0.9702720046 -0.1461530924 -0.1929028034
v 109.3227005 -67.85811615 645.2965088
vn 0.5748098493 -0.6278063655 0.5248360038
v 66.09809875 -242.9921722 77.44213867
vn 0.9633536339 -0.1661577523 -0.2105738521
v -80.50905609 -50.84152985 472.9923706
vn -0.9540951252 -0.09362722188 0.2844932377
v -58.56550598 -29.77882576 835.1897583
vn -0.904163599 -0.3885802925 0.1774642318
v -59.8372345 237.5268707 -115.9135437
vn -0.998886168 -0.04002396017 -0.02499040961
v -1.621938109 71.89370728 -832.2597656
vn -0.8145278096 -0.5623853803 0.1423625648
v 115.4997253 42.36491013 659.7196045
vn -0.002685868647 0.1394670904 0.9902230501
v -57.31524658 204.0694275 -216.6175232
vn -0.01405978482 -0.4518322051 -0.8919921517
v 110.0994873 -101.2433929 -845.5840454
vn 0.9389169812 0.1089138761 -0.3264546394
v 65.73651123 -63.81633759 -935.2800293
vn 0.07340836525 0.9777277708 -0.1966203898
v 147.6847534 3.971136093 116.3670731
vn 0.9491467476 0.000887657865 0.3148327768
v 32.11893082 -15.22533894 904.8916626
vn -0.1290902197 -0.2724917233 0.9534589648
v 59.12288284 -150.7738342 358.2049255
vn 0.1349005699 -0.9828495979 -0.1257319897
v 99.68180084 149.579071 -592.0916138
vn 0.7555874586 0.6548054814 0.01781515777
v -2.333424091 -193.7748871 -197.4642792
vn 0.6746250987 0.2079916745 0.7082517147
v -158.8769531 -129.1609192 -942.7739258
vn -0.1271397024 -0.160034731 -0.9788893461
v 30.20568085 270.3539429 247.3613739
vn -0.3547037244 0.9198327065 0.1676098704
v -32.15775299 239.0783081 -32.01272964
vn -0.9210309982 -0.2387025952 0.3077710271
v -170.8478546 110.3415527 -937.4747314
vn -0.9499232769 0.2693774402 -0.1583716124
v 24.42461967 -265.6844482 -27.7997551
vn 0.2504447103 -0.9595092535 -0.1289162636
v -11.57266617 240.5520325 -188.5350342
vn -0.1520647258 0.8670847416 -0.4743842185
v -22.44818115 -158.8196869 441.5479126
vn -0.8541916609 -0.4512761235 -0.2582759857
v -39.78997421 146.8927155 455.6664734
vn -0.8228573203 0.5653547049 -0.05727054551
v 161.4786682 47.55699539 -38.30292511
vn 0.8809990883 -0.0870635286 -0.4650382102
v -172.9710236 89.34049225 -928.4769287
vn -0.987911582 -0.0976069048 0.1204310209
v -102.4356308 159.3730774 -935.9332886
vn -0.02369550988 0.9903334975 -0.1366678774
v 28.09428024 153.2666321 364.7164917
vn 0.2574496269 0.8327642083 -0.4901260138
v -168.864212 -102.0848694 -914.0137939
vn -0.8896312118 -0.1104653552 0.4431182146
v -80.26741028 65.62089539 318.6559143
vn -0.9590064883 0.2832809091 0.00764893787
v -34.96234131 202.4889526 -72.30910492
vn 0.07538934797 -0.9708450437 0.2275441736
v 95.07038116 -91.48576355 -442.1504822
vn 0.9377139211 0.3340429366 0.09543516487
v 12.59293747 197.5503693 101.8104706
vn -0.6298503876 -0.774314642 -0.06103546917
v -13.72119522 48.85201645 -371.2805176
vn -0.6933038235 -0.7022587061 -0.1617481261
v 2.06017971 92.78830719 -721.1644897
vn -0.9643697143 -0.2638047934 -0.0199530758
v 164.5501251 -47.26387024 448.1782532
vn 0.9920275807 -0.1237339824 0.02390044741
v -9.439883232 -72.69527435 -853.9661865
vn -0.4051178098 0.2922995389 0.8662797213
v -29.74240112 -258.6786804 -40.25882721
vn -0.6997784376 -0.7102737427 0.0762976557
v 3.24664402 242.5432739 -180.0471191
vn -0.1381531209 0.4763205349 -0.8683504462
v 25.56036949 79.21017456 742.949707
vn -0.09109782428 0.9358453155 -0.3404331505
v 28.39143372 148.8081207 306.180603
vn -0.01338987797 0.9998159409 -0.0137400981
v -23.20403862 141.0885162 -405.4259644
vn -0.8062220216 0.583553791 -0.09731902182
v -61.7550621 -128.3115082 -137.2587128
vn -0.957875669 -0.2849209011 -0.03597560525
v 54.25963593 -70.61991119 -943.5718994
vn -0.1159714758 0.1807699054 -0.9766641259
v 9.872041702 232.6266327 -177.4664764
vn -0.06052641943 -0.9672143459 0.2466434389
v -47.17338943 216.2963409 -202.2364349
vn -0.3014782965 -0.8555186391 0.4209496975
v -145.9915466 144.1110229 -930.269043
vn -0.5376514196 0.8339840174 -0.1241031513
v 17.06394005 51.42341995 686.3330688
vn -0.3944252133 0.8691189289 -0.2984309494
v 107.3723297 -34.66824341 696.8483276
vn 0.8559715152 -0.402987957 -0.3239034712
v 170.1610107 74.3411026 -20.4223175
vn 0.9850670695 0.01336865872 -0.1716513485
v 38.79673004 240.9984589 -89.79946136
vn 0.9666294456 -0.2383804619 -0.09382020682
v -139.4690857 -146.9935455 -915.0367432
vn -0.4802196622 -0.8550648093 0.195584476
v -57.30424118 202.3915405 -158.0753174
vn 0.8555327654 -0.1451627612 -0.496982336
v -77.78798676 75.9985733 243.3200684
vn -0.8581494093 0.5133906603 0.003100353293
v 95.90055847 -47.07389832 645.6340332
vn 0.6933244467 -0.5591739416 0.4545609653
v -97.06484985 -0.5451917648 66.86618805
vn -0.9685773253 0.05340792239 -0.2429105937
v -18.69123459 -152.3340759 -348.4519043
vn -0.583728075 -0.8085525036 -0.07419175655
v -0.4750021696 19.76010132 619.7443237
vn -0.914385438 0.1922622472 0.3562787473
v 52.84669876 -257.3184814 370.7709045
vn 0.2329445928 -0.9664133191 0.1085452065
v -153.9609375 -57.8999176 -909.4146118
vn -0.5236017704 0.5634114742 0.6390686035
v -26.23455429 151.9677887 57.83569717
vn -0.520229578 0.8458867669 0.117629759
v -42.02470779 -223.4732819 -187.9415283
vn -0.1388266534 -0.847260654 -0.5127148628
v -63.09535217 236.0630951 -166.2892761
vn -0.9754485488 -0.1685193479 0.1417793781
v -60.98200989 45.06014252 791.4196167
vn -0.9036783576 0.383849144 -0.1898033619
v -26.18208885 -56.36344147 -877.3865356
vn -0.07307153195 0.9225244522 0.3789580762
v 74.01034546 -61.5022583 704.7963257
vn 0.1975821257 -0.9427404404 -0.2687038481
v 101.4073181 -62.18823242 796.1863403
vn 0.504645884 -0.8632934093 -0.007549319882
v 33.89461899 263.6288147 312.0265198
vn -0.2279561311 0.9697843194 0.08691579103
v -21.72453308 -211.8646088 -51.97050095
vn -0.09897695482 0.8261863589 0.5546346903
v 120.4443054 -112.6421967 144.3630829
vn 0.8857555985 -0.4557673335 0.08782486618
v 5.025087833 223.3414001 -81.03929138
vn 0.3574992418 -0.8845849633 -0.2995058
v 4.129905701 -248.3830872 369.6890869
vn -0.5879733562 -0.8075293899 0.04672906548
v 39.3505249 -153.5196228 167.1110077
vn 0.03566690162 -0.9976484776 0.05852686241
v -12.68296814 192.6833191 -201.3747406
vn -0.7144185305 -0.4781866372 0.5108264685
v 32.40389633 64.80745697 655.8921509
vn -0.6203873754 0.3359017968 0.7087238431
v 82.66405487 -58.83756256 640.5241089
vn 0.1189543605 -0.8295078874 0.5456799269
v 78.80911255 144.5728912 236.2945557
vn 0.221998632 0.9743310213 0.03735889494
v 138.2576141 25.61484528 774.3218384
vn 0.9044591784 0.3833699226 -0.1870322824
v -168.5133362 108.6051025 -916.0595703
vn -0.8733121753 0.2291195244 0.4299186468
v -13.44619751 -102.8005676 -839.4401855
vn -0.9932134748 0.1158181429 -0.01063509658
v 12.55496407 258.5232239 252.3105164
vn -0.6891215444 0.723413229 0.04224681109
v 92.48616028 -174.2576752 480.4792786
vn 0.9807426929 -0.1951688826 -0.007273919415
v -4.176099777 236.3991089 -194.0452576
vn 0.4232283831 0.6510720849 -0.6300657988
v -7.23865509 78.42064667 -848.9459839
vn -0.5518960953 -0.2849674821 0.7837118506
v -50.46808624 -37.33885193 855.8174438
vn -0.749971509 -0.4671328366 0.4683264196
v 132.6705475 -36.67818832 -94.5278244
vn 0.8470555544 0.4820038378 -0.2239847779
v 33.66016006 14.30804157 906.2054443
vn -0.101767242 0.1531428099 0.9829500318
v -46.0552597 -199.6943512 -72.27448273
vn -0.1634860188 0.8697596192 0.4656077325
v 69.64270782 -270.0854797 260.440094
vn 0.3707867563 -0.9190630913 0.1335672587
v 56.96974564 78.59164429 819.6772461
vn 0.1117098853 0.9879798293 0.1068492308
v 60.35881042 151.7018585 597.7746582
vn 0.1553954035 0.4618661404 0.8732307553
v 28.10982513 -176.5397797 -181.4578857
vn 0.07660387456 -0.9961279035 -0.04313965142
v 86.35113525 -193.2172241 252.2693634
vn 0.7333929539 0.677095294 -0.06063633785
v 70.72108459 -41.68680954 -553.9775391
vn 0.5473183393 0.836843431 0.01164767519
v 10.70887947 232.987442 -114.1657257
vn 0.2073710561 -0.953815937 -0.2173301429
v -28.93460846 257.2681885 -27.54767418
vn -0.9643912315 0.2091851085 0.1618366987
v 26.48974419 -61.72819901 656.1473999
vn -0.4324645698 0.00935971085 0.9016023278
v 57.17448425 -154.3549805 -804.4648438
vn -0.01096102875 -0.9953859448 -0.09532392025
v 11.32890892 -73.84387207 -766.1248779
vn -0.765840888 0.642424345 0.02790484764
v -30.26083374 60.92325974 841.0594482
vn -0.4979466796 0.8420754075 0.2072634101
v -117.046402 15.53205681 125.4110336
vn -0.9481238723 0.1705306321 -0.2682916522
v 32.60647583 161.445343 128.8283386
vn -0.01431071758 0.9561400414 0.2925601006
v 105.7819595 -131.4667816 -839.9786377
vn 0.7039677501 -0.6010143757 -0.3784325123
v -79.65277863 94.6254425 109.5254745
vn -0.8598901033 0.5101418495 -0.01855666563
v 76.37723541 165.572998 -586.3307495
vn 0.3302112222 0.943885684 -0.006353814155
v -19.65112114 220.8280182 -198.7546844
vn -0.8544045687 -0.4528729022 -0.2547526658
v -60.21714783 14.96770954 775.06604
vn -0.8372334838 0.5286052227 0.1400594562
v 7.92134285 225.3614807 -188.6853485
vn -0.6319393516 -0.5172952414 0.5771120191
v -27.38026237 -177.5158844 -212.8925629
vn 0.7345623374 0.5613619089 0.3811705709
v 59.65094376 -160.0704498 -391.9380188
vn 0.3117977977 -0.950124681 0.006722182967
v -27.9087925 111.6240768 -443.8055725
vn -0.9932610989 -0.04273635894 -0.1077309027
v 5.318182468 45.27392578 632.9782715
vn 0.3319108486 -0.8352125287 0.4384691715
v -89.07441711 147.1855469 -890.0529785
vn -0.2438766956 0.519754827 0.8187667727
v 98.76943207 112.0582657 -431.0867004
vn 0.9903943539 -0.05832306668 0.1253693402
v 151.5951385 -50.32723999 554.5934448
vn 0.9602000713 -0.04754150659 0.2752374411
v 2.76815176 171.1340637 -222.6364136
vn -0.2278001308 0.9721714854 -0.05467770994
v 20.58508873 266.1185608 -46.12315369
vn 0.2278071493 0.9421463013 -0.2458947897
v 41.35867691 -60.89691162 663.1420898
vn -0.1058921292 -0.9373130202 0.3320108652
v 65.20315552 -242.0819092 480.0971375
vn 0.4817877114 -0.8679319024 0.1207259968
v -23.04242134 -152.0231781 -925.9355469
vn 0.1029788777 -0.9907393456 -0.08849226683
v 89.48468781 -64.28650665 -831.6508179
vn 0.6831493378 0.7290492654 -0.04235742241
v 11.28445911 164.094223 -332.6825562
vn -0.1695260406 0.9823909402 -0.07854264975
v -38.62087631 -145.4246521 48.48990631
vn -0.6892846227 -0.7203304768 0.07752876729
v 55.96834946 204.8563385 83.01392365
vn 0.6491488814 -0.7245718241 -0.2315198034
v 23.26945305 -220.0243225 -49.28217697
vn 0.3738468587 0.8608536124 -0.3452094197
v -58.63616943 210.3021393 -155.8649292
vn 0.271798104 0.8361722827 -0.4763839841
v 35.68970871 -238.4091492 -112.3131714
vn 0.9057502151 0.4021122158 -0.1338740587
v 26.36389923 63.58738708 -931.6212158
vn -0.09468696266 -0.4464592338 -0.8897800446
v 8.876682281 154.8786163 131.2879791
vn -0.2847956121 0.9178908467 0.2763473392
v -67.54644012 -110.5606995 121.4952087
vn -0.777712822 -0.6279115081 0.0298323147
v 99.48578644 56.46910858 647.8062134
vn -0.5713876486 -0.8206582069 0.006022553425
v 1.169385195 -29.64134216 652.1973267
vn -0.7325444818 -0.6308012009 -0.2558679283
v 39.62555313 64.3170166 645.2506104
vn 0.4060760438 -0.9075489044 -0.1070384309
v -88.02838898 -3.171063423 746.6605225
vn -0.9842595458 -0.1616228223 0.07149276882
v 108.7277298 -85.44261932 -939.4365845
vn 0.7429539561 0.09390719235 -0.6627222896
v -28.36552238 257.7756348 -44.43463135
vn -0.5557272434 0.8309818506 0.02522559278
v -110.3465652 27.37777901 138.5058136
vn -0.7464963198 0.2065282911 0.6325260997
v 113.6241226 113.3024368 -297.2450256
vn 0.9777120352 0.1391036958 -0.1572555006
v 38.64716339 250.8198395 -56.66303253
vn 0.6402680874 0.7445060611 -0.1891230643
v 58.10773087 217.4304657 553.1040649
vn 0.5589712262 0.6004622579 0.5718358755
v -109.9559555 -49.24917221 -898.4547729
vn -0.1452609152 0.7826510668 0.605273962
v 62.0126915 -107.6559982 618.2584229
vn 0.01500710286 -0.4929588139 0.869923234
v -96.87106323 47.49825287 -897.1558838
vn -0.05486100167 -0.9041565657 0.4236640036
v -5.103367329 -71.7592926 -536.7173462
vn -0.8370692134 0.5390073657 -0.09373481572
v 121.9094315 153.942688 -47.11580276
vn 0.5954269171 0.7999947667 -0.07399407774
v -14.88880634 -205.3253632 -75.57590485
vn 0.3354943693 0.9387651086 0.07850841433
v 88.90187073 135.0207367 -893.8847656
vn 0.5661192536 0.8240875602 -0.01971560717
v 15.85476303 -282.0589905 82.27199554
vn 0.001037708018 -0.9947957397 -0.1018841788
v -61.28668213 31.81343651 740.7184448
vn -0.8057152033 0.5746947527 -0.1433489621
v 69.42918396 149.1009369 -845.3497925
vn 0.1740705073 0.9705144763 -0.1667364985
v 62.20798111 -262.8716431 98.17781067
vn 0.7368343472 -0.6599119306 -0.1469399929
v -157.8849335 57.46982193 -912.1575317
vn -0.6504299641 -0.6489306092 0.3947529793
v -31.42027855 167.507782 518.4271851
vn -0.92285043 0.2824178338 0.2618916035
v 84.77404785 -24.13123703 888.0912476
vn 0.5388092995 -0.2656670213 0.7994408011
v -47.59263992 202.1611938 -123.5293884
vn 0.6401280761 -0.7634406686 -0.08599039167
v 6.723400593 37.39321899 620.104187
vn -0.7988644242 0.2767289579 0.5340755582
v 60.14540863 64.93049622 655.2036743
vn 0.05421092361 0.9918866158 -0.1149872914
v 20.89325523 -224.5654907 -178.8956604
vn 0.9380059242 0.3440951705 0.04175440222
v 54.30195236 -60.64006805 655.4805908
vn 0.1204491556 -0.9927043319 0.005484566092
v 14.90461063 164.0390015 -441.0452271
vn -0.2514908314 0.967636168 -0.02079866454
v -46.64299393 98.2410965 -320.5808716
vn -0.9876444936 -0.02931650728 -0.1539445519
v 163.1256409 35.24298859 501.51474
vn 0.9932488799 0.06065526232 0.09888195246
v -67.957901 210.5529175 -145.3759613
vn -0.7583631277 0.6320027113 -0.1595553011
v -55.11361694 -227.781601 -89.18001556
vn -0.9458690882 -0.3047559559 0.1116043404
v 139.2064209 -101.9825516 325.9108582
vn 0.900326252 -0.4328380227 -0.04543050751
v -40.05233383 -155.1370544 484.5720825
vn -0.9123915434 -0.3819542229 -0.1471482664
v 38.42882156 242.4668121 -59.86828995
vn 0.9840379357 -0.08521041274 -0.1562322229
v 105.8802032 59.93002319 831.2197266
vn 0.5516470671 0.8039292693 0.2222235203
v -26.65953827 209.2211456 -95.92162323
vn 0.3868530095 -0.5531985164 -0.7377778292
v 14.27412987 216.5785217 -200.4574738
vn 0.5347000957 0.2351427078 -0.8116672635
v -108.1607208 -42.42063522 -937.9403076
vn -0.04091847315 0.6198393106 -0.7836612463
v -66.63405609 -193.5983124 -153.5102386
vn -0.9345183969 -0.1933878213 -0.2987916768
v -11.76006222 247.5011902 90.90499878
vn -0.9674292803 -0.2432693392 0.07000470161
v 41.92747498 -244.9597626 -56.61565781
vn 0.918197155 -0.3085018992 -0.248476401
v 79.01501465 144.9897766 -383.8930664
vn 0.8113461733 0.5756031275 -0.1019725278
v 90.84910583 -149.4022369 -318.3119812
vn 0.6503219008 -0.7531935573 -0.09889840335
v 38.80616379 158.9358063 -707.7272949
vn -0.3454960287 0.9368417263 -0.05440694094
v -20.57897949 159.3376312 430.1665344
vn -0.832470417 0.4987938404 -0.2412421107
v -75.28509521 -96.63951111 71.19844055
vn -0.8681792617 -0.4943414032 -0.04348934814
v -17.98633385 230.5616302 -198.335434
vn -0.2939873636 0.6832027435 -0.6684350371
v 6.380764484 -138.5967102 -819.9086914
vn -0.6282887459 -0.7778849602 0.01217481773
v 23.93946075 160.7161102 113.091362
vn -0.1704137623 0.97641325 0.13257581
v 95.07605743 -60.79915237 841.7072144
vn 0.5670931935 -0.7790637612 0.2673291862
v 90.88368988 47.9967804 663.9900513
vn 0.676484406 0.7171210051 0.1676494777
v -159.381485 100.6561661 -903.6858521
vn -0.3737103939 0.007386438083 0.9275160432
v 46.4143486 143.7720184 -855.9464111
vn 0.002985824132 0.997698307 0.06774357706
v 68.01911926 -178.8857574 273.7708435
vn 0.412199676 0.9081298709 -0.07342746854
v -9.118574142 158.2255707 395.2813416
vn -0.8845185041 -0.2316937894 -0.4049012363
v 129.100708 -45.4899025 638.6957397
vn 0.8831086755 -0.3363935947 0.3270449936
v 122.2880249 -156.596283 -23.12403297
vn 0.5748964548 -0.8150843978 -0.07163424045
v 47.19490433 -80.85147095 771.2062378
vn 0.3441240191 -0.9213627577 -0.1807466596
v 29.4479332 38.08312607 -486.8581543
vn -0.3335245848 -0.9414941669 -0.04847729951
v 0.9627136588 -251.895401 218.6747742
vn -0.9644517899 -0.2030094415 0.1691743284
v -128.7824707 -150.7801056 -938.8178101
vn -0.301771909 -0.7202848196 -0.6245986819
v 3.905472755 -221.4420471 232.6256104
vn -0.9973787069 -0.03045416996 -0.06563743949
v 27.42853165 -87.93786621 624.4984741
vn -0.5052164197 -0.6920505166 0.5155797005
v -161.5930481 -62.02660751 -930.3718262
vn -0.7649703026 0.6435698271 0.02526486292
v 49.71127319 -12.34235954 906.2871704
vn 0.1867276579 -0.2765009105 0.9426982403
v 137.2731323 107.1601791 332.4963989
vn 0.8809866905 0.4700943828 -0.05360665172
v 71.608078 270.4250793 246.8416748
vn 0.3707148731 0.9232597351 0.1008061692
v -8.754466057 -164.7093048 388.7972717
vn -0.5870674849 0.7738354802 -0.2377612442
v 99.24976349 231.3058472 273.0325623
vn 0.9692669511 0.2459918857 0.003100184491
v 169.5455017 -17.86580467 -3.889435053
vn 0.9807731509 -0.009159826674 -0.194936201
v 56.23432541 -277.5296326 224.9670715
vn 0.09448956698 -0.9881278276 0.1211406961
v 98.17214966 -215.4055786 247.2369232
vn 0.9627921581 0.2636548877 -0.0593075566
v -65.23253632 200.8171844 -161.2316589
vn -0.8732510805 0.05090229213 -0.4846044481
v -16.45119476 227.180191 -190.1099396
vn -0.140142709 -0.851606667 0.5051000714
v 49.39011765 176.5807037 194.0306549
vn 0.04276239499 -0.9981173873 -0.04396713153
v 41.36694717 250.5157776 -29.84292412
vn 0.821192205 0.5501412153 -0.1516180187
v -21.99039078 61.96246719 729.3024902
vn -0.2697752714 0.9458903074 -0.18031317
v 125.4089508 127.3067093 373.475708
vn 0.7772207856 0.6214241385 -0.09879203141
v 76.46208191 -8.392947197 -82.84548187
vn 0.2026227415 0.9688700438 -0.1422493607
v 59.56964111 62.54636383 -917.1325684
vn 0.1204541773 -0.9815835953 -0.1482715905
v 53.06555939 -36.03553391 -526.3291626
vn -0.003808074165 0.999822557 -0.01844935678
v -58.07633209 223.547287 -182.4009552
vn -0.1253477186 -0.9131683707 0.3878291845
v 24.39416122 57.90740204 644.5583496
vn 0.41670838 -0.9006203413 0.1234386936
v -81.24221802 8.363218307 745.0670166
vn -0.8098817468 0.583260417 0.06244065985
v 83.82115173 -157.2349854 127.8583603
vn 0.1968275607 -0.9451777935 0.260572046
v -32.56297684 65.41713715 798.8500977
vn -0.3710819185 0.9281098247 -0.03017129004
v 38.09837341 142.784256 -932.7357788
vn 0.0777412951 0.8956147432 -0.4379846454
v -60.26771545 202.6439362 -86.19736481
vn -0.5713393092 -0.7458209991 0.3425236046
v 22.79799461 243.9526978 525.829834
vn -0.2472323477 0.9314532876 0.2669661045
v -119.8925552 99.42425537 -943.8392334
vn 0.00547538558 0.009105150588 -0.9999435544
v -54.34562683 19.54723549 668.6107178
vn -0.5566202998 0.4746803045 -0.6818009019
v 85.28882599 236.2595978 424.9729919
vn 0.6192435622 0.7751845121 0.1250054091
v 80.79528046 -167.2390442 -187.8485565
vn 0.3738172352 -0.9253198504 -0.0635914579
v -6.889278412 147.7911987 357.7414246
vn -0.3158693016 0.9381222129 -0.1419622153
v -29.77648735 145.9942474 -940.6685181
vn 0.2002193779 0.2412672639 -0.9495800734
v -42.46232986 43.95777512 -193.0955811
vn -0.7997222543 -0.5876361728 -0.1229959503
v 72.20343781 167.2595367 -218.4064789
vn 0.3239554167 0.9440642595 -0.061607752
v -34.57826233 135.8158722 379.4522705
vn -0.6379421949 0.7565680146 -0.1436476856
v 78.84489441 75.22502136 804.0545044
vn 0.2694275975 0.9626892209 -0.02526423521
v -15.07898712 -255.529541 -73.41069031
vn -0.1015082151 -0.9850310683 -0.1393193901
v 154.1415863 68.12865448 362.3953247
vn 0.9613122344 0.2679260075 -0.0639879033
v -6.753937244 118.5527878 -803.3760986
vn -0.9171721339 0.3849384785 0.1030421853
v 123.8104324 -24.34357643 733.1945801
vn 0.922778964 -0.2535918057 -0.2901210189
v 25.49621391 252.4189301 -147.8585205
vn 0.9256631136 -0.2280017734 -0.3019320667
v 119.2144165 134.4686737 134.6864929
vn 0.7095391154 0.5146363378 0.4813560843
v 14.21234512 -230.3804779 548.0553589
vn -0.3228591383 -0.795037508 0.5134952068
v -51.73205185 115.0233688 332.0223999
vn -0.7423390746 0.6681390405 -0.05022862181
v -37.82956314 53.97517395 563.9613037
vn -0.8886637688 0.1455066502 0.4348615408
v 44.56798935 92.46633911 -940.8209839
vn -0.1340740323 -0.0205547791 -0.990758121
v 79.81548309 140.6521759 -857.1564941
vn 0.4405094087 0.8846120834 -0.1530128419
v 1.944638371 -161.9089661 -430.413208
vn -0.4052000344 -0.9135392308 -0.03548174724
v 33.33842468 230.3355103 -61.97210693
vn 0.6720526218 -0.7158601284 -0.1894454807
v 2.262907743 -37.61288834 -362.7587891
vn -0.3204202056 0.9372340441 -0.1375619918
v 42.96763992 178.742691 -116.7653656
vn 0.04855551198 0.9983723164 -0.0299188178
v 55.52783966 -195.2539673 108.4425201
vn 0.5969132185 0.7704749703 -0.2237474024
v -59.08372116 -232.7265015 -118.0277786
vn -0.9849383235 -0.1713378727 0.02323400229
v 120.016304 -145.5938568 -123.1358109
vn 0.7368406057 -0.6680362225 -0.1038915738
v 99.76686096 200.7302551 348.5048218
vn 0.9546297193 -0.2950978577 -0.03999161348
v 132.7338715 -130.0395813 462.6534119
vn 0.8500394225 -0.5265306234 -0.01408867072
v 130.8320923 85.40848541 592.5253296
vn 0.8778628111 0.3043439388 0.3697724342
v 76.62362671 91.39694977 632.0516357
vn 0.2790491283 0.7618731856 0.5845347047
v 41.98755646 -70.55923462 744.3823242
vn 0.173202768 -0.917301476 -0.3585510254
v 61.61803436 178.8778229 234.714447
vn 0.1455245018 -0.9860142469 -0.08123155683
v 28.25103569 -53.48428726 660.7636108
vn -0.5967940092 -0.7960903645 -0.1003845185
v 25.14979362 -240.8280334 -147.0832367
vn 0.6452792287 0.7489148378 -0.1508021504
v 96.36812592 -146.8558502 -486.6907654
vn 0.7512307763 -0.6565826535 0.06746520102
v 156.8849792 -6.769268513 -35.97431564
vn 0.8468901515 0.03884781525 -0.53034693
v -18.38298798 -219.3878174 -41.60235214
vn -0.484888792 0.8087193966 0.332950145
v 28.59476471 149.2753601 346.7304993
vn -0.001095212298 0.9945995808 -0.1037810296
v -40.48854828 32.49953079 674.2003784
vn -0.1576834619 0.6924644113 -0.7040092349
v 107.6216202 51.19931412 728.0064697
vn 0.7472993135 0.6156506538 -0.2500360012
v -25.71256065 165.1475067 -168.7268372
vn -0.4460501969 0.893625617 -0.04972386733
v 141.2531281 -28.4977417 194.0581818
vn 0.9985511899 -0.03510244191 -0.04078352824
v 78.84041595 160.8476257 426.6525269
vn 0.9059668183 0.2340933681 -0.3527385294
v 131.0554504 -49.29793167 618.1898193
vn 0.9521376491 -0.2258025855 0.206026867
v 2.677767038 69.77005005 -843.265564
vn -0.5057647228 -0.8217832446 -0.2624391317
v 103.1372528 140.3808289 345.8226929
vn 0.4471601546 0.8888888359 -0.09962156415
v 83.99856567 -47.03473663 692.810791
vn 0.5739248991 -0.8109285831 -0.1140393987
v 88.2789917 206.3690033 184.3999329
vn 0.8659805059 -0.4615180492 -0.1925587952
v -39.04452515 229.7534485 -201.0214233
vn -0.1331375092 0.6636837721 -0.7360695004
v 21.33360291 222.1673279 -63.05482483
vn 0.3542520702 -0.909221828 -0.2186804414
v -32.02237701 116.8031235 548.2546997
vn -0.891430378 0.1914017349 0.4107520282
v 87.72689819 67.44792175 742.8512573
vn 0.4059405327 0.9056481719 -0.1225301325
v 4.639030457 52.79042816 644.0466919
vn -0.625176847 0.254057467 0.7379760742
v 75.56472015 64.2997818 640.6691895
vn 0.1960987151 0.4350741506 0.8787808418
v -123.3289566 150.6639099 -941.3130493
vn -0.1222510263 0.3146103919 -0.9413155317
v 100.3418655 -217.1814728 405.2570801
vn 0.9871131778 -0.1523062587 0.04909542575
v -95.30563354 -60.80693436 112.3750534
vn -0.9107137322 -0.3823931813 -0.1561281085
v -14.92434311 231.4521027 -168.9121246
vn -0.3026468456 -0.9356874824 0.1813665777
v -77.00918579 -78.04116058 460.3947754
vn -0.9390972853 -0.2951089144 0.1760880649
v -56.76842499 -225.6656647 -139.79216
vn -0.7673131227 0.63001436 0.119634755
v 160.4818573 -17.07089233 522.8682251
vn 0.993039012 -0.04078104347 0.1105010509
v 98.16345978 -161.152771 462.4845276
vn 0.6239845753 -0.7725303173 -0.1176439375
v -36.84962463 232.0508423 -154.5098572
vn 0.2394910902 -0.9694350958 0.0532881096
v 106.0748444 132.5054474 -506.4068298
vn 0.9487471581 0.3108238876 0.05716086924
v -66.04354095 63.92140579 -878.4138794
vn -0.3065994978 -0.3064916134 0.9011435509
v -67.95436859 195.8146362 -150.4951172
vn -0.6506386399 -0.7593840361 0.002290862147
v -1.482917666 -214.0128632 -45.42635345
vn 0.1498636752 0.9826965332 -0.1088503599
v -41.9480629 -245.226944 -62.06139374
vn -0.8553324938 -0.4265100658 0.2941011786
v 22.41052055 207.1182709 -11.43900967
vn 0.1408525854 -0.9866268635 -0.08202430606
v -117.8634872 -11.1299181 125.6426697
vn -0.9429311156 -0.2100421488 -0.2583858073
v 41.64351273 170.6850891 -286.9433899
vn 0.04113367572 0.9972499013 -0.06164965406
v -28.34973717 194.4871979 -217.4633636
vn 0.4971419573 0.2511671484 -0.8305208683
v 0.879545331 106.7781525 -934.1003418
vn 0.07745654136 -0.004842977505 -0.9969839454
v 15.75685501 -225.5164948 -189.8663025
vn 0.4613401592 -0.488866359 -0.7403883934
v 50.39743042 167.9739227 -501.618866
vn 0.001710129669 0.9999697208 0.007589502726
v -6.953224659 -226.1634369 -192.1162109
vn 0.003404995194 -0.7294443846 -0.6840316653
v 28.3530674 -64.50793457 -932.406189
vn -0.09479866177 0.606979847 -0.7890428901
v 46.08044434 -147.628006 295.2340698
vn 0.04875304922 -0.9987826347 -0.007506433409
v -124.0855103 -50.07184982 -942.5294189
vn 0.007472475525 0.1302050054 -0.9914589524
v -40.38072205 157.4394989 -63.34952164
vn -0.5418072939 0.8394192457 0.04266336933
v -38.40967178 -135.3327942 114.6509247
vn -0.5116526484 -0.8513159752 0.1160716787
v -16.41322136 86.53899384 583.3966064
vn -0.7720481753 0.1919861734 0.605873704
v 59.18457031 -66.86184692 660.7418213
vn 0.005442688242 0.9991657734 0.04047404975
v 12.81333637 -221.710907 -180.3558197
vn -0.06312444061 0.6959378123 0.7153221965
v 139.3950958 104.7270889 114.0600204
vn 0.8802014589 0.337875545 0.3332949877
v -0.9686608911 -270.9217834 166.2376099
vn -0.8555936813 -0.5044016242 0.11635492
v 77.45354462 -147.2612915 184.1255188
vn 0.2463491112 -0.9682711959 0.04198874906
v 7.583516598 -64.36379242 -841.545166
vn -0.4086692631 0.8950167298 -0.1787022203
v -9.919991493 23.54663849 669.6213989
vn -0.3390753567 0.6113451123 -0.715041995
v -165.756485 -74.30654144 -912.4760742
vn -0.8358821273 0.2327208966 0.4971338511
v 113.382576 -42.18864441 633.9926147
vn -0.1226066947 0.5244911313 0.8425418139
v -141.2654266 -48.92703629 -929.9190063
vn -0.2802699506 0.9589133859 -0.04397620261
v -30.57865524 172.8330383 477.0622559
vn -0.9736195207 0.2076029032 -0.0946892947
v -12.50268555 -28.68351936 619.4242554
vn -0.1662933826 0.9036267996 0.3947215378
v 20.73856544 -144.5911407 -837.2084961
vn -0.2634337842 -0.9595896602 -0.09894609451
v 166.6638947 103.1402817 -8.709208488
vn 0.9373321533 0.3291742504 -0.1142484769
v -3.986965179 198.0799255 -202.2295837
vn 0.8876028061 -0.1916082948 0.4188645184
v -60.95706558 -71.14997101 515.9713745
vn -0.9016233087 -0.1880035549 0.3895254731
v -60.30953217 -127.9971085 -30.94423866
vn -0.9307471514 -0.3652606308 0.01715873741
v -87.1364975 -33.42163849 321.5357971
vn -0.9931738377 -0.1019228175 0.05672225356
v 88.45509338 -223.4787292 467.5220947
vn 0.7959673405 -0.5869913697 0.1479093134
v 73.60464478 35.1432724 -303.7971497
vn 0.521258831 -0.8381498456 -0.160605371
v -3.427111864 212.3833313 262.1183472
vn -0.9535692334 -0.2141000628 -0.2118180394
v -42.41300964 116.0176086 195.1994781
vn -0.6859095693 0.7274458408 -0.01872572489
v 109.4838867 -85.16470337 -920.300415
vn 0.9705330133 0.2362827212 0.04728774726
v 131.621933 51.81822205 627.4707031
vn 0.9207838178 0.346991241 0.1781973243
v 102.5728531 114.880188 -892.2157593
vn 0.9517642856 0.2978708148 0.07360496372
v 50.87156677 67.34020996 637.416687
vn 0.05442718416 -0.8324642181 0.5513991117
v -51.83155441 -81.86752319 -266.5221863
vn -0.9378922582 0.3235291243 -0.1252477914
v -3.274402857 146.1125793 302.3676758
vn -0.2256417572 0.9736753106 -0.03228283301
v -85.2429657 -106.6629181 -943.5994263
vn 0.02618456632 0.01057698857 -0.9996011853
v -3.402662039 -28.03829193 614.6044312
vn -0.3040982187 0.4932923019 0.8149766922
v 156.1543884 -126.8242645 1.111796618
vn 0.8550178409 -0.5182928443 -0.01780371927
v 4.804598331 -226.3406982 -114.3078842
vn 0.2675693929 0.9545121193 -0.1315796226
v -57.33289337 9.888120651 -36.04074097
vn -0.8572778106 0.03603260219 -0.5135916471
v 61.75395584 151.7918091 165.4766693
vn 0.1122600362 0.9910208583 0.07263153791
v -155.0746918 -130.7677917 -910.0369263
vn -0.6676872373 -0.463548243 0.5825090408
v -3.847913027 243.8014221 193.5188599
vn -0.9951595068 -0.01700089499 0.09679100662
v -54.53666687 216.9006195 -130.227066
vn 0.07561184466 0.9372765422 -0.340287447
v 14.15745544 137.4727936 -845.7723389
vn -0.4272756279 0.878792882 -0.2125055492
v 4.379191399 105.3005829 -847.3453369
vn -0.988509953 0.03899247572 0.1460397393
v -7.678233624 -54.14050674 631.7252808
vn -0.6766750813 -0.5439283252 0.4962386489
v -17.01748276 -54.73487854 -925.1605835
vn 0.134239018 0.9840398431 -0.1168139651
v -62.94424057 -37.10438538 793.413269
vn -0.8837660551 -0.3337731957 -0.327952683
v -17.9025135 -235.0975952 -170.4288635
vn -0.2497955114 -0.7549566627 -0.6063354015
v -63.55129242 -96.82863617 267.3940735
vn -0.8101451993 -0.5856403112 -0.02627213486
v -100.3695679 -43.73430634 -922.7996216
vn 0.04060753062 0.9942706823 0.09887812287
v 5.143672466 -15.05253506 -186.1281433
vn -0.1977352649 0.9709070921 -0.1350563616
v 6.683578968 229.3410034 -194.9073486
vn -0.6088178158 0.3404023349 -0.716566205
v -29.82920647 -225.7907562 -189.3646545
vn 0.03506620601 -0.839287281 -0.5425562263
v 39.54635239 -146.917984 -882.3493652
vn 0.09711581469 -0.9943831563 0.04207952321
v 99.89294434 121.1125259 -856.4266357
vn 0.8724951744 0.4529155791 -0.1833565086
v 126.0898209 -125.3832703 373.1193237
vn 0.8030959368 -0.5907188654 -0.07802635431
v 3.718312025 212.4813538 561.3903198
vn -0.7014682293 0.4504459798 0.5523049235
v 19.40585136 251.9866638 -165.7169952
vn 0.738704741 0.5726759434 -0.3554680049
v 127.3540497 115.6638718 310.8768005
vn 0.7428299785 0.6657408476 -0.07065923512
v 55.13208389 164.6699829 102.776413
vn -0.01157842297 0.9927728772 0.1194484085
v 159.1297607 -21.66036415 345.2626953
vn 0.9937787056 -0.03622601554 -0.1053163409
v -2.322789192 30.45646095 662.6206665
vn -0.709389627 0.6796233654 -0.1867577881
v -48.13171005 -144.1993866 -12.7084446
vn -0.7889758348 -0.6094876528 0.07773002237
v -29.08712196 146.0772095 -875.9717407
vn -0.1199943423 0.8727381229 0.4732119739
v -66.88422394 153.6587372 -942.7983398
vn 0.03668192402 0.1714132726 -0.9845160842
v 32.36930084 55.36141968 642.8931274
vn -0.4928450584 0.8696101308 -0.02969765104
v -46.32037354 -204.6963501 -124.3320618
vn 0.8587617278 -0.3469120264 -0.3770681024
v 2.305517673 169.9314117 580.9718628
vn -0.6740235686 0.2889509499 0.6798526049
v 97.48259735 199.0208893 460.2492981
vn 0.9880179167 0.1320954561 0.07982066274
v 82.49891663 -146.899826 -841.3692017
vn 0.2209477425 -0.9581796527 -0.1818621606
v 142.6467133 89.63912201 296.2004395
vn 0.9187559485 0.3863319755 -0.0814563036
v 102.7799606 -75.58983612 -894.6151733
vn 0.8487368822 0.521319747 0.08872081339
v 61.12779617 61.73064423 670.7317505
vn 0.2181654721 0.9481759071 0.2310115099
v 38.73949051 -157.9058228 381.690094
vn 0.2254428715 0.8877564669 -0.401327759
v 99.85472107 -108.2093582 -860.2822266
vn 0.9821240902 -0.148940593 -0.115104124
v 133.2865906 -92.47509003 -161.0700684
vn 0.9858548045 0.003407398006 -0.16756697
v -166.4061432 68.56941223 -931.9918823
vn -0.874227047 -0.4852814376 0.01513429172
v -64.90914154 26.9128437 814.3453369
vn -0.9711048007 0.1894052029 0.1451935023
v 19.47049332 -163.7604675 -390.9161072
vn -0.094295986 -0.9954665899 -0.01242935285
v -7.277049065 -44.90861511 636.682312
vn -0.6225972176 0.03936223686 0.7815518379
v 63.10097504 71.65089417 731.295166
vn 0.1369711757 0.9771937728 -0.1622691005
v 41.37757874 -165.3314667 95.91311646
vn -0.03697869182 -0.9897084236 0.1382380575
v 105.5358658 76.96096802 -939.260498
vn 0.879039824 -0.3188098371 -0.3544703424
v 137.5437012 -8.252425194 634.4263916
vn 0.9734366536 -0.08308829367 0.2133481055
v 113.8296051 115.2969284 -833.5697021
vn 0.9876996875 0.005319471471 -0.156272158
v 160.0358887 37.44377136 374.7865601
vn 0.995518744 0.05125037953 -0.07947206497
v -0.5187026858 118.5541992 -736.9981689
vn -0.9840939045 0.1753731072 -0.02834519185
v -61.5733223 -225.4195251 -169.4884338
vn -0.9390048981 -0.3355809152 -0.07520127296
v -78.53139496 3.265934706 761.3883667
vn -0.8496100307 0.2810331285 0.4462994635
v -5.448582172 -82.44441986 -847.6424561
vn -0.8825694323 0.4632485509 0.08044841141
v -59.37078857 -208.8737793 -184.4953766
vn -0.4248451591 0.8380128145 0.342404902
v 75.44683075 54.5572052 690.9647217
vn 0.3993872702 0.9124395847 0.08912824839
v -38.36645889 -203.6067963 -206.1908875
vn -0.6265059114 -0.1537244916 -0.7641067505
v -7.735553265 -70.98872375 829.7041016
vn -0.2001512945 -0.9698058367 0.1393416226
v 11.15375137 74.53482819 841.9146118
vn -0.1275693476 0.9760330915 0.176310733
v 145.039093 55.77085495 -69.61239624
vn 0.9389564991 -0.2371513546 -0.2492386848
v 36.38655853 -101.8546219 -940.2730713
vn -0.1976808012 0.01372343581 -0.9801703691
v 135.6107178 -99.67267609 251.4460144
vn 0.9070740342 -0.4109296799 -0.09139751643
v 34.87420273 -80.0189743 768.5102539
vn -0.2358100265 -0.9662063718 -0.1041101813
v 59.63529968 -208.6552887 557.9968872
vn 0.5916948915 -0.5661768913 0.5738822222
v -68.39225006 -84.48995209 -3.357083559
vn -0.9703327417 -0.1055405363 -0.2175214738
v 9.735951424 -128.637619 -860.7832031
vn -0.7891299725 -0.3466285467 0.5070725679
v 18.04425049 -63.02534485 -846.9707642
vn -0.2703973949 0.9285764098 0.2542264462
v 120.0748444 -32.51427841 629.4901123
vn -0.8473072648 0.4011706114 0.348040998
v 33.09589767 -167.8787994 325.8283386
vn -0.03059789538 0.9869883657 -0.1578535587
v 21.84187698 33.50247955 897.6159668
vn -0.1760497838 0.4683444202 0.8658290505
v 7.77111721 -201.6209717 -196.4221802
vn -0.89812392 0.2048815638 -0.3890976012
v 77.96755219 159.1077423 -734.9499512
vn 0.22518529 0.9712969065 -0.07664118707
v 133.3501892 -0.05834377185 -55.90419388
vn 0.5643612742 0.03608986363 -0.8247386813
v -101.9507523 -31.54765892 142.4066162
vn -0.9169452786 -0.2786829472 0.285564661
v -63.98919678 -206.4188843 -85.5167923
vn -0.9052062631 0.2424741834 0.3490099311
v -6.607293606 60.51281357 -934.6842041
vn 0.1621889025 -0.2202640325 -0.9618620276
v 0.4168834984 -175.985611 -124.1006393
vn -0.1915248781 -0.9814258814 -0.01101874374
v -28.6079998 223.7901459 -36.94759369
vn -0.7185248137 -0.6323431134 0.2895933688
v 129.1083527 52.471035 617.3369141
vn 0.946354866 0.2413090169 0.2149010897
v 40.54185104 148.3928833 219.7358398
vn 0.006069409661 0.9993755221 0.0348107405
v 105.2300568 -91.2882309 -881.8511963
vn 0.9890590906 -0.005914539099 0.1474012136
v 9.400113106 -200.2094116 237.8478851
vn -0.8233915567 0.5476793051 -0.1485721916
v 54.5398674 256.9753418 356.371582
vn 0.1384721398 0.9839337468 0.1126934066
v 103.3604279 73.05014038 646.5400391
vn 0.5317404866 0.6479343772 0.5453742743
v 40.09851456 86.00123596 786.9326172
vn -0.1524783522 0.9845398664 0.08620702475
v 11.22806835 -273.2926941 199.1655426
vn -0.5815531611 -0.7850541472 0.213274315
v -97.53244781 157.2558594 -912.5453491
vn -0.01799653471 0.9754366279 0.2195438892
v 134.3710175 -88.76034546 219.8769226
vn 0.9543018937 -0.2690578699 -0.130060643
v -19.94163132 -216.9084778 -100.6014175
vn 0.2528631985 0.9078992605 -0.3343338966
v 127.9496002 137.3111267 455.2583618
vn 0.8016002774 0.597571969 -0.01856756397
v 9.472309113 130.6116791 -856.4445801
vn 0.1637949049 0.6836398244 0.7112016678
v -10.55514908 -209.4684601 -59.28952408
vn 0.2841237485 0.9383583069 0.1968688965
v -15.58824825 180.7810974 551.1577148
vn -0.8730712533 0.2950989902 0.3881534934
v -21.04385757 220.293396 -41.27002716
vn -0.5690361857 -0.8159685731 0.1019465327
v 25.06812477 -285.8794556 160.4541779
vn -0.03468482941 -0.9970431328 0.06857094914
v 138.6943207 -40.89870834 598.1043701
vn 0.9459973574 -0.06698551029 0.3171780109
v -53.68695831 -106.7760086 204.8897705
vn -0.7077820301 -0.7064264417 -0.002512257313
v -60.67540359 197.0303497 -122.2152481
vn -0.03226904571 -0.9959207773 0.08426437527
v 6.87853241 269.4525452 -14.40147495
vn 0.1356930733 0.9839726686 -0.1156941429
v -32.60908508 -11.58224773 664.2495117
vn -0.007957014255 -0.2147490084 -0.9766368866
v -67.82434845 100.1971436 -18.56775856
vn -0.9906719923 0.1361042708 0.006682282314
v -39.9495697 -237.514801 -157.4697418
vn -0.1964276284 -0.9221084118 -0.3333649933
v -5.261213779 183.7906647 318.9300537
vn -0.7163424492 -0.6533343196 -0.2449647337
v 115.5922089 -37.67269516 658.237915
vn -0.7950697541 0.5420857072 0.2720426917
v 42.70366669 81.79688263 798.1365967
vn 0.07713381946 0.9967808723 0.02186819166
v 96.56952667 121.8245087 -371.3901367
vn 0.9556914568 0.1829183698 -0.2306397259
v -147.9580078 -71.67429352 -900.1414185
vn -0.3028097749 0.1684312224 0.938049674
v 35.56277466 147.2496796 -841.2854004
vn -0.2333465517 0.9626882076 -0.1370431632
v -102.4287338 -95.83728027 -887.8626099
vn -0.2737733722 0.02872192673 0.9613652825
v 44.39118195 -240.9477692 532.4786987
vn 0.3290785551 -0.8610220551 0.3877477646
v 25.93654823 -169.1265259 -307.6114502
vn -0.06341860443 -0.9955615997 -0.06953544915
v 45.92058945 -68.18084717 661.397644
vn -0.156250596 -0.5119758248 0.8446694613
v 0.5551822782 93.25087738 -846.8273315
vn 0.923751235 -0.3825240135 0.01894809306
v -11.067379 -164.8609009 568.8442383
vn -0.8236318231 -0.2324733287 0.51728791
v 81.1984787 -53.7305603 659.1710815
vn 0.4314671159 -0.8927332163 0.1298597306
v 123.7772903 39.21308517 653.9440308
vn 0.7590994835 0.3916602433 0.5199714303
v -9.433257103 -271.7161865 49.57151031
vn -0.6290168166 -0.7773858309 0.003028677776
v -117.0487518 -2.588287592 138.1326752
vn -0.803268075 -0.06501492113 0.5920587182
v -15.92858601 236.3629761 -146.4365692
vn 0.08813400567 -0.9951344132 -0.04404387251
v -1.120694518 236.7202606 -151.4107056
vn 0.1263445616 -0.9896252155 -0.06840309501
v 151.7603149 -94.17470551 98.19648743
vn 0.899677515 -0.291125536 0.325309515
v 80.63040161 -89.88911438 638.0826416
vn 0.2109817564 -0.8495180607 0.4835346341
v 38.654953 84.2901535 766.7218628
vn 0.08068425208 0.9854620695 -0.149514392
v 118.1544571 34.47309494 651.2752075
vn -0.847835958 -0.5292949677 -0.03195299581
v 105.8009338 85.38829041 -327.1877747
vn 0.9562134743 -0.2269759476 -0.1847640127
v 72.21261597 -90.978508 631.3688965
vn 0.1050927639 -0.7875967622 0.6071629524
v -164.0485229 77.40335846 -908.7664795
vn -0.7696022987 -0.1899751574 0.6096078753
v 141.3933258 -71.99697113 577.9317017
vn 0.9208783507 -0.265457809 0.2855087519
v 85.5561676 -60.8224411 715.6599731
vn 0.4388281107 -0.8852346539 -0.1542385966
v -97.40661621 38.91827774 169.155777
vn -0.9607821107 0.264585495 0.08301990479
v 8.245060921 -134.9586487 -751.1963501
vn -0.709256351 -0.7032151222 -0.0494356975
v 136.6275024 106.059288 552.0551758
vn 0.8768063188 0.4441528618 0.1842250377
v -51.81576538 -108.9327698 -870.0574951
vn -0.3713734448 -0.002431887668 0.9284803867
v 3.613489866 245.7204437 233.0670776
vn -0.9629839659 0.2636927962 0.05592835695
v -0.7062683105 -211.6036835 -19.16455269
vn -0.4557022452 0.8853396177 0.09224545211
v 44.39146805 58.85889435 -853.8284302
vn -0.09877793491 -0.967520535 0.232694909
v 6.441829681 -134.8690948 -851.7826538
vn -0.04918954521 -0.5462985635 0.8361448646
v -90.01963043 36.70151901 243.4278412
vn -0.989969492 0.1217421666 0.07168855518
v 141.7154388 -142.3363647 26.69335175
vn 0.6472239494 -0.757587254 0.08463289589
v 97.44860077 -68.46017456 -934.8603516
vn 0.5209408402 0.8497045636 -0.08138041943
v -6.768382549 151.7214966 120.8851089
vn -0.3764707148 0.9140052795 0.1512089521
v -86.11022186 -51.32957458 400.3250732
vn -0.9921250939 -0.1181980744 -0.04143673182
v 139.5554047 42.10335159 199.6227722
vn 0.9937623143 0.07141650468 -0.0856513083
v -3.741204739 -51.12829971 -394.1239929
vn -0.5884902477 0.7974819541 -0.1330480725
v -50.8679657 146.3192902 -184.6573334
vn -0.7777379155 0.6246347427 -0.07039301097
v 27.97624779 182.7960358 242.7063446
vn -0.3882121742 -0.9139432311 -0.1183178276
v 138.3115234 39.05623627 142.3920135
vn 0.994187057 0.0625359267 0.0876435712
v 129.3914795 -117.2599411 315.1530457
vn 0.7426925898 -0.6670460105 -0.05879913643
v 123.7072144 -22.87987328 646.2536621
vn -0.917345643 0.3934525251 0.0605978407
v 16.70508003 -204.8431549 35.26875305
vn -0.3354594707 0.9356369972 -0.1097742319
v 88.54324341 -181.9871063 538.4818726
vn 0.8462675214 -0.4656717479 0.2588070035
v 50.61856461 152.8943939 -818.3952637
vn -0.06711792946 0.9936996698 -0.08975604177
v 8.488110542 136.6599274 -782.8468628
vn -0.672301054 0.7400516272 -0.01830013841
v 44.86957932 187.3687592 116.0290985
vn 0.3242553473 -0.9197990894 -0.2209709436
v 15.24695015 -38.75229645 -384.908844
vn -0.1908311397 0.9761173129 -0.1038193181
v 139.0953827 145.6707916 -7.695126057
vn 0.6688909531 0.741399169 -0.05396484956
v 43.49320602 -231.3974609 -48.4821434
vn 0.8952860236 0.3586938083 -0.2642000318
v 107.9743118 -26.86716652 647.038147
vn 0.8793597221 -0.4097776413 0.2425050884
v 53.95386887 68.09922791 658.9744873
vn 0.6757503152 -0.6919368505 0.2541355789
v 128.4763489 93.82274628 170.2003479
vn 0.9527069926 0.2984077036 -0.05746518821
v -6.440464973 -145.2760925 140.5469666
vn -0.4216800034 -0.8930614591 0.1569305956
v 11.60764217 122.1280823 603.4829102
vn -0.5154467821 0.2043107003 0.8322089314
v 127.696846 110.0238266 239.7116241
vn 0.8597844839 0.5061731339 -0.06752315164
v 136.2627563 -62.50654602 143.1121979
vn 0.9807580113 -0.1057389304 0.1641128361
v 7.965690613 -64.66881561 -823.3341064
vn -0.6546473503 0.7418090105 0.1454517394
v 78.59661102 187.8764191 231.8570862
vn 0.6436064243 -0.7605705857 -0.08545853943
v -7.475751877 -268.3955078 -26.9227581
vn -0.1855755448 -0.9793511629 -0.08020578325
v 30.40278435 -251.4671478 -127.5725327
vn 0.4679797292 -0.8699237108 -0.1556524038
v 44.71487045 -62.75506973 636.1309204
vn -0.2221232802 0.2422907799 0.944434464
v 127.9555283 -2.270640612 633.1577759
vn -0.980897665 0.04616412893 0.188967362
v -34.46755219 -159.6122131 -29.91407204
vn -0.5564980507 -0.8261839151 0.0879207626
v 22.4918232 -245.5360107 522.020752
vn -0.3264707327 -0.9290320277 0.1741158068
v 114.6771622 -25.21977425 634.1813354
vn 0.8771232963 -0.1160304695 0.4660382271
v -155.7418365 57.26459503 -942.0307007
vn -0.5460171103 -0.6258174181 -0.5569720864
v 91.69229126 171.1908112 -51.46033859
vn 0.3566513062 0.9332933426 -0.04199256748
v 84.23474121 170.6981964 406.9732056
vn 0.6301353574 -0.765090704 -0.1325356066
v 72.88135529 159.582077 -346.9439087
vn 0.4548634887 0.8870537877 -0.07896065712
v 49.06120682 240.156662 528.5640869
vn 0.4340912402 0.8481193781 0.3037406206
v 3.368873119 -22.46103477 622.9593506
vn -0.8214554787 -0.5356043577 0.1958032101
v -57.44407272 -47.66418839 805.6216431
vn -0.75279814 -0.6480392218 0.1154993698
v -5.062855244 266.7384033 -46.69024658
vn -0.1543842554 0.9656869769 -0.2088401467
v 170.354248 -88.33963013 5.772156715
vn 0.9928293824 -0.1171886623 0.02359197661
v 99.76413727 165.418396 -5.478896618
vn 0.3544038534 0.9342437387 0.03983126208
v 91.16854858 -95.08940887 -392.5681458
vn 0.9757490158 0.2064347267 -0.07279142737
v 9.631477356 -252.8772736 -135.4158325
vn -0.05099269003 -0.9863967299 -0.156273067
v -7.832075119 -221.4267883 33.88411331
vn -0.7641035318 0.644705236 0.02238226682
v -16.34407425 -216.7918396 -193.5863647
vn -0.9165092707 -0.1700204015 -0.3620825708
v -2.54852128 258.5376587 -123.5165634
vn -0.1103009209 0.9928501844 -0.0456308797
v -26.84420013 -192.746933 -210.2093506
vn 0.7317955494 -0.05162743479 -0.6795659661
v 61.71567154 100.3632355 624.9036865
vn -0.01778573915 0.8424334526 0.5385067463
v 115.566803 123.9112167 578.6785278
vn 0.7084254026 0.5407499671 0.453566879
v 45.16138458 61.48402023 687.1658325
vn -0.08934340626 0.9945822358 -0.05314101651
v 28.57026291 178.8317261 -35.79628372
vn -0.0706320554 0.9965456128 0.04367974028
v 7.818841457 -143.0726624 -931.2502441
vn 0.1227711439 -0.1228476912 -0.9848023653
v -13.40871048 207.4660492 -206.6200104
vn -0.7979717851 -0.1256682128 -0.5894476175
v -15.22806168 55.4283638 615.8209229
vn -0.7669371963 0.4945916533 0.4088843465
v -27.78530312 -213.0756073 -202.7866058
vn 0.4490745366 -0.5234346986 -0.7241188884
v 29.11625862 -155.932312 140.6859589
vn -0.1384347677 -0.9831470251 0.1194055676
v -60.23050308 -26.98506165 719.1433716
vn -0.8183492422 -0.5592429042 -0.1324835867
v 102.1318817 -54.294384 660.0340576
vn 0.1626907289 -0.2049183995 0.9651632905
v -38.09989929 -119.3564835 170.4668579
vn -0.5836869478 -0.8117754459 -0.01817021333
v 28.60922432 -47.70636368 -629.701355
vn -0.4566157758 0.8881164193 -0.05245295167
v 106.4269867 86.7592926 -598.9811401
vn 0.9173398614 -0.396405369 0.03674793988
v 104.1042252 -146.7627869 -692.0686035
vn 0.7601296306 -0.6497687101 -0.001889840467
v 102.9802933 53.01253891 660.0130005
vn -0.466055125 -0.8702337146 0.159643054
v 3.375268459 208.5196381 168.1421356
vn -0.9103770852 -0.4126845896 0.0300835669
v 76.33259583 -59.762146 -884.5825195
vn 0.1196300834 0.9893481731 -0.08293849975
v 85.20386505 -136.3575134 -858.5056763
vn 0.4901276827 -0.8627019525 -0.1245800331
v 27.39801979 188.1846466 582.1218872
vn 0.03403525427 0.4611417651 0.8866735101
v 18.81263924 -252.3198547 419.5350647
vn -0.2735637724 -0.9589985609 0.07405806333
v -62.64806747 -48.12591934 -938.876709
vn 0.1560233682 0.9342706203 -0.3206167817
v 86.36660767 61.55200195 -827.5973511
vn 0.5549022555 -0.8305305243 -0.04798426852
v -18.20180321 136.8812408 245.4137268
vn -0.4991977215 0.8643786907 -0.06042419001
v 5.126635075 77.04722595 -662.8474731
vn -0.9085351825 -0.4136100411 -0.059080787
v 86.32028961 -77.08145142 652.4798584
vn 0.2592564523 -0.6638378501 0.7015022635
v 106.8618774 157.28508 83.1372757
vn 0.445168525 0.8894436955 0.1035129353
v 18.20358086 -200.2789764 -192.1692505
vn 0.3734600842 0.4638253152 0.8033639193
v 109.6939926 -129.9693756 581.1851807
vn 0.6737087369 -0.5523499846 0.4909439683
v -30.8418541 -143.7326202 388.9207764
vn -0.5814556479 -0.8066504002 -0.1059456021
v -13.25566387 -148.859314 374.1931152
vn -0.3115401566 -0.9349165559 -0.169922933
v 79.24617004 63.35854721 -930.8041992
vn 0.06004021317 -0.9934017658 -0.09771429002
v 162.9924316 55.75620651 444.7956543
vn 0.9717273712 0.236067757 -0.004239927046
v 8.10131073 66.19562531 -851.0136719
vn -0.277056098 -0.7709350586 0.5734972358
v 158.6995392 -114.5226059 46.33556366
vn 0.9097972512 -0.3832170069 0.1594166458
v 8.032542229 74.46840668 -781.5979614
vn -0.8426396251 -0.5376704931 0.02947671711
v 88.2038269 190.2406464 525.132019
vn 0.8867439032 0.4139385819 0.2057671398
v 109.7308731 148.70961 -174.3871613
vn 0.6674892306 0.7388247252 -0.09271536767
v 65.40267181 68.74278259 647.381897
vn -0.1085389629 -0.9887723327 0.1027060077
v 29.95675468 -57.06019974 -799.1011353
vn -0.4267463088 0.9035286307 -0.03903315216
v 138.3509521 105.4190826 365.2172241
vn 0.8937134743 0.4448362291 -0.05828380585
v 96.10276794 181.1886292 451.2122192
vn 0.9917874932 -0.1242183596 0.03045301698
v 17.0106678 56.55524063 -644.00177
vn -0.6748700738 -0.7357807755 -0.05636527762
v 25.06951714 -210.029953 571.4804688
vn -0.05104919896 -0.5324943662 0.8448927402
v -58.98205948 -111.1568298 369.1429138
vn -0.7955452204 -0.600474894 -0.08085586876
v 43.33533478 -94.88466644 627.2012939
vn -0.1834207624 -0.8172579408 0.5463023782
v -57.17481995 -151.8775024 -942.9064941
vn 0.05114150047 -0.1916366369 -0.9801326394
v -15.41980839 223.1363068 376.5252075
vn -0.9007129073 0.4332172275 -0.03223431483
v 68.35192108 -67.753479 647.8310547
vn -0.07571233809 0.9902253151 0.1171387509
v 17.66797638 -44.76749039 625.413208
vn -0.6463090777 -0.3635874987 0.6708865166
v 72.664711 215.6927338 533.0812988
vn 0.7712231874 0.5251643062 0.3597461283
v -37.60352325 224.9952393 -182.709137
vn 0.1863276809 -0.911968112 0.3655080497
v 90.89582062 -242.7353516 342.5944214
vn 0.704033792 -0.7045519352 0.08912330121
v -148.6663818 51.17179871 -928.6865845
vn -0.381147325 -0.9216785431 -0.07235617936
v -61.11342239 122.6114731 423.6546631
vn -0.7883739471 0.6111523509 -0.07042299211
v 84.69694519 62.28046417 703.5391846
vn 0.4733570814 0.8182449937 -0.326202631
v 9.968676567 94.42528534 605.0530396
vn -0.5244165659 0.1656626314 0.835190475
v 14.83766842 -182.2479706 273.4041443
vn -0.4929566979 0.8394564986 -0.2287060767
v 154.5288086 14.79275227 306.6416626
vn 0.9944009185 -0.007063135505 -0.1054369807
v 86.38882446 -127.5402756 601.428894
vn 0.3535826206 -0.5217480659 0.7763751149
v -88.81164551 -134.5369415 -885.0791016
vn -0.2984786928 -0.1586703807 0.9411345124
v 7.694327354 -156.4438324 120.8735657
vn -0.2903034091 -0.9431146383 0.1620453
v -23.27604675 79.02994537 -407.5649719
vn -0.8849350214 -0.4448142946 -0.1379503012
v -47.29206085 127.18116 -283.7703552
vn -0.9285256267 0.3513416052 -0.1199968681
v 81.41177368 -64.30871582 638.762146
vn -0.1400358826 0.7523422241 0.6437166333
v 111.0675278 46.53400803 636.0437012
vn -0.6883345842 -0.6966682673 0.2021110058
v -14.91881275 267.8866272 -2.06769681
vn -0.458209902 0.8883967996 -0.02819219604
v 1.499373078 74.38504028 794.9457397
vn -0.2253563702 0.9737449288 -0.0321770981
v 27.83498001 172.1442719 35.74017715
vn -0.04613532126 0.9936122894 0.1029861271
v 106.9216843 81.21443176 -828.8898315
vn 0.8885455728 -0.4534423053 -0.06983420253
v 53.7508049 38.98023605 895.2049561
vn 0.1748481244 0.50395751 0.8458456993
v -63.76001358 109.8565521 138.4746552
vn -0.6971231699 0.6328353286 0.3369551599
v -62.40206909 -12.64496231 779.944458
vn -0.869217813 -0.4584220946 -0.1852283031
v 26.19025803 -38.158741 -427.8583984
vn -0.2015854716 0.9790328741 -0.0292906817
v -60.54147339 -197.2242126 -91.54817963
vn -0.5194166899 0.8048368096 0.2871307135
v 116.8294067 -152.5712585 74.91395569
vn 0.5072597861 -0.8539700508 0.1158562526
v -42.84646606 248.520462 -63.40067291
vn -0.813868463 0.5096877813 0.2789919376
v 27.42425346 57.08666992 -842.8556519
vn -0.1287329495 -0.9878047705 -0.08757603914
v 34.35352325 77.69566345 826.0222778
vn -0.1186131313 0.9886228442 0.09249772877
v -75.25088501 -0.8314998746 732.5897827
vn -0.9301147461 0.09693449736 -0.3542460203
v -43.76521683 -26.89094734 669.0258179
vn -0.152452305 -0.6492477059 -0.7451414466
v -60.71726608 -185.6882782 -154.0192261
vn 0.1287818998 0.9725005031 -0.1940567642
v 4.47094059 278.2698059 58.98234177
vn -0.1687239408 0.9822863936 -0.08152133971
v -0.4361142218 -220.5684204 -185.5272827
vn 0.6712567806 0.7384466529 0.06411655247
v -109.1641006 -36.91793823 130.9219055
vn -0.8945785761 -0.3705303073 0.2498728484
v -58.68393326 118.336853 119.2078247
vn -0.6597929001 0.7451053262 0.09742382914
v -15.5488081 -224.7944641 471.762207
vn -0.8561512828 -0.5134758949 0.05785722286
v -39.52133942 -155.6183472 506.9357605
vn -0.9332833886 -0.2945224941 0.2055202872
v 3.002038002 222.7066956 230.2480164
vn -0.9904263616 -0.1336877197 -0.03439861536
v 77.65463257 45.48549652 881.0501099
vn 0.431701839 0.4902622402 0.7571502328
v 98.27669525 87.47608185 -482.9163818
vn 0.924955368 -0.3710383773 0.08239016682
v -90.60380554 -50.94110489 -943.5529785
vn -0.04177425802 0.09635769576 -0.9944697618
v -47.53833008 44.56978989 844.6338501
vn -0.7668799162 0.5711888075 0.2926407158
v 7.532951832 -219.5621338 -72.80474091
vn 0.3643934131 0.9149518013 -0.1734377444
v -53.47215271 53.71723557 811.2645874
vn -0.6913002729 0.7078338861 0.1451726854
v -43.0705986 -219.6403809 -182.4142456
vn 0.5867300034 0.7332825065 -0.3435763419
v 45.05182648 79.42350769 777.2276001
vn 0.353738755 0.9334918261 -0.05883784592
v -18.55010605 255.0437775 -150.549057
vn -0.1887751669 0.954415679 -0.2312025428
v 98.46226501 -139.1740265 144.1170197
vn 0.5689662695 -0.8143922091 0.1142045483
v 37.39452744 249.7001038 507.3922119
vn 0.0446324572 0.9919607043 0.1184139252
v -41.90460587 18.74603462 -71.83628845
vn -0.7984286547 -0.5866397023 -0.1355194002
v 141.2934723 26.68200684 -56.46349335
vn 0.7091405988 -0.2836540341 -0.6454920769
v 37.36280823 -57.48028946 683.0536499
vn -0.2771832049 -0.959641695 0.04751082882
v -61.86355591 19.04134178 704.288147
vn -0.8997861147 0.3993470967 -0.1758033037
v -56.3621521 -6.863492489 664.1264648
vn -0.5095442533 -0.1361268461 -0.8496082425
v -36.96441269 -214.9649658 -188.7523499
vn -0.2423104048 0.8191767931 0.519841373
v 104.8322067 -95.80340576 -342.1434021
vn 0.9709516168 0.1352763921 -0.1973659247
v 147.1727295 -21.40064049 129.5191803
vn 0.9439166188 -0.009529337287 0.3300463855
v 9.834486008 -206.5816803 -40.19562531
vn -0.003758817445 0.9802965522 -0.197495535
v 13.81360435 258.4129639 -57.6464653
vn 0.1216790527 0.9470411539 -0.2971653342
v 140.9008789 5.552798748 810.0245972
vn 0.9874002337 0.05782300234 0.1472999752
v 84.42709351 -69.14995575 827.7468262
vn 0.332662344 -0.9388669133 0.08868271858
v -18.17023849 -147.2566223 124.9956131
vn -0.4025054574 -0.90301615 0.1501704752
v 146.9085541 99.38785553 420.9241028
vn 0.9078433514 0.4156996608 -0.05490195379
v -40.25431061 -59.11686325 -942.4105835
vn 0.1043000594 0.05626184866 -0.9929532409
v -8.856500626 113.9732895 -847.7466431
vn -0.7685956955 0.123876974 0.6276265979
v 65.77172089 145.6049805 292.4788208
vn 0.1727343947 0.9848279357 -0.01663756929
v -3.258652687 -119.727211 -782.0987549
vn -0.9738836288 -0.219018802 0.05984518304
v 83.10404205 70.08776093 842.7027588
vn 0.3421187103 0.9069535732 0.2457438558
v 87.05164337 67.60153198 660.9823608
vn 0.2765381336 0.5008849502 0.8201469183
v -105.1446838 47.29052734 123.7949371
vn -0.9091941118 0.3606030345 -0.2081623077
v 68.92381287 156.3622589 -400.4345703
vn 0.4657172263 0.8828408122 0.06082422659
v 141.2488861 123.7163849 92.84440613
vn 0.8413920403 0.4629330635 0.2788411975
v -127.6337585 148.8648224 -905.102356
vn -0.3978706002 0.7471885085 0.5323610306
v 111.2189713 -44.93895721 645.9534912
vn -0.7375274301 0.6750622988 -0.01855291985
v 25.71784401 54.43278122 652.6500244
vn -0.9102453589 0.4071758091 -0.0752414614
v 90.8808136 66.65898895 -942.1118164
vn 0.08494155854 -0.2869378924 -0.9541758895
v 163.9146881 -108.2647476 -23.22195244
vn 0.9239208698 -0.3234670162 -0.2043020278
v 155.1168365 95.37783051 -51.53570557
vn 0.9615564942 0.1174154505 -0.2482391596
v -1.851494193 -233.0824127 512.829895
vn -0.6484507322 -0.7486407161 0.1380170882
v -17.15535164 -35.25321579 602.6636353
vn -0.9217556715 0.06583737582 0.3821412921
v 14.12980175 -176.2336273 -17.18144417
vn -0.09812948108 -0.9930089712 0.06560312212
v 119.6147766 -41.85795212 658.3660278
vn 0.6376957893 -0.4299291968 0.6391439438
v -18.41732407 -32.44062805 617.7553101
vn -0.9007729292 0.2718122602 0.3387125432
v -154.47435 -56.20210648 -941.9823608
vn -0.4098890424 0.730455935 -0.5462830067
v 97.48924255 -78.08135986 -853.1735229
vn 0.831472218 0.554777503 -0.02959532477
v -2.615152121 214.9880981 -45.31589508
vn 0.003063016338 -0.9447407126 -0.327804178
v 68.11129761 245.1941528 89.8364563
vn 0.8957115412 0.4038191736 -0.1860939264
v 42.94267654 76.34979248 751.6304932
vn 0.1781307012 0.9536396861 -0.2425713241
v -41.39862442 -132.3609924 134.1052246
vn -0.5663690567 -0.7209912539 0.3992463946
v -35.46218491 -70.79759216 561.6598511
vn -0.8594475985 -0.1828464419 0.4774065018
v 20.44817543 -54.47851562 628.9877319
vn 0.3833216429 0.8323466182 0.4003294408
v 5.399645329 -231.6270752 -182.8448181
vn 0.02213460952 -0.7249369621 -0.6884595156
v 113.5412445 100.8405838 -758.1367188
vn 0.9812341332 -0.1926774979 0.007413771935
v -34.16267395 2.496345758 567.9078369
vn -0.8529952168 0.008757844567 0.5218452811
v -43.41703796 248.452652 -152.1486969
vn -0.208790794 0.9663899541 -0.149989441
v 58.75853348 62.730896 707.2192993
vn 0.05803813413 0.957947731 -0.2810120583
v 39.83922958 -65.01071167 647.5690918
vn 0.2714752555 0.9595442414 0.07467290759
v -61.41259003 -117.6763916 455.5892944
vn -0.8826885223 -0.4487671852 0.1395314634
v 101.4169235 158.8571777 550.8283081
vn 0.7965022922 0.5539930463 0.2422310114
v 91.38791656 72.76137543 -365.3743286
vn 0.8703858256 -0.4489094615 -0.2022593915
v -49.23739243 -221.1936646 -59.91674042
vn -0.7615296245 0.08732705563 0.6422200799
v -21.99048615 4.419695854 -68.05654144
vn -0.508728981 -0.8124420643 -0.2848381102
v 16.19168663 -192.081131 134.38797
vn -0.6069560051 0.7931972742 -0.04942218214
v 35.74544907 -248.4829102 -82.25627136
vn 0.7982220054 -0.6009568572 -0.04114032164
v 113.2055435 5.63215065 687.9043579
vn 0.9744224548 0.04029652104 -0.2210816145
v 85.58859253 -131.4970856 -942.602478
vn 0.2665156424 -0.6409317255 -0.7198443413
v 83.49835205 -162.2044373 -543.0125122
vn 0.5050160289 -0.8628594279 0.02079375088
v 5.020958424 -77.68481445 608.4547119
vn -0.6213950515 -0.5136303902 0.5916519165
v 47.53089142 -223.7033234 5.285593033
vn 0.8899935484 0.4009205997 -0.2171960771
v 111.070015 -18.29362106 866.1621704
vn 0.7561258674 -0.1598471403 0.6346042752
v -46.61116409 233.8868408 -191.3183746
vn -0.07601041347 0.8965643644 -0.4363424778
v -23.09446335 24.20497322 -179.8417816
vn -0.5389429927 -0.831246376 -0.136271432
v 5.851693153 -158.4997101 381.2758179
vn -0.6615888476 0.3559675813 -0.6599903703
v 42.71529388 -270.7076111 268.4833069
vn -0.1295537055 -0.9853956103 0.1105049998
v 76.45019531 -146.1108856 334.7127991
vn 0.2411877811 -0.961242795 -0.1335692406
v 100.9702301 124.6956024 -938.5880737
vn 0.756321907 0.5685439706 -0.3236277997
v -36.61375046 -216.7574768 -52.65158463
vn -0.4466351569 0.4418188035 0.7780187726
v -42.99399185 45.08996201 700.8200684
vn -0.5915899873 0.7660077214 -0.2515023947
v -5.755464077 99.70451355 -785.56427
vn -0.9653502703 -0.2290096283 0.1251136512
v 16.58634186 -255.3263092 -85.81084442
vn 0.1213288978 -0.9894526601 -0.07913725078
v -63.32298279 117.512886 -154.9067841
vn -0.9908602238 0.1191467121 -0.0632462427
v -9.177939415 50.40250397 689.6565552
vn -0.1466888338 0.8816213012 -0.4485825002
v -39.82584 157.5716095 496.578949
vn -0.93723768 0.3448927701 0.05132781342
v 34.66908264 251.2611389 -119.3885498
vn 0.7582198977 0.6498186588 -0.05327543244
v 135.6710663 117.1630402 -129.8196411
vn 0.9243589044 0.3566440046 -0.1355198622
v 141.4243011 -42.42312622 223.5040894
vn 0.9893088937 -0.05928622186 -0.1332405061
v -125.2667389 -120.6793365 -943.861145
vn -0.01530608162 -0.03869928792 -0.9991336465
v -21.89270973 -33.36323929 881.1586304
vn -0.3716964424 -0.5075588822 0.7773196101
v 121.3778839 -138.1326447 120.8284531
vn 0.7077353001 -0.6639270782 0.2414779216
v -30.90888214 -255.653656 -57.96276855
vn -0.3355889022 -0.9382084608 -0.08452791721
v -43.49600983 116.695076 143.1737366
vn -0.5530296564 0.8194612265 0.1504707336
v 2.884867668 265.9344788 192.8826294
vn -0.8259944916 0.5425716639 0.1528039426
v 37.71844864 232.3285675 548.859314
vn 0.1828878522 0.7597579956 0.6239550114
v -49.65866089 223.7023926 -116.3880463
vn 0.01108853705 -0.5539067984 -0.8325048089
v -19.31346893 -148.7546234 -938.1246948
vn 0.2092195451 -0.322037518 -0.9233195782
v -27.50247765 213.9316254 -53.30968857
vn -0.2238840461 -0.7791615725 0.5854768753
v 51.47687912 -84.6894455 647.8575439
vn -0.1378495842 -0.7547955513 0.6413121223
v -10.70682335 153.4563446 -389.4432373
vn -0.4365697503 0.8981460333 -0.05235053226
v 163.2108002 -33.18519974 396.4109802
vn 0.9957822561 -0.04385500401 -0.08058831841
v 36.83161545 -244.8095703 -115.9615707
vn 0.9562885761 -0.2767273486 -0.09452030063
v 83.58640289 -168.0956421 51.16612625
vn 0.2093890011 -0.9730192423 0.09690069407
v -59.60371017 194.8645935 -153.0213776
vn 0.5323961973 -0.8316418529 -0.157880187
v 95.96313477 -58.12105942 641.8636475
vn -0.4614027739 0.8503233194 0.2530962825
v 103.1817474 86.10121155 -872.5078125
vn 0.9683235884 -0.202198118 0.1465107352
v 108.5789566 134.6929169 142.1204987
vn 0.7347203493 0.6267252564 0.2596178949
v -0.2645609975 51.48874283 877.635498
vn -0.2997193933 0.6192659736 0.72572577
v -18.35381508 57.31899261 -873.2158813
vn -0.06821265817 -0.9077942371 0.413831681
v 114.0060043 -124.609848 -818.9681396
vn 0.9729413986 -0.2278009206 -0.03862334415
v 163.9215088 -71.57765961 78.3840332
vn 0.9710409641 -0.08717162907 0.2224421352
v -3.288819551 16.89360046 637.9857788
vn -0.8771692514 0.437323302 -0.1982989162
v -17.59776497 236.1407471 17.56871033
vn -0.9362484217 -0.3188242614 0.1476142555
v 39.86665726 -260.0056152 -4.81391716
vn 0.7250395417 -0.6683308482 -0.1662874669
v 4.505882263 -148.5118561 320.9383545
vn -0.1184602454 -0.9917276502 -0.04943060875
v 5.670520306 -209.9171753 565.9484253
vn -0.497825861 -0.4427387714 0.7457558513
v -163.9300385 -71.23845673 -942.7467041
vn -0.1276552081 0.05486469716 -0.9902999401
v -77.102005 66.31005096 472.8511353
vn -0.9269762039 0.1762464792 0.3311378062
v 73.74565125 162.306778 -480.9980164
vn 0.3825763464 0.9219251871 0.06073954329
v 103.7132339 -160.4356842 525.2398682
vn 0.8011663556 -0.5982360244 0.0156907402
v 117.8529129 -76.51521301 -237.2072144
vn 0.9290068746 0.3187291026 -0.1880371571
v -105.0952759 102.224823 -888.3037109
vn -0.3157380819 0.03747665882 0.9481059909
v -6.203677654 169.1030579 -0.4159485996
vn -0.3794316649 0.9205859303 0.09248352796
v -108.7991104 42.54673386 -929.2926636
vn -0.003691440681 -0.9959561825 -0.08976457268
v 30.64175415 261.2692261 -36.4067688
vn 0.4700272977 0.8762347698 -0.1062403098
v 111.5774384 -41.16849899 -184.6435852
vn 0.7283940315 0.6592639089 -0.1865831017
v 42.70180893 216.0554657 -2.264403343
vn 0.7675506473 -0.6139359474 -0.1842516214
v -19.25859451 223.6502686 -106.0001144
vn 0.2696350515 -0.8541094661 -0.4447402954
v 62.27800369 158.2196045 392.4045105
vn 0.4420946538 0.8078230619 -0.3898387551
v 55.18516541 -44.67417908 -392.2542725
vn 0.5407987833 0.8334528208 -0.1135476157
v 20.12377548 -55.08524323 645.864563
vn 0.4662632048 0.8807677031 0.08274574578
v -52.30962372 -37.36091614 766.0355835
vn -0.8057579994 -0.5685940385 0.1656950861
v 123.6877365 28.59358597 629.8637695
vn -0.9317835569 -0.3143385649 0.181578204
v 3.30512023 -250.0533142 270.0576477
vn -0.8282811046 -0.5593656301 -0.03256532922
v -23.95532608 -140.8605347 -409.487793
vn -0.8625864983 -0.4950056076 -0.1044698358
v 17.24004936 227.8336487 -188.9554901
vn 0.9383869171 -0.3205177486 0.1292219907
v -168.9276581 81.46959686 -942.8665771
vn -0.2437277734 -0.04950046912 -0.9685795903
v 111.4884186 -110.8671036 -553.2774048
vn 0.9854274988 0.16396752 0.04524715617
v 116.894249 141.8699951 405.3377686
vn 0.6048986316 0.7867537737 -0.1229475364
v 0.5200341344 -40.53834152 631.4574585
vn 0.3497134447 0.8223891258 0.4487500787
v 95.06157684 -139.6595459 238.5872498
vn 0.4502580762 -0.8928485513 0.009441436268
v 24.10800743 -71.45652008 646.5073853
vn -0.524077177 -0.6653037667 0.5317085981
v -32.54746628 -192.4554749 -199.6477051
vn -0.003120584646 0.5723144412 0.8200283051
v -108.4962311 -15.33867455 110.3411026
vn -0.9487392306 -0.1198081076 -0.2924719453
v 45.79756927 68.72434235 660.9090576
vn -0.2809927166 0.7735432982 0.5680438876
v 110.3913422 -123.7560043 -301.683136
vn 0.932056427 -0.3316452503 -0.1458844244
v -51.97114563 -208.9398193 -186.4058075
vn 0.4714745581 0.739307344 0.480766505
v -81.60712433 5.218672752 473.840332
vn -0.9719287157 0.02878072858 0.2335086316
v -1.411129475 231.7124481 -174.1931458
vn 0.2443601489 -0.9675365686 0.06450655311
v 84.40720367 254.8595428 301.6678467
vn 0.5402182341 0.8347374201 0.1066664308
v -99.93125153 -28.03868675 161.3339996
vn -0.986184001 -0.1310451478 0.1013326198
v -16.50692368 -15.56250572 601.140625
vn -0.8573800921 0.01592069678 0.5144374967
v -19.43654251 -55.00891495 -369.9046326
vn -0.7425108552 0.6505547166 -0.1595500112
v -66.17824554 -15.76199532 802.5655518
vn -0.9903352261 -0.1162614152 0.0756271109
v 34.98464584 -180.5851898 153.7909241
vn -0.2005297393 0.9739314318 -0.1060444489
v 78.29990387 -161.4324799 410.6087341
vn 0.4926801026 -0.8269352317 -0.2710063457
v -25.71577454 -236.6031494 -17.58305931
vn -0.9228645563 0.3451196253 0.1709193587
v 47.14173889 251.0283966 457.3806763
vn 0.303088218 0.9477915764 0.09913948178
v -65.58312988 -191.0669556 -131.7830963
vn -0.6795697212 0.7191261053 0.1450609863
v 109.0079269 -132.4540253 316.4429016
vn 0.3733928204 -0.9270014167 -0.03530068696
v -161.9481506 122.6047287 -942.9356689
vn -0.2390373498 0.2188666761 -0.9460224509
v 84.6209259 149.9563446 141.3482666
vn 0.3393247724 0.9080275297 0.2456515729
v -102.1663284 -159.0303345 -939.0665894
vn 0.0004105773696 -0.8951739073 -0.4457168579
v 70.9568634 -167.7447052 385.9616699
vn 0.4543794394 0.8749710321 -0.1672275662
v -4.563268661 -74.87614441 -839.0702515
vn -0.87227422 0.4845254421 0.06612688303
v 59.65176392 44.97065353 -714.4372559
vn -0.005961408373 -0.9981607199 -0.06032960862
v 69.25060272 88.25054169 644.8035278
vn 0.1407410651 0.8106690645 0.5683375597
v -79.99153137 -88.41426086 138.7199554
vn -0.8168596625 -0.5390319228 0.2053896487
v -0.4656795859 -37.17677307 676.074646
vn -0.423630178 -0.7885444164 -0.445797205
v -89.04859161 -2.444098949 293.7410889
vn -0.9991095066 0.003947280813 0.04200797528
v 55.67552567 271.9758301 258.118866
vn 0.01778172143 0.9896239042 0.1425776929
v 148.2086792 132.6000824 40.31078339
vn 0.7312412858 0.6701628566 0.1271532029
v -50.18425751 208.7987976 -207.2850037
vn 0.105674766 -0.9383827448 0.3290451169
v -56.32638931 -107.199295 -251.7691956
vn -0.9951373935 0.02725845017 -0.09464949369
v -14.47664833 -107.7179108 -826.008667
vn -0.9851830006 -0.08121387661 0.1510586441
v 96.68824768 -184.8920135 446.2979126
vn 0.976123333 0.2172149569 0.0009715979686
v 28.51099968 -228.4873352 -89.54753113
vn 0.4221007228 0.8911930919 -0.1661502123
v -25.43084908 -211.6658173 -192.187149
vn 0.7035952806 0.5989158154 0.3824310303
v -59.40526581 -56.81509399 -97.63431549
vn -0.9606653452 0.2668366432 -0.0769431591
v 23.58816338 183.6404266 188.2061615
vn -0.6093235016 -0.792889297 -0.007173087914
v -3.18282938 127.935585 -849.1116333
vn -0.5541428924 0.6319716573 0.5417909622
v -42.17603302 -45.08637238 775.1247559
vn -0.9793419242 -0.186062634 0.07918356359
v 83.85263824 52.82056808 -347.345459
vn 0.7262670398 -0.663405776 -0.1800803393
v 39.75358963 136.0523834 -940.3289185
vn -0.1469981372 0.2161014527 -0.9652417898
v 14.41939831 143.1531067 -822.5031128
vn -0.456797719 0.8881675601 -0.04994190484
v 117.3492966 -88.11745453 610.8535156
vn 0.6399493814 -0.500323832 0.5832159519
v 32.89408875 -258.0451355 -54.66074753
vn 0.6287072897 -0.7468165159 -0.2167768925
v -48.80949783 -27.36309052 773.5795288
vn -0.8084610701 -0.5290512443 0.2578671873
v 13.78385925 184.947403 582.0613403
vn -0.2803130746 0.3851014674 0.8792732358
v 20.75910759 -75.30564117 770.9900513
vn -0.2098546326 -0.9700269699 -0.122510232
v -43.09716797 203.0792694 -103.0753555
vn 0.5697444081 -0.7842369676 -0.2456901222
v 8.523426056 282.8085938 143.1269531
vn -0.4930942059 0.8654425144 0.0886978507
v 68.77449799 -167.0803833 -628.8086548
vn 0.0422628969 -0.9984439015 -0.03638149425
v -11.52468681 25.7377739 608.913208
vn -0.8312126994 -0.1184905395 0.5431808233
v -67.1486969 -94.67887115 -56.10503769
vn -0.9984055161 0.04202451557 -0.03768749163
v 19.44944191 -94.4707489 611.4480591
vn -0.4050564468 -0.4000261426 0.8221364617
v 44.21672058 -243.5671539 -30.15902519
vn 0.9660604596 -0.2035974562 -0.158981964
v -59.83460236 -195.3570251 -158.5413361
vn 0.1062203348 -0.5880064964 -0.8018513918
v -61.2360878 -207.3892365 -203.6592712
vn -0.9008315206 -0.2705523968 -0.3395644128
v 8.701740265 -201.1824799 172.655838
vn -0.8548261523 0.5179736614 0.03123408742
v 8.766972542 -251.3303223 242.0405426
vn -0.9205898643 -0.3901528716 0.01717619039
v 40.69482803 94.90814209 625.3721313
vn -0.3244962096 0.6892527938 0.6477906704
v 20.78774452 -241.7485657 -167.7346497
vn 0.3689345121 -0.828283608 -0.4217031896
v 101.2302399 148.0332947 395.1576843
vn 0.2702347338 0.9506082535 -0.1526993811
v 92.37994385 70.37055206 -849.1277466
vn 0.7366281152 -0.674857378 -0.04411990568
v -38.17718887 143.8921051 420.822113
vn -0.6499894261 0.7444548607 -0.1526456326
v 90.19084167 119.1422348 -392.1589966
vn 0.9848350286 0.1620211452 0.06204111502
v 71.15274811 143.8250427 -883.3095093
vn 0.1374996454 0.9903143048 -0.01927110925
v 119.1997528 -124.9298325 262.6070557
vn 0.6858845353 -0.7256603241 -0.05458433926
v 83.7469635 -69.01717377 778.2203369
vn 0.3261597157 -0.9425932169 -0.07167883962
v -72.10577393 -10.23522091 761.5335083
vn -0.7411013246 -0.5271182656 0.4158307314
v -2.041675091 -176.1819 -196.7108002
vn -0.1046229377 -0.3479385078 0.9316613078
v 31.3202343 -0.9097297192 -98.51169586
vn 0.3979160488 -0.8024626374 -0.4446532726
v -13.92724705 -197.7698059 -195.8293304
vn -0.5399386287 0.327406168 0.7754169703
v 30.35309219 -208.1509552 -0.2591520846
vn 0.2857368588 0.9459630251 -0.1533244401
v -134.3479309 48.17538071 -909.4107666
vn -0.221433118 -0.9290002584 0.2965230346
v 69.90418243 -228.7363281 519.1558228
vn 0.692432642 -0.6351066828 0.3423106372
v -74.51009369 88.04595184 143.0869141
vn -0.7286797166 0.6518543959 0.2100278586
v 135.5238647 32.1603508 803.2403564
vn 0.8863003254 0.4561371803 0.08006621897
v -63.53339386 -60.9642601 -879.8709717
vn -0.2910914421 0.2447931916 0.9248470664
v 165.9282532 -81.82632446 -33.15444946
vn 0.9552238584 0.01370333415 -0.2955665886
v 56.18331528 -74.27574921 835.1293945
vn 0.06868515164 -0.9806118011 0.1835288703
v 9.288870811 211.5735779 -198.7453613
vn -0.9169939756 -0.2712670267 -0.2924658358
v 27.41174507 38.58351898 -395.0681763
vn -0.007086457685 -0.9973928332 -0.07181464136
v 108.7774277 -50.95999908 738.5081177
vn 0.6674505472 -0.7204504609 -0.1883106828
v 96.03068542 -193.290863 346.8124695
vn 0.8481040597 0.5252314806 -0.06965239346
v 5.14612484 49.98881531 -468.7666626
vn -0.5909831524 -0.8042050004 -0.06319177151
v 20.76487732 -52.44013214 691.4054565
vn -0.0949568823 -0.9407687783 -0.3254801929
v 149.9692535 65.7505188 299.0584717
vn 0.9792480469 0.1735937595 -0.1045870185
v 82.65489197 167.6000061 59.68770599
vn 0.15834032 0.9835948348 0.08642673492
v 146.5984039 -91.53434753 378.7767334
vn 0.9032737017 -0.4249999225 -0.05892079696
v -50.78094482 209.1861115 -212.5847015
vn 0.3162951171 0.4086951017 -0.8561108112
v 86.47543335 -56.61375427 -706.28479
vn 0.7362926602 0.676625669 -0.007128550205
v 31.26011848 238.8399506 -109.4571381
vn 0.5726988912 -0.7871134281 -0.2290599793
v 2.279185534 36.80822754 -365.186554
vn -0.3474230766 -0.9258019328 -0.1489563137
v 28.127491 -184.6134949 241.3113251
vn -0.4719969034 0.8757501245 -0.1013936996
v -53.80605698 -189.2891388 -127.9898529
vn 0.6476046443 0.7599369287 -0.0557138361
v 122.2674255 19.35435677 721.8964233
vn 0.9235027432 0.2059882581 -0.3235916793
v -22.83299255 173.8622589 411.8853455
vn -0.90753901 -0.3767465353 -0.1855667084
v 60.27552795 -166.6364441 -476.4002991
vn 0.1424187273 -0.9889876842 0.04025213048
v 170.7563477 67.79290771 54.17708206
vn 0.9764131308 0.05884530395 0.2077368945
v 92.79470825 69.01381683 789.8137817
vn 0.4002525508 0.9158318639 -0.03240173683
v 107.6034012 40.84301376 638.239563
vn 0.7737760544 0.4758919775 0.4180878103
v -12.169487 113.3443909 -830.9474487
vn -0.9744649529 0.2174463123 0.05599281564
v -11.82618046 34.60070038 625.3499756
vn -0.1337190717 -0.7545265555 0.6425020695
v 94.38612366 -130.6604614 -895.8036499
vn 0.77725631 -0.6285047531 0.02923114412
v -20.98333359 -215.9391479 -36.05688095
vn -0.6627928615 0.7213165164 0.2010176331
v 92.76791382 65.69808197 -879.7944946
vn 0.6235603094 -0.776999414 0.08628153801
v 74.61843109 226.6429901 108.5607376
vn 0.9552202821 -0.2034598142 -0.2148447484
v 18.78798866 250.9099579 449.8936462
vn -0.1850487143 0.9800714254 0.07222867757
v -47.40312958 117.5203018 508.6979675
vn -0.9083424807 0.2489908338 0.3360320032
v -15.40615845 226.2221527 467.6616211
vn -0.8374140263 0.5454001427 0.0357263349
v -26.90670204 231.3155365 -197.9933014
vn 0.1276319623 0.7355958223 -0.6652885675
v 96.63180542 140.3105621 -836.173584
vn 0.4837659299 0.8554495573 -0.1848690957
v 63.58500671 -146.5948944 277.5053101
vn 0.1949790865 -0.9795671105 0.04930995405
v 116.1272659 -120.1756287 194.0765381
vn 0.8033847809 -0.5932847857 -0.05085321143
v -32.11006546 97.64408112 -389.4161682
vn -0.9673303962 -0.1847013831 -0.1736585498
v 126.9151764 13.51953506 652.362854
vn -0.9653428197 -0.2607566714 0.01092014462
v -20.75948334 231.5868988 -178.2820129
vn 0.3780690432 -0.8234961033 0.4229869246
v 55.65152359 -74.24150085 778.6173706
vn 0.3093116581 -0.9337029457 -0.1803470701
v -11.85373211 -223.5583038 -157.9125061
vn 0.10448277 0.9907248616 0.08687700331
v 141.1487122 -28.94174004 -59.68581772
vn 0.7508769631 0.3521428108 -0.5587300062
v -40.13989258 57.80905533 753.227417
vn -0.6247656941 0.7736610174 -0.1054348648
v 40.28251648 -217.9606628 563.7710571
vn 0.2392139584 -0.6696694493 0.7030786276
v 40.01546478 59.67546082 648.9155273
vn -0.7406016588 0.5856384039 -0.3294494152
v -170.1941681 -113.2108154 -941.8834839
vn -0.7450935245 -0.2101496011 -0.6329872012
v -31.3234787 90.5847168 -941.130127
vn 0.08492176235 -0.01393034589 -0.9962902665
v -40.66687393 6.161595345 -55.56539917
vn -0.7889336348 -0.1454980671 -0.5970042348
v 115.8035812 49.60963821 -191.517807
vn 0.8475344777 -0.4967960417 -0.1867592484
v 94.81000519 238.8262177 207.5710449
vn 0.9461671114 0.2870776653 -0.1495132446
v 40.49224091 -38.07286072 -377.6541138
vn 0.2024320513 0.9723995328 -0.1160190403
v -3.459537268 -146.9284515 -548.6253052
vn -0.7708575726 -0.6309464574 -0.08766499907
v 61.74269104 -154.9729462 140.1594238
vn 0.1509702057 -0.9715358019 0.1825544387
v 98.0430069 150.2078857 -740.8693237
vn 0.6375752687 0.7698911428 -0.02766679041
v 103.5344925 25.12904549 -150.4394531
vn 0.4629788697 -0.8706539869 -0.1661690474
v 69.27819061 -67.49868774 852.2006836
vn 0.2324884236 -0.9121190906 0.3376210034
v -36.39908218 -207.6804962 -102.6743622
vn 0.7188373208 0.3781965375 -0.5833011866
v -29.83332062 68.71934509 -362.8676758
vn -0.8747706413 -0.4539405406 -0.1694530994
v -61.17841339 64.14427948 -106.7298279
vn -0.9513524771 -0.2991432846 -0.07376866788
v 59.99777222 -278.8190308 192.4122162
vn 0.50079602 -0.8638415933 -0.05459924042
v -14.36649323 -171.4492493 -40.90910721
vn -0.3607399464 -0.9319456816 0.03665994853
v -15.97222328 -65.66337585 -411.9381409
vn -0.8104152679 0.5743792057 -0.1153934002
v -47.23424149 139.5995941 30.80238533
vn -0.6697363853 0.7380154729 0.08237912506
v 56.56587601 -62.10327148 -912.2616577
vn 0.1047691405 0.9849361777 -0.1375651211
v -33.19278717 -131.3981018 541.3151245
vn -0.8730778098 -0.2166904062 0.4367841184
v -27.22627258 215.0028839 -203.002182
vn 0.8528321981 -0.4919463396 0.1751172841
v 83.20841217 -45.32511902 -321.5219421
vn 0.5600378513 0.8096390367 -0.1756195873
v 116.5599289 96.79204559 605.3391113
vn 0.6694090962 0.4975040257 0.5517075062
v 68.64221954 58.02456665 -847.2014771
vn 0.1264062822 -0.99099648 -0.04413015768
v -39.37831497 -121.5952759 142.4799805
vn -0.599309504 -0.7692543268 0.2215308696
v 119.314476 131.7212524 554.8987427
vn 0.8180515766 0.5494996905 0.1698282957
v 141.4977722 -13.14733124 794.3412476
vn 0.958824873 -0.2839082181 -0.007137387525
v 64.71500397 66.81093597 705.7344971
vn 0.06305328757 0.9038946629 -0.4230824113
v -1.557140231 -241.5276947 -168.6249695
vn -0.07633015513 -0.9013292789 -0.4263557494
v -7.116149426 228.0901031 290.0066833
vn -0.959218204 0.2650308311 -0.09828047454
v -3.533221483 129.5394745 -836.1218262
vn -0.7239031792 0.6897770762 -0.01310712006
v -49.33050156 -220.7466278 -125.7526169
vn -0.02355876751 0.9801452756 -0.1968760341
v -49.78150177 70.95039368 -255.584137
vn -0.922465682 -0.3664540648 -0.1215256825
v 100.2995987 96.57377625 -943.5466919
vn 0.066469118 -0.004142884165 -0.9977799058
v -137.5284576 59.47708893 -899.9227905
vn -0.2997303009 -0.2102236301 0.9305738807
v -69.02245331 -5.196624756 508.991394
vn -0.9131011367 0.02082020789 0.4072012901
v 1.627487779 101.0249557 -847.6977539
vn 0.8363307118 -0.04748399556 0.5461649895
v 93.32220459 -63.16404343 -339.9222107
vn 0.8731856346 0.4485677183 -0.1906143427
v 79.28392792 60.98121643 656.2434692
vn 0.7442088127 0.3633758426 0.5604562759
v -16.00658417 42.24755096 624.9860229
vn -0.9166392684 -0.0254228469 0.3989061713
v 90.419487 90.5856781 -393.728363
vn 0.9435899258 -0.3309035301 -0.01186795998
v 148.1417389 39.12344742 249.4212952
vn 0.9888758063 0.04061843082 -0.1430899352
v -29.99341011 149.04776 -289.8403625
vn -0.5960870981 0.79750067 -0.09312795103
v -65.00313568 216.9587708 -89.3266983
vn -0.9623595476 0.1981014758 0.186064139
v -38.74627304 154.2371979 -924.0390015
vn 0.1112315655 0.9883047342 -0.1043133438
v 90.82686615 11.5528059 887.8513184
vn 0.6248961687 0.1507214755 0.7660207748
v 46.83764648 -179.5870972 584.6167603
vn 0.2604880929 -0.4793513715 0.8380740881
v -87.13358307 50.32278061 428.7723694
vn -0.9970244765 0.07187759876 0.02785341628
v -25.20642281 -4.756046295 888.8685303
vn -0.5270708799 -0.04054213315 0.8488537073
v -6.659246445 173.7965546 -63.78073502
vn -0.2422078103 0.9702233076 -0.001431865501
v -105.3261337 17.41732407 107.2181854
vn -0.9441319108 0.1866232157 -0.2716370523
v 59.81573105 -163.4335785 -353.9005127
vn 0.2226860821 -0.9728214145 -0.06347762793
v 38.38648224 -78.14061737 748.1121826
vn 0.2841970623 -0.8865224719 -0.365116328
v 146.0383301 60.80887604 568.4046021
vn 0.9390764832 0.1702964157 0.2985539436
v 45.58161926 236.8096161 -37.92877579
vn 0.9802997112 -0.03330865875 -0.1946869493
v -25.40320206 246.9983978 -167.672699
vn 0.1209842265 0.9121408463 -0.3916145265
v -57.99277115 -190.7139435 -206.8004913
vn -0.4746583998 0.765612781 0.4342079163
v -19.6828289 -66.9318161 587.7550659
vn -0.8344755173 -0.2072426379 0.5105890036
v 137.3226013 79.60748291 222.2987671
vn 0.9643236995 0.2361355573 -0.1196655333
v -12.94537258 -6.10487318 -88.67969513
vn -0.3706727922 0.9139491916 -0.1652226001
v 111.4132919 113.2226944 -552.2672729
vn 0.9958596826 -0.07823772728 0.04628545791
v -48.71092606 -106.7751999 516.859436
vn -0.908379972 -0.2371063083 0.3444219232
v 12.73864079 -232.930603 -151.973999
vn 0.3900582492 0.9075571299 0.1555463672
v 24.62677002 222.3440247 -49.02196121
vn 0.2831577659 -0.8656481504 -0.4128861129
v -56.22015762 26.83733368 857.9293213
vn -0.7576450706 0.3903620243 0.5230597258
v 99.43608856 153.5332336 126.3508987
vn 0.5037577152 0.8103109002 0.2993732989
v -23.82523918 -102.8696899 -475.2200012
vn -0.9927470088 0.05841480568 -0.1050764546
v -21.71284103 236.6912994 -160.5514984
vn 0.5156377554 -0.8563434482 0.02817133628
v -55.70816803 214.1343231 -198.3766632
vn 0.2322985083 -0.8606194854 0.4531793296
v 1.240895391 -12.33250809 898.7060547
vn -0.2990394235 -0.1174726784 0.9469823837
v 48.38580704 -42.39533234 -665.3122559
vn -0.1637189984 0.9845523238 -0.062070705
v -35.0724678 -236.6748657 -47.74653244
vn -0.8311104774 0.0863801837 0.5493576527
v -4.127266407 -2.979037523 632.1768799
vn -0.9807002544 -0.1709468216 -0.09489032626
v 124.3575363 105.6756134 144.0992889
vn 0.9007481933 0.2927213907 0.3208845556
v -65.90854645 -94.78165436 144.9345551
vn -0.6156610847 -0.7866877913 0.04564771056
v 123.7322769 138.1015778 109.2104645
vn 0.682978034 0.7061222196 0.1869021356
v -4.846295357 -164.8119965 45.78967667
vn -0.3401012421 -0.9304900169 0.1360864043
v 150.0392303 -69.8368454 310.6558533
vn 0.9780130386 -0.1904548705 -0.08495554328
v -154.6464081 -104.5754089 -900.9923096
vn -0.3710317016 -0.08910975605 0.9243348837
v -54.25169373 145.2154541 -74.24028015
vn -0.7943157554 0.6063349843 0.03768864647
v 83.89136505 -30.66147614 -233.1807404
vn 0.4450798631 0.8828790784 -0.1497613639
v 93.20100403 166.8241425 468.3601074
vn 0.9721431732 -0.1843845993 -0.1447064728
v -3.342957973 19.07036209 -208.6708527
vn -0.3338370919 -0.9338804483 -0.1281409711
v 172.3976288 81.60153961 18.43430901
vn 0.996160686 0.08680544049 0.01134304889
v -98.93171692 -3.268969774 187.4849701
vn -0.992621243 0.0126204472 0.1205975637
v 109.385376 92.02235413 -914.0869141
vn 0.9974292517 0.001690873527 0.07163829356
v -3.938578844 -210.5958099 266.4229431
vn -0.9464575052 0.2325211614 -0.2239467055
v 111.5673065 -149.9936523 466.5970764
vn 0.7001353502 -0.7139642239 -0.008097857237
v 83.1830368 -144.3431702 -374.3543701
vn 0.7615795732 -0.6452201605 -0.06072474271
v 34.84290695 -178.9539185 216.8408661
vn -0.5001871586 0.8657569289 0.0166656021
v 111.9254227 18.43702126 641.5507202
vn 0.9479759932 0.08973643184 0.3054323494
v 117.1491852 56.95793915 805.9835815
vn 0.6534444094 0.75538975 0.04895635694
v -80.53883362 -61.11523819 357.3771667
vn -0.9831482768 -0.1788215786 -0.03797759861
v -59.03805923 124.9848251 13.47862434
vn -0.9156901836 0.4015882909 -0.01543671079
v -14.83620167 137.0983582 575.973999
vn -0.7887017131 0.1897486001 0.5847607255
v 39.36487961 121.2407913 611.536499
vn -0.1574902683 0.3698633909 0.9156407118
v -49.49396896 213.034317 -206.1824493
vn 0.3741639853 0.9120700359 -0.167718634
v 161.9706726 108.1555176 42.92541885
vn 0.9119981527 0.3850729167 0.1413444132
v -11.6383543 62.22735977 -445.9256592
vn -0.8056977391 -0.5865092278 -0.08281365782
v 81.2272644 -140.0045624 -904.3936768
vn 0.3521102965 -0.935308516 -0.03487509489
v -28.19048119 92.59687042 -858.8482056
vn -0.4030643702 0.002585148904 0.9151679873
v -50.06189346 -122.2702103 488.3382874
vn -0.9146158695 -0.3568947017 0.1900105327
v -67.99464417 100.6450577 379.5501709
vn -0.8406809568 0.536447525 -0.07402389497
v 28.24559021 211.3318329 -43.19230652
vn 0.3713050485 -0.8646028638 -0.3385179639
v -19.89599991 248.4005585 -152.5613251
vn -0.8094052076 -0.005951918196 -0.5872203708
v 16.07524681 75.17101288 634.4002075
vn -0.5546993017 0.6611908674 0.5051091909
v 120.7276993 -128.9927673 558.6577759
vn 0.8273599148 -0.5146718621 0.2249187678
v 9.995905876 258.4703064 -83.1267395
vn 0.1598748714 0.986970365 0.01815181039
v 87.51531219 -156.7134399 -731.7896729
vn 0.3402626514 -0.938722074 -0.05497460067
v -77.36112976 81.99313354 164.7947845
vn -0.8226181269 0.5655776262 0.05849269405
v 129.9973145 -88.07709503 591.8682861
vn 0.8528519869 -0.3839207292 0.3539044559
v -21.18771553 151.2807312 -892.9482422
vn 0.05108728632 0.9928296804 0.1080708131
v -5.505478859 -128.2227478 -835.8325806
vn -0.8103609681 -0.5855219364 -0.02189047076
v -22.30520248 59.09244537 859.5645752
vn -0.4124820828 0.7617064714 0.4996616542
v -12.899189 -16.79872894 667.4128418
vn -0.6803556085 -0.4678165317 -0.5641488433
v 32.94496918 -167.3454742 -495.6587524
vn -0.137415871 -0.990291059 -0.02098808065
v 90.50330353 -202.9676819 206.1322632
vn 0.8844969273 0.4412221014 -0.1516187787
v -38.35220337 50.24443436 -906.0204468
vn 0.07727956027 -0.9966182113 0.02792963758
v -55.02089691 -190.6730652 -213.9620361
vn -0.2535564899 0.1250851154 -0.9591990709
v -38.11051941 -223.2579803 -145.2105103
vn 0.09516832232 0.9952727556 0.01936717518
v -11.16047382 103.4156265 -583.8128662
vn -0.9769817591 -0.1900182366 -0.09695219994
v -7.098175049 215.051651 -19.09343719
vn -0.593046546 -0.7967244983 0.116300799
v -64.56349945 220.723999 -202.2923126
vn -0.9489250183 0.266238451 -0.1692879796
v 70.58259583 -38.72271729 887.9070435
vn 0.3392212093 -0.5606024861 0.7554163337
v 6.347994804 141.283844 -930.4888306
vn -0.0262027774 0.2357065976 -0.971470952
v -58.34307861 -206.949173 -138.1138763
vn -0.05516798049 -0.908005178 -0.4153108299
v -22.40213966 -112.9328079 -939.4244995
vn 0.1509301513 0.0002968685876 -0.9885444045
v -29.48085594 139.692688 132.7546082
vn -0.4658551216 0.7819792032 0.4141105711
v -69.74240875 203.6343994 -125.5117188
vn -0.9636230469 -0.2522894144 0.08820796013
v 129.8808746 -7.606944084 652.4367676
vn 0.7530815601 0.006597578991 0.6578940749
v 5.171431065 -171.1099548 582.5734253
vn -0.5112793446 -0.2769246399 0.8135761619
v -45.95302582 -208.0119171 -201.7766418
vn 0.4174504876 -0.3682963252 -0.8307182789
v 154.20224 -67.41360474 531.2519531
vn 0.9703343511 -0.2087121159 0.1220264733
v -24.66763496 -123.6536255 -459.7648621
vn -0.9559607506 -0.272941947 -0.1078968048
v -30.17074394 -181.8844299 481.1735229
vn -0.965480566 -0.2589514256 -0.02813279442
v 24.8910923 -76.8612442 814.4539795
vn -0.07010578364 -0.9889255762 0.1308106333
v 80.47127533 8.716910362 -84.80078888
vn 0.2496760935 -0.9562136531 -0.152700156
v -11.06730938 72.8687973 826.1140137
vn -0.2878175378 0.9512425661 0.1108993813
v 5.823982239 -74.81178284 779.9710083
vn -0.2211016864 -0.9742274284 -0.04466472566
v 27.83745003 -78.78421783 787.8125
vn -0.1490332633 -0.9860379696 0.07428449392
v 50.42107391 199.5363922 571.2676392
vn 0.3544452488 0.5475538373 0.7579929829
v 26.32121468 56.07383347 629.118042
vn -0.03703094646 -0.5572644472 0.8295089006
v 94.9688797 -71.58102417 -943.0785522
vn 0.1391067356 0.3420862556 -0.929314971
v 85.64772034 -94.59204865 -943.6368408
vn 0.01669004932 -0.0172189679 -0.9997124076
v -0.4535009563 -53.87857056 -889.6654053
vn 0.07151253521 0.9974387884 0.001346192905
v 91.43079376 199.435318 247.6868896
vn 0.8266203403 -0.5575640798 -0.07629645616
v 103.0026398 -119.0941925 -940.2098389
vn 0.6968444586 -0.5317212939 -0.4813317657
v 98.14070129 218.7192535 231.900116
vn 0.9842509031 -0.1388102323 -0.109461695
v -20.04188156 227.8121643 -193.1065369
vn -0.01157309022 0.1514415145 0.9883984923
v -16.98100281 -140.1664886 277.7749329
vn -0.4774974585 -0.8762243986 -0.06501511484
v 122.5707016 -125.1436234 138.1248932
vn 0.6756507754 -0.460108757 0.5760173202
v 1.464812279 -174.7571716 -205.7372284
vn -0.04267091304 -0.9863369465 -0.1591181606
v -66.50941467 93.88750458 -1.817122579
vn -0.9791893363 0.1453150511 -0.1416748315
v -14.21543217 209.4109344 -84.08965302
vn 0.4551941752 -0.8562791348 -0.2440989465
v 108.8581696 132.7239532 279.0851135
vn 0.4977868497 0.8670005798 -0.02276584506
v 84.00702667 55.64212036 -529.6113892
vn 0.7946542501 -0.6052153111 0.04731886834
v 53.7504921 -175.2495575 2.083235979
vn 0.0872066915 -0.9929837584 0.07986414433
v -10.37316227 -183.6524048 -202.7716064
vn -0.6718524694 0.09778328985 -0.7342020869
v 98.88463593 -89.50314331 624.5671387
vn 0.3717167675 -0.6530995369 0.6597633362
v -91.54814911 -52.0975914 66.19086456
vn -0.9545037746 -0.2406249493 -0.1761310399
v -13.19698524 98.80686188 -839.7214355
vn -0.9759913087 -0.2117475271 0.05102922022
v -36.43969727 236.3316498 -48.82450867
vn -0.7690759897 -0.2126995474 0.6027280092
v 115.9057617 -144.4427185 412.019928
vn 0.5176017284 -0.843875587 -0.1412884891
v 16.4256897 -141.0927124 -855.0354004
vn -0.08951912075 -0.9665032029 0.2405366749
v 106.339653 -165.1880035 -20.62112427
vn 0.3506588042 -0.9363221526 0.0184187144
v 67.58596802 268.2658691 146.4631958
vn 0.698984623 0.6990795732 -0.1506923884
v -66.8343811 75.75567627 -45.92444229
vn -0.9950212836 -0.09444144368 -0.03183573484
v 105.6622772 76.04907227 -914.1931152
vn 0.8854660392 -0.4557544291 0.09076195955
v 90.10160065 126.6603317 600.5248413
vn 0.4765283465 0.5518426299 0.6843905449
v 20.93901062 202.3644867 40.01787186
vn -0.1508798599 -0.9786932468 -0.1392653733
v -53.69956589 227.5881958 -65.92648315
vn -0.8570844531 0.233855322 0.4590402246
v 8.69077301 -267.9026184 -48.14642334
vn 0.07798153162 -0.950891614 -0.2995396852
v 70.03246307 -204.3834076 122.9850693
vn 0.7721651793 0.5947988033 -0.2235515118
v 133.1691895 -119.2158737 120.0209198
vn 0.8709688783 -0.3568946719 0.3376971781
v -86.57723236 39.94631577 320.9844971
vn -0.9956418872 0.08266469836 0.04317124933
v 59.16838074 62.28793716 641.3099976
vn -0.03839301318 0.9986178279 0.0358947143
v 4.388988972 -62.31757355 863.4760132
vn -0.2029929161 -0.8114016056 0.548107028
v 112.9981689 -124.9318695 -687.395813
vn 0.9965125322 -0.08253385872 0.01228742488
v 60.575634 65.06505585 867.0507812
vn 0.2146629244 0.777677834 0.590878129
v 21.50767326 68.75133514 863.4232178
vn -0.1299257576 0.8398360014 0.5270624161
v -77.90744781 59.13861847 10.73042583
vn -0.9461989403 0.1009597704 -0.3074324727
v 74.41424561 60.19519806 -402.9677429
vn 0.8029766083 -0.5959727168 -0.00671644276
v 124.9552536 -24.34213448 659.3526001
vn 0.6540014744 0.005389336497 0.7564740777
v 53.14479446 25.53262901 -271.7462769
vn 0.2094341815 -0.9689455032 -0.1314609349
v 140.2705231 80.29276276 136.381012
vn 0.8528968692 0.129557848 0.5057486892
v -56.52630997 48.878582 -938.2682495
vn 0.1330418289 -0.9627820849 -0.2352669388
v -53.60064316 238.1815796 -83.29833221
vn -0.8926957846 0.4206711352 0.1616478711
v 55.70079803 -42.49334717 -431.7482605
vn 0.4842783809 0.8729330897 0.05884129182
v -169.2038879 -114.7763519 -928.7127075
vn -0.929163754 -0.3270323575 0.1723499596
v 152.7507019 -63.34550476 -55.90698242
vn 0.9444015622 0.1783685237 -0.2762071192
v 26.71367264 285.2541809 121.0354233
vn 0.2227623463 0.9707501531 -0.08956066519
v 107.6893768 -41.22434998 854.8078003
vn 0.6635251045 -0.5328493118 0.5251723528
v -1.224784851 -231.5470123 205.5972137
vn -0.9797666669 0.1859206259 0.07409954816
v 78.05393982 105.4661713 618.1623535
vn 0.1403633207 0.5230512619 0.8406637311
v 77.81430817 -64.52108765 -394.0315857
vn 0.8097182512 0.584243238 -0.05491975322
v 40.34943008 266.715332 33.21434784
vn 0.5535096526 0.818475008 -0.1540315896
v 92.49848175 180.0347595 500.8027954
vn 0.976618588 0.2148075998 -0.008595163003
v 83.90323639 160.3020782 121.5788422
vn 0.1666220576 0.9648616314 0.2031725049
v 121.1589203 -138.0509491 517.3265381
vn 0.8015378118 -0.5924597979 0.08079943061
v 46.05263901 -58.03796387 -848.4434204
vn -0.07080356777 0.9973410368 -0.01725357957
v 57.38316727 172.2946167 305.9924011
vn 0.1706208289 -0.9807472229 -0.09499149024
v 3.654558897 134.8790588 -853.1187744
vn -0.2396443933 0.5299153328 0.8134865165
v -20.04188156 228.3351898 -196.5495605
vn -0.03376239538 0.827940166 -0.5597992539
v -47.33682632 17.88153267 550.1855469
vn -0.8641014099 0.005614464171 0.5032864213
v -113.7379684 -156.8878784 -917.742981
vn -0.1509180516 -0.9710441232 0.1851945817
v -102.7653503 13.06330585 144.0622711
vn -0.9763579965 0.055218108 0.2089881152
v 22.26497269 222.1705933 560.9105835
vn -0.08598606288 0.6696845293 0.7376509905
v -77.69815063 52.82620621 -943.4302979
vn 0.04608943686 -0.1611232907 -0.9858575463
v -21.951437 -27.46934128 -201.2947845
vn -0.4891759455 0.8615065813 -0.1360637844
v -48.01875305 130.5284119 480.6134644
vn -0.9138721228 0.3962850273 0.08829466254
v -61.02316284 20.80961037 840.2304688
vn -0.9584775567 0.1779834926 0.2228062451
v -44.28866959 -155.5811615 -111.4682388
vn -0.6227618456 -0.7823805213 -0.006960246712
v -64.46191406 -118.4020233 424.3686218
vn -0.7826131582 -0.6162521839 -0.08803320676
v 6.893146038 -218.9060822 -191.8944244
vn -0.4008455575 -0.2710578442 -0.8751288652
v 120.1617661 51.56378555 771.2884521
vn 0.6666180491 0.7359253764 -0.1184658781
v 93.83988953 147.782547 -472.0786133
vn 0.7129864693 0.6952406764 0.09105353057
v -61.03097534 132.4666595 -95.18103027
vn -0.9465261102 0.3226266205 0.0006591965212
v 9.121424675 -209.4866028 -188.3500824
vn -0.5210213065 0.4746578336 0.7093917727
v -52.42175674 -230.8317871 -173.9202728
vn -0.2508845031 -0.9042369127 -0.3455612361
v -13.64760876 -105.126297 581.7449341
vn -0.8163606524 -0.1779238135 0.5494528413
v 86.49681854 -204.9190979 518.6451416
vn 0.8794983029 -0.4113011062 0.2394036353
v 44.38023758 -185.852066 126.6156616
vn 0.1633018255 0.973133564 -0.1623069495
v -90.31490326 69.07152557 108.5986862
vn -0.9306713939 0.3150276244 -0.1860332638
v -47.1994133 54.2902298 780.6931152
vn -0.7551634312 0.6478957534 -0.09979620576
v 51.29755783 155.0230865 140.8912659
vn 0.02612253837 0.9716068506 0.2351547331
v 108.6355515 104.0642014 -938.4151001
vn 0.9741039872 0.1784105599 -0.1388923228
v 154.5526886 15.00307751 550.2819824
vn 0.9666434526 0.02711686678 0.2546863854
v -41.38924408 254.4849243 -88.1348114
vn -0.2519854307 0.9671658278 -0.03306902945
v 52.46543121 -177.2756653 225.1265564
vn 0.0531386435 0.9956465364 -0.07657833397
v -52.34771347 -202.4466553 -209.8227234
vn 0.2239725143 -0.4851845503 -0.8452409506
v -11.2120285 -264.0666504 -48.19094086
vn -0.08707269281 -0.9648173451 -0.2480843067
v -40.67240906 205.1502838 -208.1717377
vn -0.2379770875 -0.7067501545 0.6662365198
v 133.4976807 10.10313225 614.067749
vn 0.9918760657 0.01099693589 0.1267318577
v -40.42653275 -216.7046204 -170.7909088
vn 0.194021076 0.9687311053 0.1546475738
v -10.52409363 -46.48318481 684.8291016
vn -0.1172277406 -0.7798666358 -0.6148704886
v -158.0758362 -134.8438873 -932.116333
vn -0.695920527 -0.717908442 -0.01737963967
v 138.1795044 28.14636421 599.680481
vn 0.947134912 0.04307457805 0.317930907
v 110.6838074 -90.32402039 -826.4494019
vn 0.956806004 0.2903771996 -0.01426151861
v 18.15625381 241.3152161 -154.6397095
vn 0.5539212823 -0.8278638721 -0.0883892253
v 17.33380127 -99.62097931 -932.7769775
vn -0.1466504633 -0.02670814283 -0.988827765
v -0.7378348112 215.0282135 -60.29217911
vn 0.2993637323 -0.953727603 0.02801913396
v -41.08597946 -31.53342438 561.5541992
vn -0.871321559 -0.04682064801 0.4884736836
v -55.2524147 -31.95203018 -40.2922554
vn -0.9245055914 0.3107012212 -0.2208034098
v -32.40123749 -64.16934967 784.8408203
vn -0.3837931752 -0.9229755998 -0.02861482836
v 16.58584976 -61.28856277 -677.6459351
vn -0.8048083782 0.5890712738 -0.07265350223
v 104.9254684 -117.7197571 -852.2210083
vn 0.8253030181 -0.276759088 -0.4922187924
v -120.2725372 -147.0478516 -899.0254517
vn -0.3470474184 -0.4891234636 0.8001976609
v -22.68786812 -189.1703644 523.3188477
vn -0.9041509628 -0.3499660194 0.2450199574
v 50.98246002 -135.4821625 -942.2142334
vn -0.1223762408 -0.2426977456 -0.9623522758
v 13.49570847 141.3557739 -854.3782349
vn -0.1585589796 0.8445314169 0.5114936233
v -29.24869728 14.7294836 665.4702148
vn -0.04692977667 0.2439510971 -0.9686513543
v -63.55713272 207.317688 -213.5963593
vn -0.781045258 0.1755528748 -0.5992908478
v -5.721547127 -119.8167953 -646.1790771
vn -0.9707202911 -0.2269430757 -0.07873354852
v -43.0293541 -55.70597076 778.4692383
vn -0.7969874144 -0.5747362375 -0.1857130378
v 51.23595047 -58.38590622 643.65448
vn -0.04777944461 -0.9969117045 0.06232342124
v 11.38701916 158.382309 370.8803406
vn -0.5370116234 0.2129667103 -0.8162497878
v -37.21872711 195.3803558 -208.4603424
vn -0.1488585621 -0.4705190063 0.8697430491
v -54.6596489 -3.864460468 862.3475342
vn -0.8114468455 -0.03577967733 0.583329916
v -57.33874512 235.0717926 -135.500946
vn -0.7993375659 -0.6006124616 0.01800401323
v 62.48350906 41.17129898 -470.1820984
vn 0.4975879788 -0.8657742143 0.05330279469
v -147.7398224 126.0260773 -902.5803833
vn -0.3947061002 0.2571839094 0.8820790648
v 35.87901688 -44.98789978 889.6721802
vn 0.01628125459 -0.6475431919 0.7618548274
v 36.8549118 -82.62113953 789.9316406
vn -0.2040711343 -0.9491490126 0.2397313714
v -61.90812302 98.82841492 -214.1123352
vn -0.990791738 -0.1059939265 -0.08424381912
v -6.155246258 -171.2983093 -200.6396484
vn -0.4152240455 -0.9078728557 -0.05792957917
v -0.2516728342 236.6587067 505.1011658
vn -0.5750088096 0.8092196584 0.1205340102
v -52.8962822 -221.0355835 -193.5903931
vn -0.2313121557 -0.7786802053 -0.5832253695
v 19.13673782 -152.8251038 364.9529724
vn -0.02189069241 -0.9837195873 -0.1783720106
v 62.44477081 -142.1517792 -923.845459
vn 0.1421674937 -0.9789814353 -0.1462318301
v -20.81930351 -47.02383041 612.0248413
vn -0.9459804893 -0.1946874708 0.2592637539
v 149.2598267 -123.3278732 -41.60045242
vn 0.8822134733 -0.4261379838 -0.2002644241
v 125.2842484 -39.68073654 819.8895264
vn 0.7873296142 -0.5821108222 0.2031231821
v 96.28173828 56.97259521 640.1478882
vn -0.1309786737 -0.6441108584 0.7536350489
v -3.891172171 -219.1239014 -173.5051117
vn 0.2772344947 0.9108380675 0.3058023155
v -43.43559265 228.9708557 -127.0470276
vn 0.08252192289 -0.9766930938 -0.1981433034
v -30.96658134 -249.3871155 -123.9481659
vn -0.1865304857 -0.9716054797 -0.1455650926
v 84.50356293 56.73731995 644.161499
vn 0.6080818176 0.7244834304 0.3245925009
v 0.1450248063 -98.56351471 -715.9520874
vn -0.9500283003 0.3070979118 -0.05600963533
v 114.5774002 125.5742798 234.7453918
vn 0.6819340587 0.7307551503 -0.03103015013
v 43.13991547 231.1192169 -50.89761353
vn 0.8157678246 -0.4787760675 -0.3244940042
v -8.99467659 23.65301132 892.2807007
vn -0.3435512185 0.2649734318 0.900978148
v -47.93584442 -194.3920288 -205.4801788
vn 0.7282279134 0.6612117887 0.1802307069
v -24.91955948 -56.37164307 860.8984985
vn -0.4268379509 -0.7411077619 0.5182360411
v -84.26282501 68.7967453 55.74743271
vn -0.9534050226 0.2601394355 -0.1527950615
v 6.032012939 80.85623169 608.168335
vn -0.5844578147 0.526766479 0.6171921492
v 77.59369659 64.26493835 652.223877
vn -0.696023047 -0.3161873817 -0.6446529627
v -62.3902626 -13.55467415 839.9696045
vn -0.976154387 -0.07145066559 0.2049815953
v -16.65559959 -185.2848969 357.0636292
vn -0.8771039248 0.4334629774 -0.2068781555
v 102.3170547 155.0654144 476.0275269
vn 0.5737991929 0.8104380369 -0.1180875897
v -61.61249924 47.53552246 -28.58748627
vn -0.9574155807 -0.198766306 -0.2093975246
v 134.6682892 32.429142 -78.17001343
vn 0.7646897435 -0.6006720066 -0.2333296388
v 24.48463821 -269.8927917 241.7471924
vn -0.4048679769 -0.9061821103 0.1221305951
v -26.45283318 225.5247955 -192.0285645
vn 0.3209757209 -0.8274607658 0.4607420564
v 30.50342751 57.04309082 666.0950928
vn -0.539963901 0.8402781487 0.04869891703
v -42.14932251 -208.4664917 -194.3481445
vn -0.03997641802 0.7204409242 0.692363143
v 7.316363811 236.9493866 -159.8427277
vn 0.2217693478 -0.9445999861 0.2419693768
v 79.37379456 180.7358551 300.644989
vn 0.5749292374 -0.8133851886 -0.08866177499
v -18.39056206 43.8045311 602.6685791
vn -0.9461063743 0.01196825504 0.3236348033
v -56.03610229 -217.1886292 -112.8492661
vn -0.7157122493 -0.300498426 -0.6304416656
v 5.539844513 230.7451477 539.7214966
vn -0.575665772 0.7251290679 0.3778845966
v 112.764801 124.7959061 178.234726
vn 0.7593380809 0.6506696343 -0.005893269088
v 142.8205566 -84.82227325 128.3650055
vn 0.8977391124 -0.1866776347 0.3990187049
v 67.37091827 -47.33811569 -730.6812134
vn 0.2358420193 0.9699105024 -0.06043286994
v 13.78022957 240.7711029 -186.7354431
vn 0.2260797471 0.7384330034 -0.6352988482
v 146.3636322 72.15779114 119.9431458
vn 0.95437181 0.08734419197 0.285561651
v -51.56524277 -244.8931274 -98.17129517
vn -0.6269231439 -0.7786899805 0.02468345687
v -52.83950806 -196.5669556 -149.5059509
vn 0.9413380027 0.03490042314 -0.3356556892
v -57.31799316 228.5465546 -201.03508
vn -0.1085572541 0.7037433982 -0.7021114826
v -4.259648323 2.168700695 -85.25873566
vn -0.4838436246 -0.8443359733 -0.2302000821
v 4.705172539 127.4711304 -846.2398682
vn -0.3974180222 0.670404911 -0.6265909076
v 123.0656738 -5.834860325 625.8479004
vn 0.4547017217 0.0007696839748 0.8906434774
v 86.77070618 218.158432 486.6987305
vn 0.8779610395 0.44684425 0.1717982292
v 97.49388123 139.1831818 -326.5588989
vn 0.8217143416 0.5556220412 -0.126766488
v -20.41847038 -224.2414856 -174.5917511
vn 0.3073078394 0.9481091499 -0.08155309409
v 52.65708923 142.867981 -918.5996704
vn 0.1481933445 0.9869316816 -0.06328158081
v 47.54623032 35.59661484 -484.8137207
vn 0.09535737336 -0.9953759909 -0.01155910827
v 121.3713074 66.50402069 625.5350952
vn 0.7298386097 0.5312125683 0.4302892089
v 11.26281643 -36.26067352 891.8617554
vn -0.2277568132 -0.5473862886 0.8052919507
v 113.8404465 124.6864853 -760.2077026
vn 0.9589264393 0.2834577262 0.01057136245
v 33.07316971 -17.94379234 -221.522049
vn 0.07811020315 0.9890465736 -0.1252423674
v 70.96195221 -183.6476746 196.9638214
vn 0.5282310843 0.8393583894 -0.1282550544
v 61.60734177 -57.60682678 691.9338379
vn 0.07880830765 -0.9934899211 -0.08226178586
v -33.64318848 -89.70681763 -375.5113525
vn -0.9445316792 0.2908636332 -0.1525065601
v 15.37452126 -225.0659637 -167.3316193
vn 0.2489293218 0.9278973341 0.2775621712
v -35.99480057 25.6718502 877.3185425
vn -0.547711134 0.3405183554 0.7642380595
v 29.23480797 58.34757614 652.6451416
vn -0.1071080416 0.9863049388 0.1254210621
v 105.7839127 -140.8099518 353.9747314
vn 0.4214052856 -0.8996130824 -0.1145158187
v -35.58386993 -116.6425171 -375.4815674
vn -0.9853740931 -0.09881305695 -0.1388303936
v 97.46078491 228.6188812 364.6724854
vn 0.9300136566 0.3628024459 0.05872830749
v 97.86526489 49.37262726 861.6796265
vn 0.6187676787 0.5491709113 0.561727643
v 54.10391998 66.22063446 -942.7140503
vn -0.1223891079 -0.4501923621 -0.8845042586
v -42.39212036 -217.9593964 -194.4842377
vn 0.007224664092 -0.759077847 -0.6509597898
v -40.62659836 -125.3586884 290.6914368
vn -0.6898001432 -0.7211669087 -0.06398463994
v -49.93044662 215.9623108 -63.01208878
vn -0.5813972354 -0.4487080872 0.6787033677
v -4.251827717 -128.3832245 -848.5519409
vn -0.6399866343 -0.5078842044 0.576602757
v 157.1975555 89.55472565 86.39437866
vn 0.9282286763 0.1438716799 0.3430633843
v -20.00755119 -84.92201233 -471.2651367
vn -0.9155510068 0.3892792761 -0.1011336595
v 104.1950684 77.27623749 -729.2887573
vn 0.8032999039 -0.5955668092 0.003073506756
v -62.14948273 4.444997311 671.366333
vn -0.9675577283 0.1301999092 -0.2165180594
v -14.41991234 -207.4321899 -88.46346283
vn 0.5351099968 0.6997654438 -0.4732711911
v 138.5312042 -141.9815063 -29.076828
vn 0.7646371126 -0.6330471635 -0.1207532287
v 111.54422 132.0323639 -819.8503418
vn 0.8242470622 0.5617381334 -0.07118369639
v 81.8403244 -217.2965546 143.449295
vn 0.9652603865 0.1407640427 -0.2201314718
v -34.21216202 -243.0242462 -38.83053589
vn -0.9606280923 0.1142367721 0.2532658279
v -26.6799984 90.29103851 -438.5309448
vn -0.9432470202 -0.3142392039 -0.107418932
v -50.14208603 218.5105896 -205.3362579
vn 0.008645493537 0.5248159766 -0.8511717916
v 155.8305664 -63.71807098 364.5542603
vn 0.9705165625 -0.2299663723 -0.07220196724
v -2.596717834 215.1423645 52.23952866
vn -0.8182960749 -0.5741425157 0.02742038108
v 63.07058716 151.8814697 378.6142273
vn 0.1281496435 0.9731498361 -0.1911989599
v -141.2187195 -49.70479584 -910.2557983
vn -0.2674685717 0.9468653202 0.1786242574
v 55.87982178 164.1732788 376.2259521
vn 0.2946077883 -0.9406561255 -0.1684408635
v 41.08190536 280.0006104 205.6953888
vn -0.02384310588 0.9933165312 0.1129323691
v 72.65107727 129.8469849 -943.7250366
vn 0.004160712473 0.09304083884 -0.9956536293
v 74.16073608 -58.31424713 866.3925171
vn 0.3231793046 -0.7297627926 0.6024959683
v 6.320436001 -50.96750259 -486.2071228
vn -0.621157527 0.7803505659 -0.0722239688
v 34.65246201 -142.1316681 -933.5076294
vn -0.1089503765 -0.4656201005 -0.8782526851
v 103.935257 83.13004303 627.210083
vn 0.4236055315 0.6566458941 0.6239988208
v 92.43612671 140.6512604 186.0758209
vn 0.458643496 0.8883183599 0.02316638827
v -28.80395317 136.7516327 324.5352783
vn -0.5661843419 0.8226051927 -0.05249734968
v 70.72943115 -70.19500732 751.8286743
vn 0.155561164 -0.9799482226 -0.124507919
v -54.4471817 228.3555756 -158.3744812
vn -0.1831870675 -0.9701967835 0.1586212814
v 115.6015472 15.60851192 860.8605347
vn 0.7956668735 0.1884623617 0.5756701827
v 129.8711548 -36.43481445 774.7042236
vn 0.8530386686 -0.5077826977 -0.1203401908
v 106.4530182 153.9644318 444.4963989
vn 0.4412609041 0.8931807876 -0.08669979125
v 65.26551056 -155.8249969 392.3069763
vn 0.2149401456 -0.8519085646 -0.4775484204
v -7.36274004 210.5918274 -208.2892151
vn 0.4508736134 0.07822383195 -0.8891535401
v 34.14115143 -60.30397415 652.7379761
vn -0.3110801578 -0.7404341698 -0.5958073139
v 77.69644165 181.1505585 562.4414673
vn 0.6683260202 0.5418033004 0.5096955299
v 14.62051868 -189.6504211 -194.3261871
vn -0.3325506747 0.7425100803 0.5814540386
v -59.78406906 224.0961304 -106.4649963
vn -0.8108313084 0.5659638643 -0.1491223127
v -84.90648651 -15.60902596 365.1069031
vn -0.9996951818 -0.01366718765 -0.02056189254
v -78.02501678 -87.27036285 404.7566223
vn -0.9433392286 -0.3316047192 -0.01222394407
v -3.501636982 220.0934448 -201.6776733
vn 0.9789563417 0.04718190432 -0.1985404342
v 74.8106842 45.09870529 -642.4804077
vn 0.5393064618 -0.8419855237 -0.01445383858
v -27.64405632 140.9846191 113.3504944
vn -0.5399824381 0.8340221047 0.1132524982
v 118.4614639 32.48385239 629.5845337
vn 0.6635335088 0.03669876978 0.7472459078
v -18.46133232 -139.4645081 -863.286377
vn -0.2820155621 -0.5347511768 0.7965603471
v -12.32304764 -111.6391068 -850.5924072
vn -0.5926251411 -0.06742625684 0.8026513457
v 38.60835266 -66.16661072 865.3902588
vn -0.02138819546 -0.9197025895 0.3920327425
v -18.34335327 1.229269981 663.0386963
vn -0.7168160081 0.09261039644 -0.6910847425
v -95.52019501 67.40509796 136.0813141
vn -0.8368710279 0.491298914 0.2413965166
v -7.316302776 191.815567 -206.3922272
vn 0.05808731541 -0.3745479882 -0.92538625
v -43.45902634 -53.62072754 747.0123291
vn -0.6577622294 -0.7453600168 -0.1085695028
v 132.5137939 20.65492249 830.9038086
vn 0.8997069001 0.1723638624 0.4010214508
v 85.90644073 -19.62648964 -162.0040283
vn 0.2811891735 0.9494274259 -0.1397146285
v -2.472715616 229.7347107 -187.9161377
vn 0.6462624073 -0.7339850068 0.2088323087
v 25.87759399 259.8192749 -135.3060913
vn 0.1850518882 0.981330812 -0.05239909142
v -42.83260727 -42.48788452 695.7706299
vn -0.4559777677 -0.8430216312 -0.2853046954
v -76.38705444 -7.376472473 -4.426213741
vn -0.9225919247 -0.001044334495 -0.3857759237
v 13.94612694 206.2050781 -196.2192993
vn 0.4123880267 -0.6093822718 0.6771922708
v 98.8776474 68.24600983 -926.0701904
vn 0.3571402729 -0.9331041574 -0.04204107821
v 140.160614 5.042591095 764.635498
vn 0.9703035355 -0.03153051436 -0.239826709
v -88.09133911 -44.56267166 292.3187866
vn -0.9795609117 -0.1936439276 0.05442801863
v 25.40552521 159.4008179 360.0939331
vn 0.228997007 -0.8959248066 -0.3806298673
v -94.40739441 55.04183578 143.4734955
vn -0.8843941689 0.3629098535 0.2935019135
v 47.61295319 83.60268402 649.4221802
vn -0.2541905046 0.7369410396 0.6263426542
v 120.7869949 -16.15240097 -65.70372772
vn 0.4676842988 0.8039348125 -0.3673692942
v 142.8535919 -101.6690598 528.1154785
vn 0.8955920339 -0.4224896133 0.1393462867
v -87.59960938 -30.04137993 437.7961731
vn -0.997104466 -0.05698831752 0.05034925044
v -2.733025789 -204.5710754 -201.6438293
vn 0.6397167444 -0.208145231 -0.7398905754
v 75.67022705 -156.9102631 -427.4025269
vn 0.5455089808 -0.8332164884 0.09038969874
v 44.16710281 72.87373352 857.675354
vn 0.05912481248 0.96323663 0.2620675862
v 40.45817947 -280.7502136 111.1901245
vn 0.3983803988 -0.909995079 -0.1149001494
v 123.9474258 41.84279251 827.128479
vn 0.7807564735 0.4965169132 0.3793286681
v 105.368042 -49.79190063 638.1055298
vn 0.3278841376 0.2001198381 0.9232789874
v 18.94939804 23.81702423 -282.7493286
vn -0.03108098544 -0.990344882 -0.1350960135
v 32.04037476 163.0304108 -387.1758118
vn 0.06167318299 0.9980022311 -0.01370899379
v 132.440979 -83.73369598 170.4316559
vn 0.9652945399 -0.25748083 -0.04370483011
v 15.44176579 -199.3934021 -197.6242065
vn 0.549448669 -0.1517614722 -0.8216292262
v 39.01471329 -157.8159027 -726.9711304
vn -0.3118444383 -0.9487124085 -0.0519406721
v 103.1771469 -31.97396851 664.4690552
vn 0.8094854355 -0.575360775 0.1170185134
v -8.384027481 -163.6083984 -278.0880127
vn -0.2888779938 -0.9542877674 -0.07670936733
v 15.40647221 134.042923 -855.0216064
vn -0.7932811975 0.4772190154 0.3781096637
v 68.2922821 -1.278046131 -69.44920349
vn 0.3656627536 -0.09803183377 -0.9255703688
v 95.35827637 41.76414108 688.5064087
vn 0.6853474975 0.6903826594 -0.2316690683
v 27.90127754 -118.0879974 609.6263428
vn -0.3443596959 -0.2454002798 0.906198144
v 141.2448883 -126.3323669 88.49044037
vn 0.7858139277 -0.5773061514 0.2218425125
v -41.91475677 -27.81533623 871.5219116
vn -0.638890326 -0.2445432693 0.7293954492
v 0.8906318545 243.760498 421.5653076
vn -0.5933020115 0.804445684 0.02932350151
v -51.99894714 39.76863098 781.5205688
vn -0.742716074 0.2527568638 -0.6200700402
v -86.5149765 -150.5051422 -891.807373
vn -0.1452318877 -0.8010703921 0.5806840062
v -1.028410554 -104.2262039 597.902771
vn -0.6158823371 -0.2117457986 0.7588495612
v -33.6638298 -10.70013142 -61.3593483
vn -0.6690251827 0.7124518156 -0.2117019892
v 112.6036835 11.8951416 -68.59643555
vn 0.4301331937 -0.7453730106 -0.5093176961
v 102.5900421 -80.85823059 -569.8759155
vn 0.8823408484 0.4691181779 0.03745347261
v 17.5588665 151.4092255 142.7949371
vn -0.3284237385 0.9296690226 0.1668931097
v 54.55336761 -67.10424805 731.2451172
vn -0.01808515191 -0.9685483575 -0.2481672615
v 78.41425323 60.58577728 -888.8616943
vn 0.1330881417 -0.9883542657 -0.07377965003
v 139.1962891 10.97874641 621.5744629
vn 0.9894106388 0.04591502622 -0.1376893967
v -12.27430725 -260.105957 89.6162796
vn -0.9869350195 -0.1202543378 0.1072293222
v 35.44491959 -252.1031494 486.4728088
vn 0.1030296609 -0.990157485 0.09472610056
v -15.11894131 66.12339783 598.0179443
vn -0.7810835838 0.4231095016 0.4592241347
v -69.33130646 -1.713292003 782.5128784
vn -0.9891012311 -0.005547336768 0.1471326947
v 7.312318325 138.1888733 -693.0354004
vn -0.866504252 0.495365411 -0.06151006371
v -26.95424652 -219.2023773 -167.6996765
vn 0.2900492251 0.9142919183 0.2827396393
v -45.13954544 36.31081009 775.9701538
vn -0.9431132674 0.288595736 0.1650754362
v -62.42518997 212.5352783 -199.0692139
vn -0.5350535512 -0.7282656431 0.4281902015
v -27.42416382 196.7174377 -210.4663239
vn 0.3541343212 -0.4391375184 0.8256797791
v 171.986557 -6.989859104 35.07321548
vn 0.9976620078 -0.01894313097 0.06566336751
v -0.8444478512 -109.4494324 -933.2215576
vn 0.164481625 0.001585702645 -0.9863788486
v -173.1276398 -88.39244843 -937.4091187
vn -0.9900645614 0.1391567141 -0.02018867061
v -26.13369751 -178.9930725 431.7570496
vn -0.9913190603 0.0541466549 -0.1198111624
v 117.0692062 -69.85899353 626.7589722
vn 0.7400221825 -0.5369332433 0.4050554037
v 140.8924713 130.6398315 -49.98041153
vn 0.8360562921 0.5271491408 -0.152064696
v 35.76682281 -214.5873566 -35.23462296
vn 0.5916360617 0.7732242942 -0.2282344103
v 156.6576385 44.18329239 330.1086121
vn 0.9928266406 0.07647588104 -0.09190575033
v -89.47514343 -24.52719498 33.53227234
vn -0.9575675726 -0.1013821587 -0.2697887719
v 30.06355476 80.8921051 790.3338013
vn -0.1972964108 0.9780862927 0.06649329513
v -51.51303101 -192.535141 -101.8641205
vn 0.2431617528 0.9699799418 0.00335444021
v 105.4373398 -151.344574 122.1109009
vn 0.4146241844 -0.8811998963 0.2270981222
v 96.25478363 -232.3370667 218.1274567
vn 0.9792113304 -0.1797636449 -0.09396903217
v 100.8976288 -221.8461304 326.3121338
vn 0.9932163954 -0.1161965206 -0.004427025095
v -9.148873329 -220.8688812 294.7902832
vn -0.9813631773 -0.1464022696 -0.1244696528
v 34.54907227 180.4238434 149.3963013
vn -0.2472311407 -0.9617810249 -0.1177028939
v 68.78046417 233.7641296 509.3726807
vn 0.5819729567 0.792932868 0.180457592
v 135.3560791 111.9814148 127.8047638
vn 0.8902201056 0.3582773209 0.2813281417
v 72.28208923 61.47047043 663.8897705
vn 0.3894931674 0.8181176186 0.4230586886
v -64.86737061 107.5039825 462.1068115
vn -0.8803821802 0.4374450445 0.1832185686
v 27.87498474 67.92186737 724.6103516
vn -0.1183217689 0.9435398579 -0.3094067276
v -47.68469238 209.1903992 -133.4695587
vn 0.9304881096 0.07005241513 -0.3595615923
v -4.037346363 -86.73827362 -803.9542847
vn -0.9304115176 0.3411050439 0.1340961456
v 31.86322594 51.48983765 886.8421631
vn -0.04361681268 0.7090239525 0.7038342357
v 19.45090294 57.99249649 650.8840942
vn -0.4160907567 0.003348793369 0.909316957
v -158.8951721 132.2394714 -922.1168213
vn -0.7529706955 0.605396688 0.2579341829
v 100.9558563 -116.6767578 -881.4264526
vn 0.9289721847 -0.3473716676 0.127842024
v 2.761589289 -122.1211624 -848.7957153
vn -0.205361709 -0.9783604145 0.0252480749
v 132.6826782 32.85698318 642.1488647
vn 0.929616034 0.1238126308 0.3471087217
v -17.20668411 -220.5587463 391.837677
vn -0.9297853708 -0.3660420775 -0.03888886049
v 105.7007217 -25.88986778 687.5217896
vn 0.8898793459 -0.4370652735 -0.1307238936
v 8.002693176 -1.102765322 -102.3897705
vn -0.3839221895 -0.8565354347 -0.344892472
v 7.178525448 -147.4123077 224.6106262
vn -0.2879743278 -0.9574974179 0.01641680114
v 62.60552216 -178.8366699 -57.56300735
vn 0.1177795976 -0.9929915667 -0.009786286391
v -17.89889717 -63.38832474 735.862915
vn -0.2802208364 -0.9411866069 -0.1887961775
v -11.79611588 -238.59552 82.58073425
vn -0.9516936541 0.2951715589 0.08457494527
v 34.74604797 -232.3580933 -59.18828964
vn 0.8522907495 0.497959882 -0.1601137221
v 125.0498734 14.30902672 660.2229614
vn 0.5772789121 0.0202665627 0.8162955046
v 136.75177 -115.9886703 -127.7444611
vn 0.9280515313 -0.3426000476 -0.146101281
v 63.71950912 175.2929535 -5.541525841
vn 0.1260471046 0.9907847643 0.04957517236
v -40.00219727 -146.4959869 452.5966187
vn -0.7569013238 -0.6516013145 -0.05016082153
v -26.48788071 132.4030914 -863.2143555
vn -0.3602869809 0.2513197362 0.8983494043
v 95.41969299 -47.7890358 696.6974487
vn 0.5428634286 -0.7255668044 -0.4229091108
v -34.13346863 120.5262756 -384.0596619
vn -0.9704844356 0.2046024352 -0.1276628524
v 92.34526825 -126.2172318 -380.3888855
vn 0.9687378407 -0.2082572728 -0.1348181814
v 154.4557953 68.55044556 531.3759766
vn 0.961945951 0.2370344847 0.1359216273
v -78.01615143 77.38256836 381.947998
vn -0.9635854959 0.2602950633 -0.06123265997
v -91.75231171 -76.55828094 124.3166733
vn -0.8710244894 -0.4911680222 -0.008383936249
v -36.01402283 218.0667114 -102.009964
vn 0.6908069849 -0.311566025 -0.6524662971
v -68.76456451 -201.633194 -129.033371
vn -0.9172840714 -0.3907690346 -0.07674305141
v 113.0845108 -1.98307991 659.5155029
vn 0.9919339418 -0.1073911488 0.06733608246
v -1.309456825 144.1416626 203.1035919
vn -0.3386151493 0.9408314228 -0.01326849405
v -65.17409515 -111.6389389 18.20537758
vn -0.9059003592 -0.4227024615 -0.0258296635
v 106.5029907 -139.839035 -555.2888184
vn 0.9205232859 -0.3892266452 0.03375574201
v -59.6240654 238.1792755 -180.7608643
vn -0.4103430808 0.8765051961 -0.2517085969
v -6.204785347 216.3743591 -194.6988068
vn 0.4085395336 -0.4999603927 0.7636327744
v 101.0513229 -143.3334198 -821.9766235
vn 0.627635181 -0.7743268609 -0.08057282865
v 124.3478394 154.1532135 18.57287788
vn 0.5273117423 0.8460529447 0.07833708078
v -56.05709839 -23.66849518 673.6636353
vn -0.8083593845 -0.5287086964 -0.2588864267
v -86.68067169 -2.541395426 340.3485718
vn -0.9985891581 0.01119383704 0.05190705135
v 20.07626915 -159.6038818 -582.7177124
vn -0.4657666385 -0.882090807 -0.07054983079
v -11.37360954 206.3370667 -198.4729462
vn -0.2441391051 -0.4062162042 0.880559206
v -2.246556044 50.71699905 -401.2105103
vn -0.5712998509 -0.8099707365 -0.1325288862
v 88.45376587 -249.1988983 190.8912201
vn 0.9003071189 -0.4079661965 -0.1516928673
v -20.31679535 194.0792542 363.6328125
vn -0.9933945537 0.02935517021 -0.1109304801
v -36.18275452 -47.02502823 -247.1737366
vn -0.8210320473 0.5549467206 -0.133942008
v 7.023838997 154.0247955 -557.5923462
vn -0.6086533666 0.7903755307 -0.06962510198
v -18.93419266 -243.4970398 -158.1932831
vn -0.1482113749 -0.9605479836 -0.2353315502
v 61.28566742 47.27287674 -392.5404968
vn 0.3749990165 -0.9219918847 -0.09647092968
v -75.88018036 -45.25076294 844.710144
vn -0.04521357268 -0.02242704667 0.9987255931
v 91.8629303 -34.56878281 921.5462036
vn 0.4634239674 -0.3710863292 0.8046944737
v 6.369612217 114.5171204 830.3435059
vn -0.3066692948 0.5676832795 0.7639958262
v 147.3165741 7.892968178 820.8366699
vn -0.9952872396 -0.09169493616 -0.03155004978
v -77.46878815 10.42042065 815.0404053
vn 0.5589216352 -0.05942039937 -0.8270887733
v 140.2270966 -15.21112633 862.0367432
vn -0.9337479472 0.1629891843 -0.318667978
v 146.7776947 54.68306351 803.4055786
vn -0.3055630028 0.05733468756 -0.9504441023
v -17.65052032 -22.15744591 928.3395996
vn -0.4012955129 -0.5456001163 0.7357189655
v -18.48551559 121.8326035 816.3790283
vn 0.09345906228 0.1404501647 -0.9856668711
v -26.2923851 95.97459412 829.5446167
vn -0.5432204008 0.7996305227 0.2559347451
v -106.9821701 75.4588089 815.6582642
vn -0.7257350683 0.6240925193 -0.2895120084
v -59.2798233 -55.96400833 831.9068604
vn -0.4482499659 -0.8878589869 0.1038191244
v -119.7447739 53.83790207 813.9459229
vn -0.2914731503 0.1184700206 -0.9492145777
v 3.013214588 86.95181274 881.9152832
vn 0.3515114784 -0.7916327119 -0.4997573197
v -42.92520523 36.27962494 886.7122803
vn 0.7814098597 -0.3256075084 -0.5323329568
v -52.64971924 52.47520065 870.4274902
vn -0.8139018416 0.4487344921 0.3690543771
v 45.46719742 120.07901 827.2030029
vn 0.06242506951 -0.351872921 -0.9339638948
v -93.58257294 21.26135063 818.4581299
vn 0.02623524889 0.002978208475 0.9996513724
v 76.7433548 -91.70583344 865.0749512
vn -0.3495441079 0.8714234233 -0.3441513479
v -37.57686615 75.99999237 837.6061401
vn 0.7413283587 -0.6464666128 -0.1803139895
v -68.52459717 30.40086365 820.03125
vn 0.7662467957 -0.193486616 -0.6127224565
v 72.48360443 74.81059265 908.3566284
vn 0.3180494308 0.6433861256 0.6963467598
v 146.0789948 16.41140938 836.6295776
vn -0.9851765037 -0.1504762471 -0.08236581832
v 94.63116455 -96.27474976 829.8180542
vn -0.5390642285 0.6916581392 -0.4806441665
v -115.9734955 58.68191147 819.3953857
vn -0.05590131879 0.08101627231 0.9951438904
v 16.71676826 17.98617363 942.0184937
vn -0.2279990017 0.01433900185 0.9735558033
v 111.0417404 79.50693512 848.8555908
vn -0.6693764925 -0.7103362083 -0.2176179439
v -38.79124451 -69.33052063 845.7081299
vn 0.7073511481 0.6698305011 -0.2257906944
v 123.0723953 -62.14577103 871.5693359
vn 0.724891901 -0.5632981062 0.3965185583
v -134.6089935 12.19859886 818.6400146
vn -0.9503090382 0.1030150726 0.293769747
v -57.94291306 42.29600143 846.5771484
vn 0.8956930041 -0.391449362 -0.2109535038
v 129.6727753 66.92179871 853.7040405
vn 0.784987092 0.5685976148 0.2459512502
v -66.9693222 -10.31267357 835.2970581
vn 0.980981946 0.1018001586 -0.1652609855
v 109.5606918 45.890728 905.6095581
vn 0.5812543035 0.4092680216 0.7033087015
v -30.56139946 -92.00863647 817.2779541
vn 0.4046576321 0.4290076196 -0.8075919151
v -51.02166748 56.2612915 846.2540283
vn 0.8298169971 -0.5194664001 -0.2038588822
v 152.4300995 -25.36568832 812.0228271
vn 0.8434481025 -0.3628259599 0.3961724937
v -45.95986938 -112.6187286 814.7904663
vn -0.2923441231 -0.811680913 -0.505676806
v -59.35512161 -39.05298615 836.4469604
vn 0.9215509892 0.3662632704 -0.1288213581
v -64.25926208 6.559789658 854.3855591
vn 0.9670600891 -0.05243988708 -0.2490880489
v 13.49105072 107.064682 834.1496582
vn 0.2930734456 -0.9085512161 -0.2977291644
v 79.41062164 -89.21376801 882.7583618
vn 0.3590447009 -0.7959794402 0.4873434603
v 34.26536942 100.4753647 869.9122925
vn 0.06468044966 -0.9270660877 -0.3692762554
v 35.11126709 103.6375427 878.2564087
vn -0.02966476791 0.9008513689 0.4331130087
v -65.63110352 19.5169239 840.3400269
vn 0.9763160944 -0.1473401189 -0.1584226936
v -56.38831329 -32.93528366 877.3479614
vn -0.83770293 -0.3243277669 0.4393920004
v -40.8033905 -38.60234833 885.8564453
vn 0.7429747581 0.3646535277 -0.561263144
v 75.25698853 -33.77407074 922.0202637
vn -0.3455690444 0.3003191948 -0.8890390396
v 85.99046326 11.78060436 923.5978394
vn -0.4216636717 -0.06161547825 -0.9046564698
v 139.7228699 22.19074059 861.7081299
vn -0.9155590534 -0.1942730844 -0.352149874
v -5.890804768 99.7977829 832.3966675
vn 0.4402181208 -0.8696033359 -0.2236024737
v 136.0568848 74.82349396 809.680603
vn 0.2397531271 0.5108253956 -0.825576067
v 11.2728014 85.746521 898.8345947
vn -0.2512128353 0.7224497795 0.6441726685
v 141.856308 25.23440933 884.0479736
vn 0.8605300784 0.1102876291 0.4973174334
v 0.2808387578 -51.18488312 919.8080444
vn -0.3572055399 -0.4443539083 0.8215557337
v -57.19711685 -23.74952126 884.5951538
vn -0.4747448862 -0.8328278065 0.2846316099
v -60.19462585 -55.23519516 842.3470459
vn -0.05930903181 -0.9925258756 0.1066527143
v 95.30575562 -77.55243683 887.0389404
vn 0.4731843472 -0.7095769048 0.5221084356
v 146.6549072 32.05796432 853.3137817
vn 0.9165786505 0.3527542651 0.188276425
v -93.79264832 85.08875275 812.2841187
vn -0.07460073382 0.04502810538 -0.9961963892
v 82.30534363 -97.93915558 861.675354
vn 0.3565208316 -0.8716178536 0.3364152312
v 116.56633 -74.88129425 861.7132568
vn 0.6640997529 -0.6832074523 0.3036429584
v 105.1209869 -56.00769043 900.399353
vn 0.5939158201 -0.5129548907 0.6197913289
v 95.7076416 101.5435181 825.8283691
vn -0.5329424143 -0.5701684952 -0.6252041459
v 26.79148293 -81.94821167 892.9234619
vn 0.1245862171 0.7779672146 -0.6158289909
v -73.73992157 58.85591125 824.4423218
vn -0.04204348475 0.864362061 -0.501109302
v 28.50631523 127.3879929 828.8305054
vn -0.06885565072 0.826984942 0.5579917431
v 1.994018674 11.00978947 938.0861816
vn -0.3268049061 0.007123417687 0.9450649619
v 60.85213852 -118.7021484 833.2510376
vn 0.2257034332 -0.9443657994 0.2392303199
v 142.0539093 -21.39305687 883.7859497
vn 0.8873338699 -0.1344822049 0.4410818219
v -32.88326645 46.63156128 892.6148071
vn 0.6634986997 -0.3873665631 -0.6400911212
v 10.22186279 34.57081223 925.2254028
vn 0.27818501 -0.3046953082 -0.9109192491
v -44.27070999 50.55232239 886.760437
vn -0.7566387057 0.4207476079 0.5004691482
v 116.448494 -79.39321899 849.8487549
vn 0.6557705998 -0.7286452055 0.19758825
v 125.7138214 38.7689743 892.1496582
vn 0.7307106853 0.3675553799 0.5752955675
v -59.42735291 11.89047813 867.6217651
vn 0.9041012526 -0.07704699785 -0.4203149974
v -77.76222229 98.55763245 812.2150269
vn -0.1939196885 0.2720725536 -0.9425346851
v -31.28853798 84.19894409 827.7602539
vn 0.6354358792 -0.7306380272 -0.2497785389
v 61.33993912 -109.4924393 843.9024048
vn 0.1765473634 -0.8997397423 0.3991233408
v 152.6221924 52.56160355 804.9390259
vn 0.9009358883 0.4223232865 0.09978741407
v 138.9061584 -19.42922974 889.9126587
vn 0.8381195068 -0.01544667128 0.5452679396
v -43.02069473 -74.07840729 820.3117676
vn 0.5900065303 0.5230157971 -0.6150990129
v 99.74206543 84.68991089 860.5946655
vn -0.5555834174 -0.7721490264 -0.3084039092
v 7.79145813 26.44565201 938.5400391
vn -0.1584055722 0.8248585463 0.5426933169
v -5.558031082 110.5278015 820.3078613
vn 0.3297470212 -0.4857070148 -0.8095403314
v 10.79215813 -72.86765289 898.7254639
vn 0.2521490455 0.7027708888 -0.6652322412
v -50.94755936 63.75522232 857.6436768
vn -0.7687979937 0.5731968284 0.2835403085
v 14.54311275 112.0789795 843.1682129
vn -0.2409580201 0.9489697814 0.2034591585
v -9.504076004 33.22399521 924.8807373
vn -0.4562996328 0.391785264 0.7989336252
v -11.48889542 26.9568882 929.9111328
vn -0.2194468379 0.8474680185 0.4833643138
v -29.43398094 -91.49652863 827.2937622
vn -0.5429018736 -0.6711226106 0.5048287511
v 57.64784241 106.7535248 845.5775757
vn -0.1794914752 -0.9423301816 -0.2824830115
v 133.3668976 67.44206238 810.7879639
vn -0.7156199813 -0.2839683592 -0.6381614208
v -43.96378326 -23.3728714 905.3331909
vn -0.4406307042 -0.8025360107 0.4022194743
v 44.50806808 -105.1982346 841.760437
vn -0.0396268107 0.9365696907 -0.3482340872
v -121.9606857 53.55367661 816.1566772
vn -0.8672140837 0.4374465644 -0.2378660589
v 50.45902252 99.66147614 871.1311646
vn -0.09763304144 -0.9023200274 -0.4198646247
v 143.7137604 -23.68836403 872.1832886
vn 0.6114421487 -0.7372040749 0.2875216007
v 133.3238525 79.62349701 813.2750244
vn 0.5778464079 0.724186182 -0.3763614297
v -14.79383087 -83.45360565 863.4779663
vn 0.4849840701 0.8049080372 -0.3419261277
v -79.56732178 40.59527588 824.4449463
vn -0.864830792 -0.009752145037 -0.5019687414
v 157.0438538 -7.985056877 811.3405762
vn 0.9984731078 -0.0300543718 0.04634834453
v -68.76387787 -38.03212357 816.1762085
vn 0.6167371869 0.2126713991 -0.7578958273
v 148.6242828 -31.61961174 833.3034668
vn 0.9427592754 -0.3287827373 0.05573945493
v -32.72436905 120.7197876 815.7830811
vn -0.1124827638 0.6558333635 -0.7464785576
v -37.06750488 -91.51256561 822.0906372
vn -0.4378605783 -0.4529215991 0.7766209841
v 53.63157272 118.6413879 828.2553711
vn -0.02272790298 -0.5996662378 -0.7999274135
v 57.23014069 -78.99436951 895.8015747
vn -0.1681346595 0.7451660633 -0.6453357339
v 123.669075 -25.60097122 899.3388672
vn 0.6617411375 -0.4599505067 0.5920677185
v -6.605288506 100.3059464 861.2565308
vn -0.4012092948 0.8676365614 0.2936629057
v 60.73971939 79.01473999 908.4584351
vn 0.1815825999 0.6705666184 0.7192831039
v -10.81245708 125.349411 822.5092773
vn -0.1952372491 0.5887975097 0.7843467593
v -71.2312088 45.0327301 844.710144
vn -0.04253187403 0.01732411236 0.9989448786
v -77.0734024 13.11425972 845.5240479
vn -0.7379570007 0.01146038994 0.6747503877
v 69.37950134 -25.04608345 934.1768799
vn 0.2326554656 -0.5687843561 0.788895309
v 34.40119553 -92.47210693 878.6008301
vn 0.05154476315 0.8693635464 -0.4914775193
v -14.74503708 -77.59622955 875.0674438
vn 0.5023543835 0.7315135598 -0.4610075653
v 150.6183167 27.82299042 843.2844238
vn 0.7652640939 0.6364051104 0.09674428403
v 38.83095932 64.44381714 914.5753784
vn 0.003459416563 -0.5971357822 -0.8021327257
v -75.70980835 -40.27305984 824.3903809
vn -0.1608067602 -0.07448125631 -0.9841715693
v 99.80583191 56.69563675 897.7277832
vn -0.5627312064 -0.4895437956 -0.6660934091
v -45.55847549 -57.87881088 873.3607788
vn -0.7463911772 -0.5227432251 0.4118734002
v 19.57540512 128.0080872 824.6542969
vn 0.06294544041 0.9032065868 -0.424565345
v -123.2754593 -41.606884 814.0370483
vn -0.1071965098 -0.01458035503 -0.9941309094
v 59.37343597 -44.78737259 922.0003662
vn -0.203076005 0.4234555662 -0.8828620911
v -29.93588066 -118.2722244 818.3329468
vn -0.2421904504 -0.9643605947 -0.1065476984
v -17.9065876 -118.2071304 816.4961548
vn 0.09974750131 -0.1670454443 -0.9808905125
v -9.255371094 62.66038132 901.0395508
vn 0.4607641697 -0.5516847968 -0.6952267885
v -6.615729332 32.13537598 919.2894287
vn 0.4496823251 -0.3084911108 -0.8382237554
v -50.90336227 -60.95178986 823.1469727
vn 0.6887655854 0.4987105727 -0.5262031555
v 6.621919155 -39.03219223 920.7390137
vn 0.2796200514 0.3766892552 -0.8831295371
v 34.46151352 -71.24110413 914.1239624
vn -0.07254144549 -0.6340613961 0.7698726058
v 147.4920807 -1.419440985 829.1141968
vn -0.9981637597 0.03863459453 -0.04665312916
v 59.55378342 11.80486298 932.4005127
vn -0.2151072025 -0.1108868197 -0.9702746868
v -66.95976257 4.898579121 841.0404663
vn 0.9871761203 -0.007679204457 -0.1594501436
v -57.49158096 60.62695312 837.7589111
vn -0.7442286611 0.6515440345 0.1470173448
v 125.000679 7.553664684 892.6932373
vn -0.7877393365 -0.02968889102 -0.6152928472
v 139.2039795 47.92182159 813.2259521
vn -0.8551020026 -0.3040629923 -0.4199360609
v 37.59230804 125.041687 832.2124023
vn -0.09857613593 0.6218653321 0.7768952847
v 25.46439934 21.6424675 931.8977661
vn 0.1098705232 -0.1424448341 -0.9836859107
v -5.475357533 -36.73628998 916.7125854
vn 0.4083424807 0.3709515333 -0.8340571523
v -11.10013008 -55.57117462 902.4654541
vn 0.4654325843 0.5439102054 -0.6982365251
v -28.25214386 51.67192841 903.5587769
vn -0.5838702917 0.4583082497 0.6701111794
v 88.20524597 -94.25339508 839.5335083
vn -0.4700700939 0.7999418974 -0.3729974627
v 139.7521515 65.73246002 806.546814
vn -0.218433395 0.1519431472 -0.9639502764
v 109.1127625 24.72932243 906.128479
vn -0.6256856322 -0.2054333538 -0.7525388002
v -83.41564178 -22.1874218 818.7073364
vn -0.05405518413 -0.005907409359 0.9985204935
v -3.219771862 -114.8886185 825.1085205
vn -0.2191563398 -0.1951724738 0.9559697509
v 43.39790726 -117.6835403 826.3960571
vn 0.1416324973 0.2351166755 -0.9615926147
v 9.314943314 110.8321075 826.0652466
vn 0.2714622617 -0.7320785522 -0.6247953176
v -70.83556366 -43.32627869 821.2600708
vn -0.9104340076 -0.3615847826 0.2009136677
v 74.01576996 25.49766541 938.6217041
vn 0.2796480954 0.2382266819 0.93007797
v 99.18131256 2.339049816 928.0837402
vn 0.4794760048 -0.003433164209 0.8775482774
v 55.25276566 121.4564285 828.0718384
vn 0.1463057697 0.2252202034 -0.9632603526
v 63.05343246 118.0733337 828.7294922
vn 0.05352183804 -0.08614782244 -0.9948436618
v 118.4984283 -84.20347595 826.6358032
vn 0.6993241906 -0.5206559896 0.4897581339
v 34.04854202 -114.0456543 828.1062622
vn 0.1523415148 0.6425737143 -0.7509267926
v 127.7431564 -71.34320831 827.1588135
vn 0.7841848135 -0.590532124 0.1905937642
v 39.56874466 -81.93552399 904.3564453
vn -0.003685457399 -0.7257195115 0.6879808307
v 118.4224014 78.24793243 858.9003906
vn 0.6905332208 0.6720255017 0.2674801648
v 48.27938461 -49.26214981 928.5925903
vn 0.04699823633 -0.4453050792 0.8941445947
v 112.7705688 87.45970154 845.831604
vn 0.6468165517 0.7392024398 0.1876383573
v -77.32133484 -31.82343102 812.869812
vn 0.4453633428 0.1284460127 -0.8860886693
v 42.22446442 8.847934723 944.2440796
vn 0.03405500948 0.01638243906 0.9992856979
v 142.0958099 -36.43036652 859.6867676
vn 0.8840204477 -0.3581894636 0.3003467023
v 23.40758324 -95.08392334 884.7542114
vn -0.1545759887 -0.8511899114 0.5015794635
v 123.8968048 27.890028 901.0652466
vn 0.6066450477 0.5573496819 0.566871345
v 44.09960175 81.37832642 899.5161133
vn -0.03766701743 -0.7013780475 -0.7117935419
v 141.9560394 35.48347855 831.9177856
vn -0.9544295073 -0.2880392075 -0.07808800787
v -75.03842926 13.51252556 851.4033813
vn -0.9590412378 0.00573519012 0.2832084
v 114.9698105 88.17531586 833.7955322
vn 0.6792887449 0.6969184875 0.2299377471
v -1.105581284 82.0316925 897.0861206
vn -0.3701902926 0.6862310767 0.6261358261
v 77.39303589 110.5719528 840.7832031
vn 0.2824849784 0.8574675918 0.4300599396
v 62.88430786 114.6514206 832.0081787
vn -0.1817331463 -0.7103388309 -0.6799939871
v 63.81610489 -56.21392441 914.366272
vn -0.2135196477 0.5428257585 -0.8122497201
v 60.00792694 -58.87859344 921.3358154
vn 0.1891020536 -0.5324112177 0.8250931501
v 109.3430939 -22.61692429 920.2799683
vn 0.3889879882 -0.7812783718 0.4881520569
v -30.83449554 -85.52573395 846
vn -0.6118260622 -0.7719851136 0.1723595709
v -73.41896057 -51.59587097 812.1409302
vn 0.06882172078 0.02475393564 -0.9973218441
v 152.8635101 28.88956261 812.0750732
vn 0.8214701414 0.3997986615 0.4066298604
v 93.08467865 31.50694847 923.4494019
vn 0.4777846634 0.3496903777 0.8058774471
v 113.2488251 -93.90654755 823.230896
vn 0.5513483286 -0.8281503916 -0.1009055898
v -50.76589584 10.73539352 884.4469604
vn 0.8432786465 -0.07025887072 -0.5328647494
v 64.43920898 -117.4841919 831.1481323
vn 0.2928315103 -0.8672134876 -0.4027287662
v 101.3130646 26.71567345 924.7050781
vn 0.3215520084 0.8098171949 0.4907141626
v 13.59477425 -94.12083435 867.9268188
vn 0.2428229302 0.8885547519 -0.3892396688
v 100.7669067 -23.45730209 923.456543
vn 0.2787087262 -0.8696113229 0.4075506926
v -72.58250427 3.821749687 819.4298706
vn 0.800737381 -0.03298576921 -0.5981066227
v -58.49155426 -33.45611191 852.961853
vn 0.9094251394 0.3380265534 -0.2422476262
v 2.831010818 -103.9048538 826.1130371
vn 0.369952023 0.7243495584 -0.5817673206
v 42.83461761 -25.40570831 931.0014648
vn -0.02302598394 0.2444328815 -0.9693927765
v 157.8644867 -9.534944534 807.1201782
vn 0.8436486721 -0.01888881251 0.5365632772
v 136.8627319 38.92588806 874.0189819
vn 0.8190371394 0.3779081106 0.4316985607
v -36.81925964 -16.54492569 900.4194336
vn 0.7123692036 0.1478669792 -0.6860506535
v -15.42042923 -65.04870605 890.5586548
vn 0.529415369 0.6199092865 -0.579164803
v -122.6801834 50.67995453 818.840271
vn -0.6810959578 0.33937639 0.6487926841
v 131.2474518 28.30246544 877.2404175
vn -0.8602179885 -0.2581824362 -0.439734906
v 154.1813202 -43.52731323 802.2022095
vn 0.4804628193 -0.3992511928 -0.7808674574
v 147.0631714 38.95296478 838.7878418
vn 0.9282146096 0.3459450603 0.1368929148
v 98.58461761 -3.330471277 916.9065552
vn -0.5388431549 0.05115256086 -0.8408516049
v -41.80501938 -50.2122879 874.206543
vn 0.755486846 0.4815315604 -0.4442600012
v -70.67142487 54.25814819 824.3901978
vn -0.4899792373 0.2234752029 -0.8426026106
v 135.5061035 27.85321808 885.4058228
vn 0.5799304843 0.7345067859 0.3523923755
v 127.7263107 -72.18240356 812.0151367
vn -0.6377475262 0.2807279229 -0.7172656059
v 39.20500183 -108.8620148 853.9125977
vn -0.01567657851 -0.9700632095 0.242346108
v -49.97257233 0.3913969398 902.4918823
vn -0.760702312 0.001722090761 0.6490986347
v -58.57564545 72.44107819 820.6131592
vn -0.4553660154 0.3293397129 0.8271500468
v -71.22610474 30.56404114 844.710144
vn -0.3702735007 0.2052816004 0.9059563875
v 136.1395721 -40.78631592 849.2177124
vn -0.8855483532 0.4236840606 -0.1905148476
v 89.47190857 -106.3565292 827.72229
vn 0.09721023589 -0.5571712255 -0.824688077
v 19.7154808 -80.23579407 903.3196411
vn -0.1910078079 -0.6946852207 0.693490088
v 146.4183655 -52.85455704 803.7877808
vn -0.1341600418 -0.162519291 -0.9775421023
v 103.7645493 -99.55281067 825.1749878
vn 0.2694510818 -0.769502759 -0.5790177584
v 82.93318176 78.26417542 899.7502441
vn 0.3629421294 0.6727980971 0.6446826458
v 130.9241028 -70.55940247 820.8173218
vn 0.7635663152 -0.4286188185 0.4829620421
v -18.00678825 24.88487434 928.8150635
vn -0.533379674 0.08106512576 0.8419825435
v -1.860324383 -22.94457817 934.6411133
vn -0.2456580698 -0.7695741653 0.5894129872
v 73.86511993 115.4342194 837.7009888
vn 0.2624132633 0.660248816 0.7037121654
v 107.0342178 83.53342438 869.706543
vn 0.5948782563 0.711722374 0.3735922575
v -1.027122974 104.9755859 826.9402466
vn 0.3862132728 -0.7134066224 -0.5847138762
v 1.992898226 124.7357635 819.2573853
vn 0.1560534686 0.1299061328 -0.9791688919
v 149.348465 -24.67514801 849.0615234
vn 0.8816034794 -0.4327599704 0.1883988529
v -24.63920975 -50.01708221 895.9451294
vn 0.5851601362 0.4934413433 -0.6435085535
v 133.7825317 -53.60785294 816.7836914
vn -0.841247499 0.3793537021 -0.3852186203
v 46.5353508 -36.26662445 934.098999
vn 0.05250794813 -0.3635475636 0.9300946593
v 153.7102966 -21.43983078 853.6376953
vn 0.9258962274 -0.3255633712 0.1916368604
v -66.73117828 -53.92666626 824.3905029
vn -0.4930959046 -0.4436900914 -0.7483285069
v 77.60592651 -47.55516052 914.8366089
vn -0.3307807446 0.4474489391 -0.8308871984
v -7.523990631 -89.70645905 875.7908325
vn -0.4165359735 -0.8023033738 0.4275594354
v 155.400589 16.62513542 800.4917603
vn -0.6526241899 -0.03645612672 -0.7568042278
v 47.29446411 108.9254761 865.5776978
vn 0.08515794575 0.9395015836 0.331790477
v -57.88229752 -54.59700012 845.5949707
vn -0.7620227337 -0.5038713217 0.4067370892
v 140.8091278 -55.29800797 816.7625732
vn 0.8267216682 -0.3345606923 0.4523278177
v 18.51791763 105.7925262 845.7982788
vn 0.2113328874 -0.9515565634 -0.2233350575
v -77.67507935 45.24972153 818.7393188
vn -0.1867124289 0.05789488927 0.9807072282
v 68.02835846 107.5665894 858.8602905
vn 0.243180126 0.9168192148 0.316711247
v 95.55348206 -99.16799927 825.2827759
vn -0.443618238 0.3327117264 -0.8321692944
v 84.90310669 -93.42618561 848.77771
vn -0.3955979049 0.8807109594 -0.2604813874
v -5.817517757 126.3005371 819.3329468
vn -0.03044757806 0.8642593026 -0.5021242499
v 107.7091293 37.28369141 902.5186157
vn -0.6293128729 -0.3313266337 -0.7029849887
v 124.9326019 -33.29299545 894.2213745
vn 0.721919477 -0.3343789279 0.6058242321
v 86.99443054 63.68335724 901.4367065
vn -0.4517094493 -0.5735601187 -0.6833646894
v -59.67061615 -20.13721848 862.0593262
vn 0.9236876369 0.1906517595 -0.3323447108
v -79.56732178 4.786495686 834.0734253
vn -0.9998751879 0.0002571147052 0.01579598524
v 121.865387 74.9434433 821.5366821
vn -0.7692244649 -0.543543756 -0.335937351
v 56.54419708 -108.370285 851.0111084
vn 0.1202364415 -0.9480484724 0.2945288718
v -37.53331375 -113.7702026 814.2167969
vn 0.02461216226 -0.2034397423 -0.9787780643
v 108.0363617 -78.54870605 848.3363647
vn -0.636770308 0.7334961295 -0.2377118915
v -76.98264313 -28.63961601 824.3901978
vn -0.494784534 -0.1094947159 -0.8620899916
v 114.8212585 -20.4303093 917.1018677
vn 0.626205802 -0.08974830806 0.7744749784
v 145.4837189 -59.68618393 806.765564
vn 0.6367576718 -0.5657963753 -0.5238454938
v -103.8628616 -56.00605392 818.8410645
vn 0.01877021044 -0.007721582893 0.9997940063
v 63.53334427 116.5904541 839.100647
vn 0.1183271334 0.7787959576 0.6160158515
v 148.2041779 11.34347153 871.947937
vn 0.9219356775 -0.0006858721608 0.3873424232
v -63.44813538 39.97395706 856.7515259
vn -0.8768741488 0.36689201 0.3106155097
v -31.93078232 82.41937256 863.9794312
vn -0.6673202515 0.6712239981 0.3227104545
v -35.2529068 63.932827 872.9676514
vn 0.6968319416 -0.5751782656 -0.4284801781
v 110.762825 89.28202057 823.4672852
vn -0.6822420955 -0.5477529764 -0.484264791
v -134.8356323 -6.789165497 818.7960205
vn -0.9812185168 -0.05767719448 0.1840748638
v 98.10578156 99.86962891 839.5560303
vn 0.545984447 0.78729707 0.2864687145
v 72.52813721 -23.46245384 936.2643433
vn 0.1461282372 -0.8549970388 0.4976209104
v 4.793424606 -23.84580231 934.3294678
vn -0.1197496727 -0.8585427403 0.4985622764
v 66.9391098 -98.78518677 853.4902344
vn -0.2459034026 0.9226391315 -0.2971001863
v -69.0131073 27.74666405 855.3632812
vn -0.5729089975 0.8009931445 0.1737390906
v -16.70360947 99.26457977 844.5045166
vn -0.5058042407 0.8427916765 0.1840224713
v 92.80233765 -59.68919754 907.0595093
vn 0.4576397538 -0.5319677591 0.712443769
v 123.9461288 66.23925018 847.0114136
vn -0.765088141 -0.6206185818 -0.1716761738
v -68.21498108 -25.27813148 852.822998
vn -0.8164734244 -0.5204153061 0.2500782013
v 142.000473 -31.97844505 827.3197021
vn -0.9559082985 0.288662672 -0.05397349223
v -40.71409225 50.92539597 879.0479736
vn 0.750385046 -0.4466422498 -0.4872709215
v -64.24852753 -22.28493881 879.4512329
vn -0.7033423781 -0.604042232 0.3747564852
v 89.73752594 -61.22062302 898.3582153
vn -0.4411600232 0.5839414001 -0.6814618707
v -40.68981934 23.70425034 894.9251099
vn 0.7426897883 -0.1911777854 -0.6417654753
v 126.8042831 64.97145081 831.734436
vn -0.8222185373 -0.5559228659 -0.1220917776
v 104.4878387 99.42551422 832.0964966
vn 0.613291502 0.5993337631 0.5144633651
v 117.4510574 -82.72299194 816.8008423
vn -0.5793998837 0.2026053667 -0.7894598842
v 19.32635117 114.9886169 836.0288086
vn -0.2155997753 0.8700141907 0.4433870316
v -50.001297 -73.17858887 815.859375
vn 0.4479119182 0.3715343177 -0.8132264018
v 165.3012543 -2.713190079 799.9669189
vn 0.9527455568 -0.07815241069 -0.2935439646
v -75.07363129 -30.84734344 821.3573608
vn -0.9455592036 -0.3249354959 0.01829573326
v 92.33774567 -82.2179184 868.9936523
vn -0.5026871562 0.7718734145 -0.389251858
v 0.5515975356 24.9194088 937.173584
vn -0.3457731605 0.1535734385 0.9256652594
v 90.94911194 -107.2994614 830.7714844
vn 0.4163276851 -0.8969744444 -0.1486879289
v -23.86822128 26.57238579 924.0144653
vn -0.3403565586 0.8024049401 0.4902078211
v -126.8311768 41.59341431 815.3829956
vn -0.5426958799 0.2018208951 -0.8153217435
v 96.82546997 13.168437 917.6517944
vn -0.555206418 -0.1062550545 -0.8248973489
v 24.5637989 -118.8077469 823.1534424
vn 0.1742277294 0.1037246212 -0.9792271852
v 73.62174225 -1.071469426 928.9432373
vn -0.3182445168 0.003118167398 -0.9480035305
v -32.82670593 -52.11284637 885.362793
vn 0.6618438363 0.4886507094 -0.5684920549
v 154.6285095 27.0506649 817.8535767
vn 0.4378925264 0.8978843093 0.04531969875
v 112.7857513 -92.9862442 820.6824951
vn 0.209653616 -0.705432415 -0.6770601869
v 134.9237061 -69.742836 808.9748535
vn -0.05010318756 -0.2996707857 -0.9527261257
v 103.0002518 87.68814087 843.2396851
vn -0.5892467499 -0.7838055491 -0.1960539222
v 99.17698669 -88.80574036 834.7733765
vn -0.5996425748 0.7121165395 -0.3651285768
v -24.36971474 -68.39949799 877.3276978
vn 0.5983812213 0.6518080831 -0.4659250379
v -33.68749237 85.85372162 821.9889526
vn 0.5662910938 -0.5670758486 -0.5981131792
v -36.46969986 26.57787514 914.2612305
vn -0.3965547979 0.8094797134 0.4329975545
v 31.62430191 113.9728012 846.5198975
vn -0.05873926356 0.9676279426 0.2454502434
v -20.20321083 124.4800186 818.8327637
vn -0.163235873 0.9581906796 -0.2349994183
v 19.08608055 110.0939865 856.6965332
vn -0.1575697362 0.9493409395 0.2718887925
v -78.91461182 28.10009575 824.397522
vn -0.9616422653 0.04696626961 -0.2702560127
v 141.1887665 38.57802963 819.0490112
vn -0.936653018 -0.3388062716 -0.08883398771
v -92.40058136 86.25003052 818.180603
vn -0.02282280289 0.03573344648 0.9991007447
v 156.4951324 24.9871788 837.1183472
vn 0.9906063676 0.0850014165 0.107115753
v 37.64756393 -64.4247818 911.632019
vn 0.006408952177 0.5952962637 -0.8034807444
v 141.9348907 7.415632248 884.7849731
vn 0.8508787751 0.007179249544 0.5253130198
v 86.63973999 -81.48009491 876.6048584
vn -0.4241996706 0.7682238817 -0.4794650376
v -68.79891205 -102.429039 816.0749512
vn -0.4672996104 -0.8577678204 0.2141622603
v -29.03718376 121.6623001 820.1293335
vn -0.2617679238 0.7362695336 0.6240069866
v -66.40664673 -54.07678604 844.710144
vn -0.05469065905 -0.2441795021 0.9681866169
v 40.87129211 -122.5573654 828.6677246
vn 0.148161903 -0.9829829931 -0.1085933223
v -79.56732178 -54.90917587 836.1027222
vn -0.9942512512 -0.1027207151 0.0302140601
v -124.2396698 -30.04979897 820.3302612
vn 0.05241156369 -0.003253955161 0.9986202717
v 24.31612587 95.08594513 878.8605957
vn 0.1391784251 -0.8803545237 -0.4534371495
v -10.23413181 69.21796417 904.0582275
vn -0.4531103671 0.5841177702 0.6734221578
v 48.81328201 27.26374054 940.8860474
vn 0.02311678976 0.8406808376 0.5410372615
v -58.01493835 85.56446838 812.6169434
vn 0.09356662631 -0.02980990149 -0.9951666594
v 26.07434082 30.02038574 930.0635986
vn 0.1319188774 -0.2842219472 -0.9496395588
v 28.72373962 121.9066238 832.0397339
vn -0.1855579168 0.5638468862 0.8047639132
v 90.5662384 46.34167862 910.6828613
vn -0.4588410556 -0.4023637474 -0.7921921015
v 11.35514927 80.32440948 894.7484741
vn 0.2599353194 -0.7348392606 -0.6264542341
v 147.5593719 26.73431206 869.1363525
vn 0.5253676772 0.8287024498 0.1929793656
v 146.5876465 -39.49999619 817.0582275
vn 0.9227143526 -0.3539562821 0.1526866555
v -35.95677567 59.87018967 889.5580444
vn -0.6591108441 0.5081679821 0.5543808937
v 83.08003235 -22.46539879 935.0645142
vn 0.2533654869 -0.7393296957 0.6238569617
v -20.53627396 3.818513155 916.1068115
vn 0.5688551664 -0.005562343169 -0.8224189281
v -3.631260872 -67.90587616 896.4701538
vn 0.3993390799 0.6362803578 -0.6600573063
v 1.900431275 100.2612686 848.5108643
vn 0.3402810097 -0.9135415554 -0.2228243947
v 133.1852722 40.75378036 863.8255615
vn -0.8686184883 -0.3633761704 -0.3368377686
v 76.41688538 -61.93972778 913.8220825
vn 0.3324183226 -0.5569423437 0.7611263394
v 5.401168346 125.5015869 825.9710693
vn -0.1903574318 0.3736153245 0.9078412056
v 129.8382874 15.76998043 902.215271
vn 0.7873615623 0.01447689813 0.6163215041
v -37.0130043 -57.49560165 886.8386841
vn -0.6830192804 -0.5322067142 0.500240624
v 65.32884216 115.4345551 829.4412231
vn -0.1778905094 -0.4561022818 -0.8719665408
v -23.09030151 73.89653778 876.4312744
vn 0.5728834271 -0.6637960672 -0.4808111489
v -63.57079697 -102.8107147 818.2572021
vn -0.1278441697 -0.1525649279 0.9799897075
v 13.64787674 92.39783478 879.02771
vn 0.247357443 -0.8354626894 -0.4907304347
v -78.66238403 58.94068146 843.6292725
vn -0.5429415107 0.7970547676 0.2644204199
v 123.4795151 61.21037674 860.0142822
vn -0.7863532305 -0.5233931541 -0.328189224
v -54.01980209 71.64387512 815.9054565
vn 0.4376991689 -0.3141109645 -0.8424688578
v -124.1722794 -44.117939 818.5914917
vn -0.6971850991 -0.3726156056 0.6124463677
v 139.5794373 -54.35856628 808.2040405
vn -0.7593934536 0.2644861937 -0.5944482088
v -62.89328003 52.63497162 817.3862915
vn 0.6058846712 -0.275375098 -0.7463727593
v -30.70884323 -113.6361008 821.1575317
vn -0.1252485663 -0.07319641858 0.9894216061
v 98.82499695 37.71249008 917.8241577
vn 0.524081111 0.3580877483 0.7727303505
v -65.17329407 -23.87774467 829.4494629
vn 0.9439018965 0.2728751302 -0.1859796196
v -16.10014725 13.15301609 930.055603
vn -0.4442107677 0.007471744437 0.89589113
v 140.3483429 32.03889465 851.4888306
vn -0.9406059384 -0.2762636542 -0.1973293424
v 78.33785248 -106.2591782 829.722168
vn -0.3539061546 0.7603572011 -0.5446166992
v 28.48486328 98.50543976 886.6618042
vn -0.1017298847 0.8412918448 0.5309228301
v 134.8125153 10.57788563 876.869873
vn -0.8897938132 -0.08577043563 -0.448230356
v -68.04811859 -52.2357254 820.5525513
vn -0.6576852202 -0.3294608295 0.6774258018
v 50.15224838 118.9275589 837.3771362
vn -0.02678392269 0.6453077197 0.7634530663
v -121.0514374 23.9144268 820.0903931
vn 0.04953881353 0.003913482651 0.9987645149
v -99.15983582 82.60067749 817.2472534
vn -0.4910969734 0.5232893825 0.6964136958
v 74.87026215 -69.38191223 899.6668091
vn -0.3145041466 0.6694040298 -0.6730418801
v -44.86568451 -19.14719963 890.0184937
vn 0.7991288304 0.199819237 -0.5669792295
v -62.38079834 -61.44279099 813.8269653
vn 0.4917397797 0.2659858763 -0.8291221261
v -72.15885162 -23.63945007 846.46875
vn -0.5826866031 -0.7717194557 0.2548046112
v -72.47126007 38.72315598 814.5579224
vn 0.5351765156 -0.1395851672 -0.8331278563
v 120.1264877 -23.56785202 906.9116211
vn 0.3871497512 -0.8377466798 0.3850916028
v 14.54898167 6.688970566 931.5322876
vn 0.2224720567 -0.03966804594 -0.9741317034
v 142.2854309 -4.510124683 859.6182861
vn -0.9621096253 0.06850215048 -0.2639177144
v 148.1638336 46.52981949 811.8831787
vn 0.7582754493 0.2202900648 0.6135882735
v 20.47394371 -115.0080872 824.2473755
vn 0.2486964911 0.4730629027 -0.8451991081
v 67.08265686 -20.61006355 940.7930908
vn 0.2490835786 -0.1323897392 0.9593905807
v 98.73205566 62.20729065 903.7938843
vn 0.5037599206 0.5219809413 0.6883036494
v -18.50017166 -23.40337944 925.2392578
vn -0.2379105985 -0.8909298778 0.3868365586
v 61.12232971 25.25294113 941.9350586
vn 0.1271677464 0.4125748575 0.9020035267
v 136.8023834 74.98164368 814.269104
vn 0.7601983547 0.4677907825 0.4508550465
v 143.032135 67.70813751 808.6732178
vn 0.7262477875 0.6233851314 -0.2897500694
v 142.7970581 -46.35729599 834.7223511
vn 0.8978073001 -0.4312354922 0.08931983262
v 67.16915131 70.32318878 905.4455566
vn -0.2370235175 -0.6196274757 -0.7482523918
v -69.50588989 59.06479645 836.0473022
vn -0.02125699632 0.9995501637 0.02115576714
v 69.46549988 -48.43606567 924.8849487
vn 0.2965010703 -0.446067363 0.8444589972
v 98.54302979 -47.20510483 902.7545166
vn -0.529120028 0.4490057826 -0.72001791
v -28.3501873 -2.416721821 922.435791
vn -0.5688560009 0.01148808654 0.8223569393
v 149.0778046 -3.172893286 809.0427246
vn -0.9315140247 0.04161556065 -0.3613166809
v 129.8307343 15.91804409 884.6293335
vn -0.827619791 -0.146737963 -0.5417687893
v 20.80728531 24.96055222 942.4851685
vn -0.1308542639 0.1962862611 0.9717761278
v 78.82954407 -77.27527618 899.1168213
vn 0.3467314541 -0.6995787024 0.6247935295
v -68.3821106 5.136099339 872.06073
vn -0.9229873419 0.009649869986 0.3847093284
v 31.73795128 -24.71657562 938.2067261
vn -0.0567658022 -0.4566521049 0.8878324628
v -22.9625988 -76.59503937 880.8855591
vn -0.5510357618 -0.6870436668 0.4736354649
v -3.179656267 -106.0110321 821.4477539
vn 0.3257704377 0.5009508133 -0.8018240929
v 4.798068523 -33.30937195 929.6071777
vn -0.3286782801 -0.353984952 0.8755941987
v -51.49245071 -64.63715363 841.8572998
vn -0.780554235 -0.6017474532 0.169219166
v 50.71079636 117.6481628 830.4334106
vn -0.01061028335 -0.6973255277 -0.7166759968
v 104.8992004 -47.05234146 906.7023926
vn 0.5429363847 -0.414662987 0.7302565575
v -0.6638620496 -19.48574257 937.1188965
vn -0.3720974326 -0.05525059253 0.9265478253
v -132.1766815 -24.00701141 818.0839233
vn -0.9083725214 -0.2349917442 0.3458875418
v 0.5312706232 -4.001169682 926.9854736
vn 0.3582186103 0.06679353118 -0.9312454462
v -51.17276764 -51.47195435 848.6073608
vn 0.8611472249 0.471832037 -0.1892087758
v 9.910095215 -124.0671997 822.8313599
vn 0.09134525806 -0.7609995604 -0.6422894001
v 119.0161285 84.1361618 816.0994263
vn -0.6170513034 -0.3115654588 -0.7226165533
v -51.20277405 -26.7729969 889.6549683
vn -0.7791718841 -0.3621758521 0.5115855336
v 100.1104584 96.54549408 828.2653809
vn -0.5939614773 -0.6555557251 -0.4663223028
v 93.2987442 -24.80275154 925.0759277
vn 0.3992714286 -0.5428033471 0.738882184
v 144.4126282 48.9307785 818.1378174
vn 0.9122698903 0.3828928471 0.1454534233
v 147.692276 -23.02985191 867.416748
vn 0.5556460619 -0.8016014099 0.2206641734
v -68.59567261 20.98781013 822.8839111
vn 0.9220799208 -0.1264092028 -0.3657721877
v 47.41470337 88.16160583 890.9042969
vn -0.1004502401 -0.7982076406 -0.5939481258
v -75.22980499 -14.22231865 815.9187622
vn 0.600420177 0.08859588951 -0.7947618365
v -64.79444885 70.19732666 819.1176758
vn -0.1383394599 0.06743309647 0.9880865216
v -75.14865875 -41.43514633 819.4046631
vn -0.2968679368 -0.1113720313 0.9484016299
v 88.20362854 -100.0342712 844.5404053
vn 0.4425299466 -0.8521260023 0.279371649
v -12.97032356 -92.25782776 863.6966553
vn -0.4551908374 -0.8388723731 0.298486948
v -79.56732178 -22.86565971 824.3934326
vn -0.9863783717 -0.03629580885 -0.1604379267
v -2.379988194 -63.03928375 910.6762085
vn -0.3855355084 -0.5552646518 0.7369148731
v 144.9357758 30.22867966 812.0125122
vn -0.9261960983 -0.1958539337 -0.3221832216
v -73.33441162 -55.23519516 835.0617676
vn -0.04661081731 -0.9988538623 -0.01088327914
v -79.01586914 27.47872543 819.9953613
vn -0.561391592 0.08080841601 0.8235954642
v 3.061256409 -91.89076996 880.5668335
vn -0.3155116439 -0.8243348002 0.4700261056
v 26.9354744 88.24467468 900.1561279
vn -0.09717597067 0.7561978698 0.6470870376
v -70.01914978 -23.46442223 857.3091431
vn -0.5563647747 -0.8110408187 0.1807512939
v -2.805749893 108.2641525 833.5628662
vn -0.3892450333 0.8796586394 0.2732928693
v -11.68104839 -82.39916229 884.117981
vn -0.466691792 -0.7349979281 0.4919113815
v 158.471817 28.74222755 799.1427002
vn -0.1071043909 0.04821887612 -0.9930778146
v -111.3129883 -64.66228485 818.0769043
vn -0.3037741482 -0.2553189099 0.9178962708
v 119.5177765 -6.069918156 898.9668579
vn -0.7489831448 0.04358767718 -0.6611538529
v -66.05535889 -41.69750595 844.710144
vn -0.1665545404 -0.06202729791 0.984079361
v -72.80755615 101.9749222 817.9210815
vn -0.1620113999 0.2227116376 0.9613281488
v -15.68235779 110.9264603 823.8883057
vn -0.2839745581 0.2598931193 0.9229376912
v 147.3895874 60.48997498 805.5610962
vn 0.4819103479 0.5076951981 -0.7141484618
v 156.757431 37.97541046 800.267334
vn 0.2076226026 0.2237763256 -0.9522693753
v 123.6605759 88.90939331 817.6381226
vn 0.534617126 0.7668069601 -0.3552346528
v 18.90583801 -57.02303696 914.5397339
vn 0.200153634 0.5494542122 -0.8111957908
v -4.904961586 -111.240097 818.8242188
vn 0.2023508847 0.1524564624 -0.9673733115
v 158.2281647 1.658437371 798.9980469
vn -0.4603556693 0.01513421442 -0.8876055479
v -117.6663437 -54.92921448 814.0689697
vn -0.3706420362 -0.1925652921 -0.9085940123
v 95.13471985 94.96520996 836.4038696
vn -0.5586131811 -0.758325398 -0.3359968066
v 22.58858109 -91.85192871 877.1860962
vn 0.1604104936 0.8618247509 -0.4811721146
v -73.01559448 26.74904633 852.0404053
vn -0.5512473583 0.8217187524 0.144584313
v 16.34581566 70.97657776 906.1231689
vn 0.2320299596 -0.6347581744 -0.7370510101
v 21.91923332 53.40527344 927.2028198
vn -0.1460362673 0.4450106323 0.8835377693
v 76.45379639 72.19166565 899.9789429
vn -0.3407708108 -0.6645648479 -0.6650028825
v -26.39933205 -68.10879517 888.0501099
vn -0.5947238207 -0.5897104144 0.5463929176
v 51.62746429 -20.39569092 943.5891113
vn 0.0792350024 -0.06661424786 0.9946277738
v 92.33306122 71.70970154 889.9381714
vn -0.5100264549 -0.6325258017 -0.5829100609
v -107.1865463 -57.74822235 812.6358643
vn -0.07597339898 -0.0105050914 -0.9970545173
v 13.24575424 -47.92114258 926.0900269
vn -0.222063601 -0.4430261552 0.8685709834
v -58.56407166 -48.8993721 822.1595459
vn 0.7356917858 0.3230370879 -0.5953189135
v 114.7704163 96.02935791 824.8422852
vn 0.6603614092 0.5932683349 0.4603862762
v 149.530426 57.37013626 808.3601685
vn 0.7570312023 0.2873527706 0.5867981911
v 145.637207 21.77035141 820.2316284
vn -0.9805909395 -0.1902479678 -0.04740359262
v 54.19545746 -0.09467744082 933.6456909
vn -0.118662186 0.01069907937 -0.9928770661
v 87.70908356 109.3224792 836.7423706
vn 0.4480593801 0.6885982156 0.5701537728
v 22.278862 -106.7600021 856.8034668
vn -0.1573258936 -0.9447286725 0.2876392007
v -18.721735 -87.83325195 838.2610474
vn 0.5303255916 0.8286634088 -0.1790857315
v 91.81926727 84.674263 872.1282349
vn -0.4786564112 -0.7668715715 -0.4275465608
v 164.6634674 13.04494286 799.7719727
vn 0.7371229529 0.1113344505 -0.6665241122
v -54.28014374 -9.67073822 877.8881836
vn 0.8872765303 0.09203969687 -0.4519613981
v 61.23862076 -92.5093689 874.1416626
vn -0.2072722167 0.8951632977 -0.3946149051
v 132.5972595 58.05057144 819.0304565
vn -0.8681454659 -0.4428854585 -0.2239997089
v 28.90457344 105.6910095 853.2219849
vn 0.1103696898 -0.9543994665 -0.2773809433
v -127.8836594 -36.7306633 816.4292603
vn -0.9195774794 -0.3657191098 -0.1436203718
v 128.9833069 -57.22353363 837.7282715
vn -0.8339328766 0.5344175696 -0.1376729757
v 54.13581085 32.68296814 935.8621826
vn 0.1143192574 0.356161356 0.9274050593
v 136.2909393 49.5017662 832.045105
vn -0.8880133033 -0.4519229829 -0.08484089375
v 51.15421677 -105.2208099 864.4238281
vn 0.09427142143 -0.9408760071 0.3253693581
v -79.56732178 -34.80550385 824.439209
vn -0.9276468754 -0.01187167037 -0.3732697964
v -42.3044548 -32.93426895 898.015686
vn -0.7006196976 -0.361636132 0.6151027083
v -112.6220779 67.32526398 817.9401245
vn -0.4601552188 0.4036490023 0.790774703
v -65.55774689 26.16035843 829.4185181
vn 0.9531356096 -0.2121388316 -0.2157072723
v 35.3822403 -105.6694183 864.7528687
vn -0.03001425974 -0.9379045367 0.345592618
v 140.9000854 65.47875977 813.6951294
vn 0.693734169 0.272069186 0.6668667197
v -33.43936157 77.40110779 850.2645264
vn 0.6768297553 -0.704369545 -0.2139276117
v 157.1988373 28.30233765 806.7173462
vn 0.6924505234 0.1178293377 0.7117784023
v 134.8502045 67.86602783 820.0043335
vn 0.8192176223 0.4212215245 0.3891720772
v 34.52796936 83.85062408 896.6484985
vn 0.0831797123 -0.7673420906 -0.6358201504
v 67.03690338 -71.01933289 910.2723389
vn 0.2336498201 -0.6543905139 0.7191528678
v 33.32429886 -122.4389648 830.6381226
vn -0.1111148149 -0.6460917592 0.7551283836
v 123.1627121 -67.73718262 824.1201782
vn -0.7908187509 0.5628685951 -0.2403844297
v 106.0211945 89.64296722 857.1848755
vn 0.5808398724 0.7724617124 0.2567643225
v 154.2836609 -23.34804726 830.6596069
vn 0.5683597922 -0.8222314715 0.03004317544
v 82.92826843 102.2804413 859.9150391
vn 0.3689656854 0.8833571076 0.2890406847
v -59.84008408 60.59790802 826.3761597
vn -0.7115880847 0.6374383569 0.2954907417
v -13.84363174 118.1858368 823.2927246
vn -0.1919781268 0.1650595963 0.9674190879
v 139.1679535 52.70603561 850.7671509
vn 0.8745029569 0.4414016306 0.2010202706
v -30.09733391 -36.84064865 899.060791
vn 0.6328908205 0.3586702645 -0.6861522198
v 154.8918457 -38.55191422 807.0024414
vn 0.6643579602 -0.1477279663 0.7326697707
v -43.58929825 76.02864075 850.6696777
vn -0.7182616591 0.6615641117 0.2154834419
v 137.2737427 61.82402802 824.2585449
vn 0.8498372436 0.5186838508 0.09350752085
v 125.8577194 49.6155777 870.8255615
vn -0.8111411333 -0.4238023162 -0.4030405581
v 31.88756752 -103.7274323 846.7086792
vn 0.08560722321 0.9558849931 -0.2809897363
v 39.04580688 -111.7458649 841.5502319
vn -0.07122672349 -0.9182559848 0.3895288408
v 156.7583923 -20.89896202 829.3303833
vn 0.9950940609 -0.09773768485 0.01533428393
v 103.7251129 -96.34887695 832.2822876
vn 0.5941106677 -0.6347346306 0.4941097796
v -51.17559433 24.25785637 880.1030273
vn 0.8397885561 -0.2233819067 -0.4948289692
v -80.90074921 -93.02941132 817.7200317
vn -0.2854707837 -0.395555824 0.8729501963
v -132.6630096 16.49620628 820.5245361
vn -0.1922575235 0.03542786464 0.9807047844
v 41.31349182 -22.48690033 943.4215088
vn 0.006692315452 -0.6239596009 0.7814279795
v -76.57626343 28.25333977 844.710144
vn -0.1175063103 0.08545147628 0.9893888831
v -131.0105743 30.14987564 815.9158325
vn -0.8760870099 0.1805272251 -0.4470810592
v 89.37471008 95.72533417 845.8102417
vn -0.4607192874 -0.8480881453 -0.2616949677
v 93.21206665 -86.29315948 875.6747437
vn 0.4647410512 -0.7755181193 0.4273024499
v -121.0785675 -51.56910706 816.4483032
vn -0.8711665869 -0.478579402 -0.1096838787
v 144.0658112 19.42624283 848.0784912
vn -0.9711757302 -0.1211774945 -0.2052649707
v -58.03819275 27.89186668 881.9034424
vn -0.5543934703 0.7717455029 0.3115393519
v -35.59283447 -27.20528793 898.1886597
vn 0.6970609426 0.2763234079 -0.6616278291
v -67.00134277 -27.69420433 821.7266235
vn 0.8239383698 0.2608527839 -0.5030719638
v 146.312149 -13.90282917 823.5401001
vn -0.9881243706 0.1386836022 -0.06615954638
v 140.0809479 -64.03648376 813.8753052
vn 0.7031937242 -0.2683396935 0.6584165692
v -42.96227264 97.91701508 820.0418701
vn -0.1319964826 0.06961905211 0.9888023734
v 4.836386204 -107.7661438 833.5560913
vn -0.3416440189 -0.8405063748 0.4205096662
v -35.38055038 -77.43001556 859.6952515
vn -0.6438831091 -0.7134075165 0.2765216529
v -20.05910873 -119.7509918 821.2109985
vn -0.2159999907 -0.6224703193 0.7522464395
v -37.03198242 -63.07192993 865.2940063
vn 0.7187449336 0.6066468358 -0.3396841884
v 18.9847126 116.5562592 825.006958
vn 0.2394023538 -0.5590841174 -0.7937955856
v -55.10741043 69.7008667 824.6483154
vn -0.6627813578 0.4951542914 0.5617322326
v 142.2856445 6.621424675 859.8828125
vn -0.9521679878 -0.05986824632 -0.2996530831
v 155.9253998 -41.717659 804.6212769
vn 0.9072450399 -0.3746907115 0.1910845637
v 36.80493164 29.6908474 937.8068237
vn -0.01120509766 0.4641928077 0.8856633306
v -58.4920578 54.00389481 852.1473999
vn -0.8540738225 0.4387142062 0.2794419229
v -9.617907524 74.50914764 889.2697754
vn 0.4481618106 -0.674618125 -0.5865504146
v 126.1551056 75.1477356 840.7718506
vn 0.7392584085 0.6548693776 0.1569811702
v -75.58782959 53.48334503 824.3901978
vn -0.04974114522 0.01594535261 -0.9986348748
v 51.81014252 65.79570007 912.8810425
vn -0.1288711727 -0.6022465229 -0.7878396511
v 60.48533249 -29.51432991 927.7771606
vn -0.1901594996 0.2820302844 -0.9403713346
v -62.02422333 20.44730568 857.1115723
vn 0.9493454695 -0.1814412475 -0.2565584481
v -32.18259048 73.49492645 879.078064
vn -0.617770195 0.6310383677 0.4692020118
v -7.88111639 92.4202652 860.7528687
vn 0.4485539496 -0.8465920687 -0.2864981592
v -133.9307251 -12.92133617 816.3049316
vn -0.8021878004 -0.08687625825 -0.5907176137
v 116.467659 70.20937347 859.4216919
vn -0.675152123 -0.654981792 -0.3393647373
v -72.47831726 -18.22027779 861.1976929
vn -0.9552699924 -0.005752768833 0.2956790626
v 53.71274185 76.48077393 903.4169312
vn -0.1299211979 -0.7014414072 -0.7007855773
v 90.95340729 83.4362793 888.121582
vn 0.4327910244 0.7253272533 0.5353431106
v -54.74347305 -21.02200699 895.8147583
vn -0.7979241014 -0.1012158394 0.5941990614
v -83.40881348 96.78865814 816.1564941
vn -0.5087931156 0.6843546629 0.5222913623
v -15.80158138 -72.46694183 893.1987305
vn -0.4733894467 -0.6535271406 0.5905969143
v -79.91577911 -1.169691801 820.9446411
vn -0.6069154739 -0.004382180516 0.7947543263
v 128.585434 79.38828278 811.704895
vn -0.2106536776 0.2288157791 -0.950404346
v 148.9519043 -20.51091194 869.5960083
vn 0.9379372597 -0.04049689323 0.344432354
v -78.7195816 44.12216187 844.3612061
vn -0.9415419698 0.005980927497 0.3368425369
v 47.86338043 -114.7607346 837.8344727
vn -0.01873413473 -0.7684683204 0.6396135092
v 22.11094284 -109.7537308 842.7017212
vn -0.1754247993 -0.9570120573 0.2309850156
v 77.5414505 -113.0978775 834.2286377
vn 0.3682434857 -0.8938971162 0.2556261718
v 5.485427856 127.7054825 823.6270752
vn -0.07065857947 0.9914906621 0.1093324795
v -105.7919693 70.48923492 818.8657227
vn 0.03167747706 0.02405333146 0.9992086887
v -33.46808624 -72.10495758 873.2088013
vn -0.6548732519 -0.6330110431 0.412841469
v 21.21652794 104.5627747 872.9349365
vn -0.1687152237 0.9030247331 0.3950715661
v -31.429739 -117.039299 815.694397
vn -0.01781594753 -0.4890763164 -0.8720590472
v 61.52378845 112.3083496 847.0638428
vn 0.1652121991 0.9261638522 0.3390065432
v -64.69452667 108.1923828 816.8566895
vn -0.4254889786 0.7375272512 0.5244165063
v 17.16584015 -6.327604771 931.9385376
vn 0.1836225539 0.06374646723 -0.9809277058
v 135.6763153 -23.42234802 889.0409546
vn 0.4380556643 -0.8497914076 0.2931925058
v -3.793229342 56.54185867 916.9328613
vn -0.3932609856 0.468454808 0.7911358476
v -128.0484772 34.70396042 820.1390991
vn -0.191137448 0.08264005929 0.9780782461
v 149.9663239 -27.8923378 819.9048462
vn 0.9363789558 -0.3442349434 0.06853302568
v -76.88411713 -20.31413078 845.5126953
vn -0.5557096004 -0.1084989309 0.8242662549
v 134.6866302 63.48671722 842.1244507
vn 0.8323498964 0.5423882604 0.1140555665
v -130.0146332 34.89733505 817.9798584
vn -0.9049351215 0.2838176489 0.3170804679
v -121.1236877 32.0919342 813.6696777
vn -0.08391620964 0.001227360801 -0.9964720607
v 48.03926086 -95.45075226 872.291687
vn -0.05839761719 0.9062052965 -0.4187859893
v 84.91640472 113.6977615 834.5194092
vn 0.3956794739 0.8567097783 0.3308868706
v -40.28639221 -114.1070328 819.3165283
vn -0.2817167938 -0.6214231849 0.7310737967
v -48.50505447 84.93060303 814.1589355
vn 0.2458709776 -0.1977984756 -0.9489063621
v 12.47342205 48.59794998 920.0325317
vn 0.2537688315 -0.4481080174 -0.8572050929
v -17.19610596 93.66231537 863.5206909
vn -0.5233489275 0.8001247048 0.2930978835
v -50.73197937 26.4372673 899.6643066
vn -0.4286150932 0.830847919 0.3549378514
v -43.76609039 -68.27900696 860.0183716
vn -0.7338367701 -0.6205778718 0.276345253
v 61.88249588 27.67630196 937.5181274
vn 0.1188047156 0.7769958973 0.6181932092
v 105.4593201 -73.34866333 866.8266602
vn -0.6184829473 0.7012578845 -0.3545648754
v -40.46908951 84.45994568 828.5657959
vn -0.6714100242 0.6564871073 0.3438506722
v -60.43206406 25.85702133 886.5908813
vn -0.8531990647 0.2209129632 0.4724921584
v 54.34673309 -23.27869987 940.9351196
vn 0.086955145 -0.8276985288 0.5543950796
v 28.83892822 -101.0017242 874.6567993
vn -0.09253565222 -0.8984036446 0.4293111563
v 80.80340576 98.6754303 871.3433838
vn 0.3615329862 0.8491333723 0.3850538135
v 73.728302 -104.9049225 848.6112671
vn 0.2917134762 -0.906963706 0.3038422763
v -74.47138214 95.74446106 811.9128418
vn 0.01191520598 0.006982707884 -0.9999046326
v -55.00101089 -49.52273178 830.3764648
vn 0.8613701463 0.4638958871 -0.2069831789
v 9.694643021 -86.59554291 892.1291504
vn -0.2466492802 -0.779966116 0.5751669407
v 6.938281536 -64.95330048 904.817688
vn 0.3006248176 0.6035669446 -0.7384657264
v -13.3571949 -88.695755 850.3547363
vn 0.4710758924 0.8537349701 -0.2218649536
v 40.04998016 95.10283661 880.9019775
vn -0.005987378303 -0.8546038866 -0.5192459822
v 45.83784485 85.19647217 904.6116943
vn 0.04945618287 0.7408490777 0.6698482633
v 156.7239532 26.62327003 809.4916382
vn 0.9332236648 0.3400578201 0.11599271
v 119.7523727 -58.80981064 865.9129639
vn -0.725884676 0.5838341117 -0.3636332154
v 94.97657776 96.84111786 857.2392578
vn 0.4812070727 0.8261826038 0.293022275
v 120.6371307 6.629811764 912.048584
vn 0.7061719894 0.0003842104343 0.7080402374
v -9.282438278 93.37535858 874.2092285
vn -0.4288017452 0.7934808731 0.4318763912
v 158.6432648 39.3658905 802.9370117
vn 0.9076094031 0.3768351376 -0.1850418746
v -25.47661591 -79.27935028 854.1504517
vn 0.608235538 0.7589666843 -0.2324199826
v 161.0160675 -13.58536434 804.6838989
vn 0.583681345 -0.01929684542 0.8117535114
v -96.16638184 -82.51647186 814.0386963
vn -0.5956502557 -0.6315842271 -0.4962883294
v 43.53078842 116.3197632 840.2388306
vn -0.02632085234 0.8961132765 0.4430443048
v 45.51021576 -40.20345688 925.899292
vn -0.04405155778 0.40422979 -0.913596034
v -21.80996323 -83.45872498 870.8057251
vn -0.5481657386 -0.7502208352 0.3697066307
v -30.12222862 29.92455482 912.8251953
vn -0.5720066428 0.3913186789 0.7208870053
v 12.18863297 -83.5271759 886.4553833
vn 0.2573697865 0.7991102934 -0.54330796
v 120.7162018 -63.94222641 853.5772705
vn -0.7424482107 0.6247790456 -0.2417060286
v -69.59589386 -11.41372108 822.975647
vn 0.9090816379 0.0999827832 -0.4044428766
v -73.95272827 -21.54362679 853.5442505
vn -0.9474843144 -0.2008466572 0.2488655597
v 119.7875519 25.17771339 912.2422485
vn 0.6702519655 0.1495821327 0.7269026637
v -56.5377388 -60.77121735 828.1781616
vn -0.7646089196 -0.5659734011 0.3082974553
v 55.18080521 72.14533997 915.501709
vn 0.1276531219 0.6114766598 0.7808975577
v 76.05944824 -58.570755 908.2332153
vn -0.3656342328 0.5538501143 -0.7480385303
v -50.6169014 28.54364395 892.2283325
vn -0.6023513079 0.6505251527 0.462590456
v 101.2931519 75.0832901 876.5308838
vn -0.5911219716 -0.6737751961 -0.4433979988
v -112.7618256 -64.26872253 815.6043091
vn -0.7960737944 -0.5958277583 -0.1060935184
v 51.76300049 -109.2982483 834.2835083
vn -0.06404901296 0.8105822206 -0.5821118355
v -91.56033325 -86.80425262 816.0858765
vn -0.5147544146 -0.6237229109 0.5882156491
v 82.43674469 106.2764587 846.0283813
vn 0.4067368209 0.8595618606 0.3093842268
v 151.7156525 28.09719658 820.3031006
vn 0.8562321663 0.5126597285 0.06361165643
v 53.78345108 56.56097031 918.6326294
vn -0.159677282 -0.5115937591 -0.8442600369
v 103.5577545 75.71154785 886.0979614
vn 0.5572309494 0.6642255783 0.498295188
v 58.9600563 -28.6639328 935.2439575
vn 0.178332448 -0.3322400749 0.9261825085
v 59.79083252 93.03647614 880.725708
vn -0.1815153807 -0.8357262611 -0.5182796717
v 1.693742156 -92.76846313 861.1884155
vn 0.3599950671 0.8850291371 -0.2951727509
v -62.16846848 -25.40759468 870.4776611
vn -0.7918652892 -0.5019833446 0.3477961123
v 107.3533478 62.71543121 884.6445312
vn -0.6212688684 -0.5612481236 -0.5468323231
v -72.54816437 27.28741074 847.539978
vn -0.5124602914 0.7721652985 0.375693053
v -58.36583328 32.43724823 859.1010742
vn 0.9116963744 -0.3053075671 -0.2749491334
v 149.1902008 -41.01298904 811.0432739
vn 0.7389373183 -0.1997410208 0.6434867382
v 79.58281708 89.06480408 876.2025757
vn -0.3371489942 -0.8066109419 -0.485499084
v 24.85017395 6.897473812 943.3040771
vn -0.1026356742 0.006752505898 0.9946960807
v 117.4034348 52.97267151 893.1192017
vn 0.67898947 0.4349266291 0.5914491415
v 148.7256012 35.80734253 826.746521
vn 0.9361608624 0.3455582857 0.06474792957
v 66.96252441 39.98503113 923.8630371
vn -0.2838508785 -0.3657562733 -0.886369586
v 131.2665863 -35.6730423 869.4684448
vn -0.8292011619 0.3507857919 -0.4351721406
v 135.1167908 -73.52166748 811.8317871
vn 0.6150371432 -0.692049861 -0.3778839111
v 126.9117966 -80.37780762 813.6099243
vn 0.3381912112 -0.6708605886 -0.659979403
v -43.67296982 -91.1236496 820.2471924
vn -0.1693678945 -0.09538938105 0.9809257984
v -53.83224487 -26.36558533 871.9020996
vn 0.868752718 0.2632346749 -0.4194951653
v 136.9512634 -34.47154617 874.5053101
vn 0.8395560384 -0.3565045893 0.4099392295
v 106.0421066 95.06629181 822.0369263
vn -0.5779487491 -0.3993541002 -0.7116822004
v 72.73904419 112.6400299 829.5955811
vn -0.2700000107 -0.6147584319 -0.7410614491
v -61.95966721 -55.60399246 826.1393433
vn -0.2473270297 -0.9686873555 0.02177597769
v 150.0461884 19.63428497 805.4597168
vn -0.8353466988 -0.1082372442 -0.538962543
v -20.27473831 62.14728928 893.0029297
vn 0.5597302914 -0.5515697598 -0.6184438467
v 51.33525085 58.07601547 925.5058594
vn 0.1059054285 0.4804654717 0.8705957532
v -78.20928192 -22.49325943 820.8761597
vn -0.8233804703 -0.1115677208 0.5564146638
v -46.29899597 -42.68651199 886.9569702
vn -0.7560730577 -0.4031184614 0.5156054497
v 109.3064957 64.75305176 891.8778076
vn 0.6186363697 0.5316291451 0.5784975886
v 154.0631866 26.76519966 843.6814575
vn 0.456477344 0.8874028325 0.06437898427
v 32.70207596 -23.44078255 940.8817749
vn -0.02792502381 -0.9056952596 0.4230085909
v -119.1472168 -48.99241638 819.7315063
vn -0.05545893684 -0.09113155305 0.9942933917
v 93.63926697 28.03933144 916.4459839
vn -0.4893362224 -0.2515224814 -0.8350368142
v 94.10908508 -92.48921967 860.9904785
vn 0.4694697559 -0.8317958713 0.2961650789
v 115.7324905 -19.63614273 900.2965088
vn -0.6990640759 0.2045388073 -0.6851812005
v 106.1043243 -90.46026611 822.3565674
vn -0.5969887376 0.5329899192 -0.5996050239
v 149.7775726 33.47103119 816.81427
vn 0.9289010167 0.3148213923 0.1950139105
v -64.08010864 -40.82760239 846.5961914
vn -0.8839470744 -0.3514525592 0.3084131479
v -71.61782837 25.59260941 862.0835571
vn -0.9174360037 0.2456986308 0.3129590154
v -18.75040627 104.798172 825.7611084
vn -0.4486932755 0.6202014685 0.6434473395
v 131.8018951 -50.33482361 869.6696167
vn 0.8051366806 -0.4508176446 0.3853808343
v -38.45112228 5.14550066 914.3424683
vn -0.6748819351 0.003575944109 0.7379170656
v -2.136423588 -71.80122375 903.0333252
vn -0.3330208361 -0.6609464288 0.6724931002
v -54.10583115 67.0753479 831.1958008
vn -0.7792452574 0.5936897993 0.2007716596
v -46.07991409 116.5326996 814.7669067
vn -0.2641604841 0.8305857182 -0.4902515709
v -33.77462769 -51.26177597 895.9524536
vn -0.6207098365 -0.4538565874 0.6393226981
v 44.31646347 126.0217743 829.6537476
vn 0.1490062326 0.9887134433 -0.01558539737
v 138.8127594 30.59933472 876.2364502
vn 0.7767162323 0.4858521223 0.4008236825
v 67.27711487 29.55203819 934.4177856
vn 0.2428310066 0.3820264041 0.891677618
v -0.09491814673 -98.13506317 864.5198364
vn -0.3635648489 -0.8787742257 0.3091544807
v 114.1454086 72.09754944 877.6199341
vn 0.6574313641 0.5994561315 0.4565483034
v 47.56635666 124.6115341 833.2947388
vn 0.03871032596 0.7503162026 0.6599447727
v 123.1854782 -21.39317131 908.9973145
vn 0.7073414326 -0.1385310739 0.6931646466
v 96.22621155 -69.47473145 884.4771729
vn -0.5213724971 0.6707630754 -0.5274918079
v 129.2511902 -61.08136368 859.3052368
vn 0.7676700354 -0.5665950775 0.2994206846
v 129.4434357 -48.76079178 858.727478
vn -0.8378616571 0.4746608734 -0.2696012855
v 129.5538025 -66.05389404 814.4103394
vn -0.7597690821 0.4115585983 -0.5033591986
v 3.337095261 93.08544922 884.9313965
vn -0.3454063237 0.7834202051 0.5166694522
v 146.3645172 -0.8762062788 842.0472412
vn -0.9860848784 0.002712078393 -0.1662204713
v 75.33238983 -99.48743439 841.3274536
vn -0.3133143187 0.8779425025 -0.3620098829
v -52.87148666 -42.53952026 859.2633057
vn 0.8595391512 0.3889161348 -0.3315669596
v -12.43867874 -25.04909706 925.2493896
vn -0.4375527501 -0.5198301077 0.7337058187
v 106.70755 -31.68478966 904.4031982
vn -0.6208892465 0.3205349743 -0.715369761
v 142.0875397 52.06258011 832.7156372
vn 0.9007849097 0.4260020554 0.08431357145
v -122.6766968 42.34732056 820.1643066
vn -0.02775963768 0.04495104402 0.9986034036
v -78.6865387 100.1593475 814.0544434
vn -0.4965286553 0.7317737341 -0.4668688178
v 74.69540405 115.4465179 829.1826782
vn -0.0007120314986 0.1593950093 -0.9872146249
v -21.18530083 -90.29922485 854.6657104
vn -0.5412380099 -0.807323277 0.2351394445
v 153.4118805 25.45799828 854.6342773
vn 0.9384456277 0.2722418606 0.2126126736
v -68.46194458 -20.28384972 871.9929199
vn -0.9100153446 -0.1704449207 0.377916187
v -15.97950554 81.39645386 886.453186
vn -0.4789742231 0.695391655 0.5357370377
v 85.295578 108.5956039 827.7595215
vn -0.340770036 -0.3928605318 -0.8541290164
v 157.7620087 17.24171066 807.1186523
vn 0.926946044 0.01789796911 0.3747674823
v 24.7320919 -22.30097961 942.4815674
vn -0.103110373 -0.5959120393 0.7964026332
v 71.75769806 54.30846405 915.4873657
vn -0.2902230918 -0.4737424254 -0.8314678073
v 162.3074799 -22.46449661 800.6636963
vn 0.805231452 -0.2236907482 -0.549149096
v 59.25598526 -103.366066 842.7321167
vn -0.1633328348 0.9241014123 -0.3454836607
v 108.6669617 -34.68994522 910.1054077
vn 0.6074930429 -0.3402821422 0.717746675
v 71.73784637 65.36003113 916.1489868
vn 0.2667741477 0.5599328279 0.7844148874
v 31.67672729 -98.33032227 865.3276367
vn 0.07275597751 0.9369994998 -0.3416701853
v 86.80313873 42.7808075 922.3623657
vn 0.3894315958 0.4127109051 0.8234152794
v -130.4731445 -27.16234016 815.5181274
vn -0.6049499512 -0.1514127702 -0.7817350626
v -45.15031052 -61.62882233 845.0111694
vn 0.7958802581 0.5768697858 -0.1838366389
v 2.720883608 -105.1223068 840.350708
vn -0.336773932 -0.9239965677 0.1811455488
v 152.2911835 -23.17414665 850.4022827
vn 0.5773314238 -0.8103770018 0.09988759458
v 133.1742401 -21.57390976 897.4295654
vn 0.771461606 -0.2725351155 0.5749535561
v -2.85291028 27.61738586 931.5408325
vn -0.2370589972 0.7730876803 0.5883353353
v -62.33355331 -17.94379234 884.798645
vn -0.876262486 -0.01823265478 0.4814889729
v -38.36402893 24.38543129 914.1884766
vn -0.6630350947 0.05785465986 0.7463492751
v -42.65619659 88.87466431 822.3016357
vn -0.427162081 0.3925045133 0.8145383596
v -14.11103249 -49.9029274 912.8247681
vn -0.5034738183 -0.4435556531 0.7414664626
v 73.48957825 100.6238022 853.4089355
vn -0.3205856979 -0.9101051092 -0.2625518143
v 40.78642273 106.9543915 850.7577515
vn -0.003070639912 -0.9619698524 -0.2731384039
v 66.27426147 84.15907288 891.0772095
vn -0.243181482 -0.7601534724 -0.6025192738
v -23.09607887 87.78993988 843.0388794
vn 0.5865114927 -0.7940698862 -0.1595534682
v 53.54653549 111.6580582 854.7936401
vn 0.07888130844 0.9570481777 0.2789920568
v -54.86841583 -44.17602921 870.8488159
vn -0.8263275027 -0.4200657308 0.3751367927
v -0.1833463609 44.53731155 917.3474731
vn 0.3939413726 -0.3925348222 -0.8310996294
v -30.50259018 11.45129204 907.8855591
vn 0.6648958325 -0.107263267 -0.7391942739
v -72.33010101 55.79644012 812.2960205
vn 0.1496769041 -0.05568907782 -0.9871653914
v 121.4445496 27.04585266 907.7672729
vn 0.3456697762 0.8648969531 0.3639582694
v 15.09873199 100.5724945 862.1730957
vn 0.2134131491 -0.9196471572 -0.3297028542
v 24.19056129 -28.21109581 929.126709
vn 0.1629195511 0.3094163537 -0.9368664622
v 69.40653229 -108.5426407 832.6462402
vn -0.213632375 0.7687407136 -0.6028257608
v 39.42303085 -8.167093277 934.0274048
vn 0.0224233456 0.07855514437 -0.9966575503
v -29.03296661 58.58116913 887.4107666
vn 0.6474556327 -0.5432995558 -0.534440577
v -70.01828003 -55.23519516 842.3206177
vn 5.970674465e-05 -0.9928745627 0.1191642955
v 52.89572525 -93.75952148 887.6856689
vn 0.1418878287 -0.8285973668 0.5415664911
v -41.64149857 1.056254983 897.328125
vn 0.7572162747 -0.01247067098 -0.6530451775
v 13.04516602 -20.32713318 941.1087036
vn -0.2146159708 -0.03547326848 0.976054132
v 144.7605743 45.34477615 806.3428345
vn -0.7649680972 -0.1838229895 -0.6172786355
v 63.57779694 101.9889526 876.2541504
vn 0.2138382345 0.8802304268 0.4236361384
v 111.7354813 -72.1047287 875.4273071
vn 0.6208421588 -0.6526761651 0.4342451394
v 104.5415573 -17.38282776 910.8613281
vn -0.6031102538 0.1705645025 -0.7792084217
v 142.9668884 31.63525772 865.9164429
vn 0.8751430511 0.3547841907 0.3290179074
v 72.58592224 19.12054634 927.9172974
vn -0.3127020597 -0.1700876951 -0.9344986081
v 120.2211609 17.09617805 897.0130005
vn -0.7317208052 -0.1851927787 -0.6559636593
v 80.04839325 59.46049881 908.6539307
vn -0.3691366315 -0.5339289904 -0.7606957555
v -4.01473999 -21.37042999 922.3816528
vn 0.4174005687 0.2231263369 -0.8809037209
v 139.1285858 -46.22344971 855.9736938
vn 0.8677211404 -0.4370805323 0.2366868407
v -84.56837463 3.149186134 812.4434204
vn 0.2158570737 -0.007308844011 -0.9763976336
v 20.40993118 121.8810806 822.8099365
vn 0.2044092715 -0.2462684661 -0.9474010468
v -93.57065582 88.83731842 814.234314
vn -0.6331143975 0.6988832355 -0.3327587247
v 124.211174 -49.02990341 870.5458374
vn -0.7915571928 0.456377238 -0.4063951075
v 52.23235703 -70.71864319 914.0393066
vn 0.09826615453 -0.6496142149 0.7538866997
v 65.05723572 -103.5421371 861.9984741
vn 0.2245421708 -0.9151666164 0.3347400725
v -74.93941498 24.4204998 851.7062988
vn -0.9580760598 0.0506355539 0.2820041478
v -62.96799469 -66.39542389 819.4699097
vn -0.2266190648 -0.128710404 0.9654415846
v 79.91348267 94.13417816 865.3682251
vn -0.3980160952 -0.856805563 -0.3278222084
v 41.88259506 -86.68807983 888.1665039
vn -0.01733283885 0.8173645139 -0.5758600235
v 89.53619385 -39.1920166 913.0539551
vn -0.4607531726 0.4209934473 -0.7813264728
v 68.06560516 119.9457779 830.7908936
vn 0.3072224259 0.8954196572 -0.3222390413
v -14.56618118 -44.13347626 907.7460938
vn 0.5051516294 0.4274408519 -0.7497440577
v 77.76769257 32.8082962 922.9185791
vn -0.3789030612 -0.3032854497 -0.8743285537
v 157.0042267 19.97907639 812.2473755
vn 0.9997830987 0.00480180094 0.02026638761
v 110.0708923 -82.06869507 827.7874756
vn -0.6952368021 0.5923032165 -0.4072132707
v 35.6014328 110.0355301 863.1272583
vn -0.06063244864 0.9461901784 0.3178802729
v -59.97182465 -45.71493912 854.7491455
vn -0.8635187149 -0.4215619564 0.2768048942
v -46.98694992 33.30821609 893.8276367
vn -0.7403385043 0.3505442142 0.5736005902
v 15.43487644 -102.3659439 839.4343872
vn 0.238618806 0.9410799146 -0.2396448702
v 60.78194046 87.95478058 898.7233887
vn 0.2358214706 0.7521983981 0.6152932644
v 41.62250519 123.0621262 826.0269165
vn 0.1577071846 -0.2127926648 -0.9642861485
v -112.6321487 66.90209198 814.069458
vn -0.3876260221 0.254501462 -0.8859881759
v -2.526709557 105.4406128 848.6615601
vn -0.3922866583 0.8969520926 0.2039316744
v 138.3143768 -30.37913704 856.2807617
vn -0.9131330252 0.2984402478 -0.2777075469
v -83.58372498 71.1473999 811.930603
vn 0.004883778747 -0.002834051382 -0.9999840856
v -17.59661674 -96.97676849 832.9547119
vn -0.5031742454 -0.8284844756 0.2458234578
v -43.69715881 -24.62865257 900.8693237
vn -0.6220485568 -0.5536571741 0.5536419153
v -40.69532013 -69.44996643 833.5656738
vn 0.7736425996 0.6110450625 -0.1676336825
v 123.6581039 -74.8349762 836.8723145
vn 0.7460046411 -0.6554311514 0.1178434268
v 116.7443161 58.82914734 876.1032104
vn -0.7033324838 -0.5469959378 -0.4540032148
v -30.93910599 87.84178162 851.6385498
vn -0.60261482 0.7673975229 0.2189895511
v 149.6380463 43.86917496 802.3638306
vn -0.466806531 -0.04100498557 -0.883408308
v 6.972532749 101.0122757 872.8936768
vn -0.291736424 0.8676364422 0.4026125073
v -85.46304321 16.64614296 818.4442749
vn -0.1794318408 0.0131042609 0.9836831093
v 17.34894371 95.36547089 888.3823853
vn -0.2058061957 0.8235782981 0.5285476446
v -32.43209457 -3.973138332 906.6881104
vn 0.6550129056 0.0576174818 -0.7534177899
v -30.61752319 -59.65576172 880.4202271
vn 0.6524569988 0.577880621 -0.4902589619
v 3.71359086 11.97065926 927.87323
vn 0.3429883122 -0.08315318078 -0.935651958
v 97.57197571 -87.66230774 843.2630615
vn -0.550214529 0.8069419265 -0.2147294581
v 67.5292511 107.420929 838.7012329
vn -0.2030932605 -0.8455330729 -0.4937884212
v -12.44405937 -104.3815536 826.5556641
vn -0.3982459009 -0.6185019016 0.6773888469
v -0.01980893873 24.09332466 924.4977417
vn 0.3924332559 -0.1887314767 -0.9002091885
v -65.69082642 27.24398613 870.8828125
vn -0.5014405251 0.839646697 0.208688274
v -49.46760559 71.7348175 839.2242432
vn -0.7657212019 0.6239342093 0.1561316848
v -21.01011848 94.22688293 824.81073
vn 0.4864219129 -0.6785270572 -0.5504496098
v 109.7867432 -53.99252319 886.8432617
vn -0.631703794 0.537658751 -0.5584563017
v 96.5092926 72.88211823 896.0567627
vn 0.4945987463 0.6203904748 0.6086770296
v 63.57590485 100.9966812 861.8903809
vn -0.2196362615 -0.9236699343 -0.3139964938
v -64.9430542 -23.42904472 872.1612549
vn -0.5239276886 -0.8259400725 0.2081412077
v 127.0784378 -81.71256256 818.3400269
vn 0.7408995628 -0.5216553211 0.4230171442
v 8.861266136 -102.182106 833.013916
vn 0.3275025785 0.8692439198 -0.3703472018
v -1.402239442 -122.0114288 819.1957397
vn 0.1422221512 -0.2156923562 -0.9660484791
v -70.82662964 -47.24636459 824.390625
vn -0.6466313004 -0.3245466948 -0.6903168559
v 111.8405991 -3.495676279 906.8384399
vn -0.6515359879 0.06361181289 -0.7559459805
v 111.1667328 -60.93603134 877.7411499
vn -0.6491405964 0.6075490713 -0.4577123821
v -64.24060822 108.7731934 814.1870728
vn -0.3960267305 0.7948904037 -0.4596869946
v 76.47240448 -77.43248749 889.7384644
vn -0.3643191755 0.7214510441 -0.5888802409
v 135.4125366 -24.88577843 884.0247192
vn 0.7379844189 -0.5235635638 0.4257466197
v -63.68128204 29.97166443 866.2590332
vn -0.8348537683 0.43772313 0.3337927461
v 157.0545197 8.773042679 832.0228882
vn 0.9980505109 0.005684212316 0.06215215102
v 100.3797989 105.2031326 831.1075439
vn 0.54407686 0.6539257169 0.5257009864
v 148.435379 -55.46203232 808.7185669
vn 0.7512305975 -0.2807113528 0.5973723531
v -50.97205734 61.38149261 827.1286011
vn 0.8119474053 -0.5403805971 -0.2207491547
v 17.24908257 -24.60748863 936.3674316
vn -0.172260493 -0.4917996526 0.8534983397
v -77.83213806 -55.23519516 842.355896
vn -0.08185801655 -0.981764257 0.1715755761
v -46.30722809 -51.53781128 863.336792
vn 0.8004992008 0.500975132 -0.3289755881
v 59.6493721 111.9273682 834.8924561
vn -0.1062797233 -0.7331684828 -0.6716908813
v 65.82681274 -111.6194458 839.5805054
vn 0.1345806271 -0.7587174177 0.6373664141
v 145.5480804 -36.86609268 845.5473022
vn 0.9184795022 -0.3648637235 0.1525446326
v -3.742542028 -78.26628113 884.2216797
vn 0.3960548639 0.7278447747 -0.5598058105
v -15.63067913 -31.74479294 912.8980713
vn 0.5389482379 0.2889094949 -0.7912433743
v -75.74761963 -11.34111023 847.8187866
vn -0.9418911934 -0.007092457265 0.3358432055
v -56.57726669 60.18154526 846.2064819
vn -0.7615258694 0.5702694654 0.3080115318
v -54.66758728 24.36339569 896.4711304
vn -0.7833412886 0.04619819671 0.6198726892
v 41.99794006 96.96303558 890.0541382
vn 0.002404809697 0.8174552321 0.5759871006
v -47.97376251 -34.39111328 877.609375
vn 0.8206836581 0.3500915468 -0.4515686035
v -60.57928467 59.06479645 844.4389648
vn -0.2303307205 0.8667746782 0.4423228204
v 33.48159409 57.56916809 926.2244263
vn -0.04033375904 0.4655022323 0.8841271996
v 87.20240784 -46.98732758 918.305481
vn 0.4072849751 -0.4326143861 0.8043405414
v -33.76127625 88.22392273 838.890625
vn -0.6500356793 0.7421532869 0.1632854342
v -24.29927826 -18.52718735 910.8317261
vn 0.5841670036 0.1921941042 -0.7885495424
v 101.0531235 -67.65652466 893.3468628
vn 0.555899024 -0.606220305 0.5687470436
v -71.50681305 -81.22441864 812.1127319
vn 0.01358232368 -0.003548513399 -0.9999014735
v 132.1578217 56.64194107 865.1873779
vn 0.8156997561 0.4595896304 0.3512994051
v -29.86067581 -37.26849365 908.0545654
vn -0.580804348 -0.3825682104 0.7185456753
v 114.4062347 93.42658234 818.4332275
vn -0.1156558394 0.3452122509 -0.9313711524
v 134.3506012 -61.72259521 832.6898193
vn 0.8258648515 -0.5545678139 0.1019893214
v 124.7147522 87.30257416 820.3338623
vn 0.7089158297 0.4269853532 0.5613571405
v 52.95711899 -88.59150696 883.991272
vn -0.1133414134 0.8390760422 -0.5320762396
v 89.00509644 -107.7324829 833.9862671
vn 0.4761171937 -0.6765254736 0.5618057847
v 144.2638702 -25.51564026 816.0765991
vn -0.9587631822 0.212150529 -0.1891170591
v -74.17111206 38.596241 821.0595093
vn -0.8272644877 0.2919791937 0.4799808562
v 113.9268799 2.676459551 917.9902344
vn 0.5969316363 -0.001663434203 0.80229038
v -12.08748913 -121.8745346 818.914978
vn -0.1246247664 -0.9142813683 -0.385432601
v -18.8033905 -94.71984863 822.0853882
vn 0.4330168962 0.6345081925 -0.6402310133
v 18.18279266 -109.612442 827.0249634
vn 0.2745295167 0.688000381 -0.671780467
v 110.5241699 32.2247467 911.1660767
vn 0.6123678088 0.3692743778 0.699029386
v 141.5361176 42.0858078 859.4418945
vn 0.8865278959 0.3716453016 0.2755867243
v 31.95821953 74.38936615 906.3312378
vn 0.1020603031 -0.6791636348 -0.7268565893
v 11.11493492 -23.11816788 938.6846313
vn -0.1540389806 -0.7929611802 0.5894781947
v 18.658638 76.08529663 910.9446411
vn -0.1675399095 0.6687253118 0.7243871689
v -36.94416046 120.1499023 817.6821289
vn -0.316101253 0.9424215555 0.1091861874
v -56.26887894 -68.03562164 822.293396
vn -0.540166378 -0.4056321084 0.7373485565
v -42.847435 -20.23077011 910.0930176
vn -0.713081181 -0.07891400158 0.6966260076
v -72.52370453 -26.31110001 844.710144
vn -0.06482237577 -0.07512805611 0.9950647354
v 142.3059235 -28.54825974 867.0103149
vn 0.8472190499 -0.3901934624 0.3605121076
v -57.62612152 -56.25400543 839.8247681
vn -0.7228405476 -0.6764032245 0.1413512975
v 110.2035217 -25.43047333 912.6095581
vn 0.5495250821 -0.5122887492 0.6599866748
v 157.5666504 -24.3176651 806.5924072
vn 0.7316168547 -0.1401675493 0.667150557
v -66.55358887 105.144928 812.4692993
vn -0.01728100702 0.1162489355 -0.993069768
v -21.69549179 39.78795242 915.1030884
vn -0.5179479122 0.3568143845 0.7774403095
v -25.91426468 67.16113281 893.5623779
vn -0.5513785481 0.5808612108 0.5988171101
v 12.3153944 -113.4656906 830.3637695
vn -0.2907983363 -0.5975804329 0.7472174764
v -68.53134918 7.598835945 827.8944702
vn 0.9728913903 -0.05204487965 -0.225330025
v -30.52071762 -19.86703682 920.9265747
vn -0.6071164608 -0.05118244141 0.7929627895
v 18.90686035 27.2913208 938.9260864
vn -0.07133927941 0.8662019968 0.4945754111
v 140.0642548 -57.97179794 806.2307739
vn -0.5783966184 0.1572858542 -0.8004489541
v -33.95100784 -109.0267715 814.3458862
vn 0.1231558099 0.01298819855 -0.9923023582
v 103.8255463 -99.94657898 828.8486328
vn 0.6019340754 -0.6708115935 0.433228761
v -127.2613983 -33.40432739 820.0866699
vn -0.4410908818 -0.1695413291 0.881302774
v 97.92414856 -21.14499474 928.4815063
vn 0.5211666226 -0.1268473864 0.8439757824
v -43.7036705 114.4710159 813.5803223
vn 0.05205710977 0.1174279228 -0.9917160869
v 25.62553596 -16.40775299 932.125061
vn 0.1085969359 0.1724811643 -0.9790081382
v 31.4759903 9.400103569 933.9136353
vn 0.05127152428 -0.04612094536 -0.9976192117
v 23.07485008 -124.2301865 826.2893677
vn -0.009500708431 -0.9669165015 0.2549160719
v 144.5887604 -15.94112396 844.1609497
vn -0.9761679173 0.1626998484 -0.1436139047
v 78.36456299 -112.0445862 829.9967651
vn 0.2579831779 -0.7480737567 -0.6114166975
v 140.316391 -67.37761688 812.2104492
vn 0.7954952717 -0.5209575891 0.3095003068
v 78.38937378 102.1759109 841.2368774
vn -0.3583263159 -0.8509124517 -0.3841226995
v -96.49245453 -79.46673584 812.3931885
vn -0.04038958997 -0.02329838276 -0.9989123344
v -67.44359589 55.86733246 820.9454346
vn -0.8744386435 0.4397523105 0.2048778236
v 99.9683609 -57.53950882 893.7654419
vn -0.5646271706 0.5467526913 -0.6182699203
v 105.2167435 89.36402893 830.4205322
vn -0.6720175147 -0.6409609914 -0.3708927631
v 68.22255707 -84.76831818 895.3756104
vn 0.2420162261 -0.770901978 0.589184463
v 25.46932411 68.0151062 918.6565552
vn -0.1430071145 0.5708291531 0.8085190058
v 158.8466797 34.91487122 804.9671631
vn 0.7403200865 0.1721459627 0.6498399377
v 16.11622047 28.41786957 935.7283936
vn -0.174757123 0.446626395 0.8774877787
v -109.3521576 -66.92472076 813.6002808
vn -0.4187488258 -0.3099807203 -0.8535580635
v 48.34070587 -24.77438164 938.2695312
vn 0.03750210255 -0.4942279756 0.8685230613
v -12.3731823 -33.54600525 921.8938599
vn -0.4463408291 -0.3605087698 0.8190319538
v 78.6483078 107.8936386 833.0386353
vn -0.294855535 -0.7585125566 -0.581135869
v 40.57043839 -90.97665405 892.9009399
vn 0.00463011628 -0.834623158 0.5508018732
v 125.9970627 77.04787445 828.7529297
vn 0.7904242873 0.5941724777 0.1489580572
v -18.03578186 52.45063019 911.3945923
vn -0.4939480424 0.4674987495 0.7331168056
v -75.83432007 40.58297729 824.3901978
vn -0.373818934 0.1165359393 -0.9201515317
v 148.8197479 -38.24104691 803.1690674
vn -0.6305422783 0.09792770445 -0.7699523568
v 109.7143707 -42.84223175 895.6032104
vn -0.667421937 0.4076724052 -0.6231783032
v -54.99708176 59.63302231 821.4944458
vn 0.6946775317 -0.4218432307 -0.5826417208
v 145.6142273 27.86823082 864.9221802
vn 0.6375519037 0.7452585697 0.1952363849
v 81.56771851 -106.941864 828.2428589
vn -0.1133668497 0.03771587089 -0.9928370714
v -102.0503387 -72.53701782 818.605957
vn -0.1134676561 -0.1312423348 0.9848352671
v -39.3449173 46.06032181 896.1526489
vn -0.6878042817 0.3916136026 0.6111989021
v 141.5516052 -40.85954666 810.7218018
vn -0.8449590802 0.2337183505 -0.4810611904
v -15.77508354 -19.12966347 930.2593384
vn -0.4829507172 -0.01992531307 0.8754208088
v -74.44450378 -54.69685745 825.2885742
vn -0.1012673676 -0.6898201108 -0.7168633938
v 47.74812317 103.6997986 861.3253174
vn -0.07839702815 -0.9492352605 -0.3046412766
v 49.94360733 102.5350266 879.8164673
vn 0.08593799174 0.8859109879 0.455825001
v 162.2002869 -14.31972504 798.4210815
vn 0.1064580679 -0.0752768591 -0.9914636016
v 142.3218231 -26.60030556 844.5228882
vn -0.9474606514 0.2880010307 -0.1391893774
v 46.32939148 -59.50237656 922.7494507
vn 0.002610585419 -0.5261489749 0.8503884077
v 41.35343933 27.33123016 931.5861816
vn -0.00492173573 -0.2205292881 -0.9753679633
v -62.79645538 48.08449173 846.2299194
vn -0.822122097 0.3915346563 0.4132987559
v 19.66188431 -100.5641098 853.1765137
vn 0.2216645181 0.9407210946 -0.2567269206
v 123.9981918 42.96701813 880.2393188
vn -0.7691355944 -0.3807165623 -0.5133082271
v 136.1855011 -25.29802895 866.9674072
vn -0.8913875222 0.2540143132 -0.3753731251
v 87.44295502 -104.528511 837.5529175
vn 0.4490634799 -0.7034498453 0.5509086251
v 130.6197815 -3.534824371 884.4766846
vn -0.842941165 0.04840997234 -0.5358234048
v -96.12542725 -18.03526115 812.1673584
vn -0.02912225388 -0.0009517542203 -0.9995753765
v 154.0405884 -14.72328091 854.0203857
vn 0.9671266675 -0.006871646736 0.2542022765
v -48.55799484 -3.509213209 888.3568726
vn 0.8224102259 0.0568446964 -0.5660477877
v -73.90698242 -39.62937546 824.3904419
vn -0.6407057643 -0.296895653 -0.7080600858
v -31.613554 93.62368774 817.777832
vn 0.3965524137 -0.3988835514 -0.8268241286
v -10.72924805 94.9189682 846.4171753
vn 0.4796771109 -0.8549875021 -0.1972465217
v 2.123894215 69.81021118 901.6392822
vn 0.3472907841 -0.6379904747 -0.6872825027
v -63.39011002 -32.78797531 860.9276733
vn -0.8937876225 -0.3349449337 0.2982542813
v 53.69010162 95.07297516 891.2022095
vn 0.1613111645 0.813993752 0.5580258965
v -65.69486237 -103.1642456 813.1936035
vn -0.1232872456 -0.2803829312 -0.9519378543
v -80.74617767 -94.94939423 814.5834961
vn -0.5507388115 -0.798890233 -0.2417873293
v 130.5353851 27.23815918 896.8643188
vn 0.4536221325 0.8265140057 0.3333189487
v -63.56900787 60.60505676 822.0445557
vn -0.5360079408 0.520840466 0.6643949747
v -63.32003403 -21.7772789 846.8950195
vn 0.9567655325 0.2311132401 -0.176596716
v 122.0342636 84.58662415 824.8005981
vn 0.7230832577 0.4900282025 0.4868500829
v 110.8441544 98.60034943 822.4814453
vn 0.3677113056 0.7966194749 -0.4797767699
v 156.704361 25.37685966 821.9064331
vn 0.9776917696 0.2091244161 0.01964075863
v -20.04874992 27.81378746 922.2036743
vn -0.3672817349 0.732745707 0.572876811
v 50.75311279 -120.1512299 833.6929321
vn 0.07376980036 -0.7848581076 0.6152688861
v -56.65956116 32.25684357 880.0184326
vn -0.8096250892 0.3667725027 0.4582414031
v -18.72385216 24.5325985 914.3253174
vn 0.5337155461 -0.2059375495 -0.8202057481
v 64.68924713 96.50203705 872.1542358
vn -0.2526589334 -0.8727318048 -0.4177350998
v 32.53004074 109.376152 838.3608398
vn 0.1269002706 -0.9416041374 -0.3118941486
v 95.81739807 88.68350983 875.3934937
vn 0.4741350114 0.7730917335 0.4213373661
v 83.65061951 -19.61914444 935.7937012
vn 0.3864911199 -0.01684648357 0.9221392274
v 21.04109573 62.18906784 914.1069946
vn 0.1654454917 -0.538811326 -0.826020658
v 119.6671066 -88.40159607 818.8861694
vn 0.4838623106 -0.7652775049 -0.4245322049
v 41.40855408 -76.80197906 900.4118652
vn -0.01784674451 0.7208669782 -0.692843616
v 23.12353325 43.17109299 925.0008545
vn 0.1391663253 -0.4076302648 -0.9024800658
v 115.1439972 78.49171448 835.081543
vn -0.704808414 -0.6895924211 -0.1664552838
v 59.99071884 -68.72475433 905.6494141
vn -0.1545707285 0.6431413889 -0.7499846816
v 74.70606995 -86.42234039 877.7541504
vn -0.3131918907 0.8206287026 -0.4779952168
v 86.39669037 -12.80375099 922.8606567
vn -0.4242734611 0.1359832138 -0.8952656388
v -9.438250542 -99.47471619 844.0230713
vn -0.420958221 -0.8840578794 0.2030660957
v 145.6265259 -25.45099068 860.4436035
vn 0.7808303237 -0.5774618983 0.2384150773
v 152.388504 -23.75377274 820.1790161
vn 0.6514692307 -0.7574884295 0.04241522029
v -34.71727371 -84.51052094 833.2492065
vn -0.6270644069 -0.7557585835 0.1887305379
v 39.52031326 38.84027481 928.0285645
vn -0.006546823308 -0.3519620597 -0.9359913468
v -2.222698927 -123.473114 822.3012085
vn -0.1575220376 -0.936503768 0.3132849336
v 156.287735 -15.66278267 841.8174438
vn 0.9918369651 -0.01310260221 0.1268373579
v 123.720665 56.26858139 881.72229
vn 0.7491286397 0.463093549 0.4736566842
v 28.98666954 37.98163223 934.4945679
vn -0.0809962526 0.3611657917 0.9289773107
v 3.463813305 -26.2937355 931.378479
vn -0.3188939095 -0.4794836044 0.8175586462
v 1.134486794 -97.42684937 841.9053955
vn 0.368973285 0.9053695798 -0.2101537585
v 135.7704468 -55.94036865 848.3444214
vn 0.8427216411 -0.5123034716 0.165424794
v 27.85478973 126.536171 824.4559937
vn 0.1740179956 0.5578733087 -0.8114771247
v 65.16996002 -105.6045761 836.5494995
vn -0.2092159688 0.7941955328 -0.5705103874
v 7.98524332 107.2282562 856.9698486
vn -0.2858924568 0.9207523465 0.2654818594
v 153.903244 15.88043022 853.9124146
vn 0.9736686945 0.00691603357 0.2278628498
v -21.86455536 90.48643494 832.0748291
vn 0.5394281745 -0.8114627004 -0.2248232514
v 132.1638489 25.23656273 898.8139038
vn 0.7431561947 0.341437608 0.5754469633
v 76.74216461 93.48299408 883.7758789
vn 0.3111665249 0.7889807224 0.5297968984
v 16.27511215 40.01339722 931.7472534
vn -0.2381600887 0.3546614349 0.9041543007
v -80.79210663 -92.20352936 812.1450195
vn -0.09530029446 -0.1560781896 -0.9831365347
v 105.4903564 -90.86795807 838.854248
vn 0.5810878277 -0.7663459778 0.2739538848
v 63.38176727 -111.7547607 829.3864746
vn -0.1412600577 0.6419631243 -0.753610611
v 61.42778015 18.39797592 942.1448975
vn 0.1566997468 0.02556876838 0.9873152375
v 95.68293762 -27.16318703 914.2946167
vn -0.4896158874 0.2437524796 -0.8371744156
v 108.7266693 -80.71823883 834.9456177
vn -0.6696394086 0.722669661 -0.1712647974
v 140.1112213 -38.25065994 817.8492432
vn -0.9216082096 0.3559992313 -0.1546053439
v 37.62490845 52.16054916 922.1352539
vn 0.0320212543 -0.470443666 -0.8818488717
v 92.03768921 -87.58074951 856.1986694
vn -0.5129886866 0.8082597256 -0.2890654206
v 124.2800293 -79.10215759 813.4841309
vn -0.2351049334 -0.2247587889 -0.9456263185
v -60.9961586 43.09265518 826.1481934
vn 0.8832343221 -0.3634522557 -0.2963098884
v -27.13918877 107.136467 815.4721069
vn 0.1614089906 -0.09700331092 -0.9821087122
v 38.57361221 -108.7690811 833.9260254
vn 0.08398317546 0.8503904939 -0.5194062591
v 131.3456116 30.92059708 888.6571045
vn 0.7574266195 0.4339599013 0.4878357351
v 49.33793259 -114.2975082 829.3764038
vn 0.004849725403 0.664252162 -0.7474928498
v 65.24549866 42.00017166 930.4653931
vn 0.2385292798 0.3862143755 0.8910343647
v 55.66615677 46.85105515 923.6104736
vn -0.1119738519 -0.4007374346 -0.909324646
v -56.40396881 25.18593025 869.5679321
vn 0.8856754303 -0.2402274609 -0.3973282874
v 155.4416962 -33.41640091 800.1921387
vn -0.1789394319 -0.06121941656 -0.9819536209
v 30.79255295 112.6513138 832.0056763
vn 0.1741185635 -0.7568403482 -0.6299805045
v -55.8266983 51.67717743 832.1083374
vn 0.8782552481 -0.4586517513 -0.1353007853
v 131.0531769 -14.88958168 900.8079834
vn 0.7805624604 -0.006946537644 0.6250391603
v -60.01031876 0.6726390719 867.5879517
vn 0.9291713238 0.03900425136 -0.3675857782
v 48.50648117 18.31973648 933.0881958
vn -0.06931205839 -0.1265886426 -0.9895308018
v -53.80391693 -105.6778641 812.7703247
vn 0.0326834172 -0.03981369734 -0.9986724257
v -59.78874207 7.098013878 888.975769
vn -0.8515859842 0.007027457468 0.5241678357
v 47.52347565 -99.91218567 877.7940674
vn 0.07106764615 -0.89577806 0.4387836456
v 15.44624424 20.09499931 930.3230591
vn 0.2504471242 -0.184280619 -0.9504298568
v 52.3224144 -119.951683 828.8120117
vn 0.2274342924 -0.7386316061 -0.6345841289
v 48.60222626 124.6999664 828.3241577
vn 0.2176494151 0.5943718553 -0.7741775513
v 37.25717163 25.85683823 943.4371338
vn -0.001171432203 0.193343699 0.9811303616
v 121.6514969 -29.81186676 889.0911255
vn -0.765666604 0.3142998815 -0.5612220764
v -79.56732178 5.140715122 824.4038086
vn -0.9997799993 0.01300920825 -0.01645341143
v 105.2404938 -89.39163971 826.1906738
vn -0.6373893023 0.6256489158 -0.449775815
v -66.62604523 25.03235054 875.9145508
vn -0.9023315907 0.131711334 0.4104263484
v -54.0198822 113.8735504 816.0480957
vn -0.3857826293 0.9116524458 -0.1416390389
v 88.73828125 110.9184113 828.1320801
vn 0.1642742902 0.6298007369 -0.7591870427
v -18.6162796 -61.55001831 901.5479126
vn -0.5107052326 -0.5468469262 0.6634294391
v -81.91439056 -86.99450684 818.2261353
vn -0.0222796686 -0.03701683879 0.9990662336
v 134.1424561 -50.41357422 823.7601929
vn -0.8819978237 0.464135468 -0.08159720898
v -79.56732178 58.65699005 837.3082886
vn -0.9869089723 0.1547847539 0.04530353472
v 0.3710682392 -85.35968018 876.0969849
vn 0.3676482737 0.8233145475 -0.4324209988
v -130.8084259 -14.09488297 814.7223511
vn -0.1792019457 -0.008295920677 -0.9837773442
v 70.50637817 -13.07201958 928.9544678
vn -0.2829979658 0.1628623158 -0.945192039
v 163.6255951 20.31047058 802.262146
vn 0.7964364886 0.1060070023 0.5953582525
v 82.52723694 79.72979736 887.8562622
vn -0.4104973674 -0.7188856602 -0.5609771013
v 117.4932556 -44.66539764 896.2119141
vn 0.6728151441 -0.4165991843 0.6113631129
v -69.06752014 -26.85225105 846.2958374
vn -0.8462820649 -0.348911494 0.4025760293
v -79.56732178 -36.31627274 844.0131226
vn -0.9467243552 -0.001687043812 0.3220406473
v -11.13516045 86.94364929 868.9403687
vn 0.4942429066 -0.7736047506 -0.3965597451
v 118.7190399 -89.29088593 822.664856
vn 0.6737661362 -0.6106991768 0.4160357416
v 149.8505249 24.49330711 867.5728149
vn 0.9334110022 0.08352577686 0.3489518464
v 137.0493469 -58.37977219 823.6859131
vn 0.8728454709 -0.4693485498 0.1336141676
v -30.44594574 73.93214417 865.5217285
vn 0.6294008493 -0.6921517849 -0.3532427251
v 102.0502396 -90.69568634 850.586792
vn 0.565079987 -0.790663898 0.2356590778
v -41.41523361 65.38305664 875.6819458
vn -0.7274161577 0.5603029132 0.3961393535
v -28.41430473 29.20311356 905.6553955
vn 0.6407023668 -0.2762866914 -0.7163561583
v 118.5809479 -87.14338684 816.9794312
vn -0.0892053619 -0.3728411496 -0.9235972762
v -32.46181107 -24.40270042 912.8077393
vn -0.4940490425 -0.6021818519 0.6271304488
v 98.80892944 103.4694138 824.2229004
vn -0.1707209796 0.2296682894 -0.9581789374
v 155.4551544 -22.89270782 813.6652832
vn 0.9416023493 -0.325135082 0.08759109676
v 8.416605949 119.5615234 827.8768921
vn -0.2177574784 0.3443259597 0.9132477045
v -63.10536575 31.25919724 838.9933472
vn 0.9468775988 -0.2735008299 -0.1691746563
v -31.19939232 -82.08457184 824.9579468
vn 0.5788320303 0.709060967 -0.4027232826
v -47.97922897 115.2130051 818.546936
vn -0.3026020527 0.6718299985 0.676074326
v 103.4735718 -83.33860779 868.0506592
vn 0.5741539598 -0.745175302 0.3392064273
v 57.84676743 123.1065063 833.2244873
vn 0.1727015972 0.8999778628 0.400267452
v 88.21994781 -101.4768753 828.5778809
vn -0.4458937347 0.6854916215 -0.575569272
v 118.0896835 -48.88884735 880.697998
vn -0.7472342849 0.4305330515 -0.5062432289
v 91.99268341 110.5372009 830.1832275
vn 0.4102134407 0.8973753452 -0.16261141
v 55.451828 -116.0491943 827.9893188
vn 0.0616350323 0.1608027667 -0.985060215
v 150.2501678 -25.67059898 836.0576172
vn 0.8461580276 -0.5289788246 0.06479152292
v 62.04862213 -84.42682648 887.4989624
vn -0.238064006 0.8002009988 -0.5504578352
v -101.7139206 -76.87451172 816.8200073
vn -0.69548136 -0.6532347202 0.299315989
v 56.84054947 33.02424622 928.4758301
vn -0.1643412858 -0.2639435828 -0.9504345059
v -26.81017876 -73.58454132 865.2049561
vn 0.6326575875 0.697494626 -0.3365199268
v 132.8163147 -28.93073845 885.494812
vn 0.7891273499 -0.3223804832 0.5228276849
v -78.94249725 -53.93499756 843.9234619
vn -0.9579256177 -0.0612856932 0.2803971469
v 28.45507622 -39.20536041 932.5018311
vn -0.0681931749 -0.4045389891 0.9119747281
v 4.838320732 -120.9328995 826.0482788
vn -0.1848019063 -0.3682354093 0.9111810923
v 111.6399078 10.66342926 906.6612549
vn -0.6621168852 -0.0607476607 -0.7469344139
v -63.71237946 -56.39247131 822.0753784
vn -0.6259502769 -0.4536178112 0.6343635321
v 3.739187717 95.1785965 866.9787598
vn 0.338703841 -0.8647192717 -0.3708642125
v 124.2095413 27.74061012 888.6760864
vn -0.7527514696 -0.2750683725 -0.5980824232
v -9.665276527 8.377747536 922.3739624
vn 0.4609919786 -0.07127096504 -0.8845376372
v 115.20401 -82.40462494 820.5584106
vn -0.7091712356 0.5081955791 -0.4886853695
v 21.58410835 -112.077179 835.5550537
vn -0.2185412049 -0.8315265775 0.5106890202
v 118.5723801 -70.86076355 837.4979248
vn -0.736256361 0.6607149243 -0.1462270766
v -53.98666382 110.2370148 819.0378418
vn -0.1051057503 0.08558480442 0.9907714128
v 77.00283051 8.585337639 938.2409668
vn 0.327693522 0.002756313886 0.9447800517
v 162.2050323 -21.22886658 803.3147583
vn 0.8398790956 -0.1480883807 0.5221809745
v -77.96318817 25.84182549 821.2075806
vn -0.9872367978 0.1592591107 0.0002279747277
v -68.14982605 37.4419136 845.5281982
vn -0.6817156672 0.2726791203 0.6789034009
v -66.73941803 96.54434967 818.6347656
vn -0.03985376656 0.01566665992 0.9990826845
v 127.2789917 -45.01562119 883.1729736
vn 0.7633638382 -0.4128409326 0.49682796
v -60.94333267 59.06479645 833.1759033
vn -0.1729318947 0.9834395051 0.05423384532
v 103.3656998 -95.90192413 822.7489014
vn -0.1470829993 -0.2620138824 -0.9537899494
v -33.30379868 -22.58911896 917.2697144
vn -0.4186016917 -0.7467241287 0.5168904066
v 1.387859702 29.69326782 931.0767212
vn -0.292301476 0.3809996247 0.8771539927
v 141.0669861 27.19926453 880.4151611
vn 0.4926001728 0.8265081048 0.2724507153
v 25.72349739 -57.7413826 923.0738525
vn -0.09502956271 -0.5135076642 0.8528066874
v 97.84662628 27.89993477 922.9642334
vn 0.4025922716 0.6647672653 0.6292884946
v -66.35593414 58.98379517 824.3942871
vn -0.1830095947 0.9680343866 -0.1715135276
v -117.9454575 60.31862259 817.4238892
vn -0.8365256786 0.5430530906 0.07292567194
v 158.7216034 -33.92977524 801.3005371
vn 0.8454267383 -0.3299297988 -0.4199999571
v 86.44422913 58.75492859 914.0119629
vn 0.4147775471 0.4891189337 0.7672823668
v -37.4986496 -74.14212799 827.7749023
vn 0.7109010816 0.6405069828 -0.2904658914
v 32.71063232 -37.06090164 927.069397
vn 0.06152087823 0.3599126637 -0.9309554696
v 89.20767212 24.44495583 933.3306885
vn 0.4272132218 0.08219632506 0.9004068971
v 10.87477493 -21.00056267 928.1659546
vn 0.2829759717 0.2149850875 -0.9347224236
v 60.66567993 -42.48542404 929.9267578
vn 0.1801285595 -0.3890243173 0.9034454823
v -55.82648087 110.2890396 812.9949341
vn 0.04288088903 0.06623304635 -0.9968823195
v -77.85214996 56.91543961 844.710144
vn -0.06380728632 0.04339322448 0.9970183969
v 125.7218857 -70.10318756 848.5169678
vn 0.7649035454 -0.6161766648 0.187746793
v -31.33015251 -78.17960358 838.8346558
vn 0.6559275985 0.7334482074 -0.1783612818
v -44.90391922 -88.8129425 813.6621704
vn 0.1473993361 0.08066537231 -0.9857822061
v -129.7528229 27.06349564 814.5919189
vn -0.223628208 0.02720848657 -0.9742946625
v 129.8948975 55.61958313 851.6826172
vn -0.8504832983 -0.4885712266 -0.194875136
v 22.67643166 -106.4020081 832.8838501
vn 0.2100453824 0.8665935993 -0.452654928
v -12.67437553 -10.20161819 920.1561279
vn 0.492652595 0.1030884385 -0.8640984893
v 59.84896851 -8.658429146 942.5845337
vn 0.1721405983 0.001692604274 0.9850709438
v 153.163269 48.86827087 802.4998169
vn 0.2749639452 0.2968375087 -0.9144847393
v -23.80900574 84.2633667 854.71875
vn 0.5643721223 -0.7760902047 -0.281368196
v 23.90834045 -46.7033577 921.5169678
vn 0.1147644371 0.4629910588 -0.8789018393
v 137.9275665 -2.28132081 871.2424316
vn -0.9055643082 0.04978187755 -0.4212778509
v 1.314896464 56.39279556 911.4650269
vn 0.3512174189 -0.5164004564 -0.7810101509
v 113.2628632 46.6803894 891.5924072
vn -0.6883280873 -0.4140782058 -0.5956036448
v 83.33662415 26.89798355 933.5632324
vn 0.1885360479 0.8574268222 0.4788249731
v 106.6362762 23.81385803 923.3433838
vn 0.5646290183 0.06434846669 0.8228325248
v 165.0325165 3.544221878 802.2260132
vn 0.7640222311 -0.001147117815 0.645188868
v 162.7398529 2.14988637 797.9212646
vn 0.1363326162 0.02084756084 -0.9904437661
v -8.201908112 -95.87200928 829.5301514
vn 0.4655695856 0.821814537 -0.3284293115
v -42.06445312 -76.13218689 841.2377319
vn -0.7119912505 -0.6778720021 0.1831885874
v 105.5833588 103.0080719 827.0584106
vn 0.538613975 0.8425097466 0.008502149954
v 111.0588837 -89.50730896 819.4282837
vn -0.3659414947 -0.06514841318 -0.9283547401
v 67.46279144 -96.427742 877.6131592
vn 0.2421478778 -0.8639826775 0.4414728582
v 64.93447113 120.4892883 835.50177
vn 0.2020796388 0.825719893 0.5266407728
v -69.27654266 58.00244522 844.3614502
vn -0.004499712028 0.5034173131 0.8640316725
v 2.675564766 -52.76049423 911.8553467
vn 0.35838902 0.5049456954 -0.7852306366
v 27.28845406 -122.3082657 824.0491943
vn 0.1704436243 -0.5086941719 -0.8439071178
v -63.52155685 -84.39310455 818.7399902
vn -0.04254203662 -0.01767708175 0.9989382625
v -49.18106079 -111.9553146 816.3840942
vn -0.3862659037 -0.8333306909 0.3954220712
v 16.12210655 -34.99198532 932.2460938
vn -0.2023094147 -0.3657390177 0.9084634781
v 87.68663788 -71.84169769 899.6967163
vn 0.4169771671 -0.6316869855 0.6535301208
v -67.35138702 34.6892662 849.0771484
vn -0.906847477 0.2611028254 0.3308368325
v 38.14795685 79.07359314 910.8398438
vn -0.03546965867 0.6721582413 0.739557445
v 41.56372452 116.8002396 830.1296997
vn 0.108037442 -0.6459793448 -0.7556709647
v 10.47141647 -99.04116058 870.9902954
vn -0.2267276496 -0.8890228868 0.3977849782
v -64.04520416 -8.142382622 853.8232422
vn 0.9599217772 0.0947484374 -0.2637667656
v 87.79386902 103.7226334 832.0305176
vn -0.4830683172 -0.7024002671 -0.5227608085
v -8.311444283 81.87171936 880.5675049
vn 0.4365864992 -0.7324622273 -0.522390008
v 7.441826344 68.36915588 913.6719971
vn -0.2942756712 0.5896106362 0.7521709204
v 26.20492935 -116.6613235 832.2689209
vn -0.1924908906 -0.5478144288 0.8141539097
v 62.72128296 58.66439056 923.0799561
vn 0.2624964714 0.4642799497 0.8458958268
v -56.70901871 -23.07026672 890.2615967
vn -0.4068895578 -0.8683083653 0.2836925387
v -133.0655975 -10.03720188 820.355835
vn -0.1284571588 -0.01765892841 0.9915578365
v 46.80836868 46.48746109 931.6923218
vn 0.04893144965 0.3847631216 0.9217174649
v 24.89213371 88.83807373 888.8475952
vn 0.1441354007 -0.8001960516 -0.5821608305
v 26.3062458 -69.08403778 906.8562012
vn 0.1346906722 0.6763681769 -0.7241439819
v -68.8878479 30.15938759 847.9182739
vn -0.7984209061 0.5110599995 0.3183421493
v -50.39827347 43.86101532 867.8337402
vn 0.8475450873 -0.3781122267 -0.3724223971
v 12.84518814 -63.62166595 916.203125
vn -0.2256257534 -0.6000199914 0.767508328
v 29.31821823 -88.62989807 895.5925293
vn -0.1189057902 -0.7864387631 0.6061151028
v 111.6117401 27.92599678 913.0238037
vn 0.4141864181 0.761788547 0.4981243312
v -63.79167557 52.0450058 844.710144
vn -0.1372623593 0.087254785 0.9866841435
v -28.84031296 119.3955078 821.2088013
vn -0.1368006617 0.1227840483 0.9829596281
v -75.58709717 25.38882065 846.3131714
vn -0.9281085134 0.1898576915 0.3202634752
v -79.5403595 58.61691284 824.9990845
vn -0.9691284299 0.2184950411 -0.1142367274
v 7.153512478 -123.4027557 825.3545532
vn -0.1172008589 -0.7973200679 0.5920681357
v 42.49625397 67.91522217 920.0498657
vn 0.008758338168 0.5797144771 0.8147726059
v -79.56732178 -54.27261353 825.5784302
vn -0.9753322005 -0.1389656067 -0.1715099066
v -35.7788353 36.73963547 905.0784302
vn -0.6502866745 0.3282556832 0.6851098537
v 84.11103058 28.19682503 929.6210327
vn 0.3123467565 0.5080335736 0.8027088046
v 74.80179596 -32.1701622 930.0059204
vn 0.318315953 -0.3506150842 0.8807632923
v 32.89908981 -19.13858604 944.0384521
vn -0.05946756527 -0.02642637491 0.9978803992
v 147.5405731 8.605234146 813.2092896
vn -0.9856622219 -0.04758763686 -0.1618807912
v 55.42463684 -83.68556976 900.5175171
vn 0.1316168159 -0.7438147664 0.6552988291
v 48.26875687 -100.7554626 857.8303223
vn -0.08780797571 0.9495928884 -0.3009370565
v 150.1694794 -16.10863686 805.2938232
vn -0.8129441142 0.101890862 -0.5733585954
v 160.8326111 12.98038006 804.8711548
vn 0.5905244946 0.01898403652 0.8067964315
v 116.8469696 -59.10267639 884.7928467
vn 0.6743019223 -0.5291440487 0.5150956511
v 81.36212158 -101.6425858 834.4595337
vn -0.3746835887 0.7522518039 -0.5419681668
v -67.1003418 30.4764576 855.2753296
vn -0.8948791027 0.3609294295 0.2625286579
v -108.683403 58.95171356 812.7207031
vn -0.06568848342 0.009253531694 -0.9977972507
v 48.47958374 110.1558762 838.6062622
vn -0.01878201216 -0.8943021894 -0.4470691383
v 123.4373703 66.99877167 869.1034546
vn 0.7241355777 0.5838562846 0.3670687675
v -134.4504242 7.815487862 816.0864258
vn -0.667999804 0.0275100302 -0.743652761
v 7.897716045 -104.4804535 852.7324219
vn -0.2857418358 -0.9287953377 0.2359891385
v -54.68395996 41.98862457 876.6483765
vn -0.8285797238 0.3573781252 0.4309716225
v 54.30288696 -13.17823505 932.5918579
vn -0.1362477392 0.160654068 -0.9775616527
v 121.5927277 79.92700195 817.824707
vn -0.7373192906 -0.498314321 -0.4561174512
v 138.1819611 -40.68922043 836.9046631
vn -0.9064557552 0.4119846523 -0.09277206659
v 72.94223785 -113.3338623 836.7335815
vn 0.2317239046 -0.7101069689 0.6648699641
v 124.6566925 -14.10619545 891.427063
vn -0.7968992591 0.1690537333 -0.5799762607
v 76.51833344 -106.8481445 841.2782593
vn 0.333922267 -0.7880288959 0.5172102451
v -34.36229706 27.57048225 911.8990479
vn -0.4263876677 0.791755259 0.4373981357
v 137.0011902 43.57951736 847.3535767
vn -0.9029659629 -0.3892854154 -0.1819598079
v -5.22132349 40.40472794 924.3359985
vn -0.3724988699 0.3759902716 0.8484550118
v 161.5144348 29.41925812 800.7655029
vn 0.8646394014 0.2592461407 -0.4303372502
v -24.95561981 83.7858429 872.9738159
vn -0.5427833796 0.7278753519 0.4190270901
v 116.2193069 -82.98512268 833.5021362
vn 0.6907054186 -0.6878479719 0.2231393754
v -51.32873917 -59.58731461 857.3852539
vn -0.8047090173 -0.5213036537 0.28405267
v -3.150562525 -81.38024139 892.0321655
vn -0.3699679673 -0.7349461913 0.5683113337
v 133.1429443 -18.27397728 876.7526855
vn -0.8550251722 0.1976391822 -0.4794483185
v 63.04947281 -115.1256485 828.757019
vn 0.1205806136 -0.3125824928 -0.9422062039
v -45.13873291 55.55417633 865.7729492
vn 0.7976462841 -0.5007579923 -0.3361574411
v -40.42121887 67.53539276 856.0623169
vn 0.7601767778 -0.5981429219 -0.2536854148
v -44.92427063 -76.42009735 827.5682983
vn -0.7043776512 -0.6197122931 0.3461340964
v -17.74543571 47.23155975 905.8071899
vn 0.5305176973 -0.4048015773 -0.7447729111
v -43.2212944 75.02198792 822.9025269
vn 0.6973500252 -0.5768162012 -0.4254245162
v 10.56607819 51.93430328 925.1749878
vn -0.2709491849 0.4604885578 0.8453028202
v 47.53827667 -54.0556221 918.5037231
vn -0.04832848534 0.53333354 -0.8445233703
# mm_gid 0
g mmGroup0
f 115//115 847//847 121//121 
f 121//121 847//847 473//473 
f 121//121 473//473 559//559 
f 559//559 473//473 247//247 
f 247//247 473//473 675//675 
f 834//834 675//675 15//15 
f 847//847 115//115 871//871 
f 115//115 121//121 174//174 
f 174//174 121//121 559//559 
f 559//559 247//247 1010//1010 
f 1010//1010 247//247 926//926 
f 409//409 124//124 1054//1054 
f 541//541 1054//1054 682//682 
f 1353//1353 565//565 1352//1352 
f 1353//1353 1352//1352 1310//1310 
f 1310//1310 1352//1352 569//569 
f 827//827 112//112 976//976 
f 976//976 1416//1416 827//827 
f 1416//1416 976//976 1164//1164 
f 1416//1416 1164//1164 124//124 
f 124//124 436//436 1054//1054 
f 1164//1164 976//976 1211//1211 
f 1164//1164 1211//1211 436//436 
f 436//436 147//147 1222//1222 
f 1396//1396 48//48 1352//1352 
f 1352//1352 48//48 1139//1139 
f 1139//1139 48//48 450//450 
f 1139//1139 450//450 18//18 
f 982//982 1109//1109 1228//1228 
f 982//982 563//563 1474//1474 
f 318//318 847//847 871//871 
f 847//847 606//606 473//473 
f 292//292 827//827 1416//1416 
f 292//292 1416//1416 409//409 
f 155//155 539//539 236//236 
f 155//155 236//236 1325//1325 
f 411//411 1325//1325 446//446 
f 411//411 446//446 266//266 
f 292//292 411//411 756//756 
f 292//292 756//756 827//827 
f 799//799 827//827 398//398 
f 976//976 112//112 1211//1211 
f 1439//1439 871//871 115//115 
f 1236//1236 174//174 280//280 
f 280//280 174//174 559//559 
f 473//473 606//606 675//675 
f 799//799 112//112 827//827 
f 147//147 1211//1211 289//289 
f 147//147 289//289 1180//1180 
f 1222//1222 1180//1180 1396//1396 
f 374//374 871//871 142//142 
f 142//142 871//871 1439//1439 
f 1439//1439 115//115 174//174 
f 871//871 374//374 318//318 
f 15//15 606//606 847//847 
f 15//15 847//847 318//318 
f 398//398 756//756 411//411 
f 756//756 398//398 827//827 
f 112//112 799//799 289//289 
f 430//430 713//713 736//736 
f 112//112 289//289 1211//1211 
f 606//606 15//15 675//675 
f 1439//1439 174//174 1236//1236 
f 460//460 208//208 1455//1455 
f 460//460 1225//1225 281//281 
f 281//281 1225//1225 439//439 
f 281//281 439//439 540//540 
f 289//289 873//873 1180//1180 
f 1180//1180 873//873 48//48 
f 48//48 873//873 215//215 
f 48//48 215//215 450//450 
f 16//16 230//230 424//424 
f 424//424 230//230 572//572 
f 89//89 572//572 106//106 
f 89//89 106//106 994//994 
f 519//519 93//93 745//745 
f 519//519 208//208 1087//1087 
f 315//315 1290//1290 8//8 
f 8//8 1290//1290 242//242 
f 242//242 1290//1290 918//918 
f 384//384 832//832 1010//1010 
f 1010//1010 832//832 280//280 
f 1093//1093 238//238 834//834 
f 834//834 238//238 926//926 
f 834//834 926//926 675//675 
f 266//266 398//398 411//411 
f 398//398 266//266 430//430 
f 398//398 430//430 799//799 
f 389//389 550//550 196//196 
f 196//196 742//742 1026//1026 
f 550//550 706//706 506//506 
f 1181//1181 1370//1370 232//232 
f 232//232 1370//1370 1356//1356 
f 232//232 550//550 506//506 
f 550//550 232//232 196//196 
f 706//706 550//550 389//389 
f 376//376 389//389 854//854 
f 873//873 289//289 799//799 
f 873//873 799//799 668//668 
f 93//93 374//374 142//142 
f 854//854 196//196 1026//1026 
f 196//196 854//854 389//389 
f 376//376 706//706 389//389 
f 232//232 1356//1356 742//742 
f 742//742 1356//1356 199//199 
f 742//742 199//199 1198//1198 
f 1026//1026 742//742 1198//1198 
f 461//461 374//374 122//122 
f 122//122 374//374 93//93 
f 122//122 93//93 519//519 
f 374//374 461//461 318//318 
f 318//318 977//977 1183//1183 
f 854//854 1026//1026 151//151 
f 1135//1135 854//854 151//151 
f 1135//1135 151//151 1422//1422 
f 376//376 854//854 1135//1135 
f 706//706 1461//1461 878//878 
f 1181//1181 506//506 861//861 
f 1060//1060 1181//1181 861//861 
f 318//318 1183//1183 15//15 
f 15//15 1183//1183 834//834 
f 1308//1308 445//445 529//529 
f 156//156 1350//1350 573//573 
f 197//197 1173//1173 456//456 
f 615//615 1471//1471 240//240 
f 240//240 1471//1471 588//588 
f 240//240 588//588 1419//1419 
f 492//492 94//94 750//750 
f 1311//1311 1280//1280 107//107 
f 1026//1026 1198//1198 1259//1259 
f 1156//1156 1265//1265 434//434 
f 1156//1156 434//434 1364//1364 
f 930//930 236//236 539//539 
f 930//930 539//539 541//541 
f 266//266 643//643 713//713 
f 713//713 643//643 736//736 
f 1370//1370 1181//1181 562//562 
f 562//562 1060//1060 570//570 
f 706//706 878//878 506//506 
f 706//706 376//376 1461//1461 
f 225//225 400//400 761//761 
f 51//51 506//506 878//878 
f 51//51 878//878 529//529 
f 529//529 878//878 1050//1050 
f 529//529 1050//1050 633//633 
f 633//633 1050//1050 1000//1000 
f 461//461 1020//1020 323//323 
f 392//392 1100//1100 337//337 
f 337//337 1100//1100 894//894 
f 337//337 894//894 1328//1328 
f 1328//1328 894//894 8//8 
f 834//834 1183//1183 1161//1161 
f 834//834 1161//1161 1093//1093 
f 1403//1403 958//958 999//999 
f 8//8 242//242 788//788 
f 1093//1093 1161//1161 308//308 
f 1461//1461 376//376 225//225 
f 643//643 446//446 442//442 
f 930//930 541//541 565//565 
f 928//928 1370//1370 1085//1085 
f 1085//1085 1370//1370 562//562 
f 1085//1085 562//562 149//149 
f 570//570 880//880 1150//1150 
f 570//570 1150//1150 125//125 
f 1150//1150 880//880 419//419 
f 1150//1150 419//419 1473//1473 
f 3//3 229//229 701//701 
f 701//701 229//229 312//312 
f 898//898 921//921 842//842 
f 898//898 842//842 892//892 
f 229//229 3//3 921//921 
f 32//32 570//570 1060//1060 
f 229//229 485//485 312//312 
f 419//419 1068//1068 1346//1346 
f 419//419 1346//1346 1473//1473 
f 1150//1150 1473//1473 40//40 
f 1150//1150 40//40 125//125 
f 1188//1188 1347//1347 666//666 
f 1188//1188 1454//1454 770//770 
f 1120//1120 446//446 160//160 
f 1020//1020 461//461 122//122 
f 1020//1020 122//122 519//519 
f 977//977 461//461 323//323 
f 977//977 323//323 392//392 
f 873//873 668//668 215//215 
f 215//215 668//668 807//807 
f 643//643 266//266 446//446 
f 693//693 1356//1356 928//928 
f 1356//1356 693//693 199//199 
f 199//199 693//693 707//707 
f 631//631 701//701 96//96 
f 790//790 725//725 244//244 
f 1411//1411 86//86 202//202 
f 1103//1103 803//803 1401//1401 
f 225//225 376//376 274//274 
f 312//312 244//244 701//701 
f 1408//1408 485//485 921//921 
f 921//921 485//485 229//229 
f 485//485 1408//1408 202//202 
f 3//3 701//701 631//631 
f 1314//1314 96//96 725//725 
f 532//532 1226//1226 1355//1355 
f 532//532 1355//1355 1090//1090 
f 1103//1103 707//707 693//693 
f 1103//1103 693//693 803//803 
f 322//322 357//357 429//429 
f 125//125 1078//1078 149//149 
f 1460//1460 1078//1078 125//125 
f 1019//1019 258//258 1104//1104 
f 258//258 1019//1019 1345//1345 
f 316//316 1104//1104 530//530 
f 438//438 1345//1345 806//806 
f 530//530 1104//1104 385//385 
f 530//530 385//385 814//814 
f 1128//1128 1265//1265 1156//1156 
f 438//438 258//258 1345//1345 
f 1435//1435 438//438 806//806 
f 1435//1435 806//806 1462//1462 
f 1104//1104 258//258 301//301 
f 1104//1104 301//301 385//385 
f 869//869 1463//1463 507//507 
f 507//507 31//31 773//773 
f 789//789 773//773 1047//1047 
f 910//910 1449//1449 1168//1168 
f 694//694 1408//1408 921//921 
f 202//202 1408//1408 59//59 
f 1040//1040 1186//1186 1233//1233 
f 1040//1040 1233//1233 1300//1300 
f 1155//1155 818//818 1437//1437 
f 1155//1155 1154//1154 1377//1377 
f 878//878 1000//1000 1050//1050 
f 225//225 878//878 1461//1461 
f 908//908 267//267 703//703 
f 1265//1265 1142//1142 989//989 
f 1265//1265 989//989 722//722 
f 301//301 258//258 221//221 
f 803//803 928//928 423//423 
f 423//423 928//928 1085//1085 
f 301//301 814//814 385//385 
f 898//898 694//694 921//921 
f 443//443 694//694 73//73 
f 443//443 73//73 1229//1229 
f 1219//1219 490//490 65//65 
f 900//900 91//91 495//495 
f 495//495 91//91 1028//1028 
f 1098//1098 158//158 1468//1468 
f 1468//1468 158//158 27//27 
f 158//158 1098//1098 1412//1412 
f 1098//1098 1227//1227 1412//1412 
f 119//119 676//676 1433//1433 
f 119//119 1433//1433 1185//1185 
f 1433//1433 961//961 1185//1185 
f 961//961 795//795 1185//1185 
f 1185//1185 795//795 119//119 
f 310//310 158//158 1412//1412 
f 1321//1321 1283//1283 783//783 
f 1227//1227 1098//1098 1283//1283 
f 869//869 696//696 1424//1424 
f 1424//1424 696//696 183//183 
f 183//183 696//696 507//507 
f 183//183 507//507 773//773 
f 947//947 869//869 1424//1424 
f 947//947 1424//1424 987//987 
f 987//987 1424//1424 1315//1315 
f 267//267 869//869 703//703 
f 1412//1412 1227//1227 104//104 
f 1044//1044 1412//1412 883//883 
f 1044//1044 883//883 1072//1072 
f 484//484 487//487 909//909 
f 507//507 696//696 869//869 
f 947//947 463//463 1282//1282 
f 1466//1466 274//274 1135//1135 
f 1242//1242 909//909 1205//1205 
f 703//703 869//869 947//947 
f 487//487 1032//1032 909//909 
f 909//909 1032//1032 1094//1094 
f 909//909 1094//1094 1205//1205 
f 310//310 1412//1412 1044//1044 
f 267//267 908//908 1101//1101 
f 267//267 1101//1101 1463//1463 
f 530//530 814//814 250//250 
f 301//301 221//221 148//148 
f 148//148 221//221 1435//1435 
f 148//148 1435//1435 814//814 
f 814//814 1435//1435 250//250 
f 301//301 148//148 814//814 
f 1194//1194 484//484 1242//1242 
f 1194//1194 1242//1242 157//157 
f 908//908 1282//1282 1101//1101 
f 221//221 258//258 438//438 
f 1032//1032 487//487 857//857 
f 1274//1274 259//259 31//31 
f 1265//1265 722//722 978//978 
f 703//703 1282//1282 908//908 
f 310//310 1336//1336 158//158 
f 158//158 1336//1336 1234//1234 
f 335//335 1078//1078 326//326 
f 676//676 326//326 1078//1078 
f 90//90 484//484 1194//1194 
f 484//484 90//90 379//379 
f 1203//1203 698//698 231//231 
f 1203//1203 231//231 61//61 
f 806//806 1345//1345 101//101 
f 101//101 1345//1345 1162//1162 
f 767//767 1203//1203 620//620 
f 767//767 620//620 719//719 
f 104//104 1283//1283 942//942 
f 942//942 1283//1283 1321//1321 
f 942//942 1321//1321 1072//1072 
f 310//310 1044//1044 673//673 
f 673//673 1044//1044 141//141 
f 1411//1411 202//202 1395//1395 
f 1395//1395 202//202 59//59 
f 1162//1162 1345//1345 1019//1019 
f 1101//1101 1274//1274 1463//1463 
f 1007//1007 1274//1274 521//521 
f 524//524 241//241 183//183 
f 524//524 183//183 164//164 
f 164//164 183//183 789//789 
f 789//789 183//183 773//773 
f 259//259 1274//1274 344//344 
f 344//344 90//90 1281//1281 
f 1281//1281 90//90 1251//1251 
f 259//259 344//344 1281//1281 
f 1281//1281 802//802 387//387 
f 858//858 828//828 1023//1023 
f 40//40 1023//1023 1460//1460 
f 574//574 1346//1346 1068//1068 
f 1186//1186 1040//1040 714//714 
f 195//195 314//314 716//716 
f 1262//1262 180//180 1233//1233 
f 1233//1233 180//180 1393//1393 
f 1256//1256 502//502 818//818 
f 180//180 1262//1262 100//100 
f 180//180 64//64 1258//1258 
f 800//800 1258//1258 1152//1152 
f 800//800 1152//1152 1293//1293 
f 379//379 90//90 344//344 
f 328//328 1251//1251 1481//1481 
f 1481//1481 444//444 1004//1004 
f 1004//1004 444//444 395//395 
f 1186//1186 1262//1262 1233//1233 
f 100//100 64//64 180//180 
f 1274//1274 1007//1007 379//379 
f 1007//1007 1095//1095 379//379 
f 379//379 1095//1095 487//487 
f 1274//1274 379//379 344//344 
f 1234//1234 806//806 101//101 
f 1234//1234 101//101 27//27 
f 806//806 1234//1234 1250//1250 
f 1250//1250 382//382 551//551 
f 1250//1250 551//551 552//552 
f 1234//1234 1336//1336 1250//1250 
f 1032//1032 857//857 1257//1257 
f 1257//1257 857//857 1270//1270 
f 379//379 487//487 484//484 
f 883//883 104//104 942//942 
f 104//104 883//883 1412//1412 
f 1094//1094 1032//1032 1257//1257 
f 1205//1205 1094//1094 1257//1257 
f 1242//1242 1205//1205 1107//1107 
f 1044//1044 1072//1072 1321//1321 
f 1044//1044 1321//1321 141//141 
f 1209//1209 857//857 487//487 
f 1209//1209 487//487 1095//1095 
f 694//694 898//898 73//73 
f 73//73 898//898 892//892 
f 806//806 1250//1250 838//838 
f 1265//1265 978//978 434//434 
f 90//90 534//534 1251//1251 
f 1077//1077 770//770 1454//1454 
f 1077//1077 1454//1454 261//261 
f 378//378 99//99 1374//1374 
f 1346//1346 1023//1023 40//40 
f 1282//1282 463//463 1101//1101 
f 753//753 991//991 509//509 
f 285//285 1140//1140 321//321 
f 271//271 1027//1027 205//205 
f 205//205 475//475 950//950 
f 779//779 1084//1084 636//636 
f 1153//1153 636//636 820//820 
f 820//820 636//636 1470//1470 
f 820//820 1470//1470 198//198 
f 459//459 1466//1466 418//418 
f 418//418 1466//1466 497//497 
f 1274//1274 463//463 987//987 
f 714//714 195//195 716//716 
f 1395//1395 1199//1199 1411//1411 
f 463//463 1274//1274 1101//1101 
f 1274//1274 987//987 521//521 
f 71//71 942//942 1072//1072 
f 942//942 71//71 883//883 
f 1199//1199 86//86 1411//1411 
f 86//86 1199//1199 973//973 
f 717//717 1242//1242 1307//1307 
f 1242//1242 717//717 157//157 
f 857//857 1209//1209 717//717 
f 1307//1307 857//857 717//717 
f 857//857 1307//1307 1270//1270 
f 1257//1257 1270//1270 1107//1107 
f 1257//1257 1107//1107 1205//1205 
f 1072//1072 883//883 141//141 
f 1072//1072 141//141 71//71 
f 1207//1207 71//71 47//47 
f 368//368 783//783 963//963 
f 1321//1321 783//783 368//368 
f 1358//1358 842//842 631//631 
f 1358//1358 631//631 1363//1363 
f 73//73 892//892 1229//1229 
f 71//71 1321//1321 368//368 
f 1321//1321 71//71 141//141 
f 883//883 71//71 1207//1207 
f 141//141 883//883 1207//1207 
f 673//673 141//141 1207//1207 
f 612//612 443//443 1229//1229 
f 673//673 1268//1268 969//969 
f 969//969 1268//1268 302//302 
f 673//673 382//382 1336//1336 
f 673//673 1336//1336 310//310 
f 438//438 1435//1435 221//221 
f 961//961 336//336 370//370 
f 1179//1179 766//766 904//904 
f 904//904 955//955 1015//1015 
f 1273//1273 1015//1015 628//628 
f 1307//1307 727//727 1270//1270 
f 157//157 717//717 727//727 
f 534//534 157//157 449//449 
f 157//157 534//534 1194//1194 
f 888//888 1410//1410 1289//1289 
f 1229//1229 892//892 842//842 
f 1270//1270 727//727 853//853 
f 27//27 767//767 1468//1468 
f 767//767 719//719 1031//1031 
f 1031//1031 1080//1080 1043//1043 
f 489//489 1107//1107 1270//1270 
f 1107//1107 489//489 1307//1307 
f 1107//1107 1307//1307 1242//1242 
f 1194//1194 534//534 90//90 
f 978//978 722//722 774//774 
f 166//166 190//190 369//369 
f 166//166 369//369 1216//1216 
f 901//901 264//264 1129//1129 
f 901//901 1129//1129 126//126 
f 126//126 530//530 901//901 
f 973//973 1199//1199 314//314 
f 689//689 1113//1113 491//491 
f 1423//1423 700//700 537//537 
f 537//537 700//700 185//185 
f 1207//1207 47//47 1232//1232 
f 1462//1462 806//806 838//838 
f 707//707 1350//1350 156//156 
f 1350//1350 707//707 1103//1103 
f 1415//1415 1102//1102 41//41 
f 1415//1415 41//41 1215//1215 
f 1215//1215 41//41 396//396 
f 825//825 651//651 1125//1125 
f 866//866 381//381 26//26 
f 1270//1270 853//853 489//489 
f 489//489 853//853 37//37 
f 727//727 1307//1307 157//157 
f 727//727 717//717 1209//1209 
f 157//157 1307//1307 449//449 
f 449//449 1307//1307 629//629 
f 629//629 1307//1307 489//489 
f 621//621 37//37 204//204 
f 164//164 386//386 524//524 
f 241//241 715//715 1315//1315 
f 1315//1315 715//715 521//521 
f 709//709 1223//1223 995//995 
f 762//762 995//995 1033//1033 
f 417//417 1011//1011 99//99 
f 99//99 1011//1011 858//858 
f 736//736 643//643 41//41 
f 41//41 643//643 442//442 
f 533//533 1142//1142 1128//1128 
f 1128//1128 1142//1142 1265//1265 
f 978//978 774//774 1398//1398 
f 1207//1207 1232//1232 1413//1413 
f 1413//1413 1232//1232 47//47 
f 1413//1413 47//47 391//391 
f 1207//1207 1413//1413 996//996 
f 204//204 37//37 853//853 
f 508//508 1161//1161 1183//1183 
f 901//901 250//250 1435//1435 
f 1462//1462 901//901 1435//1435 
f 901//901 1462//1462 264//264 
f 264//264 1462//1462 838//838 
f 264//264 838//838 1129//1129 
f 1129//1129 838//838 166//166 
f 382//382 673//673 1043//1043 
f 1043//1043 673//673 969//969 
f 47//47 71//71 391//391 
f 673//673 1207//1207 996//996 
f 1268//1268 673//673 996//996 
f 727//727 1209//1209 1410//1410 
f 489//489 37//37 621//621 
f 629//629 489//489 621//621 
f 231//231 114//114 191//191 
f 231//231 191//191 688//688 
f 114//114 1097//1097 823//823 
f 133//133 387//387 802//802 
f 387//387 133//133 1047//1047 
f 1047//1047 133//133 1319//1319 
f 1137//1137 114//114 698//698 
f 698//698 114//114 231//231 
f 114//114 1137//1137 510//510 
f 510//510 1137//1137 526//526 
f 526//526 1137//1137 808//808 
f 853//853 727//727 888//888 
f 888//888 727//727 1410//1410 
f 126//126 808//808 1309//1309 
f 126//126 1309//1309 316//316 
f 510//510 526//526 24//24 
f 1110//1110 261//261 118//118 
f 1309//1309 808//808 1137//1137 
f 603//603 1187//1187 991//991 
f 991//991 1187//1187 509//509 
f 509//509 1240//1240 187//187 
f 187//187 1240//1240 922//922 
f 1298//1298 992//992 1312//1312 
f 1298//1298 1312//1312 1042//1042 
f 845//845 1109//1109 982//982 
f 1109//1109 1303//1303 1042//1042 
f 867//867 957//957 1319//1319 
f 567//567 867//867 618//618 
f 957//957 356//356 1047//1047 
f 78//78 525//525 23//23 
f 23//23 525//525 453//453 
f 23//23 453//453 1275//1275 
f 1430//1430 610//610 672//672 
f 1430//1430 672//672 1287//1287 
f 608//608 346//346 1057//1057 
f 608//608 1057//1057 362//362 
f 412//412 949//949 273//273 
f 412//412 273//273 119//119 
f 957//957 1047//1047 1319//1319 
f 1047//1047 356//356 789//789 
f 789//789 356//356 164//164 
f 164//164 356//356 386//386 
f 714//714 1089//1089 195//195 
f 818//818 1089//1089 1300//1300 
f 201//201 1268//1268 996//996 
f 204//204 853//853 621//621 
f 621//621 853//853 888//888 
f 1410//1410 1095//1095 1289//1289 
f 1319//1319 133//133 35//35 
f 1319//1319 35//35 867//867 
f 133//133 802//802 1206//1206 
f 133//133 1206//1206 599//599 
f 549//549 599//599 243//243 
f 7//7 243//243 527//527 
f 7//7 527//527 518//518 
f 7//7 518//518 405//405 
f 405//405 518//518 288//288 
f 1223//1223 709//709 1110//1110 
f 1263//1263 679//679 514//514 
f 514//514 946//946 910//910 
f 1065//1065 946//946 1204//1204 
f 1204//1204 1296//1296 1197//1197 
f 1318//1318 1426//1426 98//98 
f 98//98 1426//1426 1477//1477 
f 98//98 1477//1477 246//246 
f 781//781 907//907 589//589 
f 730//730 567//567 925//925 
f 730//730 925//925 1420//1420 
f 1420//1420 781//781 589//589 
f 118//118 261//261 1454//1454 
f 1110//1110 118//118 1417//1417 
f 1417//1417 296//296 1263//1263 
f 1263//1263 296//296 679//679 
f 679//679 296//296 501//501 
f 282//282 501//501 874//874 
f 633//633 1446//1446 1125//1125 
f 863//863 992//992 1298//1298 
f 863//863 1298//1298 1479//1479 
f 1479//1479 1298//1298 428//428 
f 889//889 1479//1479 428//428 
f 497//497 905//905 418//418 
f 391//391 996//996 1413//1413 
f 996//996 391//391 71//71 
f 987//987 1315//1315 521//521 
f 449//449 1481//1481 534//534 
f 534//534 1481//1481 1251//1251 
f 1031//1031 719//719 1080//1080 
f 731//731 613//613 212//212 
f 114//114 510//510 1097//1097 
f 268//268 638//638 437//437 
f 437//437 638//638 710//710 
f 710//710 638//638 82//82 
f 437//437 710//710 566//566 
f 437//437 566//566 804//804 
f 804//804 902//902 5//5 
f 510//510 24//24 1097//1097 
f 1323//1323 1097//1097 1145//1145 
f 837//837 388//388 1079//1079 
f 1350//1350 1103//1103 573//573 
f 567//567 957//957 867//867 
f 356//356 957//957 730//730 
f 356//356 730//730 386//386 
f 386//386 730//730 220//220 
f 201//201 996//996 963//963 
f 1102//1102 1415//1415 626//626 
f 629//629 621//621 888//888 
f 551//551 382//382 1043//1043 
f 449//449 629//629 1289//1289 
f 1289//1289 629//629 888//888 
f 275//275 963//963 14//14 
f 963//963 275//275 302//302 
f 1268//1268 963//963 302//302 
f 963//963 1268//1268 1124//1124 
f 963//963 1124//1124 1178//1178 
f 969//969 302//302 377//377 
f 969//969 377//377 14//14 
f 14//14 377//377 1080//1080 
f 963//963 1178//1178 201//201 
f 651//651 118//118 1454//1454 
f 449//449 1289//1289 444//444 
f 119//119 273//273 916//916 
f 916//916 273//273 326//326 
f 1320//1320 206//206 1096//1096 
f 1096//1096 206//206 70//70 
f 810//810 137//137 1018//1018 
f 793//793 685//685 256//256 
f 793//793 256//256 1239//1239 
f 793//793 1239//1239 989//989 
f 1268//1268 201//201 1124//1124 
f 761//761 1000//1000 878//878 
f 761//761 878//878 225//225 
f 758//758 526//526 808//808 
f 734//734 400//400 683//683 
f 752//752 1245//1245 755//755 
f 1245//1245 1033//1033 88//88 
f 1245//1245 88//88 441//441 
f 652//652 651//651 825//825 
f 652//652 118//118 651//651 
f 1188//1188 666//666 651//651 
f 14//14 117//117 275//275 
f 1178//1178 275//275 201//201 
f 14//14 1031//1031 969//969 
f 969//969 1031//1031 1043//1043 
f 1031//1031 14//14 963//963 
f 1031//1031 963//963 783//783 
f 218//218 1466//1466 459//459 
f 153//153 862//862 1048//1048 
f 822//822 1048//1048 1355//1355 
f 1355//1355 1048//1048 1090//1090 
f 752//752 1217//1217 1033//1033 
f 1033//1033 1217//1217 762//762 
f 1043//1043 1080//1080 377//377 
f 551//551 1043//1043 377//377 
f 628//628 1407//1407 1273//1273 
f 1273//1273 1407//1407 336//336 
f 1465//1465 803//803 423//423 
f 413//413 755//755 476//476 
f 852//852 476//476 441//441 
f 852//852 441//441 88//88 
f 1178//1178 1124//1124 302//302 
f 275//275 1178//1178 302//302 
f 302//302 1124//1124 201//201 
f 14//14 1080//1080 719//719 
f 296//296 118//118 785//785 
f 50//50 1206//1206 792//792 
f 302//302 201//201 1475//1475 
f 619//619 1289//1289 42//42 
f 1249//1249 971//971 1038//1038 
f 1038//1038 971//971 433//433 
f 42//42 1289//1289 971//971 
f 992//992 863//863 576//576 
f 1330//1330 576//576 587//587 
f 587//587 576//576 341//341 
f 341//341 1184//1184 447//447 
f 1398//1398 774//774 1284//1284 
f 1398//1398 1284//1284 1035//1035 
f 681//681 1022//1022 496//496 
f 283//283 273//273 949//949 
f 326//326 283//283 322//322 
f 322//322 1334//1334 326//326 
f 326//326 1334//1334 335//335 
f 1//1 201//201 275//275 
f 201//201 1//1 627//627 
f 201//201 627//627 1475//1475 
f 1476//1476 129//129 684//684 
f 324//324 129//129 784//784 
f 256//256 1008//1008 1239//1239 
f 546//546 1223//1223 17//17 
f 546//546 17//17 826//826 
f 826//826 17//17 334//334 
f 542//542 604//604 1406//1406 
f 542//542 1406//1406 214//214 
f 927//927 1196//1196 583//583 
f 863//863 1479//1479 1184//1184 
f 1355//1355 1226//1226 408//408 
f 1355//1355 408//408 822//822 
f 822//822 408//408 458//458 
f 822//822 458//458 43//43 
f 43//43 747//747 462//462 
f 43//43 462//462 1117//1117 
f 43//43 1117//1117 251//251 
f 599//599 1147//1147 116//116 
f 599//599 116//116 243//243 
f 1267//1267 527//527 299//299 
f 299//299 527//527 990//990 
f 299//299 990//990 44//44 
f 184//184 44//44 674//674 
f 25//25 375//375 886//886 
f 886//886 936//936 26//26 
f 26//26 936//936 874//874 
f 26//26 874//874 866//866 
f 206//206 684//684 967//967 
f 137//137 685//685 1018//1018 
f 401//401 1407//1407 1260//1260 
f 1397//1397 1033//1033 1195//1195 
f 924//924 619//619 42//42 
f 395//395 619//619 87//87 
f 87//87 1133//1133 1375//1375 
f 904//904 1273//1273 336//336 
f 1273//1273 904//904 1015//1015 
f 1312//1312 992//992 239//239 
f 1042//1042 1312//1312 1253//1253 
f 1228//1228 1253//1253 739//739 
f 1228//1228 739//739 563//563 
f 563//563 739//739 276//276 
f 563//563 276//276 1385//1385 
f 551//551 377//377 552//552 
f 862//862 431//431 611//611 
f 862//862 611//611 1048//1048 
f 314//314 1113//1113 689//689 
f 716//716 314//314 1199//1199 
f 227//227 1090//1090 1048//1048 
f 1357//1357 169//169 627//627 
f 657//657 791//791 102//102 
f 999//999 568//568 1093//1093 
f 999//999 1093//1093 1403//1403 
f 1136//1136 102//102 791//791 
f 739//739 885//885 1088//1088 
f 1353//1353 175//175 486//486 
f 885//885 175//175 1088//1088 
f 739//739 1088//1088 276//276 
f 627//627 169//169 1475//1475 
f 752//752 755//755 413//413 
f 785//785 118//118 652//652 
f 633//633 1000//1000 1446//1446 
f 21//21 283//283 535//535 
f 669//669 962//962 1394//1394 
f 960//960 868//868 515//515 
f 163//163 113//113 176//176 
f 163//163 176//176 1394//1394 
f 1394//1394 176//176 669//669 
f 669//669 176//176 1005//1005 
f 422//422 1005//1005 710//710 
f 422//422 710//710 82//82 
f 283//283 1231//1231 322//322 
f 512//512 136//136 738//738 
f 512//512 738//738 172//172 
f 1130//1130 172//172 738//738 
f 1130//1130 365//365 455//455 
f 153//153 904//904 862//862 
f 730//730 957//957 567//567 
f 1436//1436 175//175 885//885 
f 1436//1436 885//885 739//739 
f 1436//1436 739//739 1253//1253 
f 1284//1284 774//774 784//784 
f 784//784 774//774 722//722 
f 1469//1469 1475//1475 1348//1348 
f 758//758 808//808 1216//1216 
f 1216//1216 808//808 126//126 
f 752//752 413//413 431//431 
f 431//431 413//413 850//850 
f 752//752 431//431 862//862 
f 619//619 924//924 1133//1133 
f 1357//1357 627//627 1341//1341 
f 1341//1341 627//627 1//1 
f 1//1 275//275 117//117 
f 1033//1033 1397//1397 780//780 
f 1033//1033 780//780 88//88 
f 330//330 791//791 483//483 
f 483//483 791//791 130//130 
f 130//130 646//646 1096//1096 
f 646//646 60//60 1096//1096 
f 42//42 971//971 1249//1249 
f 955//955 904//904 207//207 
f 207//207 904//904 251//251 
f 955//955 372//372 1015//1015 
f 922//922 1133//1133 924//924 
f 922//922 924//924 111//111 
f 302//302 1475//1475 1469//1469 
f 1361//1361 302//302 1469//1469 
f 302//302 1361//1361 377//377 
f 377//377 1361//1361 859//859 
f 377//377 859//859 552//552 
f 552//552 1271//1271 1214//1214 
f 552//552 1214//1214 190//190 
f 190//190 1214//1214 944//944 
f 146//146 81//81 262//262 
f 413//413 476//476 850//850 
f 841//841 850//850 192//192 
f 1133//1133 87//87 619//619 
f 1375//1375 1133//1133 1127//1127 
f 1127//1127 1133//1133 1240//1240 
f 671//671 38//38 611//611 
f 879//879 1090//1090 227//227 
f 1210//1210 879//879 938//938 
f 938//938 724//724 1297//1297 
f 1402//1402 1297//1297 161//161 
f 920//920 161//161 561//561 
f 561//561 935//935 162//162 
f 162//162 2//2 1247//1247 
f 782//782 1337//1337 1021//1021 
f 249//249 1021//1021 33//33 
f 711//711 33//33 1021//1021 
f 711//711 1021//1021 1305//1305 
f 1305//1305 1021//1021 1337//1337 
f 1305//1305 1337//1337 1379//1379 
f 952//952 1190//1190 371//371 
f 371//371 1190//1190 359//359 
f 173//173 948//948 359//359 
f 173//173 359//359 1190//1190 
f 1067//1067 1190//1190 952//952 
f 1067//1067 952//952 263//263 
f 619//619 395//395 444//444 
f 619//619 444//444 1289//1289 
f 395//395 87//87 1375//1375 
f 169//169 1357//1357 416//416 
f 1475//1475 169//169 416//416 
f 565//565 1353//1353 132//132 
f 1353//1353 486//486 132//132 
f 175//175 875//875 486//486 
f 179//179 737//737 1076//1076 
f 1076//1076 737//737 1455//1455 
f 737//737 179//179 1136//1136 
f 1136//1136 179//179 102//102 
f 1348//1348 1475//1475 416//416 
f 24//24 526//526 758//758 
f 1097//1097 24//24 388//388 
f 1076//1076 1455//1455 832//832 
f 102//102 179//179 364//364 
f 1401//1401 803//803 1465//1465 
f 1103//1103 1401//1401 224//224 
f 1103//1103 224//224 573//573 
f 1133//1133 922//922 1240//1240 
f 1353//1353 1310//1310 175//175 
f 175//175 1310//1310 1088//1088 
f 1//1 117//117 178//178 
f 1348//1348 1//1 178//178 
f 416//416 1341//1341 1348//1348 
f 1249//1249 705//705 42//42 
f 891//891 737//737 954//954 
f 954//954 737//737 1136//1136 
f 737//737 891//891 1455//1455 
f 1455//1455 891//891 1177//1177 
f 1455//1455 1177//1177 460//460 
f 460//460 1177//1177 1225//1225 
f 1058//1058 1284//1284 784//784 
f 1381//1381 1058//1058 945//945 
f 1476//1476 945//945 129//129 
f 1035//1035 1284//1284 1445//1445 
f 255//255 394//394 79//79 
f 255//255 79//79 272//272 
f 272//272 79//79 584//584 
f 272//272 895//895 585//585 
f 585//585 1409//1409 1480//1480 
f 251//251 904//904 153//153 
f 65//65 1152//1152 1258//1258 
f 1152//1152 65//65 490//490 
f 1115//1115 1111//1111 1114//1114 
f 1331//1331 215//215 626//626 
f 215//215 1331//1331 1244//1244 
f 450//450 1244//1244 1075//1075 
f 501//501 785//785 470//470 
f 545//545 179//179 655//655 
f 655//655 179//179 384//384 
f 384//384 179//179 1076//1076 
f 384//384 1076//1076 832//832 
f 1000//1000 593//593 1446//1446 
f 1446//1446 168//168 397//397 
f 397//397 168//168 965//965 
f 850//850 763//763 431//431 
f 132//132 486//486 499//499 
f 1441//1441 1310//1310 569//569 
f 1310//1310 1441//1441 1088//1088 
f 1088//1088 1441//1441 58//58 
f 1006//1006 891//891 954//954 
f 891//891 1006//1006 1285//1285 
f 891//891 1285//1285 1012//1012 
f 891//891 1012//1012 440//440 
f 891//891 440//440 1177//1177 
f 731//731 1083//1083 61//61 
f 61//61 1083//1083 620//620 
f 1083//1083 731//731 234//234 
f 524//524 386//386 715//715 
f 524//524 715//715 241//241 
f 1006//1006 954//954 330//330 
f 1006//1006 439//439 1285//1285 
f 1341//1341 416//416 1357//1357 
f 1348//1348 178//178 1361//1361 
f 859//859 1361//1361 134//134 
f 1361//1361 1469//1469 1348//1348 
f 111//111 1375//1375 1127//1127 
f 1045//1045 1256//1256 1024//1024 
f 1024//1024 800//800 1045//1045 
f 1045//1045 800//800 1293//1293 
f 705//705 395//395 1375//1375 
f 764//764 395//395 705//705 
f 395//395 764//764 1004//1004 
f 913//913 1004//1004 764//764 
f 913//913 764//764 393//393 
f 1231//1231 283//283 21//21 
f 134//134 178//178 4//4 
f 4//4 178//178 117//117 
f 178//178 134//134 1361//1361 
f 1445//1445 1058//1058 1381//1381 
f 1058//1058 1445//1445 1284//1284 
f 42//42 705//705 111//111 
f 111//111 705//705 1375//1375 
f 1088//1088 58//58 276//276 
f 1240//1240 509//509 1187//1187 
f 879//879 227//227 352//352 
f 179//179 545//545 364//364 
f 458//458 408//408 143//143 
f 458//458 143//143 43//43 
f 43//43 143//143 1269//1269 
f 42//42 111//111 924//924 
f 143//143 408//408 794//794 
f 794//794 408//408 358//358 
f 794//794 305//305 83//83 
f 1423//1423 83//83 689//689 
f 488//488 624//624 768//768 
f 431//431 763//763 671//671 
f 431//431 671//671 611//611 
f 705//705 1189//1189 764//764 
f 237//237 55//55 681//681 
f 922//922 1127//1127 187//187 
f 1127//1127 922//922 111//111 
f 1285//1285 439//439 1388//1388 
f 1012//1012 1285//1285 545//545 
f 1012//1012 545//545 655//655 
f 4//4 454//454 1279//1279 
f 364//364 545//545 440//440 
f 859//859 1271//1271 552//552 
f 807//807 626//626 215//215 
f 626//626 807//807 1102//1102 
f 322//322 1231//1231 357//357 
f 357//357 1231//1231 123//123 
f 1039//1039 758//758 1216//1216 
f 758//758 1039//1039 1079//1079 
f 1255//1255 1039//1039 340//340 
f 1382//1382 390//390 325//325 
f 1382//1382 325//325 609//609 
f 1382//1382 609//609 743//743 
f 743//743 609//609 270//270 
f 53//53 270//270 917//917 
f 53//53 917//917 209//209 
f 209//209 917//917 1016//1016 
f 209//209 1016//1016 712//712 
f 209//209 712//712 1036//1036 
f 1036//1036 765//765 1294//1294 
f 691//691 1313//1313 644//644 
f 691//691 644//644 915//915 
f 691//691 915//915 62//62 
f 62//62 451//451 481//481 
f 765//765 481//481 1294//1294 
f 1036//1036 1294//1294 383//383 
f 383//383 1294//1294 110//110 
f 383//383 110//110 1191//1191 
f 1191//1191 829//829 743//743 
f 372//372 207//207 1438//1438 
f 1438//1438 207//207 311//311 
f 1441//1441 569//569 498//498 
f 1237//1237 1293//1293 1152//1152 
f 251//251 1117//1117 207//207 
f 785//785 1243//1243 470//470 
f 1062//1062 290//290 1428//1428 
f 290//290 911//911 1428//1428 
f 1443//1443 844//844 167//167 
f 1417//1417 1443//1443 1110//1110 
f 63//63 1401//1401 1465//1465 
f 1465//1465 645//645 429//429 
f 224//224 1401//1401 197//197 
f 197//197 1401//1401 1200//1200 
f 1177//1177 523//523 1388//1388 
f 1177//1177 1388//1388 1225//1225 
f 364//364 440//440 655//655 
f 655//655 440//440 1012//1012 
f 545//545 1285//1285 440//440 
f 705//705 1249//1249 1299//1299 
f 600//600 222//222 812//812 
f 403//403 705//705 1299//1299 
f 705//705 403//403 1193//1193 
f 1193//1193 403//403 649//649 
f 705//705 1193//1193 1189//1189 
f 134//134 4//4 1279//1279 
f 134//134 203//203 140//140 
f 134//134 140//140 859//859 
f 1249//1249 1038//1038 1299//1299 
f 1271//1271 859//859 140//140 
f 1070//1070 525//525 370//370 
f 1116//1116 641//641 186//186 
f 1116//1116 186//186 1144//1144 
f 46//46 22//22 522//522 
f 522//522 306//306 849//849 
f 486//486 875//875 407//407 
f 499//499 407//407 661//661 
f 499//499 486//486 407//407 
f 1177//1177 440//440 1285//1285 
f 1177//1177 1285//1285 523//523 
f 448//448 203//203 134//134 
f 251//251 153//153 822//822 
f 822//822 153//153 1048//1048 
f 933//933 203//203 448//448 
f 1189//1189 1193//1193 503//503 
f 1260//1260 1407//1407 1081//1081 
f 1081//1081 1407//1407 628//628 
f 1081//1081 628//628 372//372 
f 569//569 1139//1139 58//58 
f 58//58 1139//1139 414//414 
f 414//414 1139//1139 18//18 
f 569//569 58//58 498//498 
f 58//58 1441//1441 498//498 
f 223//223 508//508 392//392 
f 508//508 223//223 308//308 
f 1299//1299 1038//1038 253//253 
f 143//143 794//794 1434//1434 
f 1434//1434 794//794 83//83 
f 21//21 535//535 578//578 
f 448//448 134//134 1279//1279 
f 265//265 448//448 1279//1279 
f 448//448 265//265 933//933 
f 523//523 1285//1285 1388//1388 
f 1189//1189 503//503 1384//1384 
f 1189//1189 1384//1384 393//393 
f 393//393 1384//1384 253//253 
f 503//503 1193//1193 1344//1344 
f 503//503 1344//1344 1384//1384 
f 1129//1129 166//166 1216//1216 
f 1154//1154 1437//1437 692//692 
f 1154//1154 692//692 711//711 
f 692//692 182//182 33//33 
f 293//293 108//108 1237//1237 
f 1237//1237 108//108 1293//1293 
f 641//641 899//899 1071//1071 
f 641//641 1071//1071 186//186 
f 933//933 265//265 1365//1365 
f 203//203 933//933 1365//1365 
f 895//895 439//439 1006//1006 
f 895//895 1006//1006 585//585 
f 585//585 1006//1006 330//330 
f 585//585 330//330 483//483 
f 1155//1155 491//491 1089//1089 
f 353//353 433//433 887//887 
f 353//353 887//887 222//222 
f 132//132 499//499 160//160 
f 132//132 160//160 930//930 
f 192//192 850//850 476//476 
f 906//906 1397//1397 1391//1391 
f 852//852 780//780 291//291 
f 852//852 809//809 544//544 
f 846//846 203//203 1365//1365 
f 1132//1132 753//753 1447//1447 
f 603//603 1052//1052 218//218 
f 894//894 1100//1100 315//315 
f 1438//1438 1301//1301 170//170 
f 372//372 1438//1438 1081//1081 
f 1081//1081 1438//1438 170//170 
f 1240//1240 1387//1387 543//543 
f 1240//1240 543//543 1127//1127 
f 1127//1127 543//543 187//187 
f 475//475 543//543 1387//1387 
f 140//140 203//203 846//846 
f 818//818 1155//1155 1089//1089 
f 1344//1344 1193//1193 649//649 
f 43//43 251//251 822//822 
f 1388//1388 439//439 1225//1225 
f 369//369 1039//1039 1216//1216 
f 265//265 1279//1279 846//846 
f 1384//1384 649//649 253//253 
f 24//24 1079//1079 388//388 
f 1079//1079 24//24 758//758 
f 1331//1331 626//626 1215//1215 
f 1215//1215 626//626 1415//1415 
f 1215//1215 396//396 493//493 
f 1215//1215 1224//1224 1331//1331 
f 81//81 1083//1083 234//234 
f 81//81 234//234 262//262 
f 1279//1279 454//454 846//846 
f 649//649 1384//1384 1344//1344 
f 944//944 1214//1214 332//332 
f 220//220 730//730 1420//1420 
f 220//220 1420//1420 589//589 
f 617//617 328//328 1481//1481 
f 792//792 328//328 617//617 
f 1189//1189 393//393 764//764 
f 649//649 403//403 253//253 
f 1052//1052 683//683 400//400 
f 1052//1052 400//400 218//218 
f 182//182 108//108 293//293 
f 1365//1365 265//265 846//846 
f 913//913 393//393 253//253 
f 763//763 850//850 841//841 
f 207//207 1117//1117 311//311 
f 311//311 1117//1117 228//228 
f 311//311 228//228 170//170 
f 311//311 170//170 1301//1301 
f 1369//1369 1231//1231 21//21 
f 1369//1369 21//21 1326//1326 
f 1369//1369 1326//1326 839//839 
f 1155//1155 1377//1377 491//491 
f 491//491 1377//1377 185//185 
f 491//491 185//185 700//700 
f 253//253 1038//1038 353//353 
f 353//353 1038//1038 433//433 
f 1111//1111 1115//1115 6//6 
f 1111//1111 6//6 932//932 
f 846//846 454//454 1214//1214 
f 1214//1214 454//454 332//332 
f 291//291 780//780 906//906 
f 1231//1231 1369//1369 123//123 
f 841//841 1342//1342 769//769 
f 1147//1147 897//897 116//116 
f 824//824 907//907 98//98 
f 824//824 98//98 246//246 
f 824//824 246//246 1378//1378 
f 1378//1378 990//990 527//527 
f 897//897 1147//1147 50//50 
f 50//50 1147//1147 1206//1206 
f 600//600 792//792 617//617 
f 835//835 212//212 531//531 
f 1438//1438 311//311 747//747 
f 1438//1438 747//747 1301//1301 
f 934//934 287//287 1291//1291 
f 1036//1036 635//635 765//765 
f 287//287 934//934 937//937 
f 937//937 1476//1476 1074//1074 
f 937//937 1074//1074 60//60 
f 287//287 876//876 1291//1291 
f 197//197 1200//1200 872//872 
f 197//197 872//872 1173//1173 
f 671//671 763//763 601//601 
f 1083//1083 1362//1362 620//620 
f 620//620 1362//1362 4//4 
f 1362//1362 1083//1083 796//796 
f 796//796 1083//1083 81//81 
f 796//796 81//81 146//146 
f 1362//1362 454//454 4//4 
f 912//912 1260//1260 1081//1081 
f 912//912 1081//1081 1371//1371 
f 135//135 760//760 1434//1434 
f 135//135 1434//1434 83//83 
f 1115//1115 900//900 495//495 
f 913//913 617//617 1004//1004 
f 1004//1004 617//617 1481//1481 
f 353//353 913//913 253//253 
f 123//123 1369//1369 839//839 
f 291//291 906//906 667//667 
f 558//558 667//667 237//237 
f 558//558 237//237 1134//1134 
f 1418//1418 896//896 363//363 
f 106//106 396//396 994//994 
f 442//442 396//396 41//41 
f 994//994 442//442 1120//1120 
f 678//678 1260//1260 1071//1071 
f 594//594 464//464 1070//1070 
f 1070//1070 464//464 525//525 
f 1260//1260 912//912 1071//1071 
f 1071//1071 912//912 1169//1169 
f 841//841 192//192 1342//1342 
f 1028//1028 91//91 350//350 
f 143//143 624//624 1269//1269 
f 353//353 222//222 600//600 
f 1238//1238 1115//1115 495//495 
f 228//228 1117//1117 427//427 
f 332//332 796//796 944//944 
f 747//747 311//311 462//462 
f 1301//1301 747//747 1269//1269 
f 1269//1269 747//747 43//43 
f 462//462 311//311 1301//1301 
f 234//234 731//731 212//212 
f 1200//1200 1401//1401 435//435 
f 435//435 1401//1401 63//63 
f 555//555 135//135 83//83 
f 760//760 135//135 555//555 
f 1117//1117 462//462 76//76 
f 76//76 462//462 975//975 
f 944//944 796//796 146//146 
f 601//601 763//763 769//769 
f 769//769 763//763 841//841 
f 50//50 792//792 776//776 
f 897//897 50//50 269//269 
f 340//340 1039//1039 369//369 
f 1423//1423 517//517 83//83 
f 83//83 517//517 555//555 
f 1342//1342 192//192 352//352 
f 352//352 192//192 213//213 
f 220//220 589//589 1450//1450 
f 1450//1450 589//589 269//269 
f 462//462 1301//1301 975//975 
f 975//975 1301//1301 1269//1269 
f 796//796 332//332 1362//1362 
f 1362//1362 332//332 454//454 
f 352//352 213//213 724//724 
f 1117//1117 76//76 427//427 
f 340//340 146//146 262//262 
f 340//340 262//262 1255//1255 
f 759//759 1030//1030 304//304 
f 759//759 304//304 1171//1171 
f 959//959 980//980 1123//1123 
f 959//959 1123//1123 367//367 
f 219//219 367//367 84//84 
f 351//351 84//84 598//598 
f 975//975 170//170 228//228 
f 123//123 839//839 1324//1324 
f 671//671 601//601 38//38 
f 835//835 234//234 212//212 
f 983//983 630//630 478//478 
f 313//313 478//478 813//813 
f 313//313 813//813 1425//1425 
f 1425//1425 813//813 697//697 
f 630//630 983//983 168//168 
f 965//965 168//168 406//406 
f 1342//1342 352//352 38//38 
f 600//600 812//812 776//776 
f 769//769 1342//1342 213//213 
f 600//600 776//776 792//792 
f 1269//1269 624//624 855//855 
f 170//170 1269//1269 855//855 
f 1269//1269 170//170 975//975 
f 38//38 601//601 1230//1230 
f 38//38 1230//1230 1342//1342 
f 269//269 50//50 776//776 
f 1112//1112 923//923 1159//1159 
f 94//94 979//979 557//557 
f 557//557 1016//1016 538//538 
f 760//760 555//555 718//718 
f 1342//1342 1230//1230 254//254 
f 1297//1297 254//254 547//547 
f 237//237 667//667 906//906 
f 427//427 76//76 1151//1151 
f 56//56 1238//1238 495//495 
f 1423//1423 537//537 718//718 
f 1423//1423 718//718 517//517 
f 544//544 192//192 852//852 
f 192//192 544//544 213//213 
f 1115//1115 1238//1238 6//6 
f 776//776 812//812 222//222 
f 139//139 396//396 106//106 
f 139//139 106//106 1118//1118 
f 1118//1118 106//106 572//572 
f 493//493 396//396 139//139 
f 493//493 139//139 1119//1119 
f 778//778 1122//1122 1075//1075 
f 262//262 234//234 1255//1255 
f 718//718 555//555 517//517 
f 1342//1342 254//254 213//213 
f 1255//1255 1079//1079 1039//1039 
f 1079//1079 1255//1255 837//837 
f 837//837 1255//1255 1030//1030 
f 307//307 923//923 1389//1389 
f 269//269 776//776 1450//1450 
f 1450//1450 776//776 222//222 
f 1272//1272 346//346 608//608 
f 663//663 346//346 465//465 
f 465//465 346//346 1304//1304 
f 515//515 860//860 295//295 
f 881//881 295//295 1327//1327 
f 1391//1391 237//237 906//906 
f 1224//1224 493//493 1119//1119 
f 1331//1331 1224//1224 1244//1244 
f 1175//1175 499//499 661//661 
f 975//975 228//228 76//76 
f 213//213 544//544 769//769 
f 213//213 254//254 724//724 
f 724//724 254//254 1297//1297 
f 1255//1255 234//234 1030//1030 
f 1030//1030 234//234 304//304 
f 223//223 1306//1306 653//653 
f 1306//1306 223//223 337//337 
f 769//769 670//670 601//601 
f 769//769 544//544 402//402 
f 1238//1238 56//56 6//6 
f 6//6 56//56 970//970 
f 6//6 970//970 1335//1335 
f 6//6 1335//1335 920//920 
f 490//490 1111//1111 1354//1354 
f 490//490 1354//1354 1152//1152 
f 855//855 591//591 28//28 
f 237//237 1391//1391 55//55 
f 402//402 544//544 68//68 
f 402//402 68//68 670//670 
f 591//591 228//228 660//660 
f 660//660 228//228 427//427 
f 228//228 591//591 252//252 
f 252//252 28//28 1261//1261 
f 269//269 589//589 907//907 
f 109//109 787//787 1302//1302 
f 381//381 1138//1138 1063//1063 
f 381//381 1063//1063 830//830 
f 76//76 228//228 1151//1151 
f 1151//1151 228//228 252//252 
f 1151//1151 252//252 1261//1261 
f 1151//1151 1261//1261 373//373 
f 591//591 855//855 469//469 
f 469//469 855//855 624//624 
f 286//286 56//56 495//495 
f 1028//1028 286//286 495//495 
f 56//56 286//286 970//970 
f 1230//1230 601//601 171//171 
f 1230//1230 171//171 547//547 
f 622//622 912//912 877//877 
f 28//28 877//877 1371//1371 
f 28//28 1371//1371 855//855 
f 912//912 622//622 1169//1169 
f 1028//1028 350//350 970//970 
f 1389//1389 923//923 1112//1112 
f 66//66 718//718 537//537 
f 66//66 537//537 185//185 
f 970//970 350//350 1402//1402 
f 281//281 918//918 1087//1087 
f 1087//1087 918//918 1290//1290 
f 477//477 760//760 66//66 
f 760//760 718//718 66//66 
f 1354//1354 986//986 1329//1329 
f 1354//1354 1329//1329 1237//1237 
f 249//249 1099//1099 1167//1167 
f 881//881 113//113 163//163 
f 435//435 512//512 172//172 
f 1173//1173 872//872 1041//1041 
f 1340//1340 470//470 1243//1243 
f 1340//1340 1243//1243 109//109 
f 109//109 1243//1243 825//825 
f 686//686 601//601 670//670 
f 477//477 768//768 1434//1434 
f 252//252 591//591 469//469 
f 362//362 839//839 1326//1326 
f 833//833 690//690 625//625 
f 833//833 625//625 1025//1025 
f 360//360 1025//1025 211//211 
f 217//217 211//211 390//390 
f 778//778 1224//1224 1119//1119 
f 68//68 544//544 809//809 
f 554//554 809//809 667//667 
f 667//667 809//809 291//291 
f 291//291 809//809 852//852 
f 8//8 894//894 315//315 
f 1399//1399 1389//1389 1112//1112 
f 768//768 477//477 1003//1003 
f 591//591 660//660 28//28 
f 28//28 660//660 1261//1261 
f 622//622 877//877 349//349 
f 9//9 1175//1175 1278//1278 
f 371//371 477//477 952//952 
f 1432//1432 252//252 469//469 
f 252//252 1432//1432 28//28 
f 1230//1230 547//547 254//254 
f 307//307 1389//1389 1372//1372 
f 307//307 1372//1372 1360//1360 
f 1360//1360 1372//1372 836//836 
f 836//836 181//181 831//831 
f 1056//1056 836//836 997//997 
f 1340//1340 866//866 874//874 
f 1340//1340 874//874 470//470 
f 470//470 874//874 501//501 
f 171//171 601//601 686//686 
f 338//338 281//281 245//245 
f 245//245 281//281 540//540 
f 245//245 540//540 584//584 
f 584//584 540//540 272//272 
f 272//272 540//540 895//895 
f 281//281 338//338 918//918 
f 1151//1151 373//373 427//427 
f 1120//1120 1175//1175 9//9 
f 1120//1120 9//9 639//639 
f 757//757 216//216 1213//1213 
f 820//820 1213//1213 1153//1153 
f 1467//1467 1153//1153 29//29 
f 1467//1467 29//29 354//354 
f 77//77 354//354 29//29 
f 1400//1400 848//848 67//67 
f 872//872 1200//1200 435//435 
f 1297//1297 366//366 161//161 
f 932//932 986//986 1354//1354 
f 932//932 1354//1354 1111//1111 
f 986//986 278//278 1329//1329 
f 720//720 313//313 1126//1126 
f 720//720 1126//1126 165//165 
f 406//406 983//983 720//720 
f 406//406 720//720 851//851 
f 1383//1383 966//966 165//165 
f 608//608 362//362 1326//1326 
f 608//608 1326//1326 1272//1272 
f 1272//1272 1326//1326 1176//1176 
f 932//932 6//6 733//733 
f 66//66 185//185 327//327 
f 740//740 1377//1377 1154//1154 
f 1176//1176 351//351 1272//1272 
f 768//768 1003//1003 1390//1390 
f 1390//1390 1003//1003 677//677 
f 1390//1390 677//677 80//80 
f 80//80 359//359 948//948 
f 80//80 948//948 777//777 
f 777//777 948//948 331//331 
f 777//777 331//331 144//144 
f 427//427 373//373 660//660 
f 28//28 1432//1432 741//741 
f 877//877 741//741 516//516 
f 877//877 516//516 1332//1332 
f 647//647 68//68 809//809 
f 1224//1224 778//778 1244//1244 
f 1244//1244 778//778 1075//1075 
f 279//279 488//488 1390//1390 
f 740//740 1305//1305 263//263 
f 874//874 936//936 282//282 
f 282//282 936//936 188//188 
f 1318//1318 1092//1092 1426//1426 
f 373//373 1261//1261 1014//1014 
f 1252//1252 373//373 1014//1014 
f 373//373 1252//1252 1248//1248 
f 1014//1014 1432//1432 279//279 
f 279//279 1432//1432 488//488 
f 496//496 650//650 681//681 
f 686//686 670//670 815//815 
f 815//815 670//670 68//68 
f 1432//1432 1014//1014 741//741 
f 161//161 1456//1456 561//561 
f 561//561 1456//1456 935//935 
f 1328//1328 8//8 788//788 
f 1328//1328 788//788 1009//1009 
f 1009//1009 788//788 1201//1201 
f 839//839 362//362 1339//1339 
f 839//839 1339//1339 914//914 
f 839//839 914//914 1324//1324 
f 338//338 964//964 451//451 
f 748//748 1306//1306 337//337 
f 1306//1306 748//748 653//653 
f 313//313 983//983 478//478 
f 1333//1333 872//872 435//435 
f 1333//1333 172//172 1130//1130 
f 404//404 1051//1051 1431//1431 
f 404//404 1431//1431 1280//1280 
f 279//279 1252//1252 1014//1014 
f 327//327 952//952 477//477 
f 327//327 477//477 66//66 
f 660//660 373//373 1248//1248 
f 1075//1075 640//640 450//450 
f 466//466 640//640 198//198 
f 466//466 198//198 1470//1470 
f 18//18 640//640 466//466 
f 466//466 1470//1470 1084//1084 
f 466//466 1084//1084 193//193 
f 193//193 1084//1084 903//903 
f 193//193 903//903 1385//1385 
f 640//640 18//18 450//450 
f 886//886 26//26 177//177 
f 986//986 733//733 278//278 
f 660//660 1248//1248 226//226 
f 1339//1339 46//46 522//522 
f 637//637 1014//1014 1261//1261 
f 1014//1014 637//637 741//741 
f 362//362 1057//1057 1264//1264 
f 338//338 451//451 242//242 
f 242//242 451//451 426//426 
f 558//558 1134//1134 554//554 
f 554//554 1134//1134 97//97 
f 554//554 97//97 647//647 
f 647//647 632//632 68//68 
f 1170//1170 616//616 127//127 
f 848//848 127//127 29//29 
f 77//77 29//29 36//36 
f 77//77 36//36 1458//1458 
f 1458//1458 616//616 728//728 
f 1013//1013 1170//1170 997//997 
f 1056//1056 981//981 1360//1360 
f 1360//1360 981//981 1295//1295 
f 616//616 1170//1170 728//728 
f 1386//1386 547//547 150//150 
f 150//150 547//547 171//171 
f 1456//1456 366//366 1444//1444 
f 1456//1456 1444//1444 144//144 
f 144//144 1444//1444 777//777 
f 150//150 171//171 815//815 
f 815//815 171//171 686//686 
f 278//278 162//162 1247//1247 
f 815//815 746//746 1380//1380 
f 741//741 637//637 103//103 
f 830//830 583//583 177//177 
f 830//830 177//177 381//381 
f 226//226 637//637 1261//1261 
f 1248//1248 1252//1252 953//953 
f 177//177 26//26 381//381 
f 733//733 920//920 162//162 
f 920//920 733//733 6//6 
f 1144//1144 1169//1169 1332//1332 
f 1339//1339 1264//1264 46//46 
f 479//479 748//748 1009//1009 
f 1009//1009 748//748 337//337 
f 479//479 1009//1009 1201//1201 
f 748//748 479//479 1366//1366 
f 68//68 632//632 746//746 
f 746//746 632//632 536//536 
f 89//89 757//757 468//468 
f 89//89 468//468 572//572 
f 572//572 468//468 424//424 
f 216//216 757//757 9//9 
f 658//658 1172//1172 465//465 
f 1172//1172 658//658 46//46 
f 46//46 658//658 771//771 
f 771//771 658//658 1343//1343 
f 426//426 451//451 62//62 
f 426//426 62//62 816//816 
f 426//426 816//816 1061//1061 
f 940//940 1453//1453 690//690 
f 297//297 1304//1304 346//346 
f 1051//1051 1041//1041 333//333 
f 872//872 817//817 1041//1041 
f 1041//1041 817//817 333//333 
f 1444//1444 366//366 1386//1386 
f 30//30 1066//1066 953//953 
f 30//30 953//953 279//279 
f 279//279 953//953 1252//1252 
f 851//851 720//720 966//966 
f 985//985 1112//1112 1159//1159 
f 1389//1389 1399//1399 1372//1372 
f 632//632 647//647 97//97 
f 97//97 1418//1418 284//284 
f 284//284 363//363 480//480 
f 480//480 363//363 1404//1404 
f 480//480 1442//1442 1105//1105 
f 1105//1105 1442//1442 548//548 
f 740//740 263//263 952//952 
f 62//62 915//915 816//816 
f 468//468 757//757 513//513 
f 817//817 872//872 1276//1276 
f 1276//1276 872//872 1333//1333 
f 1276//1276 1333//1333 1254//1254 
f 1254//1254 1130//1130 595//595 
f 595//595 1130//1130 455//455 
f 333//333 817//817 1049//1049 
f 333//333 1049//1049 1160//1160 
f 687//687 1248//1248 953//953 
f 1221//1221 471//471 105//105 
f 640//640 471//471 1221//1221 
f 471//471 640//640 1440//1440 
f 1440//1440 640//640 956//956 
f 426//426 788//788 242//242 
f 1143//1143 479//479 1061//1061 
f 230//230 1118//1118 572//572 
f 1119//1119 1122//1122 778//778 
f 513//513 757//757 471//471 
f 605//605 1380//1380 410//410 
f 471//471 757//757 105//105 
f 1248//1248 687//687 226//226 
f 226//226 687//687 556//556 
f 556//556 687//687 843//843 
f 843//843 687//687 1351//1351 
f 1118//1118 230//230 1119//1119 
f 1390//1390 80//80 777//777 
f 1390//1390 777//777 30//30 
f 30//30 777//777 1464//1464 
f 1057//1057 46//46 1264//1264 
f 230//230 1122//1122 1119//1119 
f 1122//1122 230//230 16//16 
f 1201//1201 788//788 426//426 
f 1201//1201 426//426 1061//1061 
f 479//479 1201//1201 1061//1061 
f 720//720 165//165 966//966 
f 1418//1418 1134//1134 896//896 
f 103//103 637//637 226//226 
f 410//410 1380//1380 746//746 
f 746//746 536//536 581//581 
f 754//754 632//632 97//97 
f 754//754 97//97 284//284 
f 953//953 1066//1066 1351//1351 
f 777//777 1444//1444 1464//1464 
f 1464//1464 1444//1444 1386//1386 
f 1464//1464 1386//1386 590//590 
f 1067//1067 263//263 1379//1379 
f 536//536 632//632 754//754 
f 1144//1144 623//623 1343//1343 
f 1144//1144 1343//1343 1116//1116 
f 623//623 1001//1001 771//771 
f 1379//1379 1337//1337 1359//1359 
f 583//583 830//830 1082//1082 
f 583//583 1082//1082 650//650 
f 1174//1174 1063//1063 347//347 
f 347//347 452//452 941//941 
f 1351//1351 687//687 953//953 
f 605//605 590//590 150//150 
f 605//605 150//150 1380//1380 
f 1380//1380 150//150 815//815 
f 605//605 1066//1066 1464//1464 
f 1464//1464 1066//1066 30//30 
f 836//836 1372//1372 181//181 
f 472//472 1165//1165 92//92 
f 472//472 92//92 1452//1452 
f 472//472 1452//1452 856//856 
f 856//856 271//271 1064//1064 
f 1458//1458 1064//1064 77//77 
f 354//354 77//77 1376//1376 
f 354//354 1376//1376 779//779 
f 1049//1049 817//817 592//592 
f 592//592 817//817 1276//1276 
f 592//592 595//595 1034//1034 
f 1017//1017 798//798 575//575 
f 939//939 467//467 329//329 
f 754//754 284//284 1158//1158 
f 1399//1399 723//723 505//505 
f 723//723 1266//1266 492//492 
f 536//536 754//754 1158//1158 
f 536//536 1158//1158 581//581 
f 410//410 500//500 605//605 
f 500//500 410//410 746//746 
f 605//605 500//500 1286//1286 
f 966//966 1383//1383 520//520 
f 1332//1332 1292//1292 998//998 
f 1332//1332 998//998 1144//1144 
f 1418//1418 363//363 284//284 
f 1160//1160 1049//1049 579//579 
f 1160//1160 579//579 729//729 
f 729//729 1277//1277 12//12 
f 1149//1149 1277//1277 1126//1126 
f 605//605 1286//1286 1066//1066 
f 548//548 103//103 1451//1451 
f 1451//1451 103//103 968//968 
f 968//968 103//103 556//556 
f 968//968 556//556 843//843 
f 1383//1383 165//165 596//596 
f 511//511 1292//1292 425//425 
f 998//998 1292//1292 511//511 
f 1392//1392 801//801 697//697 
f 1105//1105 968//968 602//602 
f 1105//1105 602//602 581//581 
f 1425//1425 801//801 1126//1126 
f 1126//1126 801//801 1149//1149 
f 592//592 1034//1034 575//575 
f 575//575 1034//1034 1017//1017 
f 831//831 728//728 1013//1013 
f 831//831 1013//1013 836//836 
f 836//836 1013//1013 997//997 
f 1286//1286 1351//1351 1066//1066 
f 602//602 500//500 581//581 
f 581//581 500//500 746//746 
f 843//843 1286//1286 602//602 
f 1105//1105 581//581 1158//1158 
f 1286//1286 843//843 1351//1351 
f 1286//1286 500//500 602//602 
f 548//548 1451//1451 968//968 
f 425//425 1292//1292 548//548 
f 363//363 1086//1086 528//528 
f 528//528 1086//1086 560//560 
f 972//972 1372//1372 505//505 
f 972//972 505//505 355//355 
f 951//951 1311//1311 19//19 
f 19//19 107//107 12//12 
f 12//12 107//107 729//729 
f 1149//1149 801//801 1392//1392 
f 1392//1392 571//571 656//656 
f 656//656 571//571 432//432 
f 656//656 432//432 614//614 
f 1414//1414 614//614 298//298 
f 1051//1051 404//404 744//744 
f 744//744 404//404 1311//1311 
f 548//548 968//968 1105//1105 
f 1105//1105 1158//1158 284//284 
f 511//511 1208//1208 1212//1212 
f 1208//1208 363//363 528//528 
f 363//363 1208//1208 1404//1404 
f 579//579 1049//1049 592//592 
f 595//595 467//467 1034//1034 
f 480//480 1105//1105 284//284 
f 1149//1149 1392//1392 553//553 
f 821//821 614//614 1414//1414 
f 1212//1212 1208//1208 528//528 
f 1372//1372 972//972 181//181 
f 1383//1383 596//596 361//361 
f 361//361 596//596 579//579 
f 361//361 579//579 575//575 
f 361//361 798//798 1383//1383 
f 575//575 579//579 592//592 
f 1404//1404 425//425 1442//1442 
f 511//511 425//425 1404//1404 
f 511//511 1404//1404 1208//1208 
f 404//404 1280//1280 1311//1311 
f 1212//1212 528//528 210//210 
f 1212//1212 210//210 1202//1202 
f 1316//1316 1246//1246 432//432 
f 553//553 12//12 1149//1149 
f 729//729 579//579 596//596 
f 260//260 494//494 1053//1053 
f 811//811 457//457 482//482 
f 811//811 482//482 75//75 
f 654//654 735//735 22//22 
f 12//12 553//553 821//821 
f 729//729 107//107 1280//1280 
f 72//72 941//941 1322//1322 
f 72//72 1322//1322 131//131 
f 1108//1108 210//210 560//560 
f 1108//1108 1373//1373 72//72 
f 1108//1108 72//72 131//131 
f 210//210 1108//1108 380//380 
f 931//931 1165//1165 355//355 
f 931//931 355//355 298//298 
f 1202//1202 1459//1459 1029//1029 
f 723//723 120//120 355//355 
f 355//355 120//120 298//298 
f 298//298 120//120 145//145 
f 298//298 145//145 1414//1414 
f 1414//1414 145//145 1059//1059 
f 1414//1414 1059//1059 951//951 
f 662//662 329//329 294//294 
f 455//455 294//294 467//467 
f 1421//1421 482//482 457//457 
f 329//329 482//482 1421//1421 
f 675//675 926//926 247//247 
f 1416//1416 124//124 409//409 
f 539//539 409//409 1054//1054 
f 1396//1396 682//682 1222//1222 
f 436//436 124//124 1164//1164 
f 409//409 155//155 292//292 
f 559//559 1010//1010 280//280 
f 539//539 155//155 409//409 
f 1236//1236 745//745 1439//1439 
f 1222//1222 1054//1054 436//436 
f 539//539 1054//1054 541//541 
f 155//155 1325//1325 292//292 
f 292//292 1325//1325 411//411 
f 147//147 436//436 1211//1211 
f 208//208 745//745 1236//1236 
f 280//280 832//832 1236//1236 
f 745//745 93//93 142//142 
f 745//745 142//142 1439//1439 
f 1054//1054 1222//1222 682//682 
f 1180//1180 1222//1222 147//147 
f 384//384 1010//1010 238//238 
f 238//238 1010//1010 926//926 
f 48//48 1396//1396 1180//1180 
f 832//832 208//208 1236//1236 
f 236//236 446//446 1325//1325 
f 742//742 196//196 232//232 
f 745//745 208//208 519//519 
f 1181//1181 232//232 506//506 
f 930//930 160//160 236//236 
f 446//446 236//236 160//160 
f 682//682 565//565 541//541 
f 1156//1156 1364//1364 151//151 
f 151//151 1364//1364 1422//1422 
f 1259//1259 151//151 1026//1026 
f 151//151 1259//1259 1156//1156 
f 1060//1060 562//562 1181//1181 
f 266//266 713//713 430//430 
f 430//430 668//668 799//799 
f 32//32 861//861 51//51 
f 506//506 51//51 861//861 
f 819//819 384//384 238//238 
f 819//819 238//238 1093//1093 
f 32//32 1060//1060 861//861 
f 1135//1135 274//274 376//376 
f 570//570 149//149 562//562 
f 32//32 880//880 570//570 
f 51//51 1368//1368 32//32 
f 32//32 1368//1368 880//880 
f 682//682 1396//1396 1352//1352 
f 682//682 1352//1352 565//565 
f 1368//1368 51//51 52//52 
f 497//497 1135//1135 1422//1422 
f 1364//1364 497//497 1422//1422 
f 211//211 1018//1018 360//360 
f 360//360 577//577 399//399 
f 399//399 577//577 1055//1055 
f 1055//1055 1192//1192 1069//1069 
f 1069//1069 1259//1259 199//199 
f 52//52 419//419 1368//1368 
f 1368//1368 419//419 880//880 
f 1356//1356 1370//1370 928//928 
f 149//149 570//570 125//125 
f 770//770 1077//1077 378//378 
f 770//770 378//378 1347//1347 
f 1347//1347 378//378 1374//1374 
f 1347//1347 1374//1374 574//574 
f 417//417 1217//1217 1011//1011 
f 1374//1374 858//858 1023//1023 
f 1346//1346 574//574 1374//1374 
f 1374//1374 1023//1023 1346//1346 
f 1023//1023 828//828 85//85 
f 199//199 1259//1259 1198//1198 
f 1346//1346 40//40 1473//1473 
f 1433//1433 676//676 85//85 
f 85//85 1078//1078 1460//1460 
f 85//85 1460//1460 1023//1023 
f 961//961 1433//1433 828//828 
f 1374//1374 99//99 858//858 
f 989//989 1142//1142 793//793 
f 793//793 1142//1142 533//533 
f 1128//1128 1259//1259 1069//1069 
f 1011//1011 828//828 858//858 
f 52//52 1068//1068 419//419 
f 417//417 99//99 378//378 
f 828//828 1433//1433 85//85 
f 1455//1455 208//208 832//832 
f 1120//1120 442//442 446//446 
f 1068//1068 1347//1347 574//574 
f 40//40 1460//1460 125//125 
f 52//52 51//51 445//445 
f 1135//1135 497//497 1466//1466 
f 461//461 977//977 318//318 
f 445//445 51//51 529//529 
f 1347//1347 1188//1188 770//770 
f 1128//1128 1156//1156 1259//1259 
f 86//86 312//312 202//202 
f 202//202 312//312 485//485 
f 1290//1290 315//315 1020//1020 
f 1020//1020 315//315 1100//1100 
f 1020//1020 519//519 1087//1087 
f 842//842 921//921 3//3 
f 1037//1037 762//762 417//417 
f 85//85 676//676 1078//1078 
f 1364//1364 1218//1218 497//497 
f 1078//1078 335//335 149//149 
f 1466//1466 218//218 274//274 
f 1217//1217 1179//1179 1011//1011 
f 156//156 993//993 707//707 
f 707//707 993//993 199//199 
f 208//208 460//460 1087//1087 
f 52//52 666//666 1347//1347 
f 52//52 1347//1347 1068//1068 
f 244//244 725//725 701//701 
f 701//701 725//725 96//96 
f 631//631 842//842 3//3 
f 86//86 244//244 312//312 
f 434//434 1218//1218 1364//1364 
f 736//736 1102//1102 430//430 
f 1011//1011 1179//1179 336//336 
f 1011//1011 336//336 828//828 
f 335//335 423//423 149//149 
f 218//218 400//400 225//225 
f 218//218 225//225 274//274 
f 693//693 928//928 803//803 
f 423//423 1085//1085 149//149 
f 1077//1077 1037//1037 417//417 
f 1077//1077 417//417 378//378 
f 1019//1019 1104//1104 316//316 
f 668//668 430//430 1102//1102 
f 1187//1187 459//459 418//418 
f 1274//1274 31//31 1463//1463 
f 1463//1463 31//31 507//507 
f 577//577 1192//1192 1055//1055 
f 100//100 1262//1262 864//864 
f 864//864 474//474 59//59 
f 864//864 59//59 1408//1408 
f 864//864 1408//1408 694//694 
f 864//864 612//612 100//100 
f 100//100 612//612 64//64 
f 267//267 1463//1463 869//869 
f 336//336 961//961 828//828 
f 884//884 905//905 889//889 
f 884//884 889//889 428//428 
f 1262//1262 1186//1186 474//474 
f 1262//1262 474//474 864//864 
f 793//793 533//533 1192//1192 
f 1192//1192 533//533 1069//1069 
f 418//418 905//905 138//138 
f 138//138 884//884 54//54 
f 54//54 884//884 1303//1303 
f 443//443 864//864 694//694 
f 905//905 884//884 138//138 
f 1218//1218 889//889 905//905 
f 1218//1218 905//905 497//497 
f 533//533 1128//1128 1069//1069 
f 1308//1308 651//651 666//666 
f 445//445 666//666 52//52 
f 156//156 45//45 833//833 
f 399//399 1055//1055 993//993 
f 993//993 1069//1069 199//199 
f 1137//1137 698//698 1146//1146 
f 1137//1137 1146//1146 1309//1309 
f 59//59 474//474 159//159 
f 59//59 159//159 1395//1395 
f 1199//1199 1395//1395 159//159 
f 132//132 930//930 565//565 
f 443//443 612//612 864//864 
f 1309//1309 1146//1146 1019//1019 
f 1309//1309 1019//1019 316//316 
f 698//698 1162//1162 1146//1146 
f 1146//1146 1162//1162 1019//1019 
f 989//989 324//324 722//722 
f 577//577 793//793 1192//1192 
f 126//126 316//316 530//530 
f 1242//1242 484//484 909//909 
f 767//767 783//783 1468//1468 
f 1468//1468 783//783 1283//1283 
f 1468//1468 1283//1283 1098//1098 
f 1114//1114 1219//1219 1448//1448 
f 726//726 702//702 1472//1472 
f 726//726 1472//1472 96//96 
f 726//726 96//96 1314//1314 
f 1227//1227 1283//1283 104//104 
f 716//716 159//159 474//474 
f 1187//1187 418//418 138//138 
f 1234//1234 27//27 158//158 
f 702//702 1363//1363 1472//1472 
f 784//784 722//722 324//324 
f 1008//1008 324//324 989//989 
f 793//793 577//577 685//685 
f 716//716 474//474 714//714 
f 714//714 474//474 1186//1186 
f 358//358 1226//1226 319//319 
f 319//319 1314//1314 725//725 
f 1199//1199 159//159 716//716 
f 250//250 901//901 530//530 
f 1239//1239 1008//1008 989//989 
f 1226//1226 532//532 319//319 
f 319//319 532//532 726//726 
f 319//319 726//726 1314//1314 
f 702//702 532//532 1210//1210 
f 1210//1210 532//532 879//879 
f 1240//1240 1187//1187 57//57 
f 152//152 57//57 54//54 
f 54//54 57//57 138//138 
f 1472//1472 1363//1363 631//631 
f 1472//1472 631//631 96//96 
f 61//61 620//620 1203//1203 
f 1203//1203 767//767 27//27 
f 698//698 27//27 1162//1162 
f 1162//1162 27//27 101//101 
f 790//790 973//973 305//305 
f 256//256 685//685 1457//1457 
f 988//988 684//684 129//129 
f 57//57 1187//1187 138//138 
f 183//183 241//241 1424//1424 
f 1219//1219 612//612 1229//1229 
f 1398//1398 1184//1184 1479//1479 
f 1398//1398 1479//1479 1218//1218 
f 1218//1218 1479//1479 889//889 
f 666//666 445//445 1308//1308 
f 65//65 64//64 612//612 
f 993//993 1055//1055 1069//1069 
f 1217//1217 417//417 762//762 
f 1217//1217 862//862 766//766 
f 1298//1298 884//884 428//428 
f 1251//1251 802//802 1281//1281 
f 1203//1203 27//27 698//698 
f 358//358 319//319 790//790 
f 790//790 319//319 725//725 
f 382//382 1250//1250 1336//1336 
f 703//703 947//947 1282//1282 
f 734//734 593//593 761//761 
f 761//761 593//593 1000//1000 
f 1387//1387 1240//1240 152//152 
f 152//152 1240//1240 57//57 
f 1047//1047 773//773 387//387 
f 387//387 773//773 31//31 
f 259//259 387//387 31//31 
f 1217//1217 766//766 1179//1179 
f 1100//1100 323//323 1020//1020 
f 259//259 1281//1281 387//387 
f 651//651 1454//1454 1188//1188 
f 726//726 532//532 702//702 
f 916//916 676//676 119//119 
f 800//800 1024//1024 1393//1393 
f 1393//1393 1024//1024 1233//1233 
f 916//916 326//326 676//676 
f 384//384 819//819 655//655 
f 1018//1018 685//685 577//577 
f 689//689 83//83 305//305 
f 689//689 305//305 314//314 
f 314//314 305//305 973//973 
f 973//973 244//244 86//86 
f 709//709 995//995 1037//1037 
f 709//709 1037//1037 1077//1077 
f 328//328 802//802 1251//1251 
f 1187//1187 603//603 459//459 
f 335//335 1334//1334 423//423 
f 577//577 360//360 1018//1018 
f 137//137 810//810 1480//1480 
f 137//137 70//70 1457//1457 
f 1457//1457 70//70 206//206 
f 633//633 1125//1125 529//529 
f 244//244 973//973 790//790 
f 1089//1089 714//714 1040//1040 
f 612//612 1219//1219 65//65 
f 459//459 603//603 218//218 
f 370//370 525//525 248//248 
f 463//463 947//947 987//987 
f 845//845 152//152 54//54 
f 709//709 1077//1077 261//261 
f 1300//1300 1089//1089 1040//1040 
f 1457//1457 685//685 137//137 
f 434//434 978//978 1218//1218 
f 1218//1218 978//978 1398//1398 
f 521//521 433//433 1095//1095 
f 521//521 1095//1095 1007//1007 
f 1358//1358 1229//1229 842//842 
f 988//988 1008//1008 256//256 
f 1256//1256 818//818 1300//1300 
f 1303//1303 884//884 1298//1298 
f 1448//1448 1358//1358 1363//1363 
f 1448//1448 1363//1363 34//34 
f 761//761 400//400 734//734 
f 977//977 508//508 1183//1183 
f 525//525 78//78 248//248 
f 248//248 795//795 961//961 
f 800//800 1393//1393 180//180 
f 800//800 180//180 1258//1258 
f 370//370 248//248 961//961 
f 412//412 795//795 248//248 
f 412//412 248//248 78//78 
f 241//241 1315//1315 1424//1424 
f 1102//1102 807//807 668//668 
f 963//963 71//71 368//368 
f 412//412 119//119 795//795 
f 1209//1209 1095//1095 1410//1410 
f 529//529 1125//1125 1308//1308 
f 995//995 762//762 1037//1037 
f 370//370 336//336 401//401 
f 684//684 988//988 967//967 
f 967//967 988//988 256//256 
f 1457//1457 967//967 256//256 
f 190//190 838//838 1250//1250 
f 988//988 324//324 1008//1008 
f 1210//1210 34//34 1363//1363 
f 794//794 790//790 305//305 
f 794//794 358//358 790//790 
f 645//645 423//423 1334//1334 
f 1229//1229 1358//1358 1219//1219 
f 1219//1219 1358//1358 1448//1448 
f 702//702 1210//1210 1363//1363 
f 833//833 399//399 993//993 
f 783//783 767//767 1031//1031 
f 1352//1352 1139//1139 569//569 
f 261//261 1110//1110 709//709 
f 1109//1109 845//845 1303//1303 
f 1303//1303 845//845 54//54 
f 1233//1233 1024//1024 1300//1300 
f 475//475 1387//1387 152//152 
f 61//61 613//613 731//731 
f 1308//1308 1125//1125 651//651 
f 65//65 1258//1258 64//64 
f 336//336 1407//1407 401//401 
f 1025//1025 399//399 833//833 
f 358//358 408//408 1226//1226 
f 934//934 1482//1482 1159//1159 
f 934//934 1381//1381 945//945 
f 934//934 945//945 1476//1476 
f 1476//1476 684//684 1074//1074 
f 1074//1074 684//684 1320//1320 
f 1320//1320 684//684 206//206 
f 206//206 967//967 1457//1457 
f 1244//1244 450//450 215//215 
f 991//991 1052//1052 603//603 
f 546//546 995//995 1223//1223 
f 71//71 963//963 996//996 
f 688//688 191//191 5//5 
f 5//5 191//191 823//823 
f 823//823 191//191 114//114 
f 1298//1298 1042//1042 1303//1303 
f 715//715 433//433 521//521 
f 949//949 412//412 1478//1478 
f 1478//1478 412//412 78//78 
f 962//962 23//23 1241//1241 
f 317//317 1241//1241 1275//1275 
f 1443//1443 708//708 1110//1110 
f 1320//1320 60//60 1074//1074 
f 1228//1228 1109//1109 1042//1042 
f 845//845 982//982 152//152 
f 152//152 982//982 339//339 
f 339//339 982//982 1474//1474 
f 339//339 1474//1474 1091//1091 
f 993//993 156//156 833//833 
f 399//399 1025//1025 360//360 
f 508//508 977//977 392//392 
f 1256//1256 1300//1300 1024//1024 
f 1184//1184 1398//1398 1035//1035 
f 751//751 17//17 1223//1223 
f 708//708 1223//1223 1110//1110 
f 475//475 152//152 339//339 
f 669//669 1478//1478 78//78 
f 669//669 78//78 962//962 
f 129//129 324//324 988//988 
f 532//532 1090//1090 879//879 
f 1195//1195 1033//1033 995//995 
f 549//549 35//35 599//599 
f 599//599 35//35 133//133 
f 802//802 328//328 1206//1206 
f 862//862 904//904 766//766 
f 423//423 645//645 1465//1465 
f 1443//1443 1417//1417 1428//1428 
f 995//995 546//546 1195//1195 
f 708//708 751//751 1223//1223 
f 231//231 688//688 613//613 
f 613//613 688//688 531//531 
f 1406//1406 604//604 642//642 
f 23//23 962//962 78//78 
f 1405//1405 867//867 35//35 
f 1405//1405 35//35 549//549 
f 1428//1428 1417//1417 1263//1263 
f 1217//1217 752//752 862//862 
f 1320//1320 1096//1096 60//60 
f 535//535 949//949 1478//1478 
f 314//314 195//195 1113//1113 
f 449//449 444//444 1481//1481 
f 904//904 336//336 1179//1179 
f 296//296 1417//1417 118//118 
f 1005//1005 1478//1478 669//669 
f 1245//1245 752//752 1033//1033 
f 618//618 867//867 1449//1449 
f 1405//1405 1449//1449 867//867 
f 437//437 5//5 268//268 
f 823//823 268//268 5//5 
f 991//991 753//753 1052//1052 
f 61//61 231//231 613//613 
f 1323//1323 823//823 1097//1097 
f 326//326 273//273 283//283 
f 195//195 1089//1089 1113//1113 
f 370//370 401//401 1070//1070 
f 535//535 283//283 949//949 
f 224//224 277//277 573//573 
f 573//573 277//277 45//45 
f 1289//1289 1095//1095 971//971 
f 525//525 464//464 453//453 
f 755//755 1245//1245 476//476 
f 476//476 1245//1245 441//441 
f 290//290 1062//1062 514//514 
f 514//514 1062//1062 1263//1263 
f 1263//1263 1062//1062 1428//1428 
f 645//645 1334//1334 429//429 
f 1219//1219 1114//1114 490//490 
f 1480//1480 70//70 137//137 
f 1206//1206 1147//1147 599//599 
f 736//736 41//41 1102//1102 
f 751//751 708//708 167//167 
f 751//751 167//167 642//642 
f 708//708 1443//1443 167//167 
f 422//422 535//535 1478//1478 
f 1087//1087 460//460 281//281 
f 1334//1334 322//322 429//429 
f 341//341 863//863 1184//1184 
f 491//491 1113//1113 1089//1089 
f 82//82 535//535 422//422 
f 422//422 1478//1478 1005//1005 
f 1136//1136 791//791 954//954 
f 1216//1216 126//126 1129//1129 
f 214//214 1406//1406 154//154 
f 154//154 1406//1406 642//642 
f 154//154 642//642 786//786 
f 167//167 786//786 642//642 
f 792//792 1206//1206 328//328 
f 587//587 981//981 695//695 
f 587//587 695//695 1330//1330 
f 1253//1253 1228//1228 1042//1042 
f 1100//1100 392//392 323//323 
f 175//175 1436//1436 875//875 
f 699//699 95//95 364//364 
f 364//364 95//95 102//102 
f 657//657 130//130 791//791 
f 791//791 330//330 954//954 
f 1241//1241 960//960 1394//1394 
f 1241//1241 1394//1394 962//962 
f 552//552 190//190 1250//1250 
f 212//212 613//613 531//531 
f 719//719 4//4 117//117 
f 719//719 117//117 14//14 
f 971//971 1095//1095 433//433 
f 1058//1058 784//784 945//945 
f 945//945 784//784 129//129 
f 70//70 1480//1480 1409//1409 
f 1070//1070 401//401 594//594 
f 594//594 401//401 678//678 
f 678//678 401//401 1260//1260 
f 1022//1022 55//55 665//665 
f 665//665 55//55 826//826 
f 1052//1052 753//753 478//478 
f 478//478 753//753 1132//1132 
f 531//531 688//688 704//704 
f 775//775 618//618 910//910 
f 775//775 910//910 1065//1065 
f 775//775 1065//1065 865//865 
f 865//865 1204//1204 1197//1197 
f 343//343 1148//1148 781//781 
f 781//781 1148//1148 1318//1318 
f 239//239 992//992 1330//1330 
f 217//217 810//810 211//211 
f 1018//1018 211//211 810//810 
f 638//638 268//268 1323//1323 
f 1323//1323 268//268 823//823 
f 277//277 456//456 45//45 
f 825//825 1125//1125 1446//1446 
f 45//45 156//156 573//573 
f 576//576 863//863 341//341 
f 453//453 464//464 899//899 
f 1015//1015 372//372 628//628 
f 549//549 405//405 1405//1405 
f 910//910 618//618 1449//1449 
f 1275//1275 1241//1241 23//23 
f 751//751 334//334 17//17 
f 243//243 7//7 549//549 
f 620//620 4//4 719//719 
f 751//751 642//642 604//604 
f 405//405 288//288 1405//1405 
f 1405//1405 288//288 1168//1168 
f 1405//1405 1168//1168 1449//1449 
f 1428//1428 844//844 1443//1443 
f 55//55 1391//1391 1106//1106 
f 546//546 1397//1397 1195//1195 
f 1035//1035 1445//1445 447//447 
f 1035//1035 447//447 1184//1184 
f 1161//1161 508//508 308//308 
f 944//944 369//369 190//190 
f 190//190 166//166 838//838 
f 304//304 835//835 1171//1171 
f 759//759 1171//1171 1141//1141 
f 1141//1141 11//11 20//20 
f 20//20 11//11 295//295 
f 902//902 688//688 5//5 
f 1//1 1348//1348 1341//1341 
f 906//906 780//780 1397//1397 
f 804//804 5//5 437//437 
f 819//819 1093//1093 568//568 
f 819//819 568//568 655//655 
f 655//655 568//568 699//699 
f 34//34 1210//1210 938//938 
f 899//899 594//594 1071//1071 
f 1330//1330 992//992 576//576 
f 1391//1391 1397//1397 1106//1106 
f 1106//1106 1397//1397 546//546 
f 1327//1327 295//295 11//11 
f 1166//1166 531//531 704//704 
f 611//611 227//227 1048//1048 
f 1020//1020 1087//1087 1290//1290 
f 501//501 296//296 785//785 
f 955//955 207//207 372//372 
f 255//255 1480//1480 810//810 
f 483//483 130//130 1096//1096 
f 937//937 60//60 664//664 
f 1402//1402 350//350 34//34 
f 34//34 350//350 91//91 
f 34//34 91//91 1448//1448 
f 826//826 1106//1106 546//546 
f 593//593 734//734 683//683 
f 1382//1382 255//255 810//810 
f 618//618 582//582 567//567 
f 1243//1243 785//785 652//652 
f 1243//1243 652//652 825//825 
f 781//781 1420//1420 925//925 
f 239//239 1253//1253 1312//1312 
f 91//91 900//900 1448//1448 
f 1448//1448 900//900 1114//1114 
f 786//786 184//184 154//154 
f 154//154 184//184 674//674 
f 483//483 1096//1096 70//70 
f 1409//1409 483//483 70//70 
f 597//597 875//875 1436//1436 
f 597//597 1436//1436 194//194 
f 1182//1182 641//641 1116//1116 
f 1145//1145 128//128 1323//1323 
f 113//113 1327//1327 902//902 
f 113//113 902//902 804//804 
f 690//690 833//833 45//45 
f 1091//1091 950//950 475//475 
f 1091//1091 475//475 339//339 
f 341//341 447//447 1295//1295 
f 587//587 1295//1295 981//981 
f 341//341 1295//1295 587//587 
f 549//549 7//7 405//405 
f 1293//1293 108//108 1045//1045 
f 804//804 566//566 176//176 
f 804//804 176//176 113//113 
f 290//290 1168//1168 288//288 
f 911//911 518//518 1267//1267 
f 751//751 604//604 334//334 
f 1166//1166 704//704 902//902 
f 902//902 704//704 688//688 
f 563//563 982//982 1228//1228 
f 780//780 852//852 88//88 
f 585//585 483//483 1409//1409 
f 128//128 1145//1145 1429//1429 
f 1429//1429 1145//1145 586//586 
f 1429//1429 586//586 303//303 
f 303//303 578//578 890//890 
f 890//890 638//638 128//128 
f 1323//1323 128//128 638//638 
f 290//290 514//514 1168//1168 
f 1168//1168 514//514 910//910 
f 176//176 566//566 1005//1005 
f 38//38 352//352 227//227 
f 194//194 1436//1436 1253//1253 
f 597//597 661//661 407//407 
f 597//597 407//407 875//875 
f 566//566 710//710 1005//1005 
f 388//388 1145//1145 1097//1097 
f 618//618 775//775 582//582 
f 911//911 290//290 288//288 
f 911//911 1267//1267 844//844 
f 911//911 844//844 1428//1428 
f 1267//1267 786//786 167//167 
f 1267//1267 167//167 844//844 
f 217//217 1382//1382 810//810 
f 934//934 1476//1476 937//937 
f 342//342 211//211 1025//1025 
f 325//325 390//390 342//342 
f 342//342 390//390 211//211 
f 578//578 535//535 82//82 
f 136//136 1465//1465 429//429 
f 429//429 357//357 136//136 
f 512//512 1465//1465 136//136 
f 664//664 646//646 657//657 
f 657//657 646//646 130//130 
f 108//108 182//182 1045//1045 
f 1045//1045 182//182 1256//1256 
f 287//287 937//937 664//664 
f 453//453 899//899 1182//1182 
f 1182//1182 899//899 641//641 
f 540//540 439//439 895//895 
f 288//288 518//518 911//911 
f 239//239 1330//1330 1220//1220 
f 63//63 1465//1465 512//512 
f 1295//1295 447//447 923//923 
f 923//923 447//447 1445//1445 
f 351//351 21//21 578//578 
f 813//813 478//478 1132//1132 
f 683//683 1052//1052 478//478 
f 464//464 594//594 899//899 
f 1381//1381 923//923 1445//1445 
f 194//194 661//661 597//597 
f 1267//1267 518//518 527//527 
f 74//74 95//95 876//876 
f 876//876 999//999 644//644 
f 625//625 342//342 1025//1025 
f 220//220 715//715 386//386 
f 38//38 227//227 611//611 
f 55//55 1106//1106 826//826 
f 1474//1474 563//563 1385//1385 
f 364//364 655//655 699//699 
f 658//658 1287//1287 672//672 
f 235//235 672//672 610//610 
f 235//235 610//610 805//805 
f 805//805 610//610 317//317 
f 805//805 317//317 1182//1182 
f 1182//1182 317//317 1275//1275 
f 1182//1182 1275//1275 453//453 
f 1437//1437 818//818 502//502 
f 193//193 1385//1385 414//414 
f 414//414 276//276 58//58 
f 646//646 664//664 60//60 
f 1214//1214 1271//1271 140//140 
f 934//934 1159//1159 1381//1381 
f 902//902 1327//1327 1166//1166 
f 1114//1114 1111//1111 490//490 
f 634//634 1330//1330 695//695 
f 1446//1446 397//397 825//825 
f 994//994 396//396 442//442 
f 194//194 1253//1253 1220//1220 
f 1220//1220 1253//1253 239//239 
f 276//276 414//414 1385//1385 
f 390//390 1382//1382 217//217 
f 168//168 1446//1446 630//630 
f 630//630 1446//1446 593//593 
f 476//476 852//852 192//192 
f 1447//1447 753//753 509//509 
f 136//136 357//357 10//10 
f 738//738 10//10 365//365 
f 738//738 365//365 1130//1130 
f 974//974 334//334 542//542 
f 974//974 542//542 496//496 
f 496//496 927//927 583//583 
f 826//826 334//334 665//665 
f 665//665 334//334 974//974 
f 1402//1402 34//34 938//938 
f 1402//1402 938//938 1297//1297 
f 625//625 690//690 1453//1453 
f 879//879 352//352 724//724 
f 879//879 724//724 938//938 
f 95//95 657//657 102//102 
f 224//224 197//197 277//277 
f 277//277 197//197 456//456 
f 1423//1423 689//689 700//700 
f 700//700 689//689 491//491 
f 721//721 960//960 317//317 
f 317//317 960//960 1241//1241 
f 1120//1120 160//160 1175//1175 
f 1175//1175 160//160 499//499 
f 638//638 890//890 82//82 
f 82//82 890//890 578//578 
f 95//95 74//74 664//664 
f 95//95 664//664 657//657 
f 163//163 1394//1394 960//960 
f 163//163 960//960 515//515 
f 1115//1115 1114//1114 900//900 
f 18//18 193//193 414//414 
f 1171//1171 835//835 531//531 
f 343//343 781//781 925//925 
f 582//582 925//925 567//567 
f 478//478 630//630 683//683 
f 683//683 630//630 593//593 
f 340//340 369//369 944//944 
f 340//340 944//944 146//146 
f 887//887 433//433 715//715 
f 887//887 715//715 220//220 
f 45//45 456//456 690//690 
f 496//496 1022//1022 974//974 
f 974//974 1022//1022 665//665 
f 187//187 543//543 1027//1027 
f 846//846 1214//1214 140//140 
f 1267//1267 299//299 786//786 
f 786//786 299//299 184//184 
f 634//634 1220//1220 1330//1330 
f 388//388 837//837 219//219 
f 388//388 219//219 1145//1145 
f 658//658 672//672 1343//1343 
f 235//235 805//805 1116//1116 
f 1116//1116 805//805 1182//1182 
f 1220//1220 634//634 194//194 
f 653//653 308//308 223//223 
f 392//392 337//337 223//223 
f 182//182 502//502 1256//1256 
f 1317//1317 481//481 964//964 
f 964//964 338//338 245//245 
f 964//964 245//245 504//504 
f 984//984 504//504 200//200 
f 394//394 255//255 1382//1382 
f 403//403 1299//1299 253//253 
f 946//946 514//514 679//679 
f 303//303 890//890 1429//1429 
f 1429//1429 890//890 128//128 
f 881//881 1327//1327 113//113 
f 855//855 1371//1371 1081//1081 
f 855//855 1081//1081 170//170 
f 787//787 109//109 397//397 
f 397//397 109//109 825//825 
f 678//678 1071//1071 594//594 
f 194//194 634//634 661//661 
f 661//661 634//634 1046//1046 
f 925//925 582//582 1197//1197 
f 865//865 1197//1197 582//582 
f 865//865 582//582 775//775 
f 824//824 1378//1378 116//116 
f 1065//1065 910//910 946//946 
f 527//527 243//243 1378//1378 
f 1378//1378 243//243 116//116 
f 868//868 960//960 721//721 
f 509//509 187//187 1447//1447 
f 1327//1327 11//11 1166//1166 
f 1166//1166 1141//1141 1171//1171 
f 1166//1166 1171//1171 531//531 
f 943//943 189//189 13//13 
f 1163//1163 189//189 309//309 
f 695//695 309//309 634//634 
f 585//585 1480//1480 272//272 
f 342//342 625//625 1453//1453 
f 74//74 287//287 664//664 
f 272//272 1480//1480 255//255 
f 501//501 946//946 679//679 
f 1224//1224 1215//1215 493//493 
f 307//307 1360//1360 1295//1295 
f 307//307 1295//1295 923//923 
f 1385//1385 1091//1091 1474//1474 
f 600//600 617//617 913//913 
f 981//981 997//997 840//840 
f 981//981 840//840 1163//1163 
f 981//981 1163//1163 695//695 
f 1324//1324 357//357 123//123 
f 913//913 353//353 600//600 
f 1152//1152 1354//1354 1237//1237 
f 610//610 721//721 317//317 
f 205//205 1027//1027 475//475 
f 475//475 1027//1027 543//543 
f 1400//1400 943//943 13//13 
f 1163//1163 13//13 189//189 
f 1163//1163 309//309 695//695 
f 840//840 1170//1170 1163//1163 
f 837//837 959//959 219//219 
f 219//219 586//586 1145//1145 
f 1169//1169 186//186 1071//1071 
f 999//999 876//876 699//699 
f 699//699 876//876 95//95 
f 1294//1294 481//481 1317//1317 
f 110//110 1294//1294 984//984 
f 110//110 984//984 200//200 
f 829//829 200//200 394//394 
f 829//829 394//394 1382//1382 
f 381//381 866//866 1138//1138 
f 1138//1138 866//866 109//109 
f 334//334 604//604 542//542 
f 220//220 1450//1450 887//887 
f 887//887 1450//1450 222//222 
f 512//512 435//435 63//63 
f 269//269 907//907 897//897 
f 897//897 907//907 824//824 
f 897//897 824//824 116//116 
f 143//143 1434//1434 624//624 
f 624//624 1434//1434 768//768 
f 1154//1154 1155//1155 1437//1437 
f 1065//1065 1204//1204 865//865 
f 979//979 893//893 772//772 
f 1159//1159 1482//1482 421//421 
f 219//219 84//84 586//586 
f 1326//1326 21//21 1176//1176 
f 1176//1176 21//21 351//351 
f 1304//1304 320//320 1287//1287 
f 1287//1287 320//320 1430//1430 
f 1430//1430 320//320 868//868 
f 1381//1381 1159//1159 923//923 
f 1437//1437 502//502 692//692 
f 903//903 779//779 950//950 
f 287//287 74//74 876//876 
f 504//504 245//245 584//584 
f 504//504 584//584 79//79 
f 681//681 55//55 1022//1022 
f 189//189 1278//1278 309//309 
f 309//309 1278//1278 1046//1046 
f 309//309 1046//1046 634//634 
f 877//877 912//912 1371//1371 
f 501//501 1204//1204 946//946 
f 1343//1343 235//235 1116//1116 
f 835//835 304//304 234//234 
f 925//925 1197//1197 343//343 
f 1046//1046 1278//1278 1175//1175 
f 1046//1046 1175//1175 661//661 
f 542//542 927//927 496//496 
f 692//692 502//502 182//182 
f 33//33 182//182 293//293 
f 456//456 940//940 690//690 
f 760//760 477//477 1434//1434 
f 959//959 759//759 980//980 
f 84//84 303//303 586//586 
f 759//759 959//959 1030//1030 
f 1030//1030 959//959 837//837 
f 981//981 1056//1056 997//997 
f 1235//1235 1291//1291 1349//1349 
f 1235//1235 1349//1349 1131//1131 
f 1482//1482 934//934 1235//1235 
f 1235//1235 934//934 1291//1291 
f 246//246 990//990 1378//1378 
f 733//733 986//986 932//932 
f 829//829 1382//1382 743//743 
f 1166//1166 11//11 1141//1141 
f 610//610 1430//1430 868//868 
f 610//610 868//868 721//721 
f 127//127 848//848 1400//1400 
f 127//127 1400//1400 13//13 
f 357//357 1324//1324 10//10 
f 781//781 98//98 907//907 
f 950//950 1091//1091 903//903 
f 1403//1403 1093//1093 308//308 
f 994//994 1120//1120 639//639 
f 769//769 402//402 670//670 
f 136//136 10//10 738//738 
f 1237//1237 1099//1099 293//293 
f 293//293 1099//1099 249//249 
f 293//293 249//249 33//33 
f 1170//1170 840//840 997//997 
f 568//568 999//999 699//699 
f 740//740 327//327 185//185 
f 927//927 542//542 214//214 
f 554//554 667//667 558//558 
f 959//959 367//367 219//219 
f 1064//1064 271//271 205//205 
f 260//260 452//452 580//580 
f 870//870 787//787 397//397 
f 870//870 397//397 965//965 
f 851//851 965//965 406//406 
f 970//970 286//286 1028//1028 
f 320//320 860//860 868//868 
f 1009//1009 337//337 1328//1328 
f 1385//1385 903//903 1091//1091 
f 282//282 1204//1204 501//501 
f 1360//1360 836//836 1056//1056 
f 295//295 881//881 515//515 
f 515//515 881//881 163//163 
f 1159//1159 421//421 985//985 
f 985//985 421//421 979//979 
f 697//697 801//801 1425//1425 
f 351//351 578//578 303//303 
f 351//351 303//303 84//84 
f 1237//1237 1329//1329 1099//1099 
f 1349//1349 1291//1291 876//876 
f 1131//1131 1016//1016 1157//1157 
f 1376//1376 205//205 950//950 
f 1402//1402 161//161 1335//1335 
f 1335//1335 161//161 920//920 
f 740//740 185//185 1377//1377 
f 681//681 1134//1134 237//237 
f 33//33 711//711 692//692 
f 1318//1318 98//98 781//781 
f 139//139 1118//1118 1119//1119 
f 282//282 1296//1296 1204//1204 
f 469//469 624//624 488//488 
f 504//504 79//79 200//200 
f 200//200 79//79 394//394 
f 321//321 187//187 1027//1027 
f 193//193 18//18 466//466 
f 743//743 270//270 53//53 
f 1191//1191 53//53 383//383 
f 1349//1349 876//876 644//644 
f 25//25 583//583 1196//1196 
f 25//25 1196//1196 420//420 
f 1235//1235 1131//1131 1157//1157 
f 1235//1235 1157//1157 1482//1482 
f 983//983 406//406 168//168 
f 860//860 515//515 868//868 
f 1148//1148 343//343 1296//1296 
f 1296//1296 343//343 1197//1197 
f 1335//1335 970//970 1402//1402 
f 779//779 1376//1376 950//950 
f 1447//1447 187//187 321//321 
f 342//342 1453//1453 607//607 
f 607//607 1453//1453 615//615 
f 342//342 607//607 325//325 
f 659//659 607//607 240//240 
f 979//979 421//421 893//893 
f 893//893 421//421 1482//1482 
f 1288//1288 609//609 659//659 
f 659//659 609//609 325//325 
f 110//110 200//200 829//829 
f 110//110 829//829 1191//1191 
f 1333//1333 435//435 172//172 
f 647//647 809//809 554//554 
f 870//870 851//851 919//919 
f 520//520 1383//1383 798//798 
f 520//520 798//798 39//39 
f 520//520 39//39 494//494 
f 580//580 494//494 260//260 
f 1343//1343 672//672 235//235 
f 325//325 607//607 659//659 
f 659//659 240//240 1419//1419 
f 659//659 1419//1419 797//797 
f 154//154 674//674 214//214 
f 1092//1092 1148//1148 1296//1296 
f 1432//1432 469//469 488//488 
f 77//77 1064//1064 1376//1376 
f 1376//1376 1064//1064 205//205 
f 943//943 1278//1278 189//189 
f 1296//1296 282//282 188//188 
f 1296//1296 188//188 1092//1092 
f 915//915 644//644 999//999 
f 980//980 1141//1141 20//20 
f 371//371 359//359 677//677 
f 371//371 677//677 1003//1003 
f 371//371 1003//1003 477//477 
f 297//297 346//346 1123//1123 
f 1123//1123 346//346 1121//1121 
f 1121//1121 1272//1272 598//598 
f 598//598 1272//1272 351//351 
f 1016//1016 917//917 538//538 
f 1157//1157 893//893 1482//1482 
f 1163//1163 1170//1170 13//13 
f 13//13 1170//1170 127//127 
f 67//67 1213//1213 216//216 
f 1278//1278 216//216 9//9 
f 184//184 299//299 44//44 
f 768//768 1390//1390 488//488 
f 186//186 1169//1169 1144//1144 
f 1452//1452 92//92 1246//1246 
f 1332//1332 1169//1169 349//349 
f 1332//1332 349//349 877//877 
f 741//741 877//877 28//28 
f 1447//1447 321//321 1140//1140 
f 1169//1169 622//622 349//349 
f 320//320 1304//1304 860//860 
f 1329//1329 1167//1167 1099//1099 
f 420//420 927//927 214//214 
f 1477//1477 44//44 246//246 
f 246//246 44//44 990//990 
f 927//927 420//420 1196//1196 
f 1027//1027 271//271 321//321 
f 980//980 759//759 1141//1141 
f 1313//1313 1349//1349 644//644 
f 538//538 270//270 1288//1288 
f 1288//1288 270//270 609//609 
f 547//547 366//366 1297//1297 
f 866//866 1340//1340 109//109 
f 956//956 640//640 1075//1075 
f 375//375 420//420 674//674 
f 779//779 903//903 1084//1084 
f 772//772 893//893 1157//1157 
f 233//233 538//538 1288//1288 
f 860//860 1304//1304 20//20 
f 20//20 1304//1304 297//297 
f 860//860 20//20 295//295 
f 89//89 994//994 639//639 
f 89//89 639//639 9//9 
f 456//456 1173//1173 940//940 
f 615//615 240//240 607//607 
f 965//965 851//851 870//870 
f 242//242 918//918 338//338 
f 9//9 757//757 89//89 
f 740//740 1154//1154 1305//1305 
f 1305//1305 1154//1154 711//711 
f 712//712 1016//1016 1131//1131 
f 919//919 851//851 966//966 
f 1016//1016 772//772 1157//1157 
f 1148//1148 1092//1092 1318//1318 
f 69//69 782//782 1167//1167 
f 1167//1167 782//782 249//249 
f 354//354 779//779 636//636 
f 1456//1456 161//161 366//366 
f 743//743 53//53 1191//1191 
f 615//615 1453//1453 940//940 
f 367//367 598//598 84//84 
f 720//720 983//983 313//313 
f 345//345 321//321 271//271 
f 943//943 216//216 1278//1278 
f 359//359 80//80 677//677 
f 1317//1317 964//964 984//984 
f 984//984 964//964 504//504 
f 1311//1311 1073//1073 744//744 
f 648//648 615//615 940//940 
f 1426//1426 300//300 1427//1427 
f 1426//1426 1092//1092 300//300 
f 300//300 1092//1092 188//188 
f 660//660 226//226 1261//1261 
f 640//640 1221//1221 198//198 
f 616//616 1458//1458 36//36 
f 94//94 233//233 797//797 
f 936//936 300//300 188//188 
f 635//635 1131//1131 1313//1313 
f 1324//1324 914//914 10//10 
f 10//10 914//914 365//365 
f 1121//1121 346//346 1272//1272 
f 420//420 214//214 674//674 
f 598//598 367//367 1121//1121 
f 1447//1447 1140//1140 1132//1132 
f 1132//1132 1140//1140 813//813 
f 1122//1122 956//956 1075//1075 
f 297//297 1123//1123 980//980 
f 36//36 127//127 616//616 
f 635//635 1036//1036 712//712 
f 650//650 496//496 583//583 
f 816//816 915//915 958//958 
f 958//958 915//915 999//999 
f 856//856 1064//1064 1458//1458 
f 270//270 538//538 917//917 
f 815//815 68//68 746//746 
f 162//162 278//278 733//733 
f 650//650 1086//1086 896//896 
f 650//650 896//896 681//681 
f 681//681 896//896 1134//1134 
f 162//162 920//920 561//561 
f 1021//1021 249//249 782//782 
f 849//849 914//914 1339//1339 
f 1339//1339 362//362 1264//1264 
f 1170//1170 1013//1013 728//728 
f 547//547 1386//1386 366//366 
f 1287//1287 658//658 465//465 
f 327//327 740//740 952//952 
f 816//816 958//958 1143//1143 
f 1143//1143 958//958 1366//1366 
f 1366//1366 958//958 1403//1403 
f 1366//1366 1403//1403 308//308 
f 653//653 1366//1366 308//308 
f 1313//1313 1131//1131 1349//1349 
f 1172//1172 1057//1057 663//663 
f 346//346 663//663 1057//1057 
f 1366//1366 653//653 748//748 
f 20//20 297//297 980//980 
f 580//580 452//452 1302//1302 
f 870//870 1302//1302 787//787 
f 1016//1016 557//557 772//772 
f 1426//1426 44//44 1477//1477 
f 209//209 1036//1036 383//383 
f 209//209 383//383 53//53 
f 648//648 940//940 1173//1173 
f 177//177 583//583 25//25 
f 513//513 424//424 468//468 
f 177//177 25//25 886//886 
f 278//278 1247//1247 1167//1167 
f 278//278 1167//1167 1329//1329 
f 772//772 557//557 979//979 
f 1427//1427 674//674 1426//1426 
f 1426//1426 674//674 44//44 
f 590//590 1386//1386 150//150 
f 1288//1288 659//659 797//797 
f 1288//1288 797//797 233//233 
f 375//375 1427//1427 936//936 
f 465//465 1172//1172 663//663 
f 1172//1172 46//46 1057//1057 
f 465//465 1304//1304 1287//1287 
f 1173//1173 1041//1041 648//648 
f 648//648 1041//1041 1051//1051 
f 636//636 1467//1467 354//354 
f 1123//1123 1121//1121 367//367 
f 347//347 1138//1138 452//452 
f 452//452 1138//1138 1302//1302 
f 936//936 886//886 375//375 
f 375//375 25//25 420//420 
f 481//481 451//451 964//964 
f 623//623 771//771 1343//1343 
f 757//757 1213//1213 105//105 
f 1138//1138 109//109 1302//1302 
f 1130//1130 1254//1254 1333//1333 
f 635//635 712//712 1131//1131 
f 1292//1292 1332//1332 516//516 
f 516//516 741//741 103//103 
f 331//331 935//935 144//144 
f 144//144 935//935 1456//1456 
f 765//765 635//635 1313//1313 
f 1440//1440 956//956 16//16 
f 1440//1440 16//16 513//513 
f 674//674 1427//1427 375//375 
f 1084//1084 1470//1470 636//636 
f 216//216 943//943 67//67 
f 321//321 345//345 285//285 
f 1134//1134 1418//1418 97//97 
f 36//36 29//29 127//127 
f 1400//1400 67//67 943//943 
f 765//765 1313//1313 691//691 
f 279//279 1390//1390 30//30 
f 648//648 1471//1471 615//615 
f 914//914 849//849 365//365 
f 1366//1366 479//479 1143//1143 
f 691//691 62//62 481//481 
f 1122//1122 16//16 956//956 
f 856//856 345//345 271//271 
f 728//728 856//856 1458//1458 
f 1440//1440 513//513 471//471 
f 300//300 936//936 1427//1427 
f 697//697 813//813 1140//1140 
f 1425//1425 1126//1126 313//313 
f 636//636 1153//1153 1467//1467 
f 1294//1294 1317//1317 984//984 
f 919//919 580//580 870//870 
f 233//233 557//557 538//538 
f 580//580 1302//1302 870//870 
f 1337//1337 782//782 69//69 
f 732//732 69//69 1002//1002 
f 1002//1002 1338//1338 331//331 
f 1399//1399 1112//1112 985//985 
f 1061//1061 816//816 1143//1143 
f 1001//1001 46//46 771//771 
f 929//929 1190//1190 1067//1067 
f 697//697 1140//1140 571//571 
f 571//571 1140//1140 285//285 
f 513//513 16//16 424//424 
f 1082//1082 1086//1086 650//650 
f 548//548 516//516 103//103 
f 966//966 494//494 919//919 
f 820//820 198//198 1221//1221 
f 1213//1213 820//820 105//105 
f 365//365 849//849 306//306 
f 226//226 556//556 103//103 
f 1338//1338 935//935 331//331 
f 830//830 1174//1174 1082//1082 
f 263//263 1305//1305 1379//1379 
f 1063//1063 1174//1174 830//830 
f 348//348 1212//1212 1029//1029 
f 1153//1153 848//848 29//29 
f 306//306 455//455 365//365 
f 590//590 605//605 1464//1464 
f 595//595 1276//1276 1254//1254 
f 233//233 94//94 557//557 
f 348//348 1029//1029 564//564 
f 348//348 564//564 623//623 
f 998//998 623//623 1144//1144 
f 691//691 481//481 765//765 
f 516//516 548//548 1292//1292 
f 1153//1153 1213//1213 67//67 
f 105//105 820//820 1221//1221 
f 67//67 848//848 1153//1153 
f 520//520 494//494 966//966 
f 1339//1339 522//522 849//849 
f 1399//1399 505//505 1372//1372 
f 69//69 1167//1167 1247//1247 
f 728//728 472//472 856//856 
f 1338//1338 1247//1247 2//2 
f 2//2 162//162 935//935 
f 1082//1082 1174//1174 1373//1373 
f 348//348 623//623 998//998 
f 564//564 1001//1001 623//623 
f 1338//1338 2//2 935//935 
f 728//728 831//831 472//472 
f 1276//1276 595//595 592//592 
f 1452//1452 345//345 856//856 
f 1419//1419 49//49 750//750 
f 1419//1419 750//750 797//797 
f 345//345 1316//1316 285//285 
f 1086//1086 363//363 896//896 
f 348//348 998//998 511//511 
f 348//348 511//511 1212//1212 
f 1002//1002 1367//1367 732//732 
f 732//732 1367//1367 173//173 
f 1379//1379 929//929 1067//1067 
f 347//347 1063//1063 1138//1138 
f 22//22 46//46 564//564 
f 564//564 46//46 1001//1001 
f 732//732 173//173 929//929 
f 69//69 732//732 1359//1359 
f 69//69 1359//1359 1337//1337 
f 1266//1266 979//979 492//492 
f 492//492 979//979 94//94 
f 985//985 1266//1266 1399//1399 
f 1059//1059 415//415 1073//1073 
f 882//882 1471//1471 1051//1051 
f 1051//1051 1471//1471 648//648 
f 979//979 1266//1266 985//985 
f 347//347 1373//1373 1174//1174 
f 595//595 455//455 467//467 
f 1002//1002 331//331 1367//1367 
f 1367//1367 331//331 948//948 
f 1442//1442 425//425 548//548 
f 1051//1051 333//333 1431//1431 
f 1431//1431 333//333 1160//1160 
f 602//602 968//968 843//843 
f 294//294 455//455 306//306 
f 1277//1277 596//596 1126//1126 
f 1126//1126 596//596 165//165 
f 1316//1316 571//571 285//285 
f 1373//1373 1086//1086 1082//1082 
f 1379//1379 1359//1359 929//929 
f 929//929 1359//1359 732//732 
f 831//831 1165//1165 472//472 
f 580//580 919//919 494//494 
f 939//939 680//680 1017//1017 
f 939//939 1017//1017 1034//1034 
f 939//939 1034//1034 467//467 
f 173//173 1190//1190 929//929 
f 1316//1316 345//345 1452//1452 
f 1316//1316 1452//1452 1246//1246 
f 662//662 294//294 306//306 
f 181//181 1165//1165 831//831 
f 522//522 22//22 735//735 
f 522//522 735//735 306//306 
f 173//173 1367//1367 948//948 
f 1419//1419 588//588 49//49 
f 1392//1392 656//656 553//553 
f 1266//1266 723//723 1399//1399 
f 49//49 588//588 882//882 
f 882//882 588//588 1471//1471 
f 744//744 1073//1073 882//882 
f 744//744 882//882 1051//1051 
f 1149//1149 12//12 1277//1277 
f 72//72 1373//1373 347//347 
f 1338//1338 1002//1002 1247//1247 
f 1247//1247 1002//1002 69//69 
f 560//560 1086//1086 1373//1373 
f 571//571 1392//1392 697//697 
f 972//972 1165//1165 181//181 
f 1277//1277 729//729 596//596 
f 260//260 1053//1053 941//941 
f 662//662 306//306 735//735 
f 1404//1404 1442//1442 480//480 
f 941//941 72//72 347//347 
f 260//260 941//941 452//452 
f 528//528 560//560 210//210 
f 361//361 575//575 798//798 
f 723//723 355//355 505//505 
f 329//329 467//467 294//294 
f 1431//1431 1160//1160 1280//1280 
f 797//797 750//750 94//94 
f 798//798 1017//1017 39//39 
f 131//131 811//811 75//75 
f 1459//1459 654//654 22//22 
f 1459//1459 22//22 564//564 
f 355//355 1165//1165 972//972 
f 941//941 1053//1053 1322//1322 
f 432//432 571//571 1316//1316 
f 560//560 1373//1373 1108//1108 
f 729//729 1280//1280 1160//1160 
f 750//750 120//120 492//492 
f 39//39 1053//1053 494//494 
f 1029//1029 1212//1212 1202//1202 
f 662//662 735//735 329//329 
f 19//19 1311//1311 107//107 
f 49//49 882//882 1073//1073 
f 49//49 1073//1073 415//415 
f 380//380 75//75 257//257 
f 257//257 75//75 654//654 
f 257//257 654//654 1459//1459 
f 1459//1459 564//564 1029//1029 
f 939//939 329//329 1421//1421 
f 680//680 1421//1421 457//457 
f 680//680 457//457 1053//1053 
f 415//415 750//750 49//49 
f 680//680 939//939 1421//1421 
f 120//120 723//723 492//492 
f 298//298 614//614 931//931 
f 92//92 1165//1165 931//931 
f 92//92 931//931 749//749 
f 92//92 749//749 1246//1246 
f 821//821 19//19 12//12 
f 821//821 553//553 656//656 
f 1017//1017 680//680 39//39 
f 951//951 1073//1073 1311//1311 
f 614//614 432//432 749//749 
f 749//749 432//432 1246//1246 
f 39//39 680//680 1053//1053 
f 735//735 654//654 329//329 
f 329//329 654//654 75//75 
f 329//329 75//75 482//482 
f 210//210 380//380 1202//1202 
f 1414//1414 951//951 19//19 
f 457//457 811//811 1322//1322 
f 457//457 1322//1322 1053//1053 
f 257//257 1459//1459 1202//1202 
f 380//380 257//257 1202//1202 
f 811//811 131//131 1322//1322 
f 145//145 120//120 750//750 
f 145//145 750//750 415//415 
f 145//145 415//415 1059//1059 
f 380//380 1108//1108 131//131 
f 931//931 614//614 749//749 
f 656//656 614//614 821//821 
f 75//75 380//380 131//131 
f 1414//1414 19//19 821//821 
f 1059//1059 1073//1073 951//951 
f 1942//1942 1728//1728 2213//2213 
f 1815//1815 1604//1604 2022//2022 
f 1598//1598 1547//1547 2217//2217 
f 2180//2180 2364//2364 1525//1525 
f 1677//1677 1771//1771 1705//1705 
f 1771//1771 1962//1962 1705//1705 
f 1968//1968 1728//1728 1687//1687 
f 1930//1930 1947//1947 2049//2049 
f 2383//2383 2125//2125 2225//2225 
f 2476//2476 2125//2125 2383//2383 
f 1525//1525 2189//2189 1937//1937 
f 1574//1574 2337//2337 2179//2179 
f 2191//2191 2610//2610 1831//1831 
f 1668//1668 2072//2072 1914//1914 
f 1529//1529 1982//1982 1962//1962 
f 1839//1839 2378//2378 2196//2196 
f 2193//2193 1553//1553 1752//1752 
f 1528//1528 2383//2383 2184//2184 
f 2617//2617 1498//1498 1737//1737 
f 2214//2214 1864//1864 2126//2126 
f 2180//2180 2613//2613 1574//1574 
f 1765//1765 2298//2298 2019//2019 
f 2616//2616 1930//1930 2576//2576 
f 2070//2070 1899//1899 1866//1866 
f 1574//1574 2179//2179 2256//2256 
f 2275//2275 1656//1656 2349//2349 
f 1835//1835 2139//2139 1621//1621 
f 1801//1801 1485//1485 1759//1759 
f 1720//1720 1745//1745 1501//1501 
f 1665//1665 2196//2196 2378//2378 
f 1755//1755 2196//2196 1665//1665 
f 1687//1687 1930//1930 2018//2018 
f 1687//1687 1947//1947 1930//1930 
f 2018//2018 1968//1968 1687//1687 
f 2155//2155 2409//2409 1889//1889 
f 2070//2070 1711//1711 1899//1899 
f 2070//2070 1889//1889 1711//1711 
f 2022//2022 2043//2043 1988//1988 
f 2022//2022 1604//1604 2043//2043 
f 1737//1737 1498//1498 1996//1996 
f 1737//1737 2521//2521 2573//2573 
f 2588//2588 2611//2611 2573//2573 
f 2588//2588 1746//1746 2611//2611 
f 2094//2094 1746//1746 2588//2588 
f 2094//2094 1915//1915 1746//1746 
f 2484//2484 2003//2003 1738//1738 
f 2041//2041 2239//2239 1738//1738 
f 2134//2134 2495//2495 2219//2219 
f 2139//2139 2134//2134 1621//1621 
f 2495//2495 2134//2134 2139//2139 
f 1745//1745 2147//2147 2164//2164 
f 1745//1745 1720//1720 2147//2147 
f 2278//2278 1599//1599 1677//1677 
f 2278//2278 2470//2470 1599//1599 
f 1599//1599 1777//1777 1677//1677 
f 2106//2106 1839//1839 2284//2284 
f 2043//2043 1604//1604 2630//2630 
f 1747//1747 1592//1592 2231//2231 
f 2478//2478 1817//1817 2482//2482 
f 2478//2478 2579//2579 1817//1817 
f 2511//2511 2189//2189 1819//1819 
f 1810//1810 2189//2189 2511//2511 
f 2589//2589 1497//1497 1971//1971 
f 1810//1810 2004//2004 2381//2381 
f 2189//2189 1810//1810 1716//1716 
f 2275//2275 2613//2613 2575//2575 
f 1777//1777 1599//1599 2504//2504 
f 1683//1683 2245//2245 1990//1990 
f 1771//1771 2245//2245 1683//1683 
f 1549//1549 1813//1813 1801//1801 
f 1668//1668 2167//2167 2371//2371 
f 2245//2245 1677//1677 1777//1777 
f 1771//1771 1677//1677 2245//2245 
f 1665//1665 2378//2378 1934//1934 
f 1752//1752 1497//1497 2589//2589 
f 2394//2394 2276//2276 2017//2017 
f 2621//2621 2276//2276 2394//2394 
f 2611//2611 1737//1737 2573//2573 
f 1595//1595 2016//2016 1975//1975 
f 2511//2511 2004//2004 1810//1810 
f 1819//1819 1496//1496 2511//2511 
f 1549//1549 2134//2134 2421//2421 
f 1801//1801 1621//1621 1549//1549 
f 1485//1485 1960//1960 1905//1905 
f 2490//2490 1960//1960 1485//1485 
f 1801//1801 2490//2490 1485//1485 
f 2091//2091 2419//2419 2056//2056 
f 1582//1582 1599//1599 2470//2470 
f 2504//2504 1599//1599 1582//1582 
f 1498//1498 2484//2484 1569//1569 
f 1492//1492 1747//1747 1898//1898 
f 2288//2288 1747//1747 1492//1492 
f 2167//2167 1967//1967 2371//2371 
f 2167//2167 2606//2606 1967//1967 
f 1971//1971 1665//1665 1558//1558 
f 2409//2409 2171//2171 2616//2616 
f 2409//2409 2234//2234 2171//2171 
f 1714//1714 1869//1869 2630//2630 
f 2398//2398 1716//1716 1523//1523 
f 2398//2398 1937//1937 1716//1716 
f 2398//2398 2180//2180 1937//1937 
f 2575//2575 2448//2448 1991//1991 
f 1870//1870 2275//2275 2575//2575 
f 2422//2422 2147//2147 2610//2610 
f 2422//2422 2164//2164 2147//2147 
f 2083//2083 2164//2164 2422//2422 
f 2083//2083 1577//1577 2164//2164 
f 2441//2441 1577//1577 2083//2083 
f 1582//1582 2091//2091 2056//2056 
f 2470//2470 1668//1668 2091//2091 
f 1777//1777 1990//1990 2245//2245 
f 2504//2504 1990//1990 1777//1777 
f 2589//2589 2446//2446 2095//2095 
f 1971//1971 2446//2446 2589//2589 
f 1968//1968 2017//2017 1728//1728 
f 1968//1968 2581//2581 2017//2017 
f 2515//2515 2581//2581 1968//1968 
f 1987//1987 2321//2321 2515//2515 
f 2409//2409 2155//2155 2234//2234 
f 1988//1988 2561//2561 1660//1660 
f 1988//1988 2043//2043 2561//2561 
f 2155//2155 1660//1660 2234//2234 
f 1889//1889 2070//2070 2155//2155 
f 2046//2046 2252//2252 2288//2288 
f 2252//2252 1964//1964 2288//2288 
f 2371//2371 1967//1967 2227//2227 
f 2561//2561 2412//2412 1660//1660 
f 2043//2043 1869//1869 2561//2561 
f 2043//2043 2630//2630 1869//1869 
f 2155//2155 1988//1988 1660//1660 
f 2070//2070 1988//1988 2155//2155 
f 2070//2070 2022//2022 1988//1988 
f 1866//1866 2022//2022 2070//2070 
f 1919//1919 2022//2022 1866//1866 
f 2551//2551 1949//1949 2182//2182 
f 2381//2381 1533//1533 1810//1810 
f 2457//2457 1793//1793 2568//2568 
f 2394//2394 1793//1793 2457//2457 
f 2227//2227 2419//2419 2371//2371 
f 2259//2259 2419//2419 2227//2227 
f 1510//1510 2170//2170 1990//1990 
f 2148//2148 2274//2274 1875//1875 
f 2508//2508 2581//2581 1630//1630 
f 1954//1954 2581//2581 2508//2508 
f 1539//1539 1893//1893 1494//1494 
f 1492//1492 2127//2127 2046//2046 
f 2239//2239 1747//1747 2288//2288 
f 2231//2231 1898//1898 1747//1747 
f 1502//1502 2635//2635 1518//1518 
f 1817//1817 1739//1739 2482//2482 
f 1949//1949 2635//2635 1502//1502 
f 1949//1949 2482//2482 2635//2635 
f 1810//1810 1533//1533 1523//1523 
f 1594//1594 1960//1960 1813//1813 
f 2234//2234 1987//1987 2171//2171 
f 2234//2234 2412//2412 1573//1573 
f 1660//1660 2412//2412 2234//2234 
f 1869//1869 1494//1494 2077//2077 
f 2315//2315 1494//1494 1869//1869 
f 2524//2524 2285//2285 1618//1618 
f 2209//2209 2421//2421 2229//2229 
f 2020//2020 1605//1605 1703//1703 
f 2148//2148 2106//2106 2284//2284 
f 2148//2148 1671//1671 2106//2106 
f 1518//1518 1513//1513 2449//2449 
f 1518//1518 2589//2589 1513//1513 
f 2634//2634 2589//2589 1518//1518 
f 2321//2321 1630//1630 2581//2581 
f 2321//2321 2249//2249 1630//1630 
f 2288//2288 1492//1492 2046//2046 
f 2508//2508 2414//2414 2597//2597 
f 2227//2227 2547//2547 2259//2259 
f 2227//2227 1967//1967 2547//2547 
f 2606//2606 1577//1577 1967//1967 
f 1931//1931 2419//2419 2560//2560 
f 1931//1931 2056//2056 2419//2419 
f 2170//2170 1875//1875 2274//2274 
f 2148//2148 1875//1875 1671//1671 
f 2131//2131 1992//1992 1959//1959 
f 1703//1703 2421//2421 2209//2209 
f 1605//1605 2421//2421 1703//1703 
f 2449//2449 1513//1513 2439//2439 
f 2449//2449 2439//2439 2271//2271 
f 1702//1702 1533//1533 2253//2253 
f 1702//1702 1523//1523 1533//1533 
f 1991//1991 2209//2209 2575//2575 
f 1991//1991 1567//1567 2209//2209 
f 2575//2575 2229//2229 1499//1499 
f 2209//2209 2229//2229 2575//2575 
f 2170//2170 1510//1510 2236//2236 
f 2274//2274 1990//1990 2170//2170 
f 1515//1515 2389//2389 1828//1828 
f 2095//2095 2491//2491 1513//1513 
f 2508//2508 1826//1826 1989//1989 
f 1630//1630 1826//1826 2508//2508 
f 2249//2249 1573//1573 1588//1588 
f 2321//2321 1987//1987 2249//2249 
f 2581//2581 2515//2515 2321//2321 
f 1954//1954 2017//2017 2581//2581 
f 2311//2311 2077//2077 2510//2510 
f 2311//2311 2636//2636 2077//2077 
f 2177//2177 1886//1886 1689//1689 
f 2127//2127 1905//1905 2177//2177 
f 1502//1502 2271//2271 2638//2638 
f 2310//2310 1781//1781 1587//1587 
f 2304//2304 1847//1847 1867//1867 
f 2167//2167 1668//1668 1914//1914 
f 2371//2371 2091//2091 1668//1668 
f 2419//2419 2091//2091 2371//2371 
f 2560//2560 2419//2419 2259//2259 
f 1826//1826 2038//2038 1989//1989 
f 2439//2439 1513//1513 2491//2491 
f 2589//2589 2095//2095 1513//1513 
f 2634//2634 1752//1752 2589//2589 
f 1739//1739 1752//1752 2634//2634 
f 1739//1739 2193//2193 1752//1752 
f 1817//1817 2193//2193 1739//1739 
f 2388//2388 1992//1992 1689//1689 
f 1560//1560 2638//2638 1778//1778 
f 1560//1560 1502//1502 2638//2638 
f 2380//2380 2253//2253 1778//1778 
f 1567//1567 2253//2253 2380//2380 
f 1567//1567 1702//1702 2253//2253 
f 2606//2606 2167//2167 2036//2036 
f 1672//1672 2560//2560 2259//2259 
f 1672//1672 2303//2303 2560//2560 
f 1867//1867 2303//2303 1672//1672 
f 2236//2236 2543//2543 2535//2535 
f 1510//1510 2543//2543 2236//2236 
f 1510//1510 2065//2065 2543//2543 
f 2504//2504 2065//2065 1510//1510 
f 1582//1582 2065//2065 2504//2504 
f 1510//1510 1990//1990 2504//2504 
f 1875//1875 2053//2053 1521//1521 
f 1521//1521 2389//2389 1671//1671 
f 1521//1521 1828//1828 2389//2389 
f 2105//2105 1630//1630 1588//1588 
f 2105//2105 1826//1826 1630//1630 
f 2439//2439 1503//1503 1825//1825 
f 2439//2439 1946//1946 1503//1503 
f 2491//2491 1946//1946 2439//2439 
f 2491//2491 1527//1527 1946//1946 
f 2491//2491 2002//2002 1527//1527 
f 2095//2095 2002//2002 2491//2491 
f 2446//2446 2002//2002 2095//2095 
f 2446//2446 1558//1558 2002//2002 
f 2356//2356 1825//1825 1822//1822 
f 2271//2271 2439//2439 2356//2356 
f 2439//2439 1825//1825 2356//2356 
f 1567//1567 2380//2380 2440//2440 
f 1520//1520 2024//2024 1608//1608 
f 1769//1769 1910//1910 1847//1847 
f 1672//1672 2304//2304 1867//1867 
f 2259//2259 2304//2304 1672//1672 
f 2259//2259 2547//2547 2304//2304 
f 1967//1967 2441//2441 2547//2547 
f 1967//1967 1577//1577 2441//2441 
f 2606//2606 2164//2164 1577//1577 
f 2606//2606 1745//1745 2164//2164 
f 1725//1725 1671//1671 2389//2389 
f 2106//2106 1671//1671 1725//1725 
f 1839//1839 1529//1529 2284//2284 
f 2569//2569 1818//1818 1826//1826 
f 2517//2517 1904//1904 2522//2522 
f 2517//2517 2026//2026 1904//1904 
f 2492//2492 1564//1564 2535//2535 
f 1517//1517 1564//1564 2492//2492 
f 2053//2053 1924//1924 1983//1983 
f 2053//2053 1612//1612 1924//1924 
f 1671//1671 1875//1875 1521//1521 
f 2284//2284 2274//2274 2148//2148 
f 2105//2105 2569//2569 1826//1826 
f 2105//2105 2215//2215 2569//2569 
f 1834//1834 1887//1887 2215//2215 
f 1633//1633 1887//1887 1834//1834 
f 1825//1825 1503//1503 1842//1842 
f 1778//1778 2638//2638 1822//1822 
f 2182//2182 1560//1560 2425//2425 
f 2182//2182 1502//1502 1560//1560 
f 2182//2182 1949//1949 1502//1502 
f 2560//2560 2492//2492 1931//1931 
f 2560//2560 2303//2303 2492//2492 
f 1867//1867 1517//1517 2303//2303 
f 1910//1910 1517//1517 1867//1867 
f 1617//1617 1527//1527 1522//1522 
f 1617//1617 2322//2322 1527//1527 
f 1883//1883 1946//1946 2322//2322 
f 2074//2074 1828//1828 1983//1983 
f 1515//1515 1828//1828 2074//2074 
f 1883//1883 2322//2322 1670//1670 
f 2544//2544 1910//1910 2326//2326 
f 1760//1760 1564//1564 1517//1517 
f 1760//1760 1612//1612 1564//1564 
f 1840//1840 1612//1612 1760//1760 
f 1840//1840 1924//1924 1612//1612 
f 1585//1585 1924//1924 1840//1840 
f 1585//1585 1983//1983 1924//1924 
f 1842//1842 1503//1503 1487//1487 
f 1717//1717 2242//2242 1894//1894 
f 1886//1886 1500//1500 1717//1717 
f 2440//2440 2380//2380 2039//2039 
f 2453//2453 2326//2326 1729//1729 
f 1503//1503 1670//1670 1487//1487 
f 1503//1503 1883//1883 1670//1670 
f 2440//2440 2039//2039 1799//1799 
f 1885//1885 1585//1585 1645//1645 
f 1785//1785 2021//2021 1500//1500 
f 1837//1837 2021//2021 1785//1785 
f 1822//1822 2039//2039 2380//2380 
f 2318//2318 1559//1559 2153//2153 
f 1885//1885 2208//2208 1487//1487 
f 2467//2467 1734//1734 2359//2359 
f 2569//2569 1734//1734 2467//2467 
f 2208//2208 1885//1885 1645//1645 
f 2187//2187 1825//1825 1842//1842 
f 1822//1822 1825//1825 2187//2187 
f 1823//1823 1901//1901 2119//2119 
f 1799//1799 2233//2233 2052//2052 
f 2187//2187 2233//2233 1799//1799 
f 1840//1840 1645//1645 1585//1585 
f 1661//1661 1645//1645 1840//1840 
f 1795//1795 2119//2119 1734//1734 
f 2451//2451 1522//1522 1558//1558 
f 2577//2577 1522//1522 2451//2451 
f 1617//1617 1522//1522 2577//2577 
f 1885//1885 1487//1487 1670//1670 
f 1734//1734 1500//1500 1795//1795 
f 2021//2021 1836//1836 1500//1500 
f 2376//2376 2187//2187 2208//2208 
f 2233//2233 2187//2187 2376//2376 
f 1799//1799 1822//1822 2187//2187 
f 2039//2039 1822//1822 1799//1799 
f 2380//2380 1778//1778 1822//1822 
f 2253//2253 1560//1560 1778//1778 
f 2253//2253 2425//2425 1560//1560 
f 1533//1533 2425//2425 2253//2253 
f 1533//1533 2182//2182 2425//2425 
f 2381//2381 2182//2182 1533//1533 
f 1901//1901 1823//1823 1979//1979 
f 1945//1945 1837//1837 1493//1493 
f 1823//1823 2328//2328 1938//1938 
f 1500//1500 1836//1836 1795//1795 
f 2208//2208 1661//1661 2376//2376 
f 2208//2208 1645//1645 1661//1661 
f 2208//2208 1842//1842 1487//1487 
f 2187//2187 1842//1842 2208//2208 
f 1542//1542 2376//2376 2612//2612 
f 2584//2584 1836//1836 1973//1973 
f 2584//2584 1795//1795 1836//1836 
f 1741//1741 1873//1873 2584//2584 
f 1901//1901 1734//1734 2119//2119 
f 1901//1901 2359//2359 1734//1734 
f 2502//2502 2359//2359 1901//1901 
f 1901//1901 2082//2082 2502//2502 
f 1979//1979 2082//2082 1901//1901 
f 1606//1606 1912//1912 1979//1979 
f 1938//1938 2169//2169 1606//1606 
f 2471//2471 2169//2169 2005//2005 
f 1542//1542 2612//2612 2230//2230 
f 2545//2545 2615//2615 1976//1976 
f 1922//1922 2338//2338 2346//2346 
f 1922//1922 2376//2376 2338//2338 
f 2035//2035 2612//2612 2376//2376 
f 2035//2035 1495//1495 2612//2612 
f 1606//1606 2471//2471 2035//2035 
f 2169//2169 2471//2471 1606//1606 
f 2119//2119 1795//1795 2328//2328 
f 2328//2328 1823//1823 2119//2119 
f 1938//1938 1979//1979 1823//1823 
f 1938//1938 1606//1606 1979//1979 
f 1767//1767 1495//1495 2035//2035 
f 1976//1976 2034//2034 1767//1767 
f 2087//2087 2445//2445 2436//2436 
f 2413//2413 1800//1800 2404//2404 
f 1812//1812 2572//2572 1748//1748 
f 2546//2546 1821//1821 1749//1749 
f 2009//2009 2088//2088 2399//2399 
f 1530//1530 2218//2218 1710//1710 
f 1511//1511 2200//2200 2142//2142 
f 2527//2527 2626//2626 1571//1571 
f 2428//2428 2626//2626 2527//2527 
f 1852//1852 1581//1581 1908//1908 
f 2468//2468 2620//2620 1751//1751 
f 2497//2497 2254//2254 2355//2355 
f 2212//2212 1953//1953 1658//1658 
f 2529//2529 2507//2507 1923//1923 
f 1699//1699 2149//2149 2418//2418 
f 1829//1829 1698//1698 1859//1859 
f 1936//1936 1784//1784 1941//1941 
f 2093//2093 1603//1603 1921//1921 
f 2555//2555 1603//1603 2093//2093 
f 1951//1951 1948//1948 2390//2390 
f 1805//1805 2481//2481 1715//1715 
f 1854//1854 2481//2481 1805//1805 
f 1691//1691 2620//2620 1939//1939 
f 1710//1710 1607//1607 1530//1530 
f 1710//1710 1657//1657 1607//1607 
f 1673//1673 2190//2190 2331//2331 
f 2536//2536 2190//2190 1673//1673 
f 2142//2142 1544//1544 2542//2542 
f 2200//2200 1544//1544 2142//2142 
f 1855//1855 1918//1918 2205//2205 
f 1800//1800 1622//1622 2456//2456 
f 2605//2605 1953//1953 2212//2212 
f 1614//1614 2368//2368 2529//2529 
f 2212//2212 2368//2368 1614//1614 
f 1658//1658 2368//2368 2212//2212 
f 1896//1896 2058//2058 2283//2283 
f 2000//2000 2087//2087 1601//1601 
f 1921//1921 2081//2081 2093//2093 
f 1724//1724 2205//2205 1918//1918 
f 1908//1908 2391//2391 1925//1925 
f 2061//2061 1701//1701 1956//1956 
f 2399//2399 1701//1701 2061//2061 
f 2620//2620 2468//2468 1939//1939 
f 2497//2497 2060//2060 2263//2263 
f 2211//2211 2060//2060 2497//2497 
f 2190//2190 2536//2536 2552//2552 
f 2538//2538 2331//2331 2190//2190 
f 2538//2538 2027//2027 2331//2331 
f 1874//1874 2027//2027 2538//2538 
f 2200//2200 1978//1978 2494//2494 
f 2200//2200 1540//1540 1978//1978 
f 2342//2342 1953//1953 2605//2605 
f 1863//1863 1953//1953 2342//2342 
f 2293//2293 2348//2348 2149//2149 
f 2639//2639 2580//2580 2029//2029 
f 2343//2343 2580//2580 2639//2639 
f 1766//1766 1779//1779 2176//2176 
f 1896//1896 2574//2574 2058//2058 
f 2058//2058 2384//2384 2283//2283 
f 2058//2058 2228//2228 2384//2384 
f 2436//2436 1601//1601 2087//2087 
f 2436//2436 2401//2401 1601//1601 
f 1936//1936 1941//1941 1756//1756 
f 1749//1749 1509//1509 2405//2405 
f 1749//1749 2006//2006 1509//1509 
f 1749//1749 1821//1821 2006//2006 
f 2008//2008 2181//2181 1855//1855 
f 1921//1921 1724//1724 2474//2474 
f 1644//1644 1998//1998 1653//1653 
f 2351//2351 1653//1653 1998//1998 
f 2542//2542 1556//1556 2237//2237 
f 1544//1544 1556//1556 2542//2542 
f 2295//2295 2237//2237 1640//1640 
f 2258//2258 1697//1697 1638//1638 
f 2402//2402 2258//2258 2479//2479 
f 1939//1939 2073//2073 2143//2143 
f 1691//1691 2143//2143 2232//2232 
f 1691//1691 1939//1939 2143//2143 
f 1710//1710 2218//2218 2079//2079 
f 1607//1607 2069//2069 2001//2001 
f 2640//2640 2069//2069 1607//1607 
f 2456//2456 2246//2246 2250//2250 
f 2456//2456 1844//1844 2246//2246 
f 1622//1622 1844//1844 2456//2456 
f 1622//1622 2332//2332 1844//1844 
f 2572//2572 1863//1863 1540//1540 
f 1571//1571 2319//2319 2071//2071 
f 1650//1650 1601//1601 2307//2307 
f 2181//2181 1918//1918 1855//1855 
f 1650//1650 2008//2008 1601//1601 
f 1724//1724 1921//1921 1603//1603 
f 2254//2254 2263//2263 2141//2141 
f 2079//2079 1754//1754 1838//1838 
f 1613//1613 2190//2190 2552//2552 
f 2401//2401 2404//2404 2040//2040 
f 2436//2436 2404//2404 2401//2401 
f 2200//2200 2494//2494 1544//1544 
f 1766//1766 2624//2624 1779//1779 
f 1766//1766 2393//2393 2624//2624 
f 2029//2029 2352//2352 2319//2319 
f 2454//2454 2010//2010 1688//1688 
f 2580//2580 1535//1535 1654//1654 
f 2309//2309 1535//1535 2580//2580 
f 1936//1936 1756//1756 1727//1727 
f 1742//1742 1956//1956 1644//1644 
f 2061//2061 1956//1956 1742//1742 
f 2060//2060 2045//2045 2263//2263 
f 2060//2060 2073//2073 2045//2045 
f 1858//1858 2355//2355 2340//2340 
f 2640//2640 1657//1657 2406//2406 
f 1607//1607 1657//1657 2640//2640 
f 1844//1844 2027//2027 1874//1874 
f 2185//2185 1554//1554 1611//1611 
f 2040//2040 1554//1554 2185//2185 
f 2404//2404 1554//1554 2040//2040 
f 1641//1641 2350//2350 2605//2605 
f 1614//1614 1693//1693 1641//1641 
f 2178//2178 2348//2348 2293//2293 
f 1868//1868 2418//2418 2348//2348 
f 1576//1576 2583//2583 2235//2235 
f 2626//2626 2319//2319 1571//1571 
f 2626//2626 2029//2029 2319//2319 
f 2283//2283 2365//2365 1526//1526 
f 2283//2283 2384//2384 2365//2365 
f 1832//1832 2243//2243 1896//1896 
f 2399//2399 2427//2427 2009//2009 
f 2399//2399 2050//2050 2427//2427 
f 2258//2258 1638//1638 2479//2479 
f 2552//2552 1909//1909 1613//1613 
f 1576//1576 2526//2526 2312//2312 
f 1576//1576 2487//2487 2526//2526 
f 1576//1576 2235//2235 2487//2487 
f 2029//2029 1797//1797 2352//2352 
f 2029//2029 2580//2580 1797//1797 
f 2393//2393 2071//2071 2624//2624 
f 2282//2282 2176//2176 2042//2042 
f 1688//1688 2176//2176 2282//2282 
f 1688//1688 2129//2129 2176//2176 
f 2312//2312 2129//2129 1688//1688 
f 1565//1565 2081//2081 1932//1932 
f 1653//1653 1742//1742 1644//1644 
f 1653//1653 1757//1757 1742//1742 
f 1925//1925 2391//2391 2562//2562 
f 2061//2061 2050//2050 2399//2399 
f 2061//2061 1958//1958 2050//2050 
f 2085//2085 1958//1958 2061//2061 
f 1742//1742 2085//2085 2061//2061 
f 1929//1929 2085//2085 1742//1742 
f 1526//1526 1713//1713 2224//2224 
f 1526//1526 2365//2365 1713//1713 
f 2438//2438 2402//2402 2486//2486 
f 2265//2265 1838//1838 1754//1754 
f 2406//2406 2079//2079 1838//1838 
f 1657//1657 2079//2079 2406//2406 
f 1978//1978 1540//1540 1524//1524 
f 1524//1524 1863//1863 2342//2342 
f 1540//1540 1863//1863 1524//1524 
f 2342//2342 2605//2605 2195//2195 
f 2145//2145 1654//1654 1535//1535 
f 2243//2243 1832//1832 2023//2023 
f 1650//1650 1952//1952 1884//1884 
f 1509//1509 1565//1565 1775//1775 
f 2006//2006 1565//1565 1509//1509 
f 2474//2474 2181//2181 2097//2097 
f 1918//1918 2181//2181 2474//2474 
f 2269//2269 1925//1925 2562//2562 
f 1757//1757 1925//1925 2269//2269 
f 2390//2390 1925//1925 1757//1757 
f 1638//1638 2629//2629 1970//1970 
f 1638//1638 1640//1640 2629//2629 
f 2481//2481 2295//2295 1640//1640 
f 2265//2265 1754//1754 2141//2141 
f 2195//2195 2605//2605 2350//2350 
f 2590//2590 2529//2529 1923//1923 
f 2235//2235 1878//1878 1944//1944 
f 1538//1538 1878//1878 2235//2235 
f 2235//2235 2583//2583 1538//1538 
f 2293//2293 2235//2235 1944//1944 
f 1625//1625 2352//2352 1797//1797 
f 2319//2319 1625//1625 2600//2600 
f 1688//1688 2010//2010 2312//2312 
f 2282//2282 2454//2454 1688//1688 
f 2042//2042 2047//2047 2282//2282 
f 1756//1756 2405//2405 1727//1727 
f 1932//1932 2474//2474 2097//2097 
f 2391//2391 2488//2488 2465//2465 
f 2108//2108 1546//1546 2488//2488 
f 1929//1929 1655//1655 2085//2085 
f 2123//2123 2462//2462 2514//2514 
f 2141//2141 1754//1754 2340//2340 
f 2206//2206 1623//1623 2279//2279 
f 2548//2548 2206//2206 2289//2289 
f 2554//2554 2382//2382 1916//1916 
f 2554//2554 1610//1610 2382//2382 
f 2348//2348 1537//1537 1868//1868 
f 2178//2178 1537//1537 2348//2348 
f 2178//2178 1891//1891 1537//1537 
f 2466//2466 1891//1891 2178//2178 
f 2466//2466 2130//2130 1891//1891 
f 2178//2178 2133//2133 2466//2466 
f 2178//2178 2293//2293 2133//2133 
f 2243//2243 2145//2145 1535//1535 
f 1832//1832 1526//1526 2023//2023 
f 2057//2057 2090//2090 1884//1884 
f 1579//1579 2090//2090 2057//2057 
f 1879//1879 1740//1740 2341//2341 
f 2578//2578 1546//1546 1879//1879 
f 2159//2159 2488//2488 1546//1546 
f 2023//2023 1526//1526 2224//2224 
f 1832//1832 2283//2283 1526//1526 
f 1896//1896 2283//2283 1832//1832 
f 1697//1697 1640//1640 1638//1638 
f 2481//2481 1640//1640 1697//1697 
f 1955//1955 2514//2514 2223//2223 
f 2144//2144 2514//2514 1955//1955 
f 1686//1686 2514//2514 2144//2144 
f 2250//2250 2396//2396 1611//1611 
f 1610//1610 2554//2554 2637//2637 
f 2600//2600 2360//2360 2226//2226 
f 2600//2600 1625//1625 2360//2360 
f 2047//2047 1864//1864 2454//2454 
f 1952//1952 1803//1803 2586//2586 
f 1997//1997 1803//1803 2382//2382 
f 2586//2586 2057//2057 1952//1952 
f 2405//2405 1775//1775 1913//1913 
f 2405//2405 1509//1509 1775//1775 
f 2097//2097 2090//2090 2397//2397 
f 2097//2097 2181//2181 2090//2090 
f 2465//2465 2498//2498 2391//2391 
f 1638//1638 2327//2327 2479//2479 
f 1970//1970 2327//2327 1638//1638 
f 1695//1695 1664//1664 2327//2327 
f 1773//1773 1664//1664 1695//1695 
f 2516//2516 2434//2434 1730//1730 
f 1955//1955 2434//2434 2516//2516 
f 1838//1838 1590//1590 2406//2406 
f 1838//1838 2265//2265 1590//1590 
f 1789//1789 2407//2407 2265//2265 
f 2220//2220 2567//2567 1624//1624 
f 2279//2279 2289//2289 2206//2206 
f 2130//2130 2590//2590 1891//1891 
f 1693//1693 2590//2590 2130//2130 
f 1614//1614 2529//2529 2590//2590 
f 1625//1625 1797//1797 2320//2320 
f 2580//2580 1654//1654 1797//1797 
f 2423//2423 2241//2241 2023//2023 
f 1740//1740 1727//1727 2341//2341 
f 2619//2619 1727//1727 1740//1740 
f 2216//2216 1565//1565 1932//1932 
f 1977//1977 1565//1565 2216//2216 
f 1958//1958 1718//1718 2050//2050 
f 2085//2085 1718//1718 1958//1958 
f 2085//2085 1655//1655 1718//1718 
f 2427//2427 2384//2384 2228//2228 
f 2199//2199 2384//2384 2427//2427 
f 2183//2183 1780//1780 1713//1713 
f 1782//1782 2224//2224 1780//1780 
f 1782//1782 2023//2023 2224//2224 
f 1590//1590 2217//2217 2403//2403 
f 2403//2403 2406//2406 1590//1590 
f 1787//1787 2406//2406 2403//2403 
f 2567//2567 1909//1909 2055//2055 
f 2206//2206 1613//1613 1623//1623 
f 2206//2206 2538//2538 1613//1613 
f 2289//2289 1808//1808 2548//2548 
f 2289//2289 2244//2244 1808//1808 
f 2244//2244 2186//2186 1808//1808 
f 2430//2430 2483//2483 1888//1888 
f 1806//1806 2360//2360 1625//1625 
f 2047//2047 2251//2251 2463//2463 
f 1981//1981 2251//2251 2047//2047 
f 2307//2307 1803//1803 1952//1952 
f 1916//1916 1803//1803 2307//2307 
f 2057//2057 1796//1796 1525//1525 
f 2586//2586 1796//1796 2057//2057 
f 2586//2586 1819//1819 1796//1796 
f 1803//1803 1819//1819 2586//2586 
f 2216//2216 2179//2179 1977//1977 
f 1932//1932 2097//2097 2216//2216 
f 2025//2025 2183//2183 1718//1718 
f 2068//2068 2183//2183 2025//2025 
f 2050//2050 2199//2199 2427//2427 
f 2050//2050 1718//1718 2199//2199 
f 1655//1655 2025//2025 1718//1718 
f 1929//1929 1700//1700 1655//1655 
f 2538//2538 2190//2190 1613//1613 
f 2206//2206 1874//1874 2538//2538 
f 2548//2548 1874//1874 2206//2206 
f 2396//2396 1808//1808 2186//2186 
f 2513//2513 1808//1808 2396//2396 
f 2396//2396 2186//2186 2485//2485 
f 2250//2250 2513//2513 2396//2396 
f 2250//2250 2246//2246 2513//2513 
f 2564//2564 2455//2455 2213//2213 
f 2195//2195 2455//2455 2564//2564 
f 2455//2455 1942//1942 2213//2213 
f 2350//2350 2049//2049 2455//2455 
f 1895//1895 2576//2576 2054//2054 
f 2133//2133 1919//1919 2466//2466 
f 1815//1815 1919//1919 2133//2133 
f 1895//1895 2054//2054 2631//2631 
f 1528//1528 2115//2115 1878//1878 
f 1538//1538 1753//1753 2257//2257 
f 2583//2583 1753//1753 1538//1538 
f 2583//2583 2010//2010 1753//1753 
f 1625//1625 2320//2320 1806//1806 
f 1864//1864 2047//2047 2463//2463 
f 2423//2423 1592//1592 2241//2241 
f 1970//1970 2430//2430 2374//2374 
f 2629//2629 2430//2430 1970//1970 
f 2403//2403 2217//2217 1547//1547 
f 1590//1590 2297//2297 2217//2217 
f 2501//2501 2297//2297 1590//1590 
f 2587//2587 2403//2403 1547//1547 
f 1787//1787 2403//2403 2587//2587 
f 1809//1809 2055//2055 1568//1568 
f 2567//2567 2055//2055 1809//1809 
f 1610//1610 2637//2637 2112//2112 
f 1997//1997 2382//2382 1610//1610 
f 1803//1803 1916//1916 2382//2382 
f 1888//1888 1543//1543 2051//2051 
f 2130//2130 2012//2012 2631//2631 
f 2293//2293 1944//1944 2133//2133 
f 2145//2145 2243//2243 2241//2241 
f 2068//2068 1780//1780 2183//2183 
f 1695//1695 2327//2327 1765//1765 
f 1677//1677 1624//1624 1809//1809 
f 2186//2186 1755//1755 2485//2485 
f 2112//2112 2637//2637 1553//1553 
f 1888//1888 2623//2623 2374//2374 
f 2051//2051 2623//2623 1888//1888 
f 2051//2051 2276//2276 2623//2623 
f 1561//1561 2276//2276 2051//2051 
f 2017//2017 2276//2276 1561//1561 
f 1543//1543 2564//2564 2213//2213 
f 1524//1524 2564//2564 1543//1543 
f 1888//1888 2121//2121 1543//1543 
f 2483//2483 2121//2121 1888//1888 
f 2576//2576 2137//2137 2616//2616 
f 1895//1895 2137//2137 2576//2576 
f 2350//2350 2455//2455 2195//2195 
f 1728//1728 1942//1942 1687//1687 
f 2576//2576 1648//1648 2054//2054 
f 2049//2049 1648//1648 2576//2576 
f 2018//2018 2171//2171 1987//1987 
f 2018//2018 2616//2616 2171//2171 
f 1930//1930 2616//2616 2018//2018 
f 2049//2049 2576//2576 1930//1930 
f 2631//2631 2012//2012 1899//1899 
f 2054//2054 2130//2130 2631//2631 
f 1693//1693 2130//2130 2054//2054 
f 1614//1614 2590//2590 1693//1693 
f 1641//1641 2212//2212 1614//1614 
f 2605//2605 2212//2212 1641//1641 
f 1863//1863 1812//1812 1953//1953 
f 1538//1538 2257//2257 2092//2092 
f 2115//2115 1528//1528 2184//2184 
f 1944//1944 1878//1878 2115//2115 
f 2383//2383 2225//2225 2184//2184 
f 2092//2092 1750//1750 2383//2383 
f 1897//1897 1750//1750 2092//2092 
f 2226//2226 2360//2360 1555//1555 
f 2251//2251 2267//2267 1746//1746 
f 2007//2007 2157//2157 1864//1864 
f 2007//2007 2075//2075 2157//2157 
f 2423//2423 2231//2231 1592//1592 
f 1782//1782 1570//1570 2423//2423 
f 2628//2628 2063//2063 2041//2041 
f 2628//2628 2158//2158 2063//2063 
f 2003//2003 2158//2158 2628//2628 
f 2003//2003 2320//2320 2158//2158 
f 1806//1806 2320//2320 2003//2003 
f 2158//2158 2145//2145 2063//2063 
f 1654//1654 2145//2145 2158//2158 
f 2063//2063 1592//1592 2041//2041 
f 2063//2063 2241//2241 1592//1592 
f 2145//2145 2241//2241 2063//2063 
f 2158//2158 1797//1797 1654//1654 
f 2320//2320 1797//1797 2158//2158 
f 1555//1555 2360//2360 1806//1806 
f 1525//1525 1579//1579 2057//2057 
f 1525//1525 2364//2364 1579//1579 
f 2189//2189 1796//1796 1819//1819 
f 2189//2189 1525//1525 1796//1796 
f 2613//2613 2398//2398 2448//2448 
f 2248//2248 1574//1574 2613//2613 
f 2248//2248 2337//2337 1574//1574 
f 1913//1913 1977//1977 2337//2337 
f 2341//2341 2405//2405 1913//1913 
f 1727//1727 2405//2405 2341//2341 
f 2216//2216 2256//2256 2179//2179 
f 2216//2216 2397//2397 2256//2256 
f 2097//2097 2397//2397 2216//2216 
f 2337//2337 1977//1977 2179//2179 
f 1913//1913 1775//1775 1977//1977 
f 1884//1884 2008//2008 1650//1650 
f 1884//1884 2181//2181 2008//2008 
f 2090//2090 2181//2181 1884//1884 
f 1579//1579 2397//2397 2090//2090 
f 1579//1579 2256//2256 2397//2397 
f 2364//2364 2256//2256 1579//1579 
f 2364//2364 1574//1574 2256//2256 
f 2180//2180 1574//1574 2364//2364 
f 1991//1991 1632//1632 1567//1567 
f 2448//2448 1632//1632 1991//1991 
f 2575//2575 2613//2613 2448//2448 
f 2275//2275 2248//2248 2613//2613 
f 2349//2349 2248//2248 2275//2275 
f 2349//2349 2337//2337 2248//2248 
f 2578//2578 2337//2337 2349//2349 
f 2578//2578 1913//1913 2337//2337 
f 1879//1879 1913//1913 2578//2578 
f 1879//1879 2341//2341 1913//1913 
f 2565//2565 2037//2037 2219//2219 
f 2565//2565 1700//1700 2037//2037 
f 1735//1735 1700//1700 2565//2565 
f 1713//1713 1718//1718 2183//2183 
f 2199//2199 1718//1718 1713//1713 
f 2374//2374 2019//2019 2298//2298 
f 2621//2621 2019//2019 2374//2374 
f 2621//2621 2623//2623 2276//2276 
f 2374//2374 2623//2623 2621//2621 
f 2298//2298 2327//2327 1970//1970 
f 2298//2298 1765//1765 2327//2327 
f 1626//1626 2247//2247 1776//1776 
f 1626//1626 1720//1720 2247//2247 
f 2610//2610 1506//1506 2496//2496 
f 2610//2610 1626//1626 1506//1506 
f 2147//2147 1626//1626 2610//2610 
f 1720//1720 1626//1626 2147//2147 
f 1501//1501 1763//1763 2437//2437 
f 1935//1935 2407//2407 1501//1501 
f 2036//2036 2297//2297 1935//1935 
f 2036//2036 2217//2217 2297//2297 
f 1598//1598 2217//2217 2036//2036 
f 2501//2501 1935//1935 2297//2297 
f 2501//2501 2407//2407 1935//1935 
f 1789//1789 1501//1501 2407//2407 
f 1789//1789 1763//1763 1501//1501 
f 2072//2072 1568//1568 1547//1547 
f 1668//1668 2470//2470 2072//2072 
f 1624//1624 2567//2567 1809//1809 
f 2278//2278 1677//1677 1809//1809 
f 1529//1529 1771//1771 1683//1683 
f 1962//1962 1771//1771 1529//1529 
f 1990//1990 2274//2274 1683//1683 
f 2170//2170 2053//2053 1875//1875 
f 2236//2236 2053//2053 2170//2170 
f 2236//2236 1612//1612 2053//2053 
f 2535//2535 1612//1612 2236//2236 
f 2535//2535 1564//1564 1612//1612 
f 1982//1982 2289//2289 1962//1962 
f 1676//1676 2289//2289 1982//1982 
f 2278//2278 1809//1809 1568//1568 
f 1705//1705 1624//1624 1677//1677 
f 1705//1705 2220//2220 1624//1624 
f 1705//1705 1962//1962 2220//2220 
f 2244//2244 2289//2289 1676//1676 
f 2196//2196 2186//2186 2244//2244 
f 1828//1828 2053//2053 1983//1983 
f 1521//1521 2053//2053 1828//1828 
f 2284//2284 1683//1683 2274//2274 
f 2284//2284 1529//1529 1683//1683 
f 1839//1839 1982//1982 1529//1529 
f 1839//1839 1676//1676 1982//1982 
f 2196//2196 1676//1676 1839//1839 
f 2196//2196 2244//2244 1676//1676 
f 2513//2513 2548//2548 1808//1808 
f 1934//1934 2106//2106 1725//1725 
f 1934//1934 1839//1839 2106//2106 
f 2378//2378 1839//1839 1934//1934 
f 1755//1755 2186//2186 2196//2196 
f 2396//2396 2485//2485 2637//2637 
f 2485//2485 1553//1553 2637//2637 
f 1755//1755 1553//1553 2485//2485 
f 1755//1755 1497//1497 1553//1553 
f 1755//1755 1971//1971 1497//1497 
f 1525//1525 1937//1937 2180//2180 
f 1803//1803 1496//1496 1819//1819 
f 1803//1803 2579//2579 1496//1496 
f 1997//1997 2579//2579 1803//1803 
f 1610//1610 2112//2112 1997//1997 
f 1553//1553 2193//2193 2112//2112 
f 2554//2554 2185//2185 2637//2637 
f 1916//1916 2401//2401 2554//2554 
f 2271//2271 1502//1502 1518//1518 
f 2551//2551 2482//2482 1949//1949 
f 2551//2551 2478//2478 2482//2482 
f 2511//2511 2478//2478 2004//2004 
f 1496//1496 2478//2478 2511//2511 
f 1496//1496 2579//2579 2478//2478 
f 1997//1997 1817//1817 2579//2579 
f 1739//1739 2635//2635 2482//2482 
f 2634//2634 2635//2635 1739//1739 
f 2634//2634 1518//1518 2635//2635 
f 2449//2449 2271//2271 1518//1518 
f 2356//2356 2638//2638 2271//2271 
f 1822//1822 2638//2638 2356//2356 
f 1946//1946 1883//1883 1503//1503 
f 1527//1527 2322//2322 1946//1946 
f 2002//2002 1522//1522 1527//1527 
f 2002//2002 1558//1558 1522//1522 
f 2446//2446 1971//1971 1558//1558 
f 1752//1752 1553//1553 1497//1497 
f 1817//1817 2112//2112 2193//2193 
f 1817//1817 1997//1997 2112//2112 
f 1716//1716 1937//1937 2189//2189 
f 1810//1810 1523//1523 1716//1716 
f 2381//2381 2551//2551 2182//2182 
f 2004//2004 2551//2551 2381//2381 
f 2004//2004 2478//2478 2551//2551 
f 1888//1888 2374//2374 2430//2430 
f 1561//1561 1728//1728 2017//2017 
f 2051//2051 1728//1728 1561//1561 
f 2051//2051 2213//2213 1728//1728 
f 1543//1543 2213//2213 2051//2051 
f 1667//1667 2537//2537 2557//2557 
f 2537//2537 1635//1635 2557//2557 
f 1635//1635 2329//2329 2301//2301 
f 2140//2140 2062//2062 1732//1732 
f 2450//2450 2062//2062 2140//2140 
f 2301//2301 2557//2557 1635//1635 
f 1736//1736 1536//1536 1788//1788 
f 2450//2450 2140//2140 2173//2173 
f 1804//1804 1536//1536 2480//2480 
f 2592//2592 1667//1667 2188//2188 
f 2062//2062 2301//2301 1732//1732 
f 2432//2432 2518//2518 1634//1634 
f 1635//1635 2518//2518 2400//2400 
f 2537//2537 2518//2518 1635//1635 
f 1634//1634 2518//2518 2537//2537 
f 2015//2015 1736//1736 1552//1552 
f 2480//2480 1536//1536 1736//1736 
f 1659//1659 2329//2329 1669//1669 
f 1659//1659 1732//1732 2329//2329 
f 2329//2329 1635//1635 2400//2400 
f 2556//2556 2044//2044 1634//1634 
f 2601//2601 2044//2044 2556//2556 
f 2117//2117 1786//1786 2392//2392 
f 2156//2156 1786//1786 2117//2117 
f 1557//1557 1649//1649 2442//2442 
f 2015//2015 2377//2377 2424//2424 
f 2268//2268 2424//2424 2415//2415 
f 1646//1646 2549//2549 2432//2432 
f 1882//1882 1552//1552 2028//2028 
f 2015//2015 1552//1552 1882//1882 
f 1772//1772 2117//2117 2392//2392 
f 2316//2316 1843//1843 1669//1669 
f 1848//1848 2048//2048 1743//1743 
f 2204//2204 2509//2509 1628//1628 
f 2608//2608 1950//1950 2160//2160 
f 2473//2473 1950//1950 2608//2608 
f 2473//2473 2344//2344 1950//1950 
f 1969//1969 1708//1708 2172//2172 
f 2415//2415 1708//1708 1969//1969 
f 2415//2415 2377//2377 1708//1708 
f 2424//2424 2377//2377 2415//2415 
f 1940//1940 2136//2136 2444//2444 
f 2204//2204 1861//1861 1619//1619 
f 2512//2512 1861//1861 2204//2204 
f 1768//1768 1531//1531 2120//2120 
f 1675//1675 2202//2202 2306//2306 
f 1675//1675 2135//2135 2202//2202 
f 1827//1827 2305//2305 1516//1516 
f 1663//1663 2305//2305 1827//1827 
f 1933//1933 2627//2627 2473//2473 
f 1933//1933 1900//1900 2627//2627 
f 1933//1933 2559//2559 1900//1900 
f 1591//1591 2316//2316 2165//2165 
f 1591//1591 1843//1843 2316//2316 
f 1907//1907 2064//2064 2627//2627 
f 2202//2202 1541//1541 2306//2306 
f 2160//2160 1950//1950 2059//2059 
f 1827//1827 1516//1516 2168//2168 
f 1882//1882 1708//1708 2015//2015 
f 2172//2172 1708//1708 1882//1882 
f 2377//2377 2015//2015 1708//1708 
f 1974//1974 2118//2118 2048//2048 
f 2044//2044 1995//1995 1798//1798 
f 2044//2044 1940//1940 1995//1995 
f 2221//2221 2120//2120 2203//2203 
f 2266//2266 2107//2107 2314//2314 
f 2266//2266 2505//2505 2107//2107 
f 2066//2066 2317//2317 2519//2519 
f 1674//1674 2317//2317 2066//2066 
f 2375//2375 2622//2622 1902//1902 
f 1616//1616 2203//2203 1770//1770 
f 2203//2203 2101//2101 2221//2221 
f 2203//2203 2503//2503 2101//2101 
f 1662//1662 2086//2086 1772//1772 
f 2627//2627 2064//2064 2344//2344 
f 2582//2582 2534//2534 2166//2166 
f 2582//2582 2168//2168 2534//2534 
f 2444//2444 2168//2168 2582//2582 
f 1911//1911 2366//2366 2447//2447 
f 2553//2553 1488//1488 2632//2632 
f 1845//1845 1488//1488 2553//2553 
f 2375//2375 2553//2553 2632//2632 
f 2505//2505 1723//1723 2523//2523 
f 2602//2602 1597//1597 2089//2089 
f 2197//2197 2161//2161 2603//2603 
f 1862//1862 2098//2098 2459//2459 
f 1508//1508 2098//2098 1862//1862 
f 2582//2582 2113//2113 2444//2444 
f 2146//2146 1993//1993 1980//1980 
f 2627//2627 1900//1900 1907//1907 
f 1562//1562 1926//1926 2344//2344 
f 1680//1680 2533//2533 1994//1994 
f 2146//2146 1505//1505 1615//1615 
f 2324//2324 1566//1566 1862//1862 
f 1722//1722 2120//2120 1802//1802 
f 1628//1628 2120//2120 1722//1722 
f 1628//1628 1768//1768 2120//2120 
f 2509//2509 1768//1768 1628//1628 
f 2124//2124 2100//2100 2086//2086 
f 1846//1846 2344//2344 1926//1926 
f 1504//1504 2166//2166 2534//2534 
f 2099//2099 1516//1516 1557//1557 
f 2116//2116 1516//1516 2099//2099 
f 2317//2317 1963//1963 2519//2519 
f 1911//1911 2559//2559 2366//2366 
f 2622//2622 2632//2632 2460//2460 
f 2375//2375 2632//2632 2622//2622 
f 2585//2585 2286//2286 2417//2417 
f 1486//1486 1927//1927 2604//2604 
f 1486//1486 1505//1505 1927//1927 
f 1615//1615 1505//1505 1486//1486 
f 1627//1627 1906//1906 1489//1489 
f 1861//1861 1833//1833 1619//1619 
f 2512//2512 2372//2372 1679//1679 
f 2555//2555 2372//2372 2512//2512 
f 1966//1966 1811//1811 1679//1679 
f 1679//1679 2372//2372 1966//1966 
f 1679//1679 1861//1861 2512//2512 
f 1833//1833 1861//1861 1679//1679 
f 1911//1911 2447//2447 2354//2354 
f 2262//2262 2201//2201 1682//1682 
f 2262//2262 2122//2122 2201//2201 
f 1902//1902 2122//2122 2262//2262 
f 1902//1902 2622//2622 2122//2122 
f 2472//2472 2001//2001 2618//2618 
f 1928//1928 2618//2618 2192//2192 
f 1484//1484 2287//2287 1871//1871 
f 2523//2523 1723//1723 2475//2475 
f 2602//2602 2287//2287 1484//1484 
f 2602//2602 1857//1857 2287//2287 
f 2539//2539 1857//1857 2602//2602 
f 1707//1707 2347//2347 2507//2507 
f 2089//2089 2347//2347 1707//1707 
f 1532//1532 1811//1811 1830//1830 
f 2120//2120 2221//2221 1802//1802 
f 1531//1531 2203//2203 2120//2120 
f 2292//2292 1961//1961 1514//1514 
f 2292//2292 2306//2306 1961//1961 
f 2292//2292 1675//1675 2306//2306 
f 2416//2416 1675//1675 2292//2292 
f 1961//1961 2033//2033 1514//1514 
f 1647//1647 2207//2207 2277//2277 
f 2270//2270 1994//1994 1963//1963 
f 1733//1733 1994//1994 2270//2270 
f 1680//1680 1994//1994 1733//1733 
f 1615//1615 2334//2334 2146//2146 
f 1770//1770 2408//2408 2472//2472 
f 2332//2332 1928//1928 2192//2192 
f 2452//2452 1928//1928 2332//2332 
f 2452//2452 1616//1616 1928//1928 
f 2452//2452 2503//2503 1616//1616 
f 2369//2369 2503//2503 2452//2452 
f 2413//2413 2503//2503 2369//2369 
f 1647//1647 2128//2128 2207//2207 
f 1647//1647 2107//2107 2128//2128 
f 2475//2475 1871//1871 1545//1545 
f 2308//2308 1744//1744 2272//2272 
f 1872//1872 2197//2197 1550//1550 
f 2308//2308 2197//2197 1872//1872 
f 1550//1550 1508//1508 1764//1764 
f 1550//1550 2197//2197 1508//1508 
f 2308//2308 2161//2161 2197//2197 
f 1860//1860 2111//2111 1712//1712 
f 1628//1628 1722//1722 2204//2204 
f 2100//2100 2151//2151 1681//1681 
f 2100//2100 1881//1881 2151//2151 
f 1853//1853 1581//1581 1852//1852 
f 1849//1849 2116//2116 2255//2255 
f 1849//1849 1516//1516 2116//2116 
f 1712//1712 2607//2607 1860//1860 
f 1682//1682 2201//2201 2433//2433 
f 2122//2122 2150//2150 2201//2201 
f 1643//1643 1707//1707 2507//2507 
f 2539//2539 1707//1707 1643//1643 
f 1862//1862 1764//1764 1508//1508 
f 1566//1566 1764//1764 1862//1862 
f 1995//1995 2345//2345 2324//2324 
f 1995//1995 2417//2417 2345//2345 
f 2585//2585 2417//2417 1995//1995 
f 2113//2113 2585//2585 2444//2444 
f 1927//1927 1505//1505 1651//1651 
f 1907//1907 1900//1900 2240//2240 
f 2203//2203 1531//1531 1770//1770 
f 2101//2101 2162//2162 1802//1802 
f 1926//1926 1948//1948 1846//1846 
f 1504//1504 2534//2534 1696//1696 
f 2099//2099 2416//2416 2116//2116 
f 2192//2192 2618//2618 1673//1673 
f 2369//2369 2452//2452 2332//2332 
f 2445//2445 2503//2503 2413//2413 
f 2445//2445 2101//2101 2503//2503 
f 2207//2207 2128//2128 2142//2142 
f 2107//2107 2523//2523 2128//2128 
f 2507//2507 2272//2272 2571//2571 
f 1865//1865 2272//2272 2507//2507 
f 2582//2582 2166//2166 2078//2078 
f 1651//1651 1830//1830 2625//2625 
f 2111//2111 2198//2198 1712//1712 
f 1722//1722 1603//1603 2555//2555 
f 1802//1802 1603//1603 1722//1722 
f 2292//2292 1514//1514 2614//2614 
f 2296//2296 1852//1852 1908//1908 
f 1504//1504 2228//2228 1593//1593 
f 1696//1696 2228//2228 1504//1504 
f 2068//2068 1835//1835 1801//1801 
f 2224//2224 1713//1713 1780//1780 
f 2365//2365 2199//2199 1713//1713 
f 2365//2365 2384//2384 2199//2199 
f 2058//2058 1593//1593 2228//2228 
f 2166//2166 1504//1504 1593//1593 
f 2534//2534 1516//1516 1849//1849 
f 2168//2168 1516//1516 2534//2534 
f 1757//1757 1929//1929 1742//1742 
f 2269//2269 1929//1929 1757//1757 
f 2269//2269 2037//2037 1929//1929 
f 2269//2269 2498//2498 2037//2037 
f 2416//2416 2099//2099 1557//1557 
f 2088//2088 2255//2255 2116//2116 
f 2088//2088 2009//2009 2255//2255 
f 2420//2420 1854//1854 2207//2207 
f 2295//2295 1854//1854 2420//2420 
f 2031//2031 1805//1805 1519//1519 
f 1586//1586 1805//1805 2031//2031 
f 1586//1586 1854//1854 1805//1805 
f 1963//1963 2096//2096 2270//2270 
f 1963//1963 2317//2317 2096//2096 
f 1751//1751 2620//2620 2367//2367 
f 2299//2299 2435//2435 1751//1751 
f 2434//2434 2223//2223 1776//1776 
f 1955//1955 2223//2223 2434//2434 
f 1706//1706 2144//2144 1955//1955 
f 1706//1706 1824//1824 2144//2144 
f 2361//2361 1824//1824 1706//1706 
f 2361//2361 2354//2354 1824//1824 
f 1911//1911 2354//2354 2607//2607 
f 1860//1860 2299//2299 1984//1984 
f 1860//1860 2607//2607 2299//2299 
f 1712//1712 1911//1911 2607//2607 
f 1694//1694 2354//2354 2447//2447 
f 2468//2468 2435//2435 1706//1706 
f 1751//1751 2435//2435 2468//2468 
f 1691//1691 2367//2367 2620//2620 
f 2367//2367 2232//2232 2334//2334 
f 2367//2367 1691//1691 2232//2232 
f 1955//1955 1939//1939 2468//2468 
f 2516//2516 2073//2073 1939//1939 
f 1730//1730 2073//2073 2516//2516 
f 2102//2102 2232//2232 2143//2143 
f 1488//1488 2334//2334 2232//2232 
f 1845//1845 2334//2334 1488//1488 
f 2146//2146 2334//2334 1845//1845 
f 2232//2232 2373//2373 1488//1488 
f 2232//2232 2102//2102 2373//2373 
f 2143//2143 2211//2211 2102//2102 
f 2143//2143 2060//2060 2211//2211 
f 2073//2073 2060//2060 2143//2143 
f 1730//1730 2045//2045 2073//2073 
f 2141//2141 2263//2263 2045//2045 
f 2211//2211 2497//2497 2102//2102 
f 2263//2263 2254//2254 2497//2497 
f 1833//1833 2553//2553 2375//2375 
f 1993//1993 2553//2553 1833//1833 
f 1993//1993 1845//1845 2553//2553 
f 2355//2355 2150//2150 2460//2460 
f 2355//2355 1858//1858 2150//2150 
f 2340//2340 1754//1754 1858//1858 
f 2150//2150 2218//2218 2433//2433 
f 1858//1858 2218//2218 2150//2150 
f 1754//1754 2218//2218 1858//1858 
f 1754//1754 2079//2079 2218//2218 
f 1530//1530 2433//2433 2218//2218 
f 2460//2460 2122//2122 2622//2622 
f 2150//2150 2122//2122 2460//2460 
f 2433//2433 2201//2201 2150//2150 
f 1530//1530 2472//2472 2408//2408 
f 1607//1607 2001//2001 1530//1530 
f 1657//1657 1710//1710 2079//2079 
f 2472//2472 1530//1530 2001//2001 
f 1673//1673 2331//2331 2192//2192 
f 2069//2069 2536//2536 1673//1673 
f 1928//1928 1616//1616 1770//1770 
f 2192//2192 2027//2027 2332//2332 
f 2331//2331 2027//2027 2192//2192 
f 1909//1909 2552//2552 1787//1787 
f 2567//2567 1613//1613 1909//1909 
f 2567//2567 1623//1623 1613//1613 
f 2220//2220 1623//1623 2567//2567 
f 2220//2220 2279//2279 1623//1623 
f 1962//1962 2279//2279 2220//2220 
f 2289//2289 2279//2279 1962//1962 
f 2513//2513 1874//1874 2548//2548 
f 2246//2246 1874//1874 2513//2513 
f 2246//2246 1844//1844 1874//1874 
f 2369//2369 1800//1800 2413//2413 
f 2369//2369 1622//1622 1800//1800 
f 2369//2369 2332//2332 1622//1622 
f 2536//2536 2069//2069 2552//2552 
f 1844//1844 2332//2332 2027//2027 
f 1800//1800 1554//1554 2404//2404 
f 2456//2456 1554//1554 1800//1800 
f 2250//2250 1554//1554 2456//2456 
f 1611//1611 1554//1554 2250//2250 
f 2609//2609 2128//2128 2523//2523 
f 1511//1511 2128//2128 2609//2609 
f 2142//2142 2128//2128 1511//1511 
f 2290//2290 1748//1748 2572//2572 
f 2290//2290 1545//1545 1748//1748 
f 2609//2609 1545//1545 2290//2290 
f 2609//2609 2475//2475 1545//1545 
f 2609//2609 2523//2523 2475//2475 
f 1544//1544 2483//2483 1556//1556 
f 1544//1544 2494//2494 2483//2483 
f 1511//1511 2609//2609 2200//2200 
f 2523//2523 2107//2107 2505//2505 
f 2290//2290 2200//2200 2609//2609 
f 2290//2290 1540//1540 2200//2200 
f 2290//2290 2572//2572 1540//1540 
f 2572//2572 1812//1812 1863//1863 
f 2287//2287 1748//1748 1871//1871 
f 2287//2287 1812//1812 1748//1748 
f 1857//1857 1658//1658 1812//1812 
f 2287//2287 1857//1857 1812//1812 
f 1953//1953 1812//1812 1658//1658 
f 1545//1545 1871//1871 1748//1748 
f 2507//2507 2368//2368 1643//1643 
f 1707//1707 2539//2539 2089//2089 
f 1868//1868 2272//2272 2418//2418 
f 1868//1868 2571//2571 2272//2272 
f 2012//2012 2466//2466 1919//1919 
f 2130//2130 2466//2466 2012//2012 
f 2590//2590 1537//1537 1891//1891 
f 1923//1923 1537//1537 2590//2590 
f 1923//1923 1868//1868 1537//1537 
f 2571//2571 1868//1868 1923//1923 
f 1744//1744 1699//1699 2418//2418 
f 2428//2428 2639//2639 2626//2626 
f 1829//1829 1550//1550 1764//1764 
f 1572//1572 1764//1764 2174//2174 
f 1698//1698 1764//1764 1572//1572 
f 1698//1698 1829//1829 1764//1764 
f 1829//1829 1859//1859 2362//2362 
f 2113//2113 2598//2598 2286//2286 
f 2580//2580 2343//2343 2309//2309 
f 2078//2078 2113//2113 2582//2582 
f 2078//2078 2598//2598 2113//2113 
f 2574//2574 2598//2598 2078//2078 
f 2343//2343 2598//2598 2574//2574 
f 2343//2343 2286//2286 2598//2598 
f 2343//2343 1917//1917 2286//2286 
f 2343//2343 2639//2639 1917//1917 
f 1593//1593 2078//2078 2166//2166 
f 2058//2058 2078//2078 1593//1593 
f 2058//2058 2574//2574 2078//2078 
f 2574//2574 2309//2309 2343//2343 
f 1896//1896 2309//2309 2574//2574 
f 1535//1535 2309//2309 1896//1896 
f 1896//1896 2243//2243 1535//1535 
f 2023//2023 2241//2241 2243//2243 
f 2625//2625 1811//1811 2546//2546 
f 1505//1505 1830//1830 1651//1651 
f 1980//1980 1830//1830 1505//1505 
f 1651//1651 1784//1784 1927//1927 
f 1651//1651 1941//1941 1784//1784 
f 2625//2625 1941//1941 1651//1651 
f 2340//2340 2254//2254 2141//2141 
f 2355//2355 2254//2254 2340//2340 
f 2460//2460 2497//2497 2355//2355 
f 2460//2460 2102//2102 2497//2497 
f 2632//2632 2102//2102 2460//2460 
f 2632//2632 2373//2373 2102//2102 
f 2632//2632 1488//1488 2373//2373 
f 1993//1993 2146//2146 1845//1845 
f 1980//1980 1505//1505 2146//2146 
f 1784//1784 1892//1892 1927//1927 
f 1784//1784 1620//1620 1892//1892 
f 1784//1784 1936//1936 1620//1620 
f 1615//1615 1984//1984 2334//2334 
f 2604//2604 1984//1984 1615//1615 
f 2604//2604 1860//1860 1984//1984 
f 2604//2604 2111//2111 1860//1860 
f 1892//1892 2111//2111 2604//2604 
f 1892//1892 2198//2198 2111//2111 
f 1620//1620 2198//2198 1892//1892 
f 1627//1627 1534//1534 1853//1853 
f 1627//1627 2014//2014 1534//1534 
f 1575//1575 2014//2014 1627//1627 
f 1756//1756 1749//1749 2405//2405 
f 1756//1756 2546//2546 1749//1749 
f 1811//1811 1821//1821 2546//2546 
f 1966//1966 2372//2372 2238//2238 
f 2006//2006 2081//2081 1565//1565 
f 2238//2238 2081//2081 2006//2006 
f 2238//2238 2093//2093 2081//2081 
f 2238//2238 2555//2555 2093//2093 
f 2372//2372 2555//2555 2238//2238 
f 1532//1532 1679//1679 1811//1811 
f 1833//1833 1679//1679 1532//1532 
f 1821//1821 2238//2238 2006//2006 
f 1821//1821 1966//1966 2238//2238 
f 1811//1811 1966//1966 1821//1821 
f 2625//2625 1830//1830 1811//1811 
f 1855//1855 2000//2000 2008//2008 
f 1855//1855 2087//2087 2000//2000 
f 1855//1855 2162//2162 2087//2087 
f 2205//2205 2162//2162 1855//1855 
f 2204//2204 1619//1619 2509//2509 
f 1722//1722 2512//2512 2204//2204 
f 2555//2555 2512//2512 1722//1722 
f 1802//1802 1724//1724 1603//1603 
f 1802//1802 2205//2205 1724//1724 
f 2221//2221 2101//2101 1802//1802 
f 2203//2203 1616//1616 2503//2503 
f 1724//1724 1918//1918 2474//2474 
f 1802//1802 2162//2162 2205//2205 
f 2101//2101 2087//2087 2162//2162 
f 2445//2445 2087//2087 2101//2101 
f 2413//2413 2436//2436 2445//2445 
f 2404//2404 2436//2436 2413//2413 
f 1534//1534 1581//1581 1853//1853 
f 2014//2014 1581//1581 1534//1534 
f 2014//2014 1908//1908 1581//1581 
f 1908//1908 1925//1925 2296//2296 
f 1514//1514 2033//2033 1998//1998 
f 1642//1642 2614//2614 1514//1514 
f 1701//1701 2614//2614 1642//1642 
f 2138//2138 2614//2614 1701//1701 
f 1701//1701 1642//1642 1956//1956 
f 2416//2416 2292//2292 2614//2614 
f 1881//1881 1965//1965 2151//2151 
f 1881//1881 1951//1951 1965//1965 
f 1846//1846 1951//1951 1881//1881 
f 1846//1846 1948//1948 1951//1951 
f 2351//2351 2033//2033 1965//1965 
f 2351//2351 1998//1998 2033//2033 
f 1998//1998 1642//1642 1514//1514 
f 1644//1644 1642//1642 1998//1998 
f 1956//1956 1642//1642 1644//1644 
f 2088//2088 1701//1701 2399//2399 
f 2088//2088 2138//2138 1701//1701 
f 2116//2116 2138//2138 2088//2088 
f 2416//2416 2138//2138 2116//2116 
f 2416//2416 2614//2614 2138//2138 
f 1557//1557 1675//1675 2416//2416 
f 2565//2565 2495//2495 1835//1835 
f 2495//2495 2139//2139 1835//1835 
f 1831//1831 2431//2431 2191//2191 
f 1915//1915 2126//2126 1746//1746 
f 2335//2335 2358//2358 1692//1692 
f 2431//2431 1831//1831 2358//2358 
f 1637//1637 1589//1589 1636//1636 
f 1636//1636 2219//2219 1637//1637 
f 2358//2358 2633//2633 2431//2431 
f 2358//2358 2335//2335 2633//2633 
f 2191//2191 2083//2083 2422//2422 
f 2191//2191 2431//2431 2083//2083 
f 2075//2075 1897//1897 2157//2157 
f 2280//2280 2032//2032 2075//2075 
f 1656//1656 1637//1637 1816//1816 
f 1637//1637 1656//1656 1589//1589 
f 1656//1656 1870//1870 1589//1589 
f 1870//1870 1656//1656 2275//2275 
f 1499//1499 1589//1589 1870//1870 
f 2458//2458 2229//2229 2421//2421 
f 2458//2458 1499//1499 2229//2229 
f 1636//1636 1499//1499 2458//2458 
f 1589//1589 1499//1499 1636//1636 
f 2575//2575 1499//1499 1870//1870 
f 2521//2521 2370//2370 2593//2593 
f 2094//2094 2595//2595 1915//1915 
f 1652//1652 2075//2075 2007//2007 
f 2280//2280 2075//2075 1652//1652 
f 1652//1652 1596//1596 2280//2280 
f 2595//2595 1596//1596 1652//1652 
f 1596//1596 1975//1975 2016//2016 
f 1596//1596 2595//2595 1975//1975 
f 1595//1595 1690//1690 2521//2521 
f 1975//1975 1690//1690 1595//1595 
f 1690//1690 2573//2573 2521//2521 
f 1690//1690 2588//2588 2573//2573 
f 1690//1690 2094//2094 2588//2588 
f 1975//1975 2094//2094 1690//1690 
f 2094//2094 1975//1975 2595//2595 
f 2335//2335 1666//1666 2633//2633 
f 2394//2394 1954//1954 1793//1793 
f 2499//2499 2431//2431 2633//2633 
f 2083//2083 2443//2443 2441//2441 
f 2431//2431 2443//2443 2083//2083 
f 2431//2431 2499//2499 2443//2443 
f 2125//2125 1714//1714 2225//2225 
f 1903//1903 1714//1714 2125//2125 
f 1792//1792 1714//1714 1903//1903 
f 1792//1792 2506//2506 2273//2273 
f 2506//2506 1792//1792 1483//1483 
f 1483//1483 1792//1792 1903//1903 
f 2194//2194 2273//2273 1893//1893 
f 2194//2194 1792//1792 2273//2273 
f 1551//1551 1666//1666 2019//2019 
f 2457//2457 1666//1666 1551//1551 
f 2457//2457 1551//1551 2394//2394 
f 2621//2621 1551//1551 2019//2019 
f 2394//2394 1551//1551 2621//2621 
f 1954//1954 2394//2394 2017//2017 
f 2457//2457 2633//2633 1666//1666 
f 2499//2499 2633//2633 2457//2457 
f 2115//2115 1604//1604 1815//1815 
f 2184//2184 1604//1604 2115//2115 
f 2184//2184 2630//2630 1604//1604 
f 2225//2225 2630//2630 2184//2184 
f 2225//2225 1714//1714 2630//2630 
f 2412//2412 2636//2636 1573//1573 
f 2561//2561 2636//2636 2412//2412 
f 1869//1869 2636//2636 2561//2561 
f 1869//1869 2077//2077 2636//2636 
f 1714//1714 2315//2315 1869//1869 
f 1549//1549 2421//2421 1605//1605 
f 2443//2443 1639//1639 2441//2441 
f 2499//2499 1631//1631 2443//2443 
f 1539//1539 2194//2194 1893//1893 
f 1792//1792 1539//1539 1714//1714 
f 2194//2194 1539//1539 1792//1792 
f 1549//1549 2020//2020 1813//1813 
f 1605//1605 2020//2020 1549//1549 
f 2421//2421 2134//2134 2458//2458 
f 2251//2251 1746//1746 2126//2126 
f 2267//2267 2611//2611 1746//1746 
f 2267//2267 1737//1737 2611//2611 
f 2617//2617 1737//1737 2267//2267 
f 1569//1569 1996//1996 1498//1498 
f 1569//1569 2281//2281 1996//1996 
f 1618//1618 2281//2281 1569//1569 
f 1737//1737 2370//2370 2521//2521 
f 1996//1996 2370//2370 1737//1737 
f 2281//2281 2370//2370 1996//1996 
f 2443//2443 1631//1631 1639//1639 
f 2566//2566 2541//2541 1595//1595 
f 2566//2566 1820//1820 2541//2541 
f 1856//1856 1820//1820 2566//2566 
f 1594//1594 2020//2020 1721//1721 
f 2020//2020 1594//1594 1813//1813 
f 2285//2285 2281//2281 1618//1618 
f 2370//2370 2285//2285 2593//2593 
f 2281//2281 2285//2285 2370//2370 
f 2593//2593 2566//2566 1595//1595 
f 2285//2285 2566//2566 2593//2593 
f 1856//1856 2285//2285 2524//2524 
f 2566//2566 2285//2285 1856//1856 
f 1793//1793 2333//2333 2568//2568 
f 1793//1793 1954//1954 2333//2333 
f 2508//2508 2333//2333 1954//1954 
f 2597//2597 2333//2333 2508//2508 
f 2068//2068 1759//1759 1780//1780 
f 2068//2068 1801//1801 1759//1759 
f 1813//1813 2490//2490 1801//1801 
f 1813//1813 1960//1960 2490//2490 
f 1703//1703 1721//1721 2020//2020 
f 1952//1952 1650//1650 2307//2307 
f 2057//2057 1884//1884 1952//1952 
f 2398//2398 2613//2613 2180//2180 
f 2398//2398 1632//1632 2448//2448 
f 1523//1523 1632//1632 2398//2398 
f 1702//1702 1632//1632 1523//1523 
f 1567//1567 1632//1632 1702//1702 
f 2440//2440 2209//2209 1567//1567 
f 2440//2440 1703//1703 2209//2209 
f 1491//1491 1703//1703 2440//2440 
f 1491//1491 1721//1721 1703//1703 
f 1721//1721 1781//1781 1594//1594 
f 1594//1594 2594//2594 1960//1960 
f 1594//1594 1791//1791 2594//2594 
f 1781//1781 1791//1791 1594//1594 
f 2597//2597 1876//1876 2333//2333 
f 1876//1876 2568//2568 2333//2333 
f 2457//2457 1631//1631 2499//2499 
f 2568//2568 1631//1631 2457//2457 
f 1769//1769 1631//1631 2568//2568 
f 1539//1539 2315//2315 1714//1714 
f 1494//1494 2315//2315 1539//1539 
f 2110//2110 2077//2077 1494//1494 
f 2077//2077 2110//2110 2510//2510 
f 1791//1791 1781//1781 2310//2310 
f 1587//1587 1781//1781 1491//1491 
f 1989//1989 2414//2414 2508//2508 
f 2414//2414 1876//1876 2597//2597 
f 1876//1876 2414//2414 2260//2260 
f 2302//2302 1989//1989 1608//1608 
f 2568//2568 1876//1876 1769//1769 
f 2260//2260 2302//2302 1609//1609 
f 1876//1876 2260//2260 1769//1769 
f 2046//2046 2131//2131 2252//2252 
f 1992//1992 2131//2131 2046//2046 
f 2388//2388 1959//1959 1992//1992 
f 1818//1818 2038//2038 1826//1826 
f 1886//1886 2388//2388 1689//1689 
f 2339//2339 2388//2388 1886//1886 
f 2131//2131 1618//1618 2252//2252 
f 1959//1959 1618//1618 2131//2131 
f 1959//1959 2524//2524 1618//1618 
f 2388//2388 2524//2524 1959//1959 
f 2388//2388 2531//2531 2524//2524 
f 2339//2339 2531//2531 2388//2388 
f 1721//1721 1491//1491 1781//1781 
f 1960//1960 1986//1986 1905//1905 
f 1960//1960 2594//2594 1986//1986 
f 1791//1791 2310//2310 2594//2594 
f 1986//1986 2517//2517 2522//2522 
f 2594//2594 2517//2517 1986//1986 
f 2594//2594 2493//2493 2517//2517 
f 2310//2310 2493//2493 2594//2594 
f 2493//2493 2132//2132 2464//2464 
f 2310//2310 2132//2132 2493//2493 
f 2330//2330 1491//1491 2440//2440 
f 2330//2330 1587//1587 1491//1491 
f 2330//2330 2310//2310 1587//1587 
f 2132//2132 2310//2310 2330//2330 
f 2234//2234 2249//2249 1987//1987 
f 1573//1573 2249//2249 2234//2234 
f 2636//2636 1588//1588 1573//1573 
f 2636//2636 2311//2311 1588//1588 
f 2510//2510 2215//2215 2311//2311 
f 2493//2493 2026//2026 2517//2517 
f 1609//1609 2326//2326 1910//1910 
f 2414//2414 2302//2302 2260//2260 
f 1989//1989 2302//2302 2414//2414 
f 2038//2038 1608//1608 1989//1989 
f 2038//2038 1520//1520 1608//1608 
f 2570//2570 1520//1520 2038//2038 
f 2260//2260 1910//1910 1769//1769 
f 2260//2260 1609//1609 1910//1910 
f 1608//1608 1609//1609 2302//2302 
f 2024//2024 1609//1609 1608//1608 
f 1609//1609 2024//2024 2326//2326 
f 2132//2132 2540//2540 2464//2464 
f 1729//1729 1520//1520 2453//2453 
f 1818//1818 2570//2570 2038//2038 
f 2464//2464 2264//2264 2026//2026 
f 2540//2540 2264//2264 2464//2464 
f 2464//2464 2026//2026 2493//2493 
f 2453//2453 2385//2385 2291//2291 
f 1520//1520 2385//2385 2453//2453 
f 1790//1790 2570//2570 1818//1818 
f 1905//1905 2127//2127 1485//1485 
f 1986//1986 2177//2177 1905//1905 
f 1986//1986 1886//1886 2177//2177 
f 2522//2522 1886//1886 1986//1986 
f 1904//1904 1785//1785 2522//2522 
f 2318//2318 2264//2264 2540//2540 
f 2153//2153 2264//2264 2318//2318 
f 2153//2153 2026//2026 2264//2264 
f 2011//2011 2026//2026 2153//2153 
f 2026//2026 2011//2011 1904//1904 
f 2385//2385 2386//2386 2429//2429 
f 2385//2385 1790//1790 2386//2386 
f 1904//1904 2011//2011 1785//1785 
f 1785//1785 2011//2011 1837//1837 
f 2359//2359 1972//1972 2467//2467 
f 1972//1972 1818//1818 2467//2467 
f 1734//1734 1629//1629 1500//1500 
f 2569//2569 1629//1629 1734//1734 
f 1818//1818 2569//2569 2467//2467 
f 1972//1972 1790//1790 1818//1818 
f 2386//2386 1790//1790 1972//1972 
f 2330//2330 2540//2540 2132//2132 
f 2440//2440 2540//2540 2330//2330 
f 1799//1799 2540//2540 2440//2440 
f 1799//1799 2318//2318 2540//2540 
f 2052//2052 2318//2318 1799//1799 
f 2052//2052 1559//1559 2318//2318 
f 2233//2233 2376//2376 1542//1542 
f 1542//1542 2052//2052 2233//2233 
f 1559//1559 2052//2052 1542//1542 
f 2359//2359 2084//2084 1972//1972 
f 2502//2502 2084//2084 2359//2359 
f 2084//2084 2386//2386 1972//1972 
f 1542//1542 2153//2153 1559//1559 
f 2210//2210 2153//2153 1542//1542 
f 2291//2291 2376//2376 1661//1661 
f 2291//2291 2338//2338 2376//2376 
f 2429//2429 2338//2338 2291//2291 
f 2429//2429 2067//2067 2338//2338 
f 2386//2386 2067//2067 2429//2429 
f 2210//2210 1493//1493 1837//1837 
f 1493//1493 2532//2532 1945//1945 
f 1493//1493 2230//2230 2532//2532 
f 1493//1493 1542//1542 2230//2230 
f 2210//2210 1542//1542 1493//1493 
f 2346//2346 2338//2338 2067//2067 
f 2328//2328 2584//2584 1873//1873 
f 2584//2584 2328//2328 1795//1795 
f 2005//2005 1873//1873 1741//1741 
f 2169//2169 1873//1873 2005//2005 
f 1938//1938 1873//1873 2169//2169 
f 1938//1938 2328//2328 1873//1873 
f 1912//1912 2346//2346 2082//2082 
f 2346//2346 1912//1912 1922//1922 
f 1979//1979 1912//1912 2082//2082 
f 2532//2532 1495//1495 1578//1578 
f 2532//2532 2230//2230 1495//1495 
f 1945//1945 2021//2021 1837//1837 
f 2084//2084 2067//2067 2386//2386 
f 2502//2502 2067//2067 2084//2084 
f 2502//2502 2346//2346 2067//2067 
f 2082//2082 2346//2346 2502//2502 
f 1512//1512 1741//1741 2584//2584 
f 1741//1741 1512//1512 2615//2615 
f 1973//1973 1512//1512 2584//2584 
f 2615//2615 1512//1512 1976//1976 
f 1507//1507 1678//1678 2152//2152 
f 2152//2152 1678//1678 2030//2030 
f 2030//2030 1973//1973 1836//1836 
f 2030//2030 2034//2034 1973//1973 
f 1606//1606 1922//1922 1912//1912 
f 1606//1606 2376//2376 1922//1922 
f 2035//2035 2376//2376 1606//1606 
f 2612//2612 1495//1495 2230//2230 
f 1678//1678 1767//1767 2034//2034 
f 1578//1578 1767//1767 1678//1678 
f 1578//1578 1495//1495 1767//1767 
f 2418//2418 2149//2149 2348//2348 
f 1571//1571 2174//2174 2527//2527 
f 1859//1859 2176//2176 2129//2129 
f 1698//1698 2176//2176 1859//1859 
f 1698//1698 1766//1766 2176//2176 
f 1698//1698 1572//1572 1766//1766 
f 2336//2336 2103//2103 1733//1733 
f 1774//1774 2104//2104 2438//2438 
f 1774//1774 2103//2103 2104//2104 
f 2103//2103 1774//1774 1733//1733 
f 2487//2487 2149//2149 1850//1850 
f 2626//2626 2639//2639 2029//2029 
f 1572//1572 2393//2393 1766//1766 
f 2174//2174 2393//2393 1572//1572 
f 2103//2103 2258//2258 2104//2104 
f 2103//2103 2336//2336 2258//2258 
f 2295//2295 2481//2481 1854//1854 
f 1697//1697 1715//1715 2481//2481 
f 1697//1697 1985//1985 1715//1715 
f 2258//2258 1985//1985 1697//1697 
f 2258//2258 2336//2336 1985//1985 
f 2149//2149 2487//2487 2293//2293 
f 2526//2526 2323//2323 2312//2312 
f 2526//2526 1490//1490 2323//2323 
f 1751//1751 1984//1984 2299//2299 
f 1751//1751 2334//2334 1984//1984 
f 2367//2367 2334//2334 1751//1751 
f 1486//1486 2604//2604 1615//1615 
f 1927//1927 1892//1892 2604//2604 
f 1936//1936 1575//1575 1620//1620 
f 1727//1727 1575//1575 1936//1936 
f 2619//2619 1575//1575 1727//1727 
f 2619//2619 1877//1877 1575//1575 
f 1877//1877 2014//2014 1575//1575 
f 2014//2014 1877//1877 2294//2294 
f 2294//2294 2488//2488 2391//2391 
f 2294//2294 2108//2108 2488//2488 
f 1877//1877 2108//2108 2294//2294 
f 2108//2108 1877//1877 1740//1740 
f 1774//1774 1686//1686 2325//2325 
f 2438//2438 1686//1686 1774//1774 
f 2526//2526 1850//1850 1490//1490 
f 2487//2487 1850//1850 2526//2526 
f 2487//2487 2235//2235 2293//2293 
f 2129//2129 2323//2323 1859//1859 
f 2129//2129 2312//2312 2323//2323 
f 1576//1576 2010//2010 2583//2583 
f 2312//2312 2010//2010 1576//1576 
f 2631//2631 1711//1711 1895//1895 
f 1899//1899 1711//1711 2631//2631 
f 2012//2012 1866//1866 1899//1899 
f 2012//2012 1919//1919 1866//1866 
f 1815//1815 2022//2022 1919//1919 
f 2133//2133 2115//2115 1815//1815 
f 1944//1944 2115//2115 2133//2133 
f 2514//2514 1758//1758 2563//2563 
f 2402//2402 2104//2104 2258//2258 
f 2438//2438 2104//2104 2402//2402 
f 1758//1758 1686//1686 2438//2438 
f 2223//2223 2462//2462 1776//1776 
f 2223//2223 2514//2514 2462//2462 
f 1686//1686 1758//1758 2514//2514 
f 2563//2563 2123//2123 2514//2514 
f 1546//1546 2108//2108 1879//1879 
f 1773//1773 1695//1695 2563//2563 
f 1571//1571 2393//2393 2174//2174 
f 2071//2071 2393//2393 1571//1571 
f 2362//2362 2323//2323 1490//1490 
f 1859//1859 2323//2323 2362//2362 
f 1779//1779 2042//2042 2176//2176 
f 2624//2624 2042//2042 1779//1779 
f 2042//2042 1981//1981 2047//2047 
f 2042//2042 2080//2080 1981//1981 
f 2624//2624 2080//2080 2042//2042 
f 1917//1917 2639//2639 2428//2428 
f 1625//1625 2319//2319 2352//2352 
f 2600//2600 2071//2071 2319//2319 
f 2226//2226 2071//2071 2600//2600 
f 2226//2226 2624//2624 2071//2071 
f 2080//2080 2624//2624 2226//2226 
f 2498//2498 2562//2562 2391//2391 
f 2498//2498 2269//2269 2562//2562 
f 2406//2406 1787//1787 2640//2640 
f 2265//2265 2501//2501 1590//1590 
f 2265//2265 2407//2407 2501//2501 
f 2045//2045 2437//2437 1763//1763 
f 1730//1730 2437//2437 2045//2045 
f 1730//1730 2247//2247 2437//2437 
f 2434//2434 2247//2247 1730//1730 
f 2434//2434 1776//1776 2247//2247 
f 2462//2462 1506//1506 1776//1776 
f 1692//1692 2525//2525 1695//1695 
f 1719//1719 2123//2123 2525//2525 
f 2123//2123 1719//1719 1506//1506 
f 2123//2123 1506//1506 2462//2462 
f 2349//2349 2159//2159 2578//2578 
f 2159//2159 1546//1546 2578//2578 
f 1719//1719 2525//2525 1692//1692 
f 1719//1719 2496//2496 1506//1506 
f 1864//1864 2175//2175 2454//2454 
f 2157//2157 2175//2175 1864//1864 
f 2157//2157 1753//1753 2175//2175 
f 2175//2175 2010//2010 2454//2454 
f 2175//2175 1753//1753 2010//2010 
f 2109//2109 2159//2159 2349//2349 
f 2159//2159 2109//2109 2154//2154 
f 2476//2476 1903//1903 2125//2125 
f 2395//2395 2080//2080 2226//2226 
f 2395//2395 1981//1981 2080//2080 
f 2595//2595 2214//2214 1915//1915 
f 1652//1652 2214//2214 2595//2595 
f 1652//1652 1864//1864 2214//2214 
f 2007//2007 1864//1864 1652//1652 
f 2463//2463 2126//2126 1864//1864 
f 2463//2463 2251//2251 2126//2126 
f 2214//2214 2126//2126 1915//1915 
f 1964//1964 1738//1738 2239//2239 
f 1569//1569 1738//1738 1964//1964 
f 1569//1569 2484//2484 1738//1738 
f 1498//1498 1555//1555 2484//2484 
f 1498//1498 2617//2617 1555//1555 
f 2617//2617 2395//2395 2226//2226 
f 2267//2267 2395//2395 2617//2617 
f 2267//2267 1981//1981 2395//2395 
f 2251//2251 1981//1981 2267//2267 
f 2092//2092 1878//1878 1538//1538 
f 2092//2092 1528//1528 1878//1878 
f 2092//2092 2383//2383 1528//1528 
f 2257//2257 1897//1897 2092//2092 
f 2157//2157 2257//2257 1753//1753 
f 1897//1897 2257//2257 2157//2157 
f 2075//2075 1841//1841 1897//1897 
f 2109//2109 1656//1656 1816//1816 
f 2349//2349 1656//1656 2109//2109 
f 1735//1735 1835//1835 2068//2068 
f 1735//1735 2565//2565 1835//1835 
f 2219//2219 2495//2495 2565//2565 
f 1816//1816 2154//2154 2109//2109 
f 1637//1637 2154//2154 1816//1816 
f 2219//2219 2154//2154 1637//1637 
f 2465//2465 2154//2154 2219//2219 
f 2154//2154 2465//2465 2159//2159 
f 2159//2159 2465//2465 2488//2488 
f 2025//2025 1735//1735 2068//2068 
f 1655//1655 1735//1735 2025//2025 
f 1655//1655 1700//1700 1735//1735 
f 1929//1929 2037//2037 1700//1700 
f 2498//2498 2219//2219 2037//2037 
f 2498//2498 2465//2465 2219//2219 
f 2610//2610 2191//2191 2422//2422 
f 1547//1547 1568//1568 2587//2587 
f 1547//1547 1914//1914 2072//2072 
f 1598//1598 1914//1914 1547//1547 
f 1598//1598 2167//2167 1914//1914 
f 1598//1598 2036//2036 2167//2167 
f 1935//1935 2606//2606 2036//2036 
f 1935//1935 1745//1745 2606//2606 
f 1501//1501 1745//1745 1935//1935 
f 2437//2437 1720//1720 1501//1501 
f 2437//2437 2247//2247 1720//1720 
f 1506//1506 1626//1626 1776//1776 
f 1788//1788 1814//1814 2450//2450 
f 1788//1788 1536//1536 1814//1814 
f 2135//2135 2528//2528 2357//2357 
f 1685//1685 2528//2528 2135//2135 
f 2426//2426 1536//1536 2528//2528 
f 1536//1536 2426//2426 1814//1814 
f 2556//2556 1667//1667 2601//2601 
f 2188//2188 2426//2426 2387//2387 
f 2426//2426 2076//2076 1814//1814 
f 2426//2426 2188//2188 2076//2076 
f 2601//2601 1663//1663 2168//2168 
f 1804//1804 2156//2156 2117//2117 
f 2357//2357 1804//1804 2117//2117 
f 2442//2442 1685//1685 2135//2135 
f 2528//2528 2387//2387 2426//2426 
f 2528//2528 1685//1685 2387//2387 
f 2329//2329 1732//1732 2301//2301 
f 1669//1669 2329//2329 1880//1880 
f 2028//2028 2173//2173 1843//1843 
f 2173//2173 1552//1552 1563//1563 
f 1552//1552 2173//2173 2028//2028 
f 2592//2592 2530//2530 1667//1667 
f 2305//2305 2530//2530 2592//2592 
f 1663//1663 2530//2530 2305//2305 
f 2530//2530 2601//2601 1667//1667 
f 1663//1663 1827//1827 2168//2168 
f 2601//2601 2530//2530 1663//1663 
f 2442//2442 2387//2387 1685//1685 
f 1649//1649 2387//2387 2442//2442 
f 2387//2387 1649//1649 2188//2188 
f 2076//2076 1667//1667 2557//2557 
f 2076//2076 2188//2188 1667//1667 
f 1649//1649 2592//2592 2188//2188 
f 2305//2305 1649//1649 1557//1557 
f 2592//2592 1649//1649 2305//2305 
f 2558//2558 2473//2473 2608//2608 
f 2305//2305 1557//1557 1516//1516 
f 2442//2442 1675//1675 1557//1557 
f 2135//2135 1675//1675 2442//2442 
f 2357//2357 2202//2202 2135//2135 
f 2528//2528 1804//1804 2357//2357 
f 2528//2528 1536//1536 1804//1804 
f 1788//1788 1552//1552 1736//1736 
f 1788//1788 1563//1563 1552//1552 
f 1788//1788 2173//2173 1563//1563 
f 2450//2450 2173//2173 1788//1788 
f 1814//1814 2062//2062 2450//2450 
f 2076//2076 2062//2062 1814//1814 
f 2076//2076 2301//2301 2062//2062 
f 2557//2557 2301//2301 2076//2076 
f 2444//2444 2601//2601 2168//2168 
f 1804//1804 2480//2480 2156//2156 
f 2558//2558 1933//1933 2473//2473 
f 1761//1761 1933//1933 2558//2558 
f 1933//1933 1761//1761 2559//2559 
f 1807//1807 1848//1848 1743//1743 
f 1848//1848 1807//1807 2400//2400 
f 1920//1920 2549//2549 1646//1646 
f 1848//1848 2549//2549 1920//1920 
f 2518//2518 2549//2549 1848//1848 
f 2518//2518 2432//2432 2549//2549 
f 1634//1634 1851//1851 2432//2432 
f 1851//1851 1634//1634 2044//2044 
f 2222//2222 2160//2160 2059//2059 
f 2558//2558 2519//2519 1761//1761 
f 2558//2558 2066//2066 2519//2519 
f 2608//2608 2066//2066 2558//2558 
f 1674//1674 2160//2160 1584//1584 
f 1761//1761 2366//2366 2559//2559 
f 1761//1761 2163//2163 2366//2366 
f 2519//2519 2163//2163 1761//1761 
f 2608//2608 1674//1674 2066//2066 
f 2160//2160 1674//1674 2608//2608 
f 2028//2028 2266//2266 1580//1580 
f 2044//2044 2136//2136 1940//1940 
f 2136//2136 2601//2601 2444//2444 
f 2601//2601 2136//2136 2044//2044 
f 2140//2140 1843//1843 2173//2173 
f 2165//2165 1484//1484 1871//1871 
f 2165//2165 1880//1880 1484//1484 
f 2316//2316 1880//1880 2165//2165 
f 1732//1732 1843//1843 2140//2140 
f 1659//1659 1843//1843 1732//1732 
f 1659//1659 1669//1669 1843//1843 
f 1669//1669 1880//1880 2316//2316 
f 2475//2475 2165//2165 1871//1871 
f 1723//1723 2165//2165 2475//2475 
f 1723//1723 1591//1591 2165//2165 
f 1591//1591 2028//2028 1843//1843 
f 1591//1591 2266//2266 2028//2028 
f 2505//2505 1591//1591 1723//1723 
f 2266//2266 1591//1591 2505//2505 
f 1597//1597 2347//2347 2089//2089 
f 2556//2556 2537//2537 1667//1667 
f 2556//2556 1634//1634 2537//2537 
f 1798//1798 1851//1851 2044//2044 
f 2459//2459 1851//1851 1798//1798 
f 2432//2432 2459//2459 1646//1646 
f 1851//1851 2459//2459 2432//2432 
f 2585//2585 1940//1940 2444//2444 
f 1995//1995 1940//1940 2585//2585 
f 2324//2324 1798//1798 1995//1995 
f 2324//2324 2459//2459 1798//1798 
f 1862//1862 2459//2459 2324//2324 
f 2197//2197 2098//2098 1508//1508 
f 2603//2603 2098//2098 2197//2197 
f 1646//1646 2098//2098 2603//2603 
f 1646//1646 2459//2459 2098//2098 
f 1600//1600 2086//2086 2100//2100 
f 2117//2117 1600//1600 2357//2357 
f 1541//1541 1600//1600 2100//2100 
f 2222//2222 2059//2059 2392//2392 
f 1846//1846 1950//1950 2344//2344 
f 1846//1846 1662//1662 1950//1950 
f 2124//2124 1662//1662 1846//1846 
f 2124//2124 2086//2086 1662//1662 
f 1600//1600 1772//1772 2086//2086 
f 2117//2117 1772//1772 1600//1600 
f 2059//2059 1772//1772 2392//2392 
f 2059//2059 1662//1662 1772//1772 
f 2627//2627 2344//2344 2473//2473 
f 1662//1662 2059//2059 1950//1950 
f 2161//2161 1974//1974 2603//2603 
f 1974//1974 2161//2161 2118//2118 
f 2118//2118 2308//2308 2272//2272 
f 2118//2118 2161//2161 2308//2308 
f 1920//1920 1974//1974 2048//2048 
f 1920//1920 2603//2603 1974//1974 
f 1646//1646 2603//2603 1920//1920 
f 2266//2266 2314//2314 1580//1580 
f 2410//2410 1580//1580 2314//2314 
f 2222//2222 1584//1584 2160//2160 
f 2550//2550 2064//2064 1907//1907 
f 2064//2064 1562//1562 2344//2344 
f 2064//2064 2550//2550 1562//1562 
f 2314//2314 2107//2107 1647//1647 
f 2539//2539 1658//1658 1857//1857 
f 1643//1643 1658//1658 2539//2539 
f 1643//1643 2368//2368 1658//1658 
f 2507//2507 2529//2529 2368//2368 
f 2507//2507 2571//2571 1923//1923 
f 2347//2347 1865//1865 2507//2507 
f 2048//2048 1597//1597 1743//1743 
f 2048//2048 2347//2347 1597//1597 
f 1807//1807 1880//1880 2329//2329 
f 1743//1743 1880//1880 1807//1807 
f 1597//1597 1880//1880 1743//1743 
f 2602//2602 1880//1880 1597//1597 
f 2602//2602 1484//1484 1880//1880 
f 2089//2089 2539//2539 2602//2602 
f 1906//1906 2550//2550 1489//1489 
f 1562//1562 1906//1906 1926//1926 
f 2550//2550 1906//1906 1562//1562 
f 2172//2172 1957//1957 1969//1969 
f 2172//2172 2500//2500 1957//1957 
f 1704//1704 2500//2500 2172//2172 
f 2489//2489 1674//1674 1584//1584 
f 2317//2317 1674//1674 2489//2489 
f 1680//1680 2447//2447 2533//2533 
f 2163//2163 2447//2447 2366//2366 
f 2533//2533 2447//2447 2163//2163 
f 1853//1853 1906//1906 1627//1627 
f 1926//1926 1853//1853 1852//1852 
f 1853//1853 1926//1926 1906//1906 
f 1948//1948 1926//1926 1852//1852 
f 1647//1647 2410//2410 2314//2314 
f 1647//1647 1704//1704 2410//2410 
f 2277//2277 1704//1704 1647//1647 
f 2277//2277 2500//2500 1704//1704 
f 1586//1586 2500//2500 2277//2277 
f 2411//2411 1957//1957 2500//2500 
f 2415//2415 1969//1969 2268//2268 
f 1580//1580 1882//1882 2028//2028 
f 2424//2424 1736//1736 2015//2015 
f 2424//2424 2480//2480 1736//1736 
f 2424//2424 2156//2156 2480//2480 
f 2424//2424 1786//1786 2156//2156 
f 2268//2268 1786//1786 2424//2424 
f 2268//2268 2392//2392 1786//1786 
f 2268//2268 2222//2222 2392//2392 
f 1969//1969 2222//2222 2268//2268 
f 1969//1969 1584//1584 2222//2222 
f 1969//1969 2489//2489 1584//1584 
f 1957//1957 2489//2489 1969//1969 
f 1957//1957 2411//2411 2489//2489 
f 1680//1680 1694//1694 2447//2447 
f 2317//2317 1519//1519 2096//2096 
f 2519//2519 2533//2533 2163//2163 
f 2519//2519 1994//1994 2533//2533 
f 1963//1963 1994//1994 2519//2519 
f 1531//1531 2408//2408 1770//1770 
f 1682//1682 2408//2408 1531//1531 
f 2433//2433 2408//2408 1682//1682 
f 1530//1530 2408//2408 2433//2433 
f 2141//2141 1789//1789 2265//2265 
f 2141//2141 1763//1763 1789//1789 
f 2045//2045 1763//1763 2141//2141 
f 1939//1939 1955//1955 2516//2516 
f 2468//2468 1706//1706 1955//1955 
f 2435//2435 2361//2361 1706//1706 
f 2299//2299 2361//2361 2435//2435 
f 2607//2607 2361//2361 2299//2299 
f 2607//2607 2354//2354 2361//2361 
f 1586//1586 2277//2277 1854//1854 
f 2031//2031 2500//2500 1586//1586 
f 2031//2031 2411//2411 2500//2500 
f 1519//1519 2411//2411 2031//2031 
f 2411//2411 1519//1519 2489//2489 
f 2489//2489 1519//1519 2317//2317 
f 2096//2096 1519//1519 1805//1805 
f 1711//1711 2137//2137 1895//1895 
f 1889//1889 2137//2137 1711//1711 
f 2409//2409 2137//2137 1889//1889 
f 2409//2409 2616//2616 2137//2137 
f 2515//2515 2018//2018 1987//1987 
f 1968//1968 2018//2018 2515//2515 
f 1942//1942 1947//1947 1687//1687 
f 2455//2455 1947//1947 1942//1942 
f 2455//2455 2049//2049 1947//1947 
f 2350//2350 1648//1648 2049//2049 
f 2591//2591 1648//1648 2350//2350 
f 2591//2591 2054//2054 1648//1648 
f 1693//1693 2054//2054 2591//2591 
f 2591//2591 1641//1641 1693//1693 
f 2350//2350 1641//1641 2591//2591 
f 2564//2564 2342//2342 2195//2195 
f 2564//2564 1524//1524 2342//2342 
f 1543//1543 1978//1978 1524//1524 
f 2121//2121 1978//1978 1543//1543 
f 2121//2121 2494//2494 1978//1978 
f 2483//2483 2494//2494 2121//2121 
f 2430//2430 1556//1556 2483//2483 
f 2629//2629 1556//1556 2430//2430 
f 2629//2629 2237//2237 1556//1556 
f 1640//1640 2237//2237 2629//2629 
f 2295//2295 2542//2542 2237//2237 
f 2420//2420 2542//2542 2295//2295 
f 2420//2420 2142//2142 2542//2542 
f 2420//2420 2207//2207 2142//2142 
f 1854//1854 2277//2277 2207//2207 
f 1715//1715 2096//2096 1805//1805 
f 1985//1985 2096//2096 1715//1715 
f 1985//1985 2270//2270 2096//2096 
f 1733//1733 1694//1694 1680//1680 
f 1694//1694 2325//2325 2354//2354 
f 2428//2428 2345//2345 2417//2417 
f 2400//2400 1807//1807 2329//2329 
f 2518//2518 1848//1848 2400//2400 
f 1920//1920 2048//2048 1848//1848 
f 2118//2118 2347//2347 2048//2048 
f 2118//2118 1865//1865 2347//2347 
f 2118//2118 2272//2272 1865//1865 
f 1744//1744 2418//2418 2272//2272 
f 1490//1490 1699//1699 1872//1872 
f 1699//1699 1850//1850 2149//2149 
f 1699//1699 1490//1490 1850//1850 
f 1829//1829 1872//1872 1550//1550 
f 2362//2362 1872//1872 1829//1829 
f 2362//2362 1490//1490 1872//1872 
f 2324//2324 2174//2174 1566//1566 
f 2324//2324 2345//2345 2174//2174 
f 2308//2308 1699//1699 1744//1744 
f 1872//1872 1699//1699 2308//2308 
f 1566//1566 2174//2174 1764//1764 
f 2345//2345 2527//2527 2174//2174 
f 2458//2458 2219//2219 1636//1636 
f 2458//2458 2134//2134 2219//2219 
f 1549//1549 1621//1621 2134//2134 
f 1801//1801 1835//1835 1621//1621 
f 1696//1696 2427//2427 2228//2228 
f 1696//1696 2009//2009 2427//2427 
f 1696//1696 2255//2255 2009//2009 
f 1696//1696 1849//1849 2255//2255 
f 2534//2534 1849//1849 1696//1696 
f 2286//2286 2585//2585 2113//2113 
f 1917//1917 2417//2417 2286//2286 
f 1917//1917 2428//2428 2417//2417 
f 2527//2527 2345//2345 2428//2428 
f 1653//1653 2390//2390 1757//1757 
f 2351//2351 2390//2390 1653//1653 
f 2351//2351 1951//1951 2390//2390 
f 1965//1965 1951//1951 2351//2351 
f 2033//2033 2151//2151 1965//1965 
f 1961//1961 2151//2151 2033//2033 
f 1961//1961 1681//1681 2151//2151 
f 2306//2306 1681//1681 1961//1961 
f 1541//1541 1681//1681 2306//2306 
f 2100//2100 1681//1681 1541//1541 
f 2124//2124 1881//1881 2100//2100 
f 2124//2124 1846//1846 1881//1881 
f 1575//1575 1627//1627 1489//1489 
f 2296//2296 1948//1948 1852//1852 
f 2296//2296 2390//2390 1948//1948 
f 1925//1925 2390//2390 2296//2296 
f 1908//1908 2294//2294 2391//2391 
f 2014//2014 2294//2294 1908//1908 
f 1911//1911 1900//1900 2559//2559 
f 1712//1712 1900//1900 1911//1911 
f 1712//1712 2240//2240 1900//1900 
f 2198//2198 2240//2240 1712//1712 
f 1620//1620 1575//1575 2198//2198 
f 2240//2240 2550//2550 1907//1907 
f 2240//2240 1489//1489 2550//2550 
f 2240//2240 1575//1575 1489//1489 
f 2198//2198 1575//1575 2240//2240 
f 2545//2545 1767//1767 2035//2035 
f 1692//1692 2358//2358 1719//1719 
f 1695//1695 1765//1765 1692//1692 
f 2563//2563 2525//2525 2123//2123 
f 1695//1695 2525//2525 2563//2563 
f 2357//2357 1541//1541 2202//2202 
f 1541//1541 2357//2357 1600//1600 
f 1847//1847 2304//2304 1639//1639 
f 2547//2547 1639//1639 2304//2304 
f 2441//2441 1639//1639 2547//2547 
f 2496//2496 1831//1831 2610//2610 
f 2358//2358 2496//2496 1719//1719 
f 2335//2335 1765//1765 2019//2019 
f 1692//1692 1765//1765 2335//2335 
f 2019//2019 1666//1666 2335//2335 
f 1970//1970 2374//2374 2298//2298 
f 1664//1664 2479//2479 2327//2327 
f 1773//1773 2479//2479 1664//1664 
f 1773//1773 2402//2402 2479//2479 
f 1773//1773 2486//2486 2402//2402 
f 2563//2563 2486//2486 1773//1773 
f 1758//1758 2486//2486 2563//2563 
f 2486//2486 1758//1758 2438//2438 
f 2172//2172 2410//2410 1704//1704 
f 2410//2410 1882//1882 1580//1580 
f 2410//2410 2172//2172 1882//1882 
f 2152//2152 2030//2030 1836//1836 
f 2336//2336 2270//2270 1985//1985 
f 2336//2336 1733//1733 2270//2270 
f 1774//1774 1694//1694 1733//1733 
f 2325//2325 1694//1694 1774//1774 
f 2325//2325 1824//1824 2354//2354 
f 2144//2144 2325//2325 1686//1686 
f 1824//1824 2325//2325 2144//2144 
f 2619//2619 1740//1740 1877//1877 
f 1879//1879 2108//2108 1740//1740 
f 1629//1629 2114//2114 2013//2013 
f 1633//1633 1762//1762 1887//1887 
f 1887//1887 1762//1762 2114//2114 
f 1887//1887 2569//2569 2215//2215 
f 1887//1887 1629//1629 2569//2569 
f 2114//2114 1629//1629 1887//1887 
f 2249//2249 1588//1588 1630//1630 
f 2311//2311 2105//2105 1588//1588 
f 2311//2311 2215//2215 2105//2105 
f 2510//2510 1834//1834 2215//2215 
f 1709//1709 2510//2510 2110//2110 
f 1893//1893 2110//2110 1494//1494 
f 2363//2363 2110//2110 1893//1893 
f 2363//2363 1709//1709 2110//2110 
f 1893//1893 2599//2599 2363//2363 
f 1893//1893 1794//1794 2599//2599 
f 2273//2273 1794//1794 1893//1893 
f 2273//2273 2506//2506 1794//1794 
f 2593//2593 1595//1595 2521//2521 
f 2541//2541 2016//2016 1595//1595 
f 1820//1820 2016//2016 2541//2541 
f 1596//1596 2032//2032 2280//2280 
f 1596//1596 2477//2477 2032//2032 
f 2016//2016 2477//2477 1596//1596 
f 1483//1483 2032//2032 2477//2477 
f 2313//2313 2032//2032 1483//1483 
f 1483//1483 2477//2477 2506//2506 
f 1903//1903 2313//2313 1483//1483 
f 2476//2476 2313//2313 1903//1903 
f 1750//1750 2476//2476 2383//2383 
f 1841//1841 2476//2476 1750//1750 
f 1897//1897 1841//1841 1750//1750 
f 2032//2032 1841//1841 2075//2075 
f 2531//2531 1548//1548 1856//1856 
f 1856//1856 2469//2469 1820//1820 
f 1856//1856 2596//2596 2469//2469 
f 1548//1548 2596//2596 1856//1856 
f 1780//1780 1570//1570 1782//1782 
f 1759//1759 1570//1570 1780//1780 
f 1898//1898 1570//1570 1759//1759 
f 1898//1898 2423//2423 1570//1570 
f 2231//2231 2423//2423 1898//1898 
f 1747//1747 2041//2041 1592//1592 
f 2239//2239 2041//2041 1747//1747 
f 1964//1964 2239//2239 2288//2288 
f 2252//2252 1569//1569 1964//1964 
f 2252//2252 1618//1618 1569//1569 
f 2531//2531 1856//1856 2524//2524 
f 1886//1886 2300//2300 2339//2339 
f 1717//1717 2300//2300 1886//1886 
f 1894//1894 2300//2300 1717//1717 
f 1894//1894 2520//2520 2300//2300 
f 1629//1629 2242//2242 1500//1500 
f 2013//2013 2242//2242 1629//1629 
f 2242//2242 1717//1717 1500//1500 
f 2013//2013 1894//1894 2242//2242 
f 2282//2282 2047//2047 2454//2454 
f 1555//1555 2617//2617 2226//2226 
f 1806//1806 2484//2484 1555//1555 
f 2003//2003 2484//2484 1806//1806 
f 2628//2628 1738//1738 2003//2003 
f 2628//2628 2041//2041 1738//1738 
f 2023//2023 1782//1782 2423//2423 
f 1485//1485 1898//1898 1759//1759 
f 2127//2127 1898//1898 1485//1485 
f 2127//2127 1492//1492 1898//1898 
f 2177//2177 2046//2046 2127//2127 
f 2177//2177 1992//1992 2046//2046 
f 2177//2177 1689//1689 1992//1992 
f 2522//2522 1500//1500 1886//1886 
f 1785//1785 1500//1500 2522//2522 
f 2210//2210 2011//2011 2153//2153 
f 1837//1837 2011//2011 2210//2210 
f 2030//2030 1678//1678 2034//2034 
f 1836//1836 1507//1507 2152//2152 
f 1507//1507 1945//1945 2532//2532 
f 1507//1507 2021//2021 1945//1945 
f 1507//1507 1836//1836 2021//2021 
f 1678//1678 2532//2532 1578//1578 
f 1507//1507 2532//2532 1678//1678 
f 1517//1517 1910//1910 2544//2544 
f 1867//1867 1847//1847 1910//1910 
f 1639//1639 1769//1769 1847//1847 
f 1769//1769 1639//1639 1631//1631 
f 2544//2544 2291//2291 1661//1661 
f 2544//2544 2453//2453 2291//2291 
f 2544//2544 2326//2326 2453//2453 
f 2024//2024 1729//1729 2326//2326 
f 2024//2024 1520//1520 1729//1729 
f 1885//1885 1983//1983 1585//1585 
f 1885//1885 2074//2074 1983//1983 
f 1670//1670 2074//2074 1885//1885 
f 2322//2322 2074//2074 1670//1670 
f 2322//2322 1515//1515 2074//2074 
f 1617//1617 1515//1515 2322//2322 
f 2577//2577 1515//1515 1617//1617 
f 2577//2577 2389//2389 1515//1515 
f 2577//2577 1725//1725 2389//2389 
f 2577//2577 1934//1934 1725//1725 
f 2451//2451 1934//1934 2577//2577 
f 1558//1558 1934//1934 2451//2451 
f 1558//1558 1665//1665 1934//1934 
f 1971//1971 1755//1755 1665//1665 
f 2637//2637 1611//1611 2396//2396 
f 2185//2185 1611//1611 2637//2637 
f 2554//2554 2040//2040 2185//2185 
f 2401//2401 2040//2040 2554//2554 
f 2307//2307 2401//2401 1916//1916 
f 2307//2307 1601//1601 2401//2401 
f 2008//2008 2000//2000 1601//1601 
f 2474//2474 2081//2081 1921//1921 
f 1932//1932 2081//2081 2474//2474 
f 1775//1775 1565//1565 1977//1977 
f 1941//1941 2546//2546 1756//1756 
f 1941//1941 2625//2625 2546//2546 
f 1980//1980 1532//1532 1830//1830 
f 1993//1993 1532//1532 1980//1980 
f 1993//1993 1833//1833 1532//1532 
f 2375//2375 1619//1619 1833//1833 
f 1902//1902 1619//1619 2375//2375 
f 1902//1902 2509//2509 1619//1619 
f 2262//2262 2509//2509 1902//1902 
f 1682//1682 2509//2509 2262//2262 
f 1682//1682 1768//1768 2509//2509 
f 1682//1682 1531//1531 1768//1768 
f 2472//2472 1928//1928 1770//1770 
f 2472//2472 2618//2618 1928//1928 
f 2001//2001 1673//1673 2618//2618 
f 2001//2001 2069//2069 1673//1673 
f 2640//2640 2552//2552 2069//2069 
f 1787//1787 2552//2552 2640//2640 
f 2587//2587 1909//1909 1787//1787 
f 1568//1568 1909//1909 2587//2587 
f 1568//1568 2055//2055 1909//1909 
f 2072//2072 2278//2278 1568//1568 
f 2470//2470 2278//2278 2072//2072 
f 2091//2091 1582//1582 2470//2470 
f 2056//2056 2065//2065 1582//1582 
f 1931//1931 2065//2065 2056//2056 
f 1931//1931 2543//2543 2065//2065 
f 2492//2492 2543//2543 1931//1931 
f 2492//2492 2535//2535 2543//2543 
f 2303//2303 1517//1517 2492//2492 
f 2544//2544 1760//1760 1517//1517 
f 2544//2544 1840//1840 1760//1760 
f 2544//2544 1661//1661 1840//1840 
f 2385//2385 2429//2429 2291//2291 
f 1520//1520 1790//1790 2385//2385 
f 1520//1520 2570//2570 1790//1790 
f 1512//1512 2034//2034 1976//1976 
f 1512//1512 1973//1973 2034//2034 
f 2615//2615 2005//2005 1741//1741 
f 2615//2615 2471//2471 2005//2005 
f 2545//2545 2471//2471 2615//2615 
f 2545//2545 2035//2035 2471//2471 
f 2545//2545 1976//1976 1767//1767 
f 1943//1943 1731//1731 1602//1602 
f 1709//1709 2363//2363 1602//1602 
f 2363//2363 2599//2599 1602//1602 
f 1602//1602 2261//2261 1709//1709 
f 2261//2261 1602//1602 2379//2379 
f 2599//2599 1943//1943 1602//1602 
f 1943//1943 1890//1890 1731//1731 
f 1709//1709 2261//2261 1633//1633 
f 2261//2261 2379//2379 1633//1633 
f 2469//2469 2596//2596 1726//1726 
f 2461//2461 1783//1783 2520//2520 
f 1726//1726 1783//1783 2461//2461 
f 1726//1726 1583//1583 1783//1783 
f 2596//2596 1583//1583 1726//1726 
f 2016//2016 1820//1820 2469//2469 
f 1726//1726 2016//2016 2469//2469 
f 2477//2477 2016//2016 1726//1726 
f 1726//1726 2506//2506 2477//2477 
f 1794//1794 2506//2506 1726//1726 
f 1726//1726 2599//2599 1794//1794 
f 1943//1943 2599//2599 1726//1726 
f 1726//1726 1890//1890 1943//1943 
f 2461//2461 1890//1890 1726//1726 
f 2461//2461 2114//2114 1890//1890 
f 2013//2013 2114//2114 2461//2461 
f 2461//2461 1894//1894 2013//2013 
f 2520//2520 1894//1894 2461//2461 
f 2353//2353 1583//1583 1999//1999 
f 1684//1684 1548//1548 2531//2531 
f 1999//1999 1548//1548 1684//1684 
f 1999//1999 2596//2596 1548//1548 
f 1583//1583 2596//2596 1999//1999 
f 1583//1583 2353//2353 1783//1783 
f 1684//1684 2353//2353 1999//1999 
f 2510//2510 1709//1709 1834//1834 
f 1709//1709 1633//1633 1834//1834 
f 1762//1762 1890//1890 2114//2114 
f 1731//1731 1890//1890 1762//1762 
f 1762//1762 1602//1602 1731//1731 
f 1762//1762 2379//2379 1602//1602 
f 1633//1633 2379//2379 1762//1762 
f 2032//2032 2313//2313 1841//1841 
f 2476//2476 1841//1841 2313//2313 
f 2339//2339 2300//2300 1684//1684 
f 1684//1684 2531//2531 2339//2339 
f 2353//2353 1684//1684 2300//2300 
f 2353//2353 2300//2300 1783//1783 
f 2300//2300 2520//2520 1783//1783 
f 2358//2358 1831//1831 2496//2496 
