sample_idx,setting_id,axis,trial,direction,phase,rate_setting_rad_s,accel_byte,cmd_rate_rad_s,cmd_rate_applied_rad_s,cmd_rate_encoded_rad_s,limit_blocked,command_addrs,command_payloads_hex,command_tx_monotonic_ns,command_tx_wall_ns,response_rx_monotonic_ns,response_rx_wall_ns,elapsed_s,setting_elapsed_s,phase_elapsed_s,encoder_addr,counts,angle_rad,omega_rad_s,encoder_dt_s,profile,segment_id,profile_step_idx,profile_elapsed_s,requested_rate_source,command_cmd_ids,reply_cmd_id,reply_bytes_hex,reply_parsed_json,send_ok,valid_encoder,settle_phase,settled,settle_timeout,missing_reply,send_dropped,reply_latency_ms,pending_query_count,dropped_query_count,stale_reply_count,encoder_sample_monotonic_ns,omega_valid,omega_invalid_reason,update_publish_monotonic_ns,speed_wire_monotonic_ns,encoder_wire_monotonic_ns,encoder_reply_monotonic_ns
0,1,yaw,1,1,pre,0.25,10,0.0,0.0,0.0,0,1,1:00000A,1801934503810161,1789324632070694091,1801934515468231,1789324632099708927,0.7723243089858443,0.007900476921349764,0.007670454913750291,1,-1580,0.6059224112148283,,,step,0,0,5.119945853948593e-07,settle,sweep:yaw:1789324632070670507;sweep:enc:yaw:1789324632070689643,sweep:enc:yaw:1789324632070689643,FFFFFFFFF9D4,"{""counts"":-1580}",1,1,1,0,0,0,0,5.95067,1,0,0,1801934509517561,0,first_sample,1801934501905795,1801934503810161,1801934509517561,1801934515468231
1,1,yaw,1,1,pre,0.25,10,0.0,0.0,0.0,0,1,1:00000A,1801934503810161,1789324632099355991,1801934537380625,1789324632128209607,0.7940753239672631,0.029651491902768612,0.02942146989516914,1,-1580,0.6059224112148283,0.0,0.021751014981418848,step,0,0,0.0286393070127815,settle,sweep:enc:yaw:1789324632099351735,sweep:enc:yaw:1789324632099351735,FFFFFFFFF9D4,"{""counts"":-1580}",1,1,1,1,0,0,0,6.112049,1,0,0,1801934531268576,1,,1801934530567471,1801934503810161,1801934531268576,1801934537380625
2,1,yaw,1,1,pre,0.25,10,0.0,0.0,0.0,0,1,1:00000A,1801934503810161,1789324632127906944,1801934569188168,1789324632156717231,0.826253562932834,0.06182973086833954,0.061599708860740066,1,-1580,0.6059224112148283,0.0,0.03217823896557093,step,0,0,0.05720401997677982,settle,sweep:enc:yaw:1789324632127903424,sweep:enc:yaw:1789324632127903424,FFFFFFFFF9D4,"{""counts"":-1580}",1,1,1,1,0,0,0,5.741353,1,0,0,1801934563446815,1,,1801934559118488,1801934503810161,1801934563446815,1801934569188168
3,1,yaw,1,1,pre,0.25,10,0.0,0.0,0.0,0,1,1:00000A,1801934503810161,1789324632156472201,1801934596090666,1789324632185312953,0.8529703279491514,0.0885464958846569,0.08831647387705743,1,-1580,0.6059224112148283,0.0,0.026716765016317368,step,0,0,0.08577779005281627,settle,sweep:enc:yaw:1789324632156469097,sweep:enc:yaw:1789324632156469097,FFFFFFFFF9D4,"{""counts"":-1580}",1,1,1,1,0,0,0,5.927086,1,0,0,1801934590163580,1,,1801934587683777,1801934503810161,1801934590163580,1801934596090666
4,1,yaw,1,1,pre,0.25,10,0.0,0.0,0.0,0,1,1:00000A,1801934503810161,1789324632185051347,1801934622903913,1789324632213892739,0.8798427130095661,0.11541888094507158,0.1151888589374721,1,-1580,0.6059224112148283,0.0,0.026872385060414672,step,0,0,0.1143503428902477,settle,sweep:enc:yaw:1789324632185048019,sweep:enc:yaw:1789324632185048019,FFFFFFFFF9D4,"{""counts"":-1580}",1,1,1,1,0,0,0,5.867948,1,0,0,1801934617035965,1,,1801934616262923,1801934503810161,1801934617035965,1801934622903913
5,1,yaw,1,1,pre,0.25,10,0.0,0.0,0.0,0,1,1:00000A,1801934503810161,1789324632213624860,1801934654695615,1789324632242454028,0.9117613940034062,0.14733756193891168,0.1471075399313122,1,-1580,0.6059224112148283,0.0,0.0319186809938401,step,0,0,0.14292552089318633,settle,sweep:enc:yaw:1789324632213621948,sweep:enc:yaw:1789324632213621948,FFFFFFFFF9D4,"{""counts"":-1580}",1,1,1,1,0,0,0,5.740969,1,0,0,1801934648954646,1,,1801934644836596,1801934503810161,1801934648954646,1801934654695615
6,1,yaw,1,1,pre,0.25,10,0.0,0.0,0.0,0,1,1:00000A,1801934503810161,1789324632242194758,1801934681565952,1789324632271025557,0.9385151520837098,0.17409132001921535,0.17386129801161587,1,-1580,0.6059224112148283,0.0,0.02675375808030367,step,0,0,0.1714968578889966,settle,sweep:enc:yaw:1789324632242191525,sweep:enc:yaw:1789324632242191525,FFFFFFFFF9D4,"{""counts"":-1580}",1,1,1,1,0,0,0,5.857548,1,0,0,1801934675708404,1,,1801934673406334,1801934503810161,1801934675708404,1801934681565952
7,1,yaw,1,1,pre,0.25,10,0.0,0.0,0.0,0,1,1:00000A,1801934702505524,1789324632270770351,1801934714388271,1789324632299643424,0.9710932089947164,0.20666937693022192,0.20643935492262244,1,-1580,0.6059224112148283,0.0,0.03257805691100657,step,0,0,0.2000696030445397,settle,sweep:yaw:1789324632270743630;sweep:enc:yaw:1789324632270767695,sweep:enc:yaw:1789324632270767695,FFFFFFFFF9D4,"{""counts"":-1580}",1,1,1,1,0,0,0,6.10181,1,0,0,1801934708286461,1,,1801934701981895,1801934702505524,1801934708286461,1801934714388271
8,1,yaw,1,1,pre,0.25,10,0.0,0.0,0.0,0,1,1:00000A,1801934702505524,1789324632299340568,1801934741224879,1789324632328142087,0.9980549721512944,0.23363114008679986,0.2334011180792004,1,-1580,0.6059224112148283,0.0,0.026961763156577945,step,0,0,0.22864036494866014,settle,sweep:enc:yaw:1789324632299337528,sweep:enc:yaw:1789324632299337528,FFFFFFFFF9D4,"{""counts"":-1580}",1,1,1,1,0,0,0,5.976655,1,0,0,1801934735248224,1,,1801934730552176,1801934702505524,1801934735248224,1801934741224879
9,1,yaw,1,1,pre,0.25,10,0.0,0.0,0.0,0,1,1:00000A,1801934702505524,1789324632327886977,1801934768068239,1789324632356736721,1.024927165126428,0.2605033330619335,0.26027331105433404,1,-1580,0.6059224112148283,0.0,0.026872192975133657,step,0,0,0.2571877660229802,settle,sweep:enc:yaw:1789324632327883809,sweep:enc:yaw:1789324632327883809,FFFFFFFFF9D4,"{""counts"":-1580}",1,1,1,1,0,0,0,5.947822,1,0,0,1801934762120417,1,,1801934759098553,1801934702505524,1801934762120417,1801934768068239
10,1,yaw,1,1,pre,0.25,10,0.0,0.0,0.0,0,1,1:00000A,1801934702505524,1789324632356482315,1801934794922864,1789324632377458751,1.0517244120128453,0.2873005799483508,0.2870705579407513,1,-1580,0.6059224112148283,0.0,0.02679724688641727,step,0,0,0.28578662406653166,settle,sweep:enc:yaw:1789324632356478731,sweep:enc:yaw:1789324632356478731,FFFFFFFFF9D4,"{""counts"":-1580}",1,1,1,1,0,0,0,6.0052,0,0,0,1801934788917664,1,,1801934787693859,1801934702505524,1801934788917664,1801934794922864
11,1,yaw,1,1,step,0.25,10,0.25,0.25,0.20943951023931953,0,1,1:00020A00000032,1801934810684295,1789324632377724166,1801934823812225,1789324632406669144,1.0805426039732993,0.3161187719088048,0.008851890917867422,1,-1586,0.6082233823966567,0.07984439776742444,0.028818191960453987,step,1,0,6.079208105802536e-07,step,sweep:yaw:1789324632377706053;sweep:enc:yaw:1789324632377721958,sweep:enc:yaw:1789324632377721958,FFFFFFFFF9CE,"{""counts"":-1586}",1,1,0,0,0,0,0,6.076369,1,0,0,1801934817735856,1,,1801934808935902,1801934810684295,1801934817735856,1801934823812225
12,1,yaw,1,1,step,0.25,10,0.25,0.25,0.20943951023931953,0,1,1:00020A00000032,1801934810684295,1789324632406386385,1801934845728555,1789324632435222977,1.1023562760092318,0.3379324439447373,0.030665562953799963,1,-1594,0.611291343972428,0.1406439764344846,0.02181367203593254,step,1,0,0.028637802926823497,step,sweep:enc:yaw:1789324632406383377,sweep:enc:yaw:1789324632406383377,FFFFFFFFF9C6,"{""counts"":-1594}",1,1,0,0,0,0,0,6.179027,1,0,0,1801934839549528,1,,1801934837597993,1801934810684295,1801934839549528,1801934845728555
13,1,yaw,1,1,step,0.25,10,0.25,0.25,0.20943951023931953,0,1,1:00020A00000032,1801934810684295,1789324632434961691,1801934872574187,1789324632463819851,1.1294442820362747,0.3650204499717802,0.05775356898084283,1,-1608,0.6166602767300278,0.198203321139244,0.027088006027042866,step,1,0,0.05720795597881079,step,sweep:enc:yaw:1789324632434958875,sweep:enc:yaw:1789324632434958875,FFFFFFFFF9B8,"{""counts"":-1608}",1,1,0,0,0,0,0,5.936653,1,0,0,1801934866637534,1,,1801934866173171,1801934810684295,1801934866637534,1801934872574187
14,1,yaw,1,1,step,0.25,10,0.25,0.25,0.20943951023931953,0,1,1:00020A00000032,1801934810684295,1789324632463528516,1801934904394786,1789324632492342547,1.1614502931479365,0.397026461083442,0.08975958009250462,1,-1624,0.6227961998815703,0.19171158599350868,0.03200601111166179,step,1,0,0.08578431699424982,step,sweep:enc:yaw:1789324632463525348,sweep:enc:yaw:1789324632463525348,FFFFFFFFF9A8,"{""counts"":-1624}",1,1,0,0,0,0,0,5.751241,1,0,0,1801934898643545,1,,1801934894740060,1801934810684295,1801934898643545,1801934904394786
15,1,yaw,1,1,step,0.25,10,0.25,0.25,0.20943951023931953,0,1,1:00020A00000032,1801934810684295,1789324632492094189,1801934931310980,1789324632520964030,1.1880673121195287,0.42364348005503416,0.11637659906409681,1,-1639,0.6285486278361415,0.21611841509038468,0.026617018971592188,step,1,0,0.1143546630628407,step,sweep:enc:yaw:1789324632492091085,sweep:enc:yaw:1789324632492091085,FFFFFFFFF999,"{""counts"":-1639}",1,1,0,0,0,0,0,6.050416,1,0,0,1801934925260564,1,,1801934923305733,1801934810684295,1801934925260564,1801934931310980
16,1,yaw,1,1,step,0.25,10,0.25,0.25,0.20943951023931953,0,1,1:00020A00000032,1801934810684295,1789324632520672951,1801934963065914,1789324632549530791,1.2201940300874412,0.4557701980229467,0.14850331703200936,1,-1656,0.6350680461846554,0.2029282404453929,0.032126717967912555,step,1,0,0.14292705594561994,step,sweep:enc:yaw:1789324632520670167,sweep:enc:yaw:1789324632520670167,FFFFFFFFF988,"{""counts"":-1656}",1,1,0,0,0,0,0,5.678632,1,0,0,1801934957387282,1,,1801934951884495,1801934810684295,1801934957387282,1801934963065914
17,1,yaw,1,1,step,0.25,10,0.25,0.25,0.20943951023931953,0,1,1:00020A00000032,1801934810684295,1789324632549257569,1801934989893177,1789324632578073808,1.2467797200661153,0.48235588800162077,0.17508900701068342,1,-1671,0.6408204741392266,0.21637309241120187,0.026585689978674054,step,1,0,0.17149887396954,step,sweep:enc:yaw:1789324632549254145,sweep:enc:yaw:1789324632549254145,FFFFFFFFF979,"{""counts"":-1671}",1,1,0,0,0,0,0,5.920205,1,0,0,1801934983972972,1,,1801934980468985,1801934810684295,1801934983972972,1801934989893177
18,1,yaw,1,1,step,0.25,10,0.25,0.25,0.20943951023931953,0,1,1:00020A00000032,1801935010755723,1789324632577816330,1801935023562652,1789324632606663962,1.2804795640986413,0.5160557320341468,0.20878885104320943,1,-1699,0.6515583396544261,0.3186324988577295,0.033699844032526016,step,1,0,0.20007190690375865,step,sweep:yaw:1789324632577789833;sweep:enc:yaw:1789324632577813194,sweep:enc:yaw:1789324632577813194,FFFFFFFFF95D,"{""counts"":-1699}",1,1,0,0,0,0,0,5.889836,1,0,0,1801935017672816,1,,1801935009027906,1801935010755723,1801935017672816,1801935023562652
19,1,yaw,1,1,step,0.25,10,0.25,0.25,0.20943951023931953,0,1,1:00020A00000032,1801935010755723,1789324632606395347,1801935045453799,1789324632635217987,1.3020812629256397,0.5376574308611453,0.2303905498702079,1,-1709,0.6553932916241402,0.1775301100356524,0.021601698826998472,step,1,0,0.22865607705898583,step,sweep:enc:yaw:1789324632606392115,sweep:enc:yaw:1789324632606392115,FFFFFFFFF953,"{""counts"":-1709}",1,1,0,0,0,0,0,6.179284,1,0,0,1801935039274515,1,,1801935037606923,1801935010755723,1801935039274515,1801935045453799
20,1,yaw,1,1,step,0.25,10,0.25,0.25,0.20943951023931953,0,1,1:00020A00000032,1801935010755723,1789324632634951548,1801935077446850,1789324632663775052,1.3342770070303231,0.5698531749658287,0.2625862939748913,1,-1727,0.6622962051696256,0.21440453505410062,0.0321957441046834,step,1,0,0.25719829299487174,step,sweep:enc:yaw:1789324632634948732,sweep:enc:yaw:1789324632634948732,FFFFFFFFF941,"{""counts"":-1727}",1,1,0,0,0,0,0,5.976591,1,0,0,1801935071470259,1,,1801935066163188,1801935010755723,1801935071470259,1801935077446850
21,1,yaw,1,1,step,0.25,10,0.25,0.25,0.20943951023931953,0,1,1:00020A00000032,1801935010755723,1789324632663525190,1801935104299394,1789324632692334101,1.361188689013943,0.5967648569494486,0.28949797595851123,1,-1742,0.6680486331241967,0.21375207830087944,0.02691168198361993,step,1,0,0.2857836149632931,step,sweep:enc:yaw:1789324632663521958,sweep:enc:yaw:1789324632663521958,FFFFFFFFF932,"{""counts"":-1742}",1,1,0,0,0,0,0,5.917453,1,0,0,1801935098381941,1,,1801935094736990,1801935010755723,1801935098381941,1801935104299394
22,1,yaw,1,1,step,0.25,10,0.25,0.25,0.20943951023931953,0,1,1:00020A00000032,1801935010755723,1789324632692091375,1801935131182627,1789324632721020385,1.3879708000458777,0.6235469679813832,0.31628008699044585,1,-1758,0.6741845562757393,0.22910528390484805,0.02678211103193462,step,1,0,0.31435312889516354,step,sweep:enc:yaw:1789324632692088047,sweep:enc:yaw:1789324632692088047,FFFFFFFFF922,"{""counts"":-1758}",1,1,0,0,0,0,0,6.018575,1,0,0,1801935125164052,1,,1801935123302983,1801935010755723,1801935125164052,1801935131182627
23,1,yaw,1,1,step,0.25,10,0.25,0.25,0.20943951023931953,0,1,1:00020A00000032,1801935010755723,1789324632720679289,1801935162944249,1789324632749512777,1.4200080439914018,0.6555842119269073,0.34831733093596995,1,-1775,0.6807039746242532,0.20349498101645597,0.032037243945524096,step,1,0,0.3429293299559504,step,sweep:enc:yaw:1789324632720675897,sweep:enc:yaw:1789324632720675897,FFFFFFFFF911,"{""counts"":-1775}",1,1,0,0,0,0,0,5.742953,1,0,0,1801935157201296,1,,1801935151891089,1801935010755723,1801935157201296,1801935162944249
24,1,yaw,1,1,step,0.25,10,0.25,0.25,0.20943951023931953,0,1,1:00020A00000032,1801935010755723,1789324632749251330,1801935189794521,1789324632777936463,1.4466708230320364,0.6822469909675419,0.3749801099766046,1,-1789,0.686072907381853,0.20136433450606886,0.026662779040634632,step,1,0,0.3715092760976404,step,sweep:enc:yaw:1789324632749248834,sweep:enc:yaw:1789324632749248834,FFFFFFFFF903,"{""counts"":-1789}",1,1,0,0,0,0,0,5.930446,0,0,0,1801935183864075,1,,1801935180463130,1801935010755723,1801935183864075,1801935189794521
25,1,yaw,1,1,post,0.25,10,0.0,0.0,0.0,0,1,1:00000A,1801935210724972,1789324632778182228,1801935222633768,1789324632807166824,1.4793448830023408,0.7149210509378463,0.007186475908383727,1,-1806,0.692592325730367,0.19952887258085253,0.03267405997030437,step,2,1,5.760230123996735e-07,settle,sweep:yaw:1789324632778164724;sweep:enc:yaw:1789324632778180052,sweep:enc:yaw:1789324632778180052,FFFFFFFFF8F2,"{""counts"":-1806}",1,1,1,0,0,0,0,6.095633,1,0,0,1801935216538135,1,,1801935209394028,1801935210724972,1801935216538135,1801935222633768
26,1,yaw,1,1,post,0.25,10,0.0,0.0,0.0,0,1,1:00000A,1801935210724972,1789324632806856416,1801935249498729,1789324632835713488,1.5063525990117341,0.7419287669472396,0.03419419191777706,1,-1808,0.6933593161243098,0.028398935832857155,0.027007716009393334,step,2,1,0.02864148304797709,settle,sweep:enc:yaw:1789324632806853920,sweep:enc:yaw:1789324632806853920,FFFFFFFFF8F0,"{""counts"":-1808}",1,1,1,1,0,0,0,5.952878,1,0,0,1801935243545851,1,,1801935238068088,1801935210724972,1801935243545851,1801935249498729
27,1,yaw,1,1,post,0.25,10,0.0,0.0,0.0,0,1,1:00000A,1801935210724972,1789324632835424234,1801935276329033,1789324632864233305,1.5332404079381377,0.7688165758736432,0.061082000844180584,1,-1808,0.6933593161243098,0.0,0.026887808926403522,step,2,1,0.05721403704956174,settle,sweep:enc:yaw:1789324632835420873,sweep:enc:yaw:1789324632835420873,FFFFFFFFF8F0,"{""counts"":-1808}",1,1,1,1,0,0,0,5.895373,1,0,0,1801935270433660,1,,1801935266636066,1801935210724972,1801935270433660,1801935276329033
28,1,yaw,1,1,post,0.25,10,0.0,0.0,0.0,0,1,1:00000A,1801935210724972,1789324632863983763,1801935303194473,1789324632892843843,1.5600213990546763,0.7955975669901818,0.08786299196071923,1,-1808,0.6933593161243098,0.0,0.026780991116538644,step,2,1,0.08578115003183484,settle,sweep:enc:yaw:1789324632863980595,sweep:enc:yaw:1789324632863980595,FFFFFFFFF8F0,"{""counts"":-1808}",1,1,1,1,0,0,0,5.979822,1,0,0,1801935297214651,1,,1801935295195371,1801935210724972,1801935297214651,1801935303194473
29,1,yaw,1,1,post,0.25,10,0.0,0.0,0.0,0,1,1:00000A,1801935210724972,1789324632892551164,1801935334979679,1789324632921382796,1.5920725630130619,0.8276487309485674,0.11991415591910481,1,-1808,0.6933593161243098,0.0,0.03205116395838559,step,2,1,0.11435581604018807,settle,sweep:enc:yaw:1789324632892548508,sweep:enc:yaw:1789324632892548508,FFFFFFFFF8F0,"{""counts"":-1808}",1,1,1,1,0,0,0,5.713864,1,0,0,1801935329265815,1,,1801935323762740,1801935210724972,1801935329265815,1801935334979679
30,1,yaw,1,1,post,0.25,10,0.0,0.0,0.0,0,1,1:00000A,1801935210724972,1789324632921131302,1801935361812319,1789324632949959605,1.6186599170323461,0.8542360849678516,0.14650150993838906,1,-1808,0.6933593161243098,0.0,0.02658735401928425,step,2,1,0.1429280168376863,settle,sweep:enc:yaw:1789324632921128518,sweep:enc:yaw:1789324632921128518,FFFFFFFFF8F0,"{""counts"":-1808}",1,1,1,1,0,0,0,5.95915,1,0,0,1801935355853169,1,,1801935352342846,1801935210724972,1801935355853169,1801935361812319
31,1,yaw,1,1,post,0.25,10,0.0,0.0,0.0,0,1,1:00000A,1801935210724972,1789324632949706799,1801935388665760,1789324632978520254,1.6455330699682236,0.8811092379037291,0.1733746628742665,1,-1808,0.6933593161243098,0.0,0.026873152935877442,step,2,1,0.17149861785583198,settle,sweep:enc:yaw:1789324632949703663,sweep:enc:yaw:1789324632949703663,FFFFFFFFF8F0,"{""counts"":-1808}",1,1,1,1,0,0,0,5.939438,1,0,0,1801935382726322,1,,1801935380918375,1801935210724972,1801935382726322,1801935388665760
32,1,yaw,1,1,post,0.25,10,0.0,0.0,0.0,0,1,1:00000A,1801935414737934,1789324632978269656,1801935426427236,1789324633007138249,1.6833360840100795,0.918912251945585,0.21117767691612244,1,-1808,0.6933593161243098,0.0,0.03780301404185593,step,2,1,0.2000681960489601,settle,sweep:yaw:1789324632978245688;sweep:enc:yaw:1789324632978266808,sweep:enc:yaw:1789324632978266808,FFFFFFFFF8F0,"{""counts"":-1808}",1,1,1,1,0,0,0,5.8979,1,0,0,1801935420529336,1,,1801935409481296,1801935414737934,1801935420529336,1801935426427236
33,1,yaw,1,1,post,0.25,10,0.0,0.0,0.0,0,1,1:00000A,1801935414737934,1789324633006847330,1801935448301454,1789324633035678001,1.7049686959944665,0.940544863929972,0.23281028890050948,1,-1808,0.6933593161243098,0.0,0.02163261198438704,step,2,1,0.22864225297234952,settle,sweep:enc:yaw:1789324633006844194,sweep:enc:yaw:1789324633006844194,FFFFFFFFF8F0,"{""counts"":-1808}",1,1,1,1,0,0,0,6.139506,1,0,0,1801935442161948,1,,1801935438058938,1801935414737934,1801935442161948,1801935448301454
34,1,yaw,1,1,post,0.25,10,0.0,0.0,0.0,0,1,1:00000A,1801935414737934,1789324633035419531,1801935475140494,1789324633064245243,1.7319928279612213,0.9675689958967268,0.25983442086726427,1,-1808,0.6933593161243098,0.0,0.027024131966754794,step,2,1,0.2572114788927138,settle,sweep:enc:yaw:1789324633035416299,sweep:enc:yaw:1789324633035416299,FFFFFFFFF8F0,"{""counts"":-1808}",1,1,1,1,0,0,0,5.954414,1,0,0,1801935469186080,1,,1801935466631043,1801935414737934,1801935469186080,1801935475140494
35,1,yaw,1,1,post,0.25,10,0.0,0.0,0.0,0,1,1:00000A,1801935414737934,1789324633063989172,1801935502012207,1789324633092894566,1.7587988751474768,0.9943750430829823,0.2866404680535197,1,-1808,0.6933593161243098,0.0,0.026806047186255455,step,2,1,0.28578569600358605,settle,sweep:enc:yaw:1789324633063986068,sweep:enc:yaw:1789324633063986068,FFFFFFFFF8F0,"{""counts"":-1808}",1,1,1,1,0,0,0,6.02008,1,0,0,1801935495992127,1,,1801935495200780,1801935414737934,1801935495992127,1801935502012207
36,1,yaw,1,1,post,0.25,10,0.0,0.0,0.0,0,1,1:00000A,1801935414737934,1789324633092589311,1801935533790405,1789324633121431438,1.790906521026045,1.0264826889615506,0.318748113932088,1,-1808,0.6933593161243098,0.0,0.03210764587856829,step,2,1,0.31435565697029233,settle,sweep:enc:yaw:1789324633092586238,sweep:enc:yaw:1789324633092586238,FFFFFFFFF8F0,"{""counts"":-1808}",1,1,1,1,0,0,0,5.690632,1,0,0,1801935528099773,1,,1801935523800886,1801935414737934,1801935528099773,1801935533790405
37,1,yaw,1,1,post,0.25,10,0.0,0.0,0.0,0,1,1:00000A,1801935414737934,1789324633121135047,1801935560635237,1789324633149949366,1.817492179106921,1.0530683470424265,0.3453337720129639,1,-1808,0.6933593161243098,0.0,0.026585658080875874,step,2,1,0.3429248509928584,settle,sweep:enc:yaw:1789324633121131623,sweep:enc:yaw:1789324633121131623,FFFFFFFFF8F0,"{""counts"":-1808}",1,1,1,1,0,0,0,5.949806,1,0,0,1801935554685431,1,,1801935552346687,1801935414737934,1801935554685431,1801935560635237
38,1,yaw,1,1,post,0.25,10,0.0,0.0,0.0,0,1,1:00000A,1801935414737934,1789324633149699248,1801935587489221,1789324633178606434,1.8443068021442741,1.0798829700797796,0.37214839505031705,1,-1808,0.6933593161243098,0.0,0.026814623037353158,step,2,1,0.37150012399069965,settle,sweep:enc:yaw:1789324633149696176,sweep:enc:yaw:1789324633149696176,FFFFFFFFF8F0,"{""counts"":-1808}",1,1,1,1,0,0,0,5.989167,0,0,0,1801935581500054,1,,1801935580911048,1801935414737934,1801935581500054,1801935587489221
39,1,yaw,1,1,rest,0.25,10,0.0,0.0,0.0,0,1,1:00000A,1801935613535186,1789324633178891817,1801935625263082,1789324633207926141,1.882206202019006,1.1177823699545115,0.009336126036942005,1,-1808,0.6933593161243098,0.0,0.0378993998747319,step,3,1,5.760230123996735e-07,rest,sweep:yaw:1789324633178874216;sweep:enc:yaw:1789324633178889513,sweep:enc:yaw:1789324633178889513,FFFFFFFFF8F0,"{""counts"":-1808}",1,1,0,0,0,0,0,5.863628,1,0,0,1801935619399454,1,,1801935610103585,1801935613535186,1801935619399454,1801935625263082
40,1,yaw,1,1,rest,0.25,10,0.0,0.0,0.0,0,1,1:00000A,1801935613535186,1789324633207560820,1801935647308568,1789324633236462789,1.9038003489840776,1.139376516919583,0.030930273002013564,1,-1808,0.6933593161243098,0.0,0.02159414696507156,step,3,1,0.02864209096878767,rest,sweep:enc:yaw:1789324633207557748,sweep:enc:yaw:1789324633207557748,FFFFFFFFF8F0,"{""counts"":-1808}",1,1,0,0,0,0,0,6.314967,1,0,0,1801935640993601,1,,1801935638772556,1801935613535186,1801935640993601,1801935647308568
41,1,yaw,1,1,rest,0.25,10,0.0,0.0,0.0,0,1,1:00000A,1801935613535186,1789324633236157758,1801935674030837,1789324633264974349,1.9310378630179912,1.1666140309534967,0.058167787035927176,1,-1808,0.6933593161243098,0.0,0.027237514033913612,step,3,1,0.0572450770996511,rest,sweep:enc:yaw:1789324633236154750,sweep:enc:yaw:1789324633236154750,FFFFFFFFF8F0,"{""counts"":-1808}",1,1,0,0,0,0,0,5.799722,1,0,0,1801935668231115,1,,1801935667369526,1801935613535186,1801935668231115,1801935674030837
42,1,yaw,1,1,rest,0.25,10,0.0,0.0,0.0,0,1,1:00000A,1801935613535186,1789324633264705287,1801935706009680,1789324633293550455,1.9628855979535729,1.1984617658890784,0.09001552197150886,1,-1808,0.6933593161243098,0.0,0.031847734935581684,step,3,1,0.08578511700034142,rest,sweep:enc:yaw:1789324633264701863,sweep:enc:yaw:1789324633264701863,FFFFFFFFF8F0,"{""counts"":-1808}",1,1,0,0,0,0,0,5.93083,1,0,0,1801935700078850,1,,1801935695917023,1801935613535186,1801935700078850,1801935706009680
43,1,yaw,1,1,rest,0.25,10,0.0,0.0,0.0,0,1,1:00000A,1801935613535186,1789324633293277392,1801935732659499,1789324633322142625,1.989711550064385,1.2252877179998904,0.11684147408232093,1,-1808,0.6933593161243098,0.0,0.026825952110812068,step,3,1,0.11435594316571951,rest,sweep:enc:yaw:1789324633293274064,sweep:enc:yaw:1789324633293274064,FFFFFFFFF8F0,"{""counts"":-1808}",1,1,0,0,0,0,0,5.754697,1,0,0,1801935726904802,1,,1801935724489160,1801935613535186,1801935726904802,1801935732659499
44,1,yaw,1,1,rest,0.25,10,0.0,0.0,0.0,0,1,1:00000A,1801935613535186,1789324633321848538,1801935759668431,1789324633332585402,2.0163731139618903,1.2519492818973958,0.14350303797982633,1,-1808,0.6933593161243098,0.0,0.026661563897505403,step,3,1,0.14292558399029076,rest,sweep:enc:yaw:1789324633321844794,sweep:enc:yaw:1789324633321844794,FFFFFFFFF8F0,"{""counts"":-1808}",1,1,0,0,0,0,0,6.102065,0,0,0,1801935753566366,1,,1801935753060018,1801935613535186,1801935753566366,1801935759668431
45,1,yaw,1,-1,pre,0.25,10,0.0,0.0,0.0,0,1,1:00000A,1801935613535186,1789324633333077349,1801935771476745,1789324633361970870,2.0279227970167994,0.0010294639505445957,0.0008659078739583492,1,-1808,0.6933593161243098,,0.01154968305490911,step,0,0,5.757901817560196e-07,settle,sweep:enc:yaw:1789324633333074981,sweep:enc:yaw:1789324633333074981,FFFFFFFFF8F0,"{""counts"":-1808}",1,1,1,0,0,0,0,6.360696,1,0,0,1801935765116049,0,short_encoder_dt,1801935764289117,1801935613535186,1801935765116049,1801935771476745
46,1,yaw,1,-1,pre,0.25,10,0.0,0.0,0.0,0,1,1:00000A,1801935613535186,1789324633361739953,1801935803460804,1789324633390575809,2.0602689769584686,0.0333756438922137,0.033212087815627456,1,-1808,0.6933593161243098,0.0,0.032346179941669106,step,0,0,0.028646379010751843,settle,sweep:enc:yaw:1789324633361736689,sweep:enc:yaw:1789324633361736689,FFFFFFFFF8F0,"{""counts"":-1808}",1,1,1,1,0,0,0,5.998575,1,0,0,1801935797462229,1,,1801935792951497,1801935613535186,1801935797462229,1801935803460804
47,1,yaw,1,-1,pre,0.25,10,0.0,0.0,0.0,0,1,1:00000A,1801935824375606,1789324633390320411,1801935836147183,1789324633419172299,2.0929550039581954,0.0660616708919406,0.06589811481535435,1,-1808,0.6933593161243098,0.0,0.03268602699972689,step,0,0,0.05721272388473153,settle,sweep:yaw:1789324633390291898;sweep:enc:yaw:1789324633390317050,sweep:enc:yaw:1789324633390317050,FFFFFFFFF8F0,"{""counts"":-1808}",1,1,1,1,0,0,0,5.998927,1,0,0,1801935830148256,1,,1801935821531987,1801935824375606,1801935830148256,1801935836147183
48,1,yaw,1,-1,pre,0.25,10,0.0,0.0,0.0,0,1,1:00000A,1801935824375606,1789324633418888452,1801935858145852,1789324633447704531,2.114704675041139,0.08781134197488427,0.08764778589829803,1,-1808,0.6933593161243098,0.0,0.021749671082943678,step,0,0,0.0857852129265666,settle,sweep:enc:yaw:1789324633418885156,sweep:enc:yaw:1789324633418885156,FFFFFFFFF8F0,"{""counts"":-1808}",1,1,1,1,0,0,0,6.247925,1,0,0,1801935851897927,1,,1801935850100252,1801935824375606,1801935851897927,1801935858145852
49,1,yaw,1,-1,pre,0.25,10,0.0,0.0,0.0,0,1,1:00000A,1801935824375606,1789324633447451981,1801935889928530,1789324633476263260,2.146926179062575,0.12003284599632025,0.119869289919734,1,-1808,0.6933593161243098,0.0,0.032221504021435976,step,0,0,0.11435600696131587,settle,sweep:enc:yaw:1789324633447448781,sweep:enc:yaw:1789324633447448781,FFFFFFFFF8F0,"{""counts"":-1808}",1,1,1,1,0,0,0,5.809099,1,0,0,1801935884119431,1,,1801935878663589,1801935824375606,1801935884119431,1801935889928530
50,1,yaw,1,-1,pre,0.25,10,0.0,0.0,0.0,0,1,1:00000A,1801935824375606,1789324633476023190,1801935916842067,1789324633504883559,2.1736118390690535,0.14671850600279868,0.14655494992621243,1,-1808,0.6933593161243098,0.0,0.02668566000647843,step,0,0,0.14292663987725973,settle,sweep:enc:yaw:1789324633476019990,sweep:enc:yaw:1789324633476019990,FFFFFFFFF8F0,"{""counts"":-1808}",1,1,1,1,0,0,0,6.036976,1,0,0,1801935910805091,1,,1801935907234766,1801935824375606,1801935910805091,1801935916842067
51,1,yaw,1,-1,pre,0.25,10,0.0,0.0,0.0,0,1,1:00000A,1801935824375606,1789324633504606688,1801935943665555,1789324633533415023,2.2005733461119235,0.1736800130456686,0.17351645696908236,1,-1808,0.6933593161243098,0.0,0.026961507042869925,step,0,0,0.17150399298407137,settle,sweep:enc:yaw:1789324633504603584,sweep:enc:yaw:1789324633504603584,FFFFFFFFF8F0,"{""counts"":-1808}",1,1,1,1,0,0,0,5.898957,1,0,0,1801935937766598,1,,1801935935818488,1801935824375606,1801935937766598,1801935943665555
52,1,yaw,1,-1,pre,0.25,10,0.0,0.0,0.0,0,1,1:00000A,1801935824375606,1789324633533166857,1801935975443593,1789324633562030073,2.232559997122735,0.20566666405647993,0.20550310797989368,1,-1808,0.6933593161243098,0.0,0.03198665101081133,step,0,0,0.20006870687939227,settle,sweep:enc:yaw:1789324633533164105,sweep:enc:yaw:1789324633533164105,FFFFFFFFF8F0,"{""counts"":-1808}",1,1,1,1,0,0,0,5.690344,1,0,0,1801935969753249,1,,1801935964378657,1801935824375606,1801935969753249,1801935975443593
53,1,yaw,1,-1,pre,0.25,10,0.0,0.0,0.0,0,1,1:00000A,1801935824375606,1789324633561746963,1801936002266792,1789324633590600131,2.2591331750154495,0.23223984194919467,0.23207628587260842,1,-1808,0.6933593161243098,0.0,0.02657317789271474,step,0,0,0.22864350001327693,settle,sweep:enc:yaw:1789324633561743730,sweep:enc:yaw:1789324633561743730,FFFFFFFFF8F0,"{""counts"":-1808}",1,1,1,1,0,0,0,5.940365,1,0,0,1801935996326427,1,,1801935992958731,1801935824375606,1801935996326427,1801936002266792
54,1,yaw,1,-1,pre,0.25,10,0.0,0.0,0.0,0,1,1:00000A,1801936023180955,1789324633590332988,1801936035064631,1789324633619232781,2.2918573471251875,0.26496401405893266,0.2648004579823464,1,-1808,0.6933593161243098,0.0,0.03272417210973799,step,0,0,0.2572248538490385,settle,sweep:yaw:1789324633590304252;sweep:enc:yaw:1789324633590329852,sweep:enc:yaw:1789324633590329852,FFFFFFFFF8F0,"{""counts"":-1808}",1,1,1,1,0,0,0,6.014032,1,0,0,1801936029050599,1,,1801936021544692,1801936023180955,1801936029050599,1801936035064631
55,1,yaw,1,-1,pre,0.25,10,0.0,0.0,0.0,0,1,1:00000A,1801936023180955,1789324633618912774,1801936057074788,1789324633639996029,2.3136813880410045,0.2867880549747497,0.28662449889816344,1,-1808,0.6933593161243098,0.0,0.021824040915817022,step,0,0,0.28580124699510634,settle,sweep:enc:yaw:1789324633618909478,sweep:enc:yaw:1789324633618909478,FFFFFFFFF8F0,"{""counts"":-1808}",1,1,1,1,0,0,0,6.200148,0,0,0,1801936050874640,1,,1801936050124542,1801936023180955,1801936050874640,1801936057074788
56,1,yaw,1,-1,step,0.25,10,-0.25,-0.25,-0.20943951023931953,0,1,1:80020A00000032,1801936073100578,1789324633640307908,1801936085777040,1789324633669304855,2.3427371529396623,0.3158438198734075,0.00846228189766407,1,-1801,0.69067484974551,-0.09239014660818058,0.0290557648986578,step,1,0,5.760230123996735e-07,step,sweep:yaw:1789324633640288580;sweep:enc:yaw:1789324633640305572,sweep:enc:yaw:1789324633640305572,FFFFFFFFF8F7,"{""counts"":-1801}",1,1,0,0,0,0,0,5.846635,1,0,0,1801936079930405,1,,1801936071519644,1801936073100578,1801936079930405,1801936085777040
57,1,yaw,1,-1,step,0.25,10,-0.25,-0.25,-0.20943951023931953,0,1,1:80020A00000032,1801936073100578,1789324633668995408,1801936107847486,1789324633697822720,2.3645342481322587,0.3376409150660038,0.030259377090260386,1,-1792,0.6872233929727672,-0.15834480430745915,0.021797095192596316,step,1,0,0.02865204308182001,step,sweep:enc:yaw:1789324633668991952,sweep:enc:yaw:1789324633668991952,FFFFFFFFF900,"{""counts"":-1792}",1,1,0,0,0,0,0,6.119986,1,0,0,1801936101727500,1,,1801936100206984,1801936073100578,1801936101727500,1801936107847486
58,1,yaw,1,-1,step,0.25,10,-0.25,-0.25,-0.20943951023931953,0,1,1:80020A00000032,1801936073100578,1789324633697560057,1801936140464712,1789324633726412009,2.3969771980773658,0.3700838650111109,0.06270232703536749,1,-1776,0.6810874698212247,-0.18912963099608443,0.0324429499451071,step,1,0,0.05721662798896432,step,sweep:enc:yaw:1789324633697557241,sweep:enc:yaw:1789324633697557241,FFFFFFFFF910,"{""counts"":-1776}",1,1,0,0,0,0,0,6.294262,1,0,0,1801936134170450,1,,1801936128771793,1801936073100578,1801936134170450,1801936140464712
59,1,yaw,1,-1,step,0.25,10,-0.25,-0.25,-0.20943951023931953,0,1,1:80020A00000032,1801936073100578,1789324633726117506,1801936167283400,1789324633754925297,2.42424738407135,0.39735405100509524,0.08997251302935183,1,-1762,0.675718537063625,-0.19687921302715397,0.02727018599398434,step,1,0,0.08578223688527942,step,sweep:enc:yaw:1789324633726114274,sweep:enc:yaw:1789324633726114274,FFFFFFFFF91E,"{""counts"":-1762}",1,1,0,0,0,0,0,5.842764,1,0,0,1801936161440636,1,,1801936157329242,1801936073100578,1801936161440636,1801936167283400
60,1,yaw,1,-1,step,0.25,10,-0.25,-0.25,-0.20943951023931953,0,1,1:80020A00000032,1801936073100578,1789324633754681963,1801936194300268,1789324633783483194,2.4509938780684024,0.42410054500214756,0.11671900702640414,1,-1747,0.6699661091090537,-0.21507222424012545,0.026746493997052312,step,1,0,0.11435623094439507,step,sweep:enc:yaw:1789324633754678827,sweep:enc:yaw:1789324633754678827,FFFFFFFFF92D,"{""counts"":-1747}",1,1,0,0,0,0,0,6.113138,1,0,0,1801936188187130,1,,1801936185893507,1801936073100578,1801936188187130,1801936194300268
61,1,yaw,1,-1,step,0.25,10,-0.25,-0.25,-0.20943951023931953,0,1,1:80020A00000032,1801936073100578,1789324633783246197,1801936220957512,1789324633812064292,2.477996537927538,0.4511032048612833,0.1437216668855399,1,-1731,0.6638301859575112,-0.2272340274458774,0.027002659859135747,step,1,0,0.14292657608166337,step,sweep:enc:yaw:1789324633783242997,sweep:enc:yaw:1789324633783242997,FFFFFFFFF93D,"{""counts"":-1731}",1,1,0,0,0,0,0,5.767722,1,0,0,1801936215189790,1,,1801936214457773,1801936073100578,1801936215189790,1801936220957512
62,1,yaw,1,-1,step,0.25,10,-0.25,-0.25,-0.20943951023931953,0,1,1:80020A00000032,1801936073100578,1789324633811822366,1801936252928962,1789324633840630029,2.5097527829930186,0.4828594499267638,0.17547791195102036,1,-1713,0.6569272724120259,-0.21737184390823674,0.03175624506548047,step,1,0,0.1714992260094732,step,sweep:enc:yaw:1789324633811819742,sweep:enc:yaw:1789324633811819742,FFFFFFFFF94F,"{""counts"":-1713}",1,1,0,0,0,0,0,5.982927,1,0,0,1801936246946035,1,,1801936243034038,1801936073100578,1801936246946035,1801936252928962
63,1,yaw,1,-1,step,0.25,10,-0.25,-0.25,-0.20943951023931953,0,1,1:80020A00000032,1801936273819796,1789324633840393639,1801936286604997,1789324633869232631,2.5434513150248677,0.5165579819586128,0.2091764439828694,1,-1686,0.6465729020937978,-0.30726472917105035,0.03369853203184903,step,1,0,0.20006979489699006,step,sweep:yaw:1789324633840370311;sweep:enc:yaw:1789324633840391015,sweep:enc:yaw:1789324633840391015,FFFFFFFFF96A,"{""counts"":-1686}",1,1,0,0,0,0,0,5.96043,1,0,0,1801936280644567,1,,1801936271605343,1801936273819796,1801936280644567,1801936286604997
64,1,yaw,1,-1,step,0.25,10,-0.25,-0.25,-0.20943951023931953,0,1,1:80020A00000032,1801936273819796,1789324633868962225,1801936308507951,1789324633897849346,2.565156249096617,0.5382629160303622,0.23088137805461884,1,-1676,0.6427379501240836,-0.17668572302671223,0.02170493407174945,step,1,0,0.22863988392055035,step,sweep:enc:yaw:1789324633868959089,sweep:enc:yaw:1789324633868959089,FFFFFFFFF974,"{""counts"":-1676}",1,1,0,0,0,0,0,6.15845,1,0,0,1801936302349501,1,,1801936300173801,1801936273819796,1801936302349501,1801936308507951
65,1,yaw,1,-1,step,0.25,10,-0.25,-0.25,-0.20943951023931953,0,1,1:80020A00000032,1801936273819796,1789324633897541594,1801936335333743,1789324633926429387,2.592160508967936,0.5652671759016812,0.25788563792593777,1,-1661,0.6369855221695125,-0.21301927851319163,0.027004259871318936,step,1,0,0.2572096209041774,step,sweep:enc:yaw:1789324633897538394,sweep:enc:yaw:1789324633897538394,FFFFFFFFF983,"{""counts"":-1661}",1,1,0,0,0,0,0,5.979982,1,0,0,1801936329353761,1,,1801936328753330,1801936273819796,1801936329353761,1801936335333743
66,1,yaw,1,-1,step,0.25,10,-0.25,-0.25,-0.20943951023931953,0,1,1:80020A00000032,1801936273819796,1789324633926099427,1801936367309194,1789324633954907026,2.624108246061951,0.5972149129956961,0.28983337501995265,1,-1644,0.6304661038209985,-0.20406510574845527,0.03194773709401488,step,1,0,0.2857793269213289,step,sweep:enc:yaw:1789324633926096739,sweep:enc:yaw:1789324633926096739,FFFFFFFFF994,"{""counts"":-1644}",1,1,0,0,0,0,0,6.007696,1,0,0,1801936361301498,1,,1801936357311163,1801936273819796,1801936361301498,1801936367309194
67,1,yaw,1,-1,step,0.25,10,-0.25,-0.25,-0.20943951023931953,0,1,1:80020A00000032,1801936273819796,1789324633954672685,1801936394152938,1789324633983502396,2.650974359130487,0.624081026064232,0.3166994880884886,1,-1629,0.6247136758664273,-0.21411463354958196,0.026866113068535924,step,1,0,0.31435341597534716,step,sweep:enc:yaw:1789324633954669997,sweep:enc:yaw:1789324633954669997,FFFFFFFFF9A3,"{""counts"":-1629}",1,1,0,0,0,0,0,5.985327,1,0,0,1801936388167611,1,,1801936385884421,1801936273819796,1801936388167611,1801936394152938
68,1,yaw,1,-1,step,0.25,10,-0.25,-0.25,-0.20943951023931953,0,1,1:80020A00000032,1801936273819796,1789324633983254390,1801936420993482,1789324634012097286,2.6777306131552905,0.6508372800890356,0.3434557421132922,1,-1615,0.6193447431088276,-0.20066085307093565,0.02675625402480364,step,1,0,0.3429263539146632,step,sweep:enc:yaw:1789324633983251606,sweep:enc:yaw:1789324633983251606,FFFFFFFFF9B1,"{""counts"":-1615}",1,1,0,0,0,0,0,6.069617,1,0,0,1801936414923865,1,,1801936414465934,1801936273819796,1801936414923865,1801936420993482
69,1,yaw,1,-1,step,0.25,10,-0.25,-0.25,-0.20943951023931953,0,1,1:80020A00000032,1801936273819796,1789324634011827968,1801936452831777,1789324634040499499,2.7097834730520844,0.6828901399858296,0.3755086020100862,1,-1598,0.6128253247603136,-0.20339583954460455,0.03205285989679396,step,1,0,0.3714959949720651,step,sweep:enc:yaw:1789324634011825280,sweep:enc:yaw:1789324634011825280,FFFFFFFFF9C2,"{""counts"":-1598}",1,1,0,0,0,0,0,5.855052,0,0,0,1801936446976725,1,,1801936443039704,1801936273819796,1801936446976725,1801936452831777
70,1,yaw,1,-1,post,0.25,10,0.0,0.0,0.0,0,1,1:00000A,1801936473661906,1789324634040735793,1801936485449835,1789324634069687715,2.7423318340443075,0.7154385009780526,0.007618133910000324,1,-1580,0.6059224112148283,-0.21208175573371232,0.032548360992223024,step,2,1,5.119945853948593e-07,settle,sweep:yaw:1789324634040718833;sweep:enc:yaw:1789324634040733681,sweep:enc:yaw:1789324634040733681,FFFFFFFFF9D4,"{""counts"":-1580}",1,1,1,0,0,0,0,5.924749,1,0,0,1801936479525086,1,,1801936471947561,1801936473661906,1801936479525086,1801936485449835
71,1,yaw,1,-1,post,0.25,10,0.0,0.0,0.0,0,1,1:00000A,1801936473661906,1789324634069412381,1801936507513689,1789324634098227660,2.7639246040489525,0.7370312709826976,0.029210903914645314,1,-1578,0.6051554208208855,-0.035520704095759685,0.02159277000464499,step,2,1,0.028663562843576074,settle,sweep:enc:yaw:1789324634069409917,sweep:enc:yaw:1789324634069409917,FFFFFFFFF9D6,"{""counts"":-1578}",1,1,1,0,0,0,0,6.395833,1,0,0,1801936501117856,1,,1801936500623957,1801936473661906,1801936501117856,1801936507513689
72,1,yaw,1,-1,post,0.25,10,0.0,0.0,0.0,0,1,1:00000A,1801936473661906,1789324634097967494,1801936539309871,1789324634126768948,2.7962706880643964,0.7693773549981415,0.061556987930089235,1,-1578,0.6051554208208855,0.0,0.03234608401544392,step,2,1,0.05720952386036515,settle,sweep:enc:yaw:1789324634097964198,sweep:enc:yaw:1789324634097964198,FFFFFFFFF9D6,"{""counts"":-1578}",1,1,1,1,0,0,0,5.845931,1,0,0,1801936533463940,1,,1801936529179134,1801936473661906,1801936533463940,1801936539309871
73,1,yaw,1,-1,post,0.25,10,0.0,0.0,0.0,0,1,1:00000A,1801936473661906,1789324634126533615,1801936566143567,1789324634155348350,2.822960636112839,0.7960673030465841,0.08824693597853184,1,-1578,0.6051554208208855,0.0,0.026689948048442602,step,2,1,0.08577961288392544,settle,sweep:enc:yaw:1789324634126530543,sweep:enc:yaw:1789324634126530543,FFFFFFFFF9D6,"{""counts"":-1578}",1,1,1,1,0,0,0,5.989679,1,0,0,1801936560153888,1,,1801936557745351,1801936473661906,1801936560153888,1801936566143567
74,1,yaw,1,-1,post,0.25,10,0.0,0.0,0.0,0,1,1:00000A,1801936473661906,1789324634155107864,1801936592996655,1789324634183928071,2.849725242005661,0.8228319089394063,0.11501154187135398,1,-1578,0.6051554208208855,0.0,0.026764605892822146,step,2,1,0.11435469496063888,settle,sweep:enc:yaw:1789324634155104248,sweep:enc:yaw:1789324634155104248,FFFFFFFFF9D6,"{""counts"":-1578}",1,1,1,1,0,0,0,6.078161,1,0,0,1801936586918494,1,,1801936586319504,1801936473661906,1801936586918494,1801936592996655
75,1,yaw,1,-1,post,0.25,10,0.0,0.0,0.0,0,1,1:00000A,1801936473661906,1789324634183680641,1801936624786821,1789324634212547858,2.88174635800533,0.8548530249390751,0.14703265787102282,1,-1578,0.6051554208208855,0.0,0.03202111599966884,step,2,1,0.14292593579739332,settle,sweep:enc:yaw:1789324634183677473,sweep:enc:yaw:1789324634183677473,FFFFFFFFF9D6,"{""counts"":-1578}",1,1,1,1,0,0,0,5.847211,1,0,0,1801936618939610,1,,1801936614892089,1801936473661906,1801936618939610,1801936624786821
76,1,yaw,1,-1,post,0.25,10,0.0,0.0,0.0,0,1,1:00000A,1801936473661906,1789324634212262027,1801936651651654,1789324634241101147,2.9083878570236266,0.8814945239573717,0.17367415688931942,1,-1578,0.6051554208208855,0.0,0.0266414990182966,step,2,1,0.1714974648784846,settle,sweep:enc:yaw:1789324634212258379,sweep:enc:yaw:1789324634212258379,FFFFFFFFF9D6,"{""counts"":-1578}",1,1,1,1,0,0,0,6.070545,1,0,0,1801936645581109,1,,1801936643473635,1801936473661906,1801936645581109,1801936651651654
77,1,yaw,1,-1,post,0.25,10,0.0,0.0,0.0,0,1,1:00000A,1801936672481879,1789324634240846613,1801936684429076,1789324634269673860,2.941165375057608,0.914272041991353,0.20645167492330074,1,-1578,0.6051554208208855,0.0,0.03277751803398132,step,2,1,0.20006896299310029,settle,sweep:yaw:1789324634240822196;sweep:enc:yaw:1789324634240843925,sweep:enc:yaw:1789324634240843925,FFFFFFFFF9D6,"{""counts"":-1578}",1,1,1,1,0,0,0,6.070449,1,0,0,1801936678358627,1,,1801936672058157,1801936672481879,1801936678358627,1801936684429076
78,1,yaw,1,-1,post,0.25,10,0.0,0.0,0.0,0,1,1:00000A,1801936672481879,1789324634269396125,1801936711316821,1789324634298220877,2.9679942710790783,0.9411009380128235,0.23328057094477117,1,-1578,0.6051554208208855,0.0,0.026828896021470428,step,2,1,0.22863914794288576,settle,sweep:enc:yaw:1789324634269392989,sweep:enc:yaw:1789324634269392989,FFFFFFFFF9D6,"{""counts"":-1578}",1,1,1,1,0,0,0,6.129298,1,0,0,1801936705187523,1,,1801936700607893,1801936672481879,1801936705187523,1801936711316821
79,1,yaw,1,-1,post,0.25,10,0.0,0.0,0.0,0,1,1:00000A,1801936672481879,1789324634297979463,1801936738146484,1789324634326799254,2.994875840144232,0.9679825070779771,0.26016214000992477,1,-1578,0.6051554208208855,0.0,0.0268815690651536,step,2,1,0.2572124048601836,settle,sweep:enc:yaw:1789324634297976423,sweep:enc:yaw:1789324634297976423,FFFFFFFFF9D6,"{""counts"":-1578}",1,1,1,1,0,0,0,6.077392,1,0,0,1801936732069092,1,,1801936729191231,1801936672481879,1801936732069092,1801936738146484
80,1,yaw,1,-1,post,0.25,10,0.0,0.0,0.0,0,1,1:00000A,1801936672481879,1789324634326542448,1801936764965460,1789324634355362015,3.021673918934539,0.9947805858682841,0.2869602188002318,1,-1578,0.6051554208208855,0.0,0.026798078790307045,step,2,1,0.28578361379913986,settle,sweep:enc:yaw:1789324634326538672,sweep:enc:yaw:1789324634326538672,FFFFFFFFF9D6,"{""counts"":-1578}",1,1,1,1,0,0,0,6.098289,1,0,0,1801936758867171,1,,1801936757754024,1801936672481879,1801936758867171,1801936764965460
81,1,yaw,1,-1,post,0.25,10,0.0,0.0,0.0,0,1,1:00000A,1801936672481879,1789324634355099929,1801936796815627,1789324634383926888,3.0536367930471897,1.0267434599809349,0.31892309291288257,1,-1578,0.6051554208208855,0.0,0.03196287411265075,step,2,1,0.31435287185013294,settle,sweep:enc:yaw:1789324634355097049,sweep:enc:yaw:1789324634355097049,FFFFFFFFF9D6,"{""counts"":-1578}",1,1,1,1,0,0,0,5.985582,1,0,0,1801936790830045,1,,1801936786311729,1801936672481879,1801936790830045,1801936796815627
82,1,yaw,1,-1,post,0.25,10,0.0,0.0,0.0,0,1,1:00000A,1801936672481879,1789324634383680194,1801936823644459,1789324634412470769,3.0803823261521757,1.0534889930859208,0.3456686260178685,1,-1578,0.6051554208208855,0.0,0.026745533104985952,step,2,1,0.3429260328412056,settle,sweep:enc:yaw:1789324634383677378,sweep:enc:yaw:1789324634383677378,FFFFFFFFF9D6,"{""counts"":-1578}",1,1,1,1,0,0,0,6.068881,1,0,0,1801936817575578,1,,1801936814891930,1801936672481879,1801936817575578,1801936823644459
83,1,yaw,1,-1,post,0.25,10,0.0,0.0,0.0,0,1,1:00000A,1801936672481879,1789324634412242444,1801936850489995,1789324634441131068,3.1071969501208514,1.0803036170545965,0.37248324998654425,1,-1578,0.6051554208208855,0.0,0.026814623968675733,step,2,1,0.3714950978755951,settle,sweep:enc:yaw:1789324634412239755,sweep:enc:yaw:1789324634412239755,FFFFFFFFF9D6,"{""counts"":-1578}",1,1,1,1,0,0,0,6.099793,0,0,0,1801936844390202,1,,1801936843454179,1801936672481879,1801936844390202,1801936850489995
84,1,yaw,1,-1,rest,0.25,10,0.0,0.0,0.0,0,1,1:00000A,1801936876456246,1789324634441366466,1801936888290897,1789324634470301140,3.144944986095652,1.1180516530293971,0.009600613033398986,1,-1578,0.6051554208208855,0.0,0.03774803597480059,step,3,1,5.760230123996735e-07,rest,sweep:yaw:1789324634441348002;sweep:enc:yaw:1789324634441364226,sweep:enc:yaw:1789324634441364226,FFFFFFFFF9D6,"{""counts"":-1578}",1,1,0,0,0,0,0,6.152659,1,0,0,1801936882138238,1,,1801936872578266,1801936876456246,1801936882138238,1801936888290897
85,1,yaw,1,-1,rest,0.25,10,0.0,0.0,0.0,0,1,1:00000A,1801936876456246,1789324634470023789,1801936910191483,1789324634498860893,3.1667872350662947,1.1398939020000398,0.03144286200404167,1,-1578,0.6051554208208855,0.0,0.021842248970642686,step,3,1,0.0286398830357939,rest,sweep:enc:yaw:1789324634470020813,sweep:enc:yaw:1789324634470020813,FFFFFFFFF9D6,"{""counts"":-1578}",1,1,0,0,0,0,0,6.210996,1,0,0,1801936903980487,1,,1801936901235589,1801936876456246,1801936903980487,1801936910191483
86,1,yaw,1,-1,rest,0.25,10,0.0,0.0,0.0,0,1,1:00000A,1801936876456246,1789324634498604535,1801936937019867,1789324634527404454,3.193895657081157,1.1670023240149021,0.05855128401890397,1,-1578,0.6051554208208855,0.0,0.0271084220148623,step,3,1,0.05721077206544578,rest,sweep:enc:yaw:1789324634498601847,sweep:enc:yaw:1789324634498601847,FFFFFFFFF9D6,"{""counts"":-1578}",1,1,0,0,0,0,0,5.930958,1,0,0,1801936931088909,1,,1801936929816271,1801936876456246,1801936931088909,1801936937019867
87,1,yaw,1,-1,rest,0.25,10,0.0,0.0,0.0,0,1,1:00000A,1801936876456246,1789324634527163648,1801936968838609,1789324634556031664,3.2258273309562355,1.1989339978899807,0.09048295789398253,1,-1578,0.6051554208208855,0.0,0.03193167387507856,step,3,1,0.08578082895837724,rest,sweep:enc:yaw:1789324634527160544,sweep:enc:yaw:1789324634527160544,FFFFFFFFF9D6,"{""counts"":-1578}",1,1,0,0,0,0,0,5.818026,1,0,0,1801936963020583,1,,1801936958375384,1801936876456246,1801936963020583,1801936968838609
88,1,yaw,1,-1,rest,0.25,10,0.0,0.0,0.0,0,1,1:00000A,1801936876456246,1789324634555752586,1801936995837365,1789324634584555608,3.252518238965422,1.225624905899167,0.11717386590316892,1,-1578,0.6051554208208855,0.0,0.026690908009186387,step,3,1,0.1143544390797615,rest,sweep:enc:yaw:1789324634555749033,sweep:enc:yaw:1789324634555749033,FFFFFFFFF9D6,"{""counts"":-1578}",1,1,0,0,0,0,0,6.125874,1,0,0,1801936989711491,1,,1801936986963969,1801936876456246,1801936989711491,1801936995837365
89,1,yaw,1,-1,rest,0.25,10,0.0,0.0,0.0,0,1,1:00000A,1801936876456246,1789324634584309714,1801937022525073,1789324634594958640,3.279484865954146,1.252591532887891,0.1441404928918928,1,-1578,0.6051554208208855,0.0,0.026966626988723874,step,3,1,0.14292558399029076,rest,sweep:enc:yaw:1789324634584307058,sweep:enc:yaw:1789324634584307058,FFFFFFFFF9D6,"{""counts"":-1578}",1,1,0,0,0,0,0,5.846955,0,0,0,1801937016678118,1,,1801937015521482,1801936876456246,1801937016678118,1801937022525073
90,1,yaw,2,1,pre,0.25,10,0.0,0.0,0.0,0,1,1:00000A,1801936876456246,1789324634595408603,1801937033452214,1789324634624276043,3.290788944112137,0.001556870061904192,0.001399266067892313,1,-1578,0.6051554208208855,,0.011304078157991171,step,0,0,4.800967872142792e-07,settle,sweep:enc:yaw:1789324634595406267,sweep:enc:yaw:1789324634595406267,FFFFFFFFF9D6,"{""counts"":-1578}",1,1,1,0,0,0,0,5.470018,1,0,0,1801937027982196,0,short_encoder_dt,1801937026620371,1801936876456246,1801937027982196,1801937033452214
91,1,yaw,2,1,pre,0.25,10,0.0,0.0,0.0,0,1,1:00000A,1801936876456246,1789324634624057446,1801937065287309,1789324634652916534,3.322216957109049,0.032984883058816195,0.032827279064804316,1,-1578,0.6051554208208855,0.0,0.031428012996912,step,0,0,0.028637738898396492,settle,sweep:enc:yaw:1789324634624055014,sweep:enc:yaw:1789324634624055014,FFFFFFFFF9D6,"{""counts"":-1578}",1,1,1,1,0,0,0,5.8771,1,0,0,1801937059410209,1,,1801937055269054,1801936876456246,1801937059410209,1801937065287309
92,1,yaw,2,1,pre,0.25,10,0.0,0.0,0.0,0,1,1:00000A,1801937086208704,1789324634652645200,1801937098165917,1789324634681504352,3.3550430841278285,0.06581101007759571,0.06565340608358383,1,-1578,0.6051554208208855,0.0,0.032826127018779516,step,0,0,0.05721009988337755,settle,sweep:yaw:1789324634652618703;sweep:enc:yaw:1789324634652642256,sweep:enc:yaw:1789324634652642256,FFFFFFFFF9D6,"{""counts"":-1578}",1,1,1,1,0,0,0,5.929581,1,0,0,1801937092236336,1,,1801937083857032,1801937086208704,1801937092236336,1801937098165917
93,1,yaw,2,1,pre,0.25,10,0.0,0.0,0.0,0,1,1:00000A,1801937086208704,1789324634681219417,1801937119984069,1789324634710013640,3.376783506013453,0.08755143196322024,0.08739382796920836,1,-1578,0.6051554208208855,0.0,0.021740421885624528,step,0,0,0.08578335796482861,settle,sweep:enc:yaw:1789324634681216377,sweep:enc:yaw:1789324634681216377,FFFFFFFFF9D6,"{""counts"":-1578}",1,1,1,1,0,0,0,6.007311,1,0,0,1801937113976758,1,,1801937112431185,1801937086208704,1801937113976758,1801937119984069
94,1,yaw,2,1,pre,0.25,10,0.0,0.0,0.0,0,1,1:00000A,1801937086208704,1789324634709777314,1801937151840189,1789324634738594193,3.4088081100489944,0.11957603599876165,0.11941843200474977,1,-1578,0.6051554208208855,0.0,0.032024604035541415,step,0,0,0.11434989492408931,settle,sweep:enc:yaw:1789324634709774370,sweep:enc:yaw:1789324634709774370,FFFFFFFFF9D6,"{""counts"":-1578}",1,1,1,1,0,0,0,5.838827,1,0,0,1801937146001362,1,,1801937140989050,1801937086208704,1801937146001362,1801937151840189
95,1,yaw,2,1,pre,0.25,10,0.0,0.0,0.0,0,1,1:00000A,1801937086208704,1789324634738350604,1801937178667549,1789324634767170811,3.4355076579377055,0.14627558388747275,0.14611797989346087,1,-1578,0.6051554208208855,0.0,0.026699547888711095,step,0,0,0.14292254392057657,settle,sweep:enc:yaw:1789324634738348075,sweep:enc:yaw:1789324634738348075,FFFFFFFFF9D6,"{""counts"":-1578}",1,1,1,1,0,0,0,5.966639,1,0,0,1801937172700910,1,,1801937169562404,1801937086208704,1801937172700910,1801937178667549
96,1,yaw,2,1,pre,0.25,10,0.0,0.0,0.0,0,1,1:00000A,1801937086208704,1789324634766922453,1801937205495580,1789324634795725252,3.4623609390109777,0.17312886496074498,0.1729712609667331,1,-1578,0.6051554208208855,0.0,0.026853281073272228,step,0,0,0.17149349697865546,settle,sweep:enc:yaw:1789324634766919669,sweep:enc:yaw:1789324634766919669,FFFFFFFFF9D6,"{""counts"":-1578}",1,1,1,1,0,0,0,5.941389,1,0,0,1801937199554191,1,,1801937198134285,1801937086208704,1801937199554191,1801937205495580
97,1,yaw,2,1,pre,0.25,10,0.0,0.0,0.0,0,1,1:00000A,1801937086208704,1789324634795490878,1801937237472375,1789324634824311789,3.494283684063703,0.20505161001347005,0.20489400601945817,1,-1578,0.6051554208208855,0.0,0.03192274505272508,step,0,0,0.2000651229172945,settle,sweep:enc:yaw:1789324634795488222,sweep:enc:yaw:1789324634795488222,FFFFFFFFF9D6,"{""counts"":-1578}",1,1,1,1,0,0,0,5.995439,1,0,0,1801937231476936,1,,1801937226702678,1801937086208704,1801937231476936,1801937237472375
98,1,yaw,2,1,pre,0.25,10,0.0,0.0,0.0,0,1,1:00000A,1801937086208704,1789324634824067463,1801937264335383,1789324634852928536,3.521125412080437,0.23189333803020418,0.2317357340361923,1,-1578,0.6051554208208855,0.0,0.026841728016734123,step,0,0,0.2286373560782522,settle,sweep:enc:yaw:1789324634824064999,sweep:enc:yaw:1789324634824064999,FFFFFFFFF9D6,"{""counts"":-1578}",1,1,1,1,0,0,0,6.016719,1,0,0,1801937258318664,1,,1801937255279263,1801937086208704,1801937258318664,1801937264335383
99,1,yaw,2,1,pre,0.25,10,0.0,0.0,0.0,0,1,1:00000A,1801937285220329,1789324634852651377,1801937297155206,1789324634881526050,3.55387492896989,0.2646428549196571,0.26448525092564523,1,-1578,0.6051554208208855,0.0,0.032749516889452934,step,0,0,0.25721038901247084,settle,sweep:yaw:1789324634852622416;sweep:enc:yaw:1789324634852648145,sweep:enc:yaw:1789324634852648145,FFFFFFFFF9D6,"{""counts"":-1578}",1,1,1,1,0,0,0,6.087025,1,0,0,1801937291068181,1,,1801937283863177,1801937285220329,1801937291068181,1801937297155206
100,1,yaw,2,1,pre,0.25,10,0.0,0.0,0.0,0,1,1:00000A,1801937285220329,1789324634881232571,1801937318874604,1789324634902251440,3.5756861369591206,0.28645406290888786,0.286296458914876,1,-1578,0.6051554208208855,0.0,0.021811207989230752,step,0,0,0.28578742290847003,settle,sweep:enc:yaw:1789324634881228666,sweep:enc:yaw:1789324634881228666,FFFFFFFFF9D6,"{""counts"":-1578}",1,1,1,1,0,0,0,5.995215,0,0,0,1801937312879389,1,,1801937312444307,1801937285220329,1801937312879389,1801937318874604
101,1,yaw,2,1,step,0.25,10,0.25,0.25,0.20943951023931953,0,1,1:00020A00000032,1801937334625251,1789324634902499926,1801937347833406,1789324634931409031,3.604510856093839,0.31527878204360604,0.008042111061513424,1,-1585,0.6078398871996853,0.09313070376344076,0.02882471913471818,step,1,0,3.1990930438041687e-07,step,sweep:yaw:1789324634902481973;sweep:enc:yaw:1789324634902497942,sweep:enc:yaw:1789324634902497942,FFFFFFFFF9CF,"{""counts"":-1585}",1,1,0,0,0,0,0,6.129298,1,0,0,1801937341704108,1,,1801937333711726,1801937334625251,1801937341704108,1801937347833406
102,1,yaw,2,1,step,0.25,10,0.25,0.25,0.20943951023931953,0,1,1:00020A00000032,1801937334625251,1789324634931153089,1801937369661799,1789324634959946768,3.626339249080047,0.33710717502981424,0.029870504047721624,1,-1595,0.6116748391693995,0.17568640862097382,0.0218283929862082,step,1,0,0.028638985939323902,step,sweep:enc:yaw:1789324634931150113,sweep:enc:yaw:1789324634931150113,FFFFFFFFF9C5,"{""counts"":-1595}",1,1,0,0,0,0,0,6.129298,1,0,0,1801937363532501,1,,1801937362364697,1801937334625251,1801937363532501,1801937369661799
103,1,yaw,2,1,step,0.25,10,0.25,0.25,0.20943951023931953,0,1,1:00020A00000032,1801937334625251,1789324634959719242,1801937401478142,1789324634988559994,3.658448974136263,0.36921690008603036,0.061980229103937745,1,-1611,0.617810762320942,0.1910923603612324,0.03210972505621612,step,1,0,0.05720875598490238,step,sweep:enc:yaw:1789324634959716714,sweep:enc:yaw:1789324634959716714,FFFFFFFFF9B5,"{""counts"":-1611}",1,1,0,0,0,0,0,5.835916,1,0,0,1801937395642226,1,,1801937390931074,1801937334625251,1801937395642226,1801937401478142
104,1,yaw,2,1,step,0.25,10,0.25,0.25,0.20943951023931953,0,1,1:00020A00000032,1801937334625251,1789324634988306644,1801937428344830,1789324635017116259,3.6851889400277287,0.3959568659774959,0.08872019499540329,1,-1625,0.6231796950785418,0.20078308175080087,0.026739965891465545,step,1,0,0.08577999705448747,step,sweep:enc:yaw:1789324634988304020,sweep:enc:yaw:1789324634988304020,FFFFFFFFF9A7,"{""counts"":-1625}",1,1,0,0,0,0,0,5.962638,1,0,0,1801937422382192,1,,1801937419518316,1801937334625251,1801937422382192,1801937428344830
105,1,yaw,2,1,step,0.25,10,0.25,0.25,0.20943951023931953,0,1,1:00020A00000032,1801937334625251,1789324635016873085,1801937455174334,1789324635045685100,3.7120135801378638,0.422781506087631,0.11554483510553837,1,-1639,0.6285486278361415,0.20014929317061833,0.02682464011013508,step,1,0,0.11435021390207112,step,sweep:enc:yaw:1789324635016870205,sweep:enc:yaw:1789324635016870205,FFFFFFFFF999,"{""counts"":-1639}",1,1,0,0,0,0,0,5.967502,1,0,0,1801937449206832,1,,1801937448084693,1801937334625251,1801937449206832,1801937455174334
106,1,yaw,2,1,step,0.25,10,0.25,0.25,0.20943951023931953,0,1,1:00020A00000032,1801937334625251,1789324635045435782,1801937486961364,1789324635074258741,3.74397133407183,0.45473926002159715,0.14750258903950453,1,-1657,0.6354515413816268,0.21600121084068435,0.03195775393396616,step,1,0,0.1429218070115894,step,sweep:enc:yaw:1789324635045433350,sweep:enc:yaw:1789324635045433350,FFFFFFFFF987,"{""counts"":-1657}",1,1,0,0,0,0,0,5.796778,1,0,0,1801937481164586,1,,1801937476647518,1801937334625251,1801937481164586,1801937486961364
107,1,yaw,2,1,step,0.25,10,0.25,0.25,0.20943951023931953,0,1,1:00020A00000032,1801937334625251,1789324635074012783,1801937513882678,1789324635102860671,3.7706261130515486,0.48139403900131583,0.1741573680192232,1,-1672,0.641203969336198,0.21581225486612216,0.026654778979718685,step,1,0,0.17149311304092407,step,sweep:enc:yaw:1789324635074010351,sweep:enc:yaw:1789324635074010351,FFFFFFFFF978,"{""counts"":-1672}",1,1,0,0,0,0,0,6.063313,1,0,0,1801937507819365,1,,1801937505224551,1801937334625251,1801937507819365,1801937513882678
108,1,yaw,2,1,step,0.25,10,0.25,0.25,0.20943951023931953,0,1,1:00020A00000032,1801937534856074,1789324635102594841,1801937547690876,1789324635131429064,3.8045148570090532,0.5152827829588205,0.20804611197672784,1,-1699,0.6515583396544261,0.30554010296787915,0.03388874395750463,step,1,0,0.2000679699704051,step,sweep:yaw:1789324635102569816;sweep:enc:yaw:1789324635102592025,sweep:enc:yaw:1789324635102592025,FFFFFFFFF95D,"{""counts"":-1699}",1,1,0,0,0,0,0,5.982767,1,0,0,1801937541708109,1,,1801937533806449,1801937534856074,1801937541708109,1801937547690876
109,1,yaw,2,1,step,0.25,10,0.25,0.25,0.20943951023931953,0,1,1:00020A00000032,1801937534856074,1789324635131164130,1801937569555333,1789324635159978577,3.8262270549312234,0.5369949808809906,0.229758309898898,1,-1709,0.6553932916241402,0.17662661253645912,0.021712197922170162,step,1,0,0.22864250699058175,step,sweep:enc:yaw:1789324635131161378,sweep:enc:yaw:1789324635131161378,FFFFFFFFF953,"{""counts"":-1709}",1,1,0,0,0,0,0,6.135026,1,0,0,1801937563420307,1,,1801937562375930,1801937534856074,1801937563420307,1801937569555333
110,1,yaw,2,1,step,0.25,10,0.25,0.25,0.20943951023931953,0,1,1:00020A00000032,1801937534856074,1789324635159730123,1801937601385916,1789324635188553370,3.85837390110828,0.5691418270580471,0.26190515607595444,1,-1727,0.6622962051696256,0.21473066152324866,0.03214684617705643,step,1,0,0.2572094281204045,step,sweep:enc:yaw:1789324635159727627,sweep:enc:yaw:1789324635159727627,FFFFFFFFF941,"{""counts"":-1727}",1,1,0,0,0,0,0,5.818763,1,0,0,1801937595567153,1,,1801937590941891,1801937534856074,1801937595567153,1801937601385916
111,1,yaw,2,1,step,0.25,10,0.25,0.25,0.20943951023931953,0,1,1:00020A00000032,1801937534856074,1789324635188303604,1801937628234844,1789324635217145668,3.885055209044367,0.5958231349941343,0.2885864640120417,1,-1742,0.6680486331241967,0.2155976749097358,0.02668130793608725,step,1,0,0.2857833260204643,step,sweep:enc:yaw:1789324635188301364,sweep:enc:yaw:1789324635188301364,FFFFFFFFF932,"{""counts"":-1742}",1,1,0,0,0,0,0,5.986383,1,0,0,1801937622248461,1,,1801937619515372,1801937534856074,1801937622248461,1801937628234844
112,1,yaw,2,1,step,0.25,10,0.25,0.25,0.20943951023931953,0,1,1:00020A00000032,1801937534856074,1789324635216883358,1801937655052316,1789324635245691501,3.9118993380106986,0.6226672639604658,0.31543059297837317,1,-1758,0.6741845562757393,0.22857598245181873,0.026844128966331482,step,1,0,0.3143599429167807,step,sweep:enc:yaw:1789324635216880606,sweep:enc:yaw:1789324635216880606,FFFFFFFFF922,"{""counts"":-1758}",1,1,0,0,0,0,0,5.959726,1,0,0,1801937649092590,1,,1801937648095126,1801937534856074,1801937649092590,1801937655052316
113,1,yaw,2,1,step,0.25,10,0.25,0.25,0.20943951023931953,0,1,1:00020A00000032,1801937534856074,1789324635245446055,1801937687047894,1789324635274290518,3.9438727081287652,0.6546406340785325,0.34740396309643984,1,-1775,0.6807039746242532,0.20390150692404407,0.03197337011806667,step,1,0,0.342928976053372,step,sweep:enc:yaw:1789324635245442919,sweep:enc:yaw:1789324635245442919,FFFFFFFFF911,"{""counts"":-1775}",1,1,0,0,0,0,0,5.981934,1,0,0,1801937681065960,1,,1801937676657759,1801937534856074,1801937681065960,1801937687047894
114,1,yaw,2,1,step,0.25,10,0.25,0.25,0.20943951023931953,0,1,1:00020A00000032,1801937534856074,1789324635274021360,1801937713893175,1789324635302696828,3.9707358120940626,0.6815037380438298,0.3742670670617372,1,-1789,0.686072907381853,0.1998627100031151,0.02686310396529734,step,1,0,0.3714981370139867,step,sweep:enc:yaw:1789324635274018096,sweep:enc:yaw:1789324635274018096,FFFFFFFFF903,"{""counts"":-1789}",1,1,0,0,0,0,0,5.964111,0,0,0,1801937707929064,1,,1801937705233096,1801937534856074,1801937707929064,1801937713893175
115,1,yaw,2,1,post,0.25,10,0.0,0.0,0.0,0,1,1:00000A,1801937734745576,1789324635302935521,1801937746689060,1789324635331905524,4.003370861988515,0.7141387879382819,0.006457849871367216,1,-1806,0.692592325730367,0.19976737800613215,0.032635049894452095,step,2,1,3.1990930438041687e-07,settle,sweep:yaw:1789324635302917761;sweep:enc:yaw:1789324635302933441,sweep:enc:yaw:1789324635302933441,FFFFFFFFF8F2,"{""counts"":-1806}",1,1,1,0,0,0,0,6.124946,1,0,0,1801937740564114,1,,1801937734147289,1801937734745576,1801937740564114,1801937746689060
116,1,yaw,2,1,post,0.25,10,0.0,0.0,0.0,0,1,1:00000A,1801937734745576,1789324635331594989,1801937773537797,1789324635360424604,4.030358642106876,0.741126568056643,0.03344562998972833,1,-1808,0.6933593161243098,0.028419914145549487,0.026987780118361115,step,2,1,0.02864327491261065,settle,sweep:enc:yaw:1789324635331591917,sweep:enc:yaw:1789324635331591917,FFFFFFFFF8F0,"{""counts"":-1808}",1,1,1,1,0,0,0,5.985903,1,0,0,1801937767551894,1,,1801937762806789,1801937734745576,1801937767551894,1801937773537797
117,1,yaw,2,1,post,0.25,10,0.0,0.0,0.0,0,1,1:00000A,1801937734745576,1789324635360172374,1801937800379557,1789324635389076327,4.057199282106012,0.7679672080557793,0.06028626998886466,1,-1808,0.6933593161243098,0.0,0.02684063999913633,step,2,1,0.057212564861401916,settle,sweep:enc:yaw:1789324635360169494,sweep:enc:yaw:1789324635360169494,FFFFFFFFF8F0,"{""counts"":-1808}",1,1,1,1,0,0,0,5.987023,1,0,0,1801937794392534,1,,1801937791384142,1801937734745576,1801937794392534,1801937800379557
118,1,yaw,2,1,post,0.25,10,0.0,0.0,0.0,0,1,1:00000A,1801937734745576,1789324635388742623,1801937827192708,1789324635417537550,4.08404820994474,0.7948161358945072,0.08713519782759249,1,-1808,0.6933593161243098,0.0,0.026848927838727832,step,2,1,0.08578073396347463,settle,sweep:enc:yaw:1789324635388739807,sweep:enc:yaw:1789324635388739807,FFFFFFFFF8F0,"{""counts"":-1808}",1,1,1,1,0,0,0,5.951246,1,0,0,1801937821241462,1,,1801937819954327,1801937734745576,1801937821241462,1801937827192708
119,1,yaw,2,1,post,0.25,10,0.0,0.0,0.0,0,1,1:00000A,1801937734745576,1789324635417302856,1801937858988378,1789324635446160024,4.115925065940246,0.8266929918900132,0.11901205382309854,1,-1808,0.6933593161243098,0.0,0.03187685599550605,step,2,1,0.11435456690378487,settle,sweep:enc:yaw:1789324635417299880,sweep:enc:yaw:1789324635417299880,FFFFFFFFF8F0,"{""counts"":-1808}",1,1,1,1,0,0,0,5.87006,1,0,0,1801937853118318,1,,1801937848514560,1801937734745576,1801937853118318,1801937858988378
120,1,yaw,2,1,post,0.25,10,0.0,0.0,0.0,0,1,1:00000A,1801937734745576,1789324635445887314,1801937885853595,1789324635474759810,4.14260582998395,0.8533737559337169,0.14569281786680222,1,-1808,0.6933593161243098,0.0,0.026680764043703675,step,2,1,0.14292759983800352,settle,sweep:enc:yaw:1789324635445884178,sweep:enc:yaw:1789324635445884178,FFFFFFFFF8F0,"{""counts"":-1808}",1,1,1,1,0,0,0,6.054513,1,0,0,1801937879799082,1,,1801937877099050,1801937734745576,1801937879799082,1801937885853595
121,1,yaw,2,1,post,0.25,10,0.0,0.0,0.0,0,1,1:00000A,1801937734745576,1789324635474459547,1801937912675002,1789324635503255146,4.1694786311127245,0.8802465570624918,0.1725656189955771,1,-1808,0.6933593161243098,0.0,0.02687280112877488,step,2,1,0.17149759293533862,settle,sweep:enc:yaw:1789324635474456219,sweep:enc:yaw:1789324635474456219,FFFFFFFFF8F0,"{""counts"":-1808}",1,1,1,1,0,0,0,6.003119,1,0,0,1801937906671883,1,,1801937905671315,1801937734745576,1801937906671883,1801937912675002
122,1,yaw,2,1,post,0.25,10,0.0,0.0,0.0,0,1,1:00000A,1801937938658086,1789324635503019300,1801937950458911,1789324635531876660,4.207297869026661,0.9180657949764282,0.21038485690951347,1,-1808,0.6933593161243098,0.0,0.03781923791393638,step,2,1,0.2000666270032525,settle,sweep:yaw:1789324635502996932;sweep:enc:yaw:1789324635503016580,sweep:enc:yaw:1789324635503016580,FFFFFFFFF8F0,"{""counts"":-1808}",1,1,1,1,0,0,0,5.96779,1,0,0,1801937944491121,1,,1801937934231004,1801937938658086,1801937944491121,1801937950458911
123,1,yaw,2,1,post,0.25,10,0.0,0.0,0.0,0,1,1:00000A,1801937938658086,1789324635531602958,1801937972364265,1789324635560440189,4.229036403121427,0.9398043290711939,0.23212339100427926,1,-1808,0.6933593161243098,0.0,0.021738534094765782,step,2,1,0.22865197993814945,settle,sweep:enc:yaw:1789324635531599597,sweep:enc:yaw:1789324635531599597,FFFFFFFFF8F0,"{""counts"":-1808}",1,1,1,1,0,0,0,6.13461,1,0,0,1801937966229655,1,,1801937962814566,1801937938658086,1801937966229655,1801937972364265
124,1,yaw,2,1,post,0.25,10,0.0,0.0,0.0,0,1,1:00000A,1801937938658086,1789324635560173751,1801937999219530,1789324635589001510,4.25607227999717,0.9668402059469372,0.2591592678800225,1,-1808,0.6933593161243098,0.0,0.02703587687574327,step,2,1,0.25721067702397704,settle,sweep:enc:yaw:1789324635560170327,sweep:enc:yaw:1789324635560170327,FFFFFFFFF8F0,"{""counts"":-1808}",1,1,1,1,0,0,0,5.953998,1,0,0,1801937993265532,1,,1801937991385423,1801937938658086,1801937993265532,1801937999219530
125,1,yaw,2,1,post,0.25,10,0.0,0.0,0.0,0,1,1:00000A,1801937938658086,1789324635588731904,1801938031011744,1789324635617534030,4.288027473026887,0.9987953989766538,0.29111446090973914,1,-1808,0.6933593161243098,0.0,0.03195519302971661,step,2,1,0.28577759792096913,settle,sweep:enc:yaw:1789324635588729056,sweep:enc:yaw:1789324635588729056,FFFFFFFFF8F0,"{""counts"":-1808}",1,1,1,1,0,0,0,5.791019,1,0,0,1801938025220725,1,,1801938019943672,1801937938658086,1801938025220725,1801938031011744
126,1,yaw,2,1,post,0.25,10,0.0,0.0,0.0,0,1,1:00000A,1801937938658086,1789324635617302313,1801938057853856,1789324635646119192,4.3146481399890035,1.0254160659387708,0.3177351278718561,1,-1808,0.6933593161243098,0.0,0.026620666962116957,step,2,1,0.31435178383253515,settle,sweep:enc:yaw:1789324635617299593,sweep:enc:yaw:1789324635617299593,FFFFFFFFF8F0,"{""counts"":-1808}",1,1,1,1,0,0,0,6.012464,1,0,0,1801938051841392,1,,1801938048514017,1801937938658086,1801938051841392,1801938057853856
127,1,yaw,2,1,post,0.25,10,0.0,0.0,0.0,0,1,1:00000A,1801937938658086,1789324635645878258,1801938084682751,1789324635674752323,4.341520141111687,1.052288067061454,0.3446071289945394,1,-1808,0.6933593161243098,0.0,0.026872001122683287,step,2,1,0.3429235368967056,settle,sweep:enc:yaw:1789324635645875506,sweep:enc:yaw:1789324635645875506,FFFFFFFFF8F0,"{""counts"":-1808}",1,1,1,1,0,0,0,5.969358,1,0,0,1801938078713393,1,,1801938077089962,1801937938658086,1801938078713393,1801938084682751
128,1,yaw,2,1,post,0.25,10,0.0,0.0,0.0,0,1,1:00000A,1801937938658086,1789324635674450427,1801938116507798,1789324635703315468,4.373541160020977,1.0843090859707445,0.3766281479038298,1,-1808,0.6933593161243098,0.0,0.03202101890929043,step,2,1,0.37149097002111375,settle,sweep:enc:yaw:1789324635674447611,sweep:enc:yaw:1789324635674447611,FFFFFFFFF8F0,"{""counts"":-1808}",1,1,1,1,0,0,0,5.773386,0,0,0,1801938110734412,1,,1801938105662163,1801937938658086,1801938110734412,1801938116507798
129,1,yaw,2,1,rest,0.25,10,0.0,0.0,0.0,0,1,1:00000A,1801938137441129,1789324635703538385,1801938149319524,1789324635732454338,4.406154994154349,1.1169229201041162,0.008638350060209632,1,-1808,0.6933593161243098,0.0,0.03261383413337171,step,3,1,5.119945853948593e-07,rest,sweep:yaw:1789324635703521585;sweep:enc:yaw:1789324635703536145,sweep:enc:yaw:1789324635703536145,FFFFFFFFF8F0,"{""counts"":-1808}",1,1,0,0,0,0,0,5.971278,1,0,0,1801938143348246,1,,1801938134750185,1801938137441129,1801938143348246,1801938149319524
130,1,yaw,2,1,rest,0.25,10,0.0,0.0,0.0,0,1,1:00000A,1801938137441129,1789324635732198748,1801938171167757,1789324635761040972,4.427820023149252,1.1385879490990192,0.0303033790551126,1,-1808,0.6933593161243098,0.0,0.02166502899490297,step,3,1,0.0286398830357939,rest,sweep:enc:yaw:1789324635732195676,sweep:enc:yaw:1789324635732195676,FFFFFFFFF8F0,"{""counts"":-1808}",1,1,0,0,0,0,0,6.154482,1,0,0,1801938165013275,1,,1801938163410548,1801938137441129,1801938165013275,1801938171167757
131,1,yaw,2,1,rest,0.25,10,0.0,0.0,0.0,0,1,1:00000A,1801938137441129,1789324635760767974,1801938202995972,1789324635789615541,4.459923828020692,1.170691753970459,0.062407183926552534,1,-1808,0.6933593161243098,0.0,0.032103804871439934,step,3,1,0.057210996048524976,rest,sweep:enc:yaw:1789324635760765317,sweep:enc:yaw:1789324635760765317,FFFFFFFFF8F0,"{""counts"":-1808}",1,1,0,0,0,0,0,5.878892,1,0,0,1801938197117080,1,,1801938191979742,1801938137441129,1801938197117080,1801938202995972
132,1,yaw,2,1,rest,0.25,10,0.0,0.0,0.0,0,1,1:00000A,1801938137441129,1789324635789354319,1801938230028809,1789324635818163902,4.486722899135202,1.1974908250849694,0.08920625504106283,1,-1808,0.6933593161243098,0.0,0.026799071114510298,step,3,1,0.08578902203589678,rest,sweep:enc:yaw:1789324635789350895,sweep:enc:yaw:1789324635789350895,FFFFFFFFF8F0,"{""counts"":-1808}",1,1,0,0,0,0,0,6.112658,1,0,0,1801938223916151,1,,1801938220565895,1801938137441129,1801938223916151,1801938230028809
133,1,yaw,2,1,rest,0.25,10,0.0,0.0,0.0,0,1,1:00000A,1801938137441129,1789324635817910200,1801938256888713,1789324635846752648,4.513748567085713,1.2245164930354804,0.11623192299157381,1,-1808,0.6933593161243098,0.0,0.02702566795051098,step,3,1,0.11435251892544329,rest,sweep:enc:yaw:1789324635817906360,sweep:enc:yaw:1789324635817906360,FFFFFFFFF8F0,"{""counts"":-1808}",1,1,0,0,0,0,0,5.946894,1,0,0,1801938250941819,1,,1801938249121712,1801938137441129,1801938250941819,1801938256888713
134,1,yaw,2,1,rest,0.25,10,0.0,0.0,0.0,0,1,1:00000A,1801938137441129,1789324635846492481,1801938288666879,1789324635862358364,4.545751794008538,1.2565197199583054,0.1482351499143988,1,-1808,0.6933593161243098,0.0,0.03200322692282498,step,3,1,0.14292561588808894,rest,sweep:enc:yaw:1789324635846489505,sweep:enc:yaw:1789324635846489505,FFFFFFFFF8F0,"{""counts"":-1808}",1,1,0,0,0,0,0,5.721833,0,0,0,1801938282945046,1,,1801938277704025,1801938137441129,1801938282945046,1801938288666879
135,1,yaw,2,-1,pre,0.25,10,0.0,0.0,0.0,0,1,1:00000A,1801938137441129,1789324635862850471,1801938305426606,1789324635891774713,4.562083064112812,0.005418497137725353,0.005252765025943518,1,-1808,0.6933593161243098,0.0,0.016331270104274154,step,0,0,6.079208105802536e-07,settle,sweep:enc:yaw:1789324635862848039,sweep:enc:yaw:1789324635862848039,FFFFFFFFF8F0,"{""counts"":-1808}",1,1,1,1,0,0,0,6.15029,1,0,0,1801938299276316,1,,1801938294062239,1801938137441129,1801938299276316,1801938305426606
136,1,yaw,2,-1,pre,0.25,10,0.0,0.0,0.0,0,1,1:00000A,1801938137441129,1789324635891518419,1801938332288655,1789324635920341730,4.589173630112782,0.03250906313769519,0.03234333102591336,1,-1808,0.6933593161243098,0.0,0.02709056599996984,step,0,0,0.02864276198670268,settle,sweep:enc:yaw:1789324635891515091,sweep:enc:yaw:1789324635891515091,FFFFFFFFF8F0,"{""counts"":-1808}",1,1,1,1,0,0,0,5.921773,1,0,0,1801938326366882,1,,1801938322729995,1801938137441129,1801938326366882,1801938332288655
137,1,yaw,2,-1,pre,0.25,10,0.0,0.0,0.0,0,1,1:00000A,1801938353204322,1789324635920090300,1801938365113214,1789324635948977325,4.622053198050708,0.06538863107562065,0.06522289896383882,1,-1808,0.6933593161243098,0.0,0.03287956793792546,step,0,0,0.057215699926018715,settle,sweep:yaw:1789324635920065852;sweep:enc:yaw:1789324635920087580,sweep:enc:yaw:1789324635920087580,FFFFFFFFF8F0,"{""counts"":-1808}",1,1,1,1,0,0,0,5.866764,1,0,0,1801938359246450,1,,1801938351302068,1801938353204322,1801938359246450,1801938365113214
138,1,yaw,2,-1,pre,0.25,10,0.0,0.0,0.0,0,1,1:00000A,1801938353204322,1789324635948663942,1801938387004039,1789324635977525782,4.6436702569480985,0.08700568997301161,0.08683995786122978,1,-1808,0.6933593161243098,0.0,0.02161705889739096,step,0,0,0.08578646089881659,settle,sweep:enc:yaw:1789324635948660901,sweep:enc:yaw:1789324635948660901,FFFFFFFFF8F0,"{""counts"":-1808}",1,1,1,1,0,0,0,6.14053,1,0,0,1801938380863509,1,,1801938379875678,1801938353204322,1801938380863509,1801938387004039
139,1,yaw,2,-1,pre,0.25,10,0.0,0.0,0.0,0,1,1:00000A,1801938353204322,1789324635977236431,1801938418788637,1789324636006047006,4.675845520105213,0.119180953130126,0.11901522101834416,1,-1808,0.6933593161243098,0.0,0.03217526315711439,step,0,0,0.1143549820408225,settle,sweep:enc:yaw:1789324635977233167,sweep:enc:yaw:1789324635977233167,FFFFFFFFF8F0,"{""counts"":-1808}",1,1,1,1,0,0,0,5.749865,1,0,0,1801938413038772,1,,1801938408448199,1801938353204322,1801938413038772,1801938418788637
140,1,yaw,2,-1,pre,0.25,10,0.0,0.0,0.0,0,1,1:00000A,1801938353204322,1789324636005800536,1801938445900548,1789324636034641767,4.702480395091698,0.14581582811661065,0.1456500960048288,1,-1808,0.6933593161243098,0.0,0.026634874986484647,step,0,0,0.14293079893104732,settle,sweep:enc:yaw:1789324636005797656,sweep:enc:yaw:1789324636005797656,FFFFFFFFF8F0,"{""counts"":-1808}",1,1,1,1,0,0,0,6.226901,1,0,0,1801938439673647,1,,1801938437012336,1801938353204322,1801938439673647,1801938445900548
141,1,yaw,2,-1,pre,0.25,10,0.0,0.0,0.0,0,1,1:00000A,1801938353204322,1789324636034380801,1801938472504894,1789324636063222737,4.72959553799592,0.17293097102083266,0.17276523890905082,1,-1808,0.6933593161243098,0.0,0.02711514290422201,step,0,0,0.17149714403785765,settle,sweep:enc:yaw:1789324636034377249,sweep:enc:yaw:1789324636034377249,FFFFFFFFF8F0,"{""counts"":-1808}",1,1,1,1,0,0,0,5.716104,1,0,0,1801938466788790,1,,1801938465592217,1801938353204322,1801938466788790,1801938472504894
142,1,yaw,2,-1,pre,0.25,10,0.0,0.0,0.0,0,1,1:00000A,1801938353204322,1789324636062953482,1801938504454328,1789324636091760793,4.761359559139237,0.20469499216414988,0.20452926005236804,1,-1808,0.6933593161243098,0.0,0.03176402114331722,step,0,0,0.20007270597852767,settle,sweep:enc:yaw:1789324636062949866,sweep:enc:yaw:1789324636062949866,FFFFFFFFF8F0,"{""counts"":-1808}",1,1,1,1,0,0,0,5.901517,1,0,0,1801938498552811,1,,1801938494165218,1801938353204322,1801938498552811,1801938504454328
143,1,yaw,2,-1,pre,0.25,10,0.0,0.0,0.0,0,1,1:00000A,1801938353204322,1789324636091513811,1801938531325048,1789324636120330274,4.788258504122496,0.23159393714740872,0.2314282050356269,1,-1808,0.6933593161243098,0.0,0.026898944983258843,step,0,0,0.22864282689988613,settle,sweep:enc:yaw:1789324636091510771,sweep:enc:yaw:1789324636091510771,FFFFFFFFF8F0,"{""counts"":-1808}",1,1,1,1,0,0,0,5.873292,1,0,0,1801938525451756,1,,1801938522725579,1801938353204322,1801938525451756,1801938531325048
144,1,yaw,2,-1,pre,0.25,10,0.0,0.0,0.0,0,1,1:00000A,1801938353204322,1789324636120086492,1801938558126263,1789324636148951885,4.815054855076596,0.2583902881015092,0.2582245559897274,1,-1808,0.6933593161243098,0.0,0.02679635095410049,step,0,0,0.25721121998503804,settle,sweep:enc:yaw:1789324636120083004,sweep:enc:yaw:1789324636120083004,FFFFFFFFF8F0,"{""counts"":-1808}",1,1,1,1,0,0,0,5.878156,1,0,0,1801938552248107,1,,1801938551298100,1801938353204322,1801938552248107,1801938558126263
145,1,yaw,2,-1,pre,0.25,10,0.0,0.0,0.0,0,1,1:00000A,1801938584205797,1789324636148663046,1801938595899612,1789324636169715356,4.8526108539663255,0.2959462869912386,0.29578055487945676,1,-1808,0.6933593161243098,0.0,0.03755599888972938,step,0,0,0.2857832610607147,settle,sweep:yaw:1789324636148634757;sweep:enc:yaw:1789324636148659846,sweep:enc:yaw:1789324636148659846,FFFFFFFFF8F0,"{""counts"":-1808}",1,1,1,1,0,0,0,6.095506,0,0,0,1801938589804106,1,,1801938579874782,1801938584205797,1801938589804106,1801938595899612
146,1,yaw,2,-1,step,0.25,10,-0.25,-0.25,-0.20943951023931953,0,1,1:80020A00000032,1801938606569402,1789324636169987330,1801938619674899,1789324636198933108,4.8765716820489615,0.3199071150738746,0.012613548897206783,1,-1801,0.69067484974551,-0.11203562621215116,0.023960828082636,step,1,0,5.119945853948593e-07,step,sweep:yaw:1789324636169969314;sweep:enc:yaw:1789324636169985218,sweep:enc:yaw:1789324636169985218,FFFFFFFFF8F7,"{""counts"":-1801}",1,1,0,0,0,0,0,5.909965,1,0,0,1801938613764934,1,,1801938601199098,1801938606569402,1801938613764934,1801938619674899
147,1,yaw,2,-1,step,0.25,10,-0.25,-0.25,-0.20943951023931953,0,1,1:80020A00000032,1801938606569402,1789324636198653582,1801938641741633,1789324636227461724,4.898177989060059,0.34151342208497226,0.03421985590830445,1,-1792,0.6872233929727672,-0.1597430218394077,0.02160630701109767,step,1,0,0.028641322860494256,step,sweep:enc:yaw:1789324636198650926,sweep:enc:yaw:1789324636198650926,FFFFFFFFF900,"{""counts"":-1792}",1,1,0,0,0,0,0,6.370392,1,0,0,1801938635371241,1,,1801938629865350,1801938606569402,1801938635371241,1801938641741633
148,1,yaw,2,-1,step,0.25,10,-0.25,-0.25,-0.20943951023931953,0,1,1:80020A00000032,1801938606569402,1789324636227218903,1801938668401468,1789324636256034790,4.925469167064875,0.36880460008978844,0.06151103391312063,1,-1779,0.6822379554121389,-0.18267579214603724,0.027291178004816175,step,1,0,0.05721089988946915,step,sweep:enc:yaw:1789324636227215607,sweep:enc:yaw:1789324636227215607,FFFFFFFFF90D,"{""counts"":-1779}",1,1,0,0,0,0,0,5.739049,1,0,0,1801938662662419,1,,1801938658430479,1801938606569402,1801938662662419,1801938668401468
149,1,yaw,2,-1,step,0.25,10,-0.25,-0.25,-0.20943951023931953,0,1,1:80020A00000032,1801938606569402,1789324636255792384,1801938695419968,1789324636284677840,4.952061672927812,0.3953971059527248,0.088103539776057,1,-1765,0.6768690226545392,-0.20189645854634436,0.026592505862936378,step,1,0,0.0857860129326582,step,sweep:enc:yaw:1789324636255789440,sweep:enc:yaw:1789324636255789440,FFFFFFFFF91B,"{""counts"":-1765}",1,1,0,0,0,0,0,6.165043,1,0,0,1801938689254925,1,,1801938687004024,1801938606569402,1801938689254925,1801938695419968
150,1,yaw,2,-1,step,0.25,10,-0.25,-0.25,-0.20943951023931953,0,1,1:80020A00000032,1801938606569402,1789324636284367337,1801938722262592,1789324636313216825,4.9790880139917135,0.4224234470166266,0.11512988083995879,1,-1750,0.671116594699968,-0.21284523646652775,0.027026341063901782,step,1,0,0.11435725400224328,step,sweep:enc:yaw:1789324636284364649,sweep:enc:yaw:1789324636284364649,FFFFFFFFF92A,"{""counts"":-1750}",1,1,0,0,0,0,0,5.981326,1,0,0,1801938716281266,1,,1801938715579137,1801938606569402,1801938716281266,1801938722262592
151,1,yaw,2,-1,step,0.25,10,-0.25,-0.25,-0.20943951023931953,0,1,1:80020A00000032,1801938606569402,1789324636312968819,1801938754056470,1789324636341757537,5.011222060071304,0.4545574930962175,0.1472639269195497,1,-1732,0.6642136811544826,-0.21481619614249373,0.03213404607959092,step,1,0,0.14292436698451638,step,sweep:enc:yaw:1789324636312965875,sweep:enc:yaw:1789324636312965875,FFFFFFFFF93C,"{""counts"":-1732}",1,1,0,0,0,0,0,5.641158,1,0,0,1801938748415312,1,,1801938744180587,1801938606569402,1801938748415312,1801938754056470
152,1,yaw,2,-1,step,0.25,10,-0.25,-0.25,-0.20943951023931953,0,1,1:80020A00000032,1801938606569402,1789324636341507355,1801938780841109,1789324636370347723,5.037678403081372,0.48101383610628545,0.17372026992961764,1,-1716,0.6580777580029401,-0.23192635313231022,0.02645634301006794,step,1,0,0.1714977528899908,step,sweep:enc:yaw:1789324636341504443,sweep:enc:yaw:1789324636341504443,FFFFFFFFF94C,"{""counts"":-1716}",1,1,0,0,0,0,0,5.969454,1,0,0,1801938774871655,1,,1801938772719123,1801938606569402,1801938774871655,1801938780841109
153,1,yaw,2,-1,step,0.25,10,-0.25,-0.25,-0.20943951023931953,0,1,1:80020A00000032,1801938806846465,1789324636370088357,1801938819704628,1789324636398941685,5.076429567066953,0.5197650000918657,0.21247143391519785,1,-1686,0.6465729020937978,-0.29689058923296857,0.038751163985580206,step,1,0,0.20006867381744087,step,sweep:yaw:1789324636370058244;sweep:enc:yaw:1789324636370085253,sweep:enc:yaw:1789324636370085253,FFFFFFFFF96A,"{""counts"":-1686}",1,1,0,0,0,0,0,6.081809,1,0,0,1801938813622819,1,,1801938801300093,1801938806846465,1801938813622819,1801938819704628
154,1,yaw,2,-1,step,0.25,10,-0.25,-0.25,-0.20943951023931953,0,1,1:80020A00000032,1801938806846465,1789324636398658862,1801938836596902,1789324636427448956,5.093060299055651,0.5363957320805639,0.2291021659038961,1,-1679,0.6438884357149979,-0.16141600866541633,0.016630731988698244,step,1,0,0.2286464108619839,step,sweep:enc:yaw:1789324636398656270,sweep:enc:yaw:1789324636398656270,FFFFFFFFF971,"{""counts"":-1679}",1,1,0,0,0,0,0,6.343351,1,0,0,1801938830253551,1,,1801938829870662,1801938806846465,1801938830253551,1801938836596902
155,1,yaw,2,-1,step,0.25,10,-0.25,-0.25,-0.20943951023931953,0,1,1:80020A00000032,1801938806846465,1789324636427218519,1801938868394492,1789324636456053286,5.12533681304194,0.5686722460668534,0.2613786798901856,1,-1662,0.6373690173664839,-0.20198644597379165,0.0322765139862895,step,1,0,0.2572166279423982,step,sweep:enc:yaw:1789324636427215895,sweep:enc:yaw:1789324636427215895,FFFFFFFFF982,"{""counts"":-1662}",1,1,0,0,0,0,0,5.864427,1,0,0,1801938862530065,1,,1801938858430223,1801938806846465,1801938862530065,1801938868394492
156,1,yaw,2,-1,step,0.25,10,-0.25,-0.25,-0.20943951023931953,0,1,1:80020A00000032,1801938806846465,1789324636455800192,1801938895260893,1789324636484813780,5.15203952905722,0.5953749620821327,0.2880813959054649,1,-1646,0.6312330942149413,-0.22978648119657824,0.026702716015279293,step,1,0,0.28578978893347085,step,sweep:enc:yaw:1789324636455797120,sweep:enc:yaw:1789324636455797120,FFFFFFFFF992,"{""counts"":-1646}",1,1,0,0,0,0,0,6.028112,1,0,0,1801938889232781,1,,1801938887011768,1801938806846465,1801938889232781,1801938895260893
157,1,yaw,2,-1,step,0.25,10,-0.25,-0.25,-0.20943951023931953,0,1,1:80020A00000032,1801938806846465,1789324636484428875,1801938927061107,1789324636513163672,5.1840253479313105,0.6273607809562236,0.3200672147795558,1,-1629,0.6247136758664273,-0.2038221492523626,0.03198581887409091,step,1,0,0.31441376777365804,step,sweep:enc:yaw:1789324636484425419,sweep:enc:yaw:1789324636484425419,FFFFFFFFF9A3,"{""counts"":-1629}",1,1,0,0,0,0,0,5.842507,1,0,0,1801938921218600,1,,1801938915640579,1801938806846465,1801938921218600,1801938927061107
158,1,yaw,2,-1,step,0.25,10,-0.25,-0.25,-0.20943951023931953,0,1,1:80020A00000032,1801938806846465,1789324636512925778,1801938953888915,1789324636541758882,5.210699360119179,0.654034793144092,0.34674122696742415,1,-1615,0.6193447431088276,-0.2012795345441735,0.026674012187868357,step,1,0,0.34292420791462064,step,sweep:enc:yaw:1789324636512923090,sweep:enc:yaw:1789324636512923090,FFFFFFFFF9B1,"{""counts"":-1615}",1,1,0,0,0,0,0,5.996303,1,0,0,1801938947892612,1,,1801938944137514,1801938806846465,1801938947892612,1801938953888915
159,1,yaw,2,-1,step,0.25,10,-0.25,-0.25,-0.20943951023931953,0,1,1:80020A00000032,1801938806846465,1789324636541504379,1801938980782068,1789324636570229896,5.237523839110509,0.6808592721354216,0.3735657059587538,1,-1601,0.6139758103512278,-0.200150495349234,0.02682447899132967,step,1,0,0.3714972729794681,step,sweep:enc:yaw:1789324636541501531,sweep:enc:yaw:1789324636541501531,FFFFFFFFF9BF,"{""counts"":-1601}",1,1,0,0,0,0,0,6.064977,0,0,0,1801938974717091,1,,1801938972716083,1801938806846465,1801938974717091,1801938980782068
160,1,yaw,2,-1,post,0.25,10,0.0,0.0,0.0,0,1,1:00000A,1801939006832129,1789324636570553584,1801939018545624,1789324636599523075,5.2754016381222755,0.7187370711471885,0.010877283057197928,1,-1580,0.6059224112148283,-0.21261528775464883,0.03787779901176691,step,2,1,6.719492375850677e-07,settle,sweep:yaw:1789324636570534128;sweep:enc:yaw:1789324636570551376,sweep:enc:yaw:1789324636570551376,FFFFFFFFF9D4,"{""counts"":-1580}",1,1,1,0,0,0,0,5.950734,1,0,0,1801939012594890,1,,1801939001765384,1801939006832129,1801939012594890,1801939018545624
161,1,yaw,2,-1,post,0.25,10,0.0,0.0,0.0,0,1,1:00000A,1801939006832129,1789324636599214971,1801939040439554,1789324636627998186,5.297078731004149,0.7404141640290618,0.03255437593907118,1,-1578,0.6051554208208855,-0.035382530218531306,0.02167709288187325,step,2,1,0.02863741898909211,settle,sweep:enc:yaw:1789324636599211323,sweep:enc:yaw:1789324636599211323,FFFFFFFFF9D6,"{""counts"":-1578}",1,1,1,0,0,0,0,6.167571,1,0,0,1801939034271983,1,,1801939030426483,1801939006832129,1801939034271983,1801939040439554
162,1,yaw,2,-1,post,0.25,10,0.0,0.0,0.0,0,1,1:00000A,1801939006832129,1789324636627770756,1801939067248545,1789324636656587379,5.32408587099053,0.7674213040154427,0.05956151592545211,1,-1578,0.6051554208208855,0.0,0.027007139986380935,step,2,1,0.05721125192940235,settle,sweep:enc:yaw:1789324636627767940,sweep:enc:yaw:1789324636627767940,FFFFFFFFF9D6,"{""counts"":-1578}",1,1,1,1,0,0,0,5.969422,1,0,0,1801939061279123,1,,1801939058982588,1801939006832129,1801939061279123,1801939067248545
163,1,yaw,2,-1,post,0.25,10,0.0,0.0,0.0,0,1,1:00000A,1801939006832129,1789324636656350573,1801939094106081,1789324636685300288,5.350911470130086,0.794246903154999,0.0863871150650084,1,-1578,0.6051554208208855,0.0,0.02682559913955629,step,2,1,0.08578278101049364,settle,sweep:enc:yaw:1789324636656347373,sweep:enc:yaw:1789324636656347373,FFFFFFFFF9D6,"{""counts"":-1578}",1,1,1,1,0,0,0,6.001359,1,0,0,1801939088104722,1,,1801939087562245,1801939006832129,1801939088104722,1801939094106081
164,1,yaw,2,-1,post,0.25,10,0.0,0.0,0.0,0,1,1:00000A,1801939006832129,1789324636684965016,1801939125979449,1789324636714029037,5.3832484011072665,0.8265838341321796,0.118724046042189,1,-1578,0.6051554208208855,0.0,0.0323369309771806,step,2,1,0.11436448595486581,settle,sweep:enc:yaw:1789324636684961432,sweep:enc:yaw:1789324636684961432,FFFFFFFFF9D6,"{""counts"":-1578}",1,1,1,1,0,0,0,5.537796,1,0,0,1801939120441653,1,,1801939116176784,1801939006832129,1801939120441653,1801939125979449
165,1,yaw,2,-1,post,0.25,10,0.0,0.0,0.0,0,1,1:00000A,1801939006832129,1789324636713526401,1801939152816249,1789324636742339024,5.409958766074851,0.8532941990997642,0.1454344110097736,1,-1578,0.6051554208208855,0.0,0.02671036496758461,step,2,1,0.14294027187861502,settle,sweep:enc:yaw:1789324636713523169,sweep:enc:yaw:1789324636713523169,FFFFFFFFF9D6,"{""counts"":-1578}",1,1,1,1,0,0,0,5.664231,1,0,0,1801939147152018,1,,1801939144737977,1801939006832129,1801939147152018,1801939152816249
166,1,yaw,2,-1,post,0.25,10,0.0,0.0,0.0,0,1,1:00000A,1801939006832129,1789324636742066825,1801939179781052,1789324636770912057,5.436613162048161,0.8799485950730741,0.1720888069830835,1,-1578,0.6051554208208855,0.0,0.026654395973309875,step,2,1,0.1714998648967594,settle,sweep:enc:yaw:1789324636742063241,sweep:enc:yaw:1789324636742063241,FFFFFFFFF9D6,"{""counts"":-1578}",1,1,1,1,0,0,0,5.974638,1,0,0,1801939173806414,1,,1801939173278401,1801939006832129,1801939173806414,1801939179781052
167,1,yaw,2,-1,post,0.25,10,0.0,0.0,0.0,0,1,1:00000A,1801939205843401,1789324636770644338,1801939217563425,1789324636799500514,5.474268330959603,0.9176037639845163,0.20974397589452565,1,-1578,0.6051554208208855,0.0,0.03765516891144216,step,2,1,0.20007104193791747,settle,sweep:yaw:1789324636770617330;sweep:enc:yaw:1789324636770641426,sweep:enc:yaw:1789324636770641426,FFFFFFFFF9D6,"{""counts"":-1578}",1,1,1,1,0,0,0,6.101842,1,0,0,1801939211461583,1,,1801939201855914,1801939205843401,1801939211461583,1801939217563425
168,1,yaw,2,-1,post,0.25,10,0.0,0.0,0.0,0,1,1:00000A,1801939205843401,1789324636799213307,1801939239449387,1789324636828022762,5.496191926067695,0.9395273590926081,0.23166757100261748,1,-1578,0.6051554208208855,0.0,0.02192359510809183,step,2,1,0.2286457389127463,settle,sweep:enc:yaw:1789324636799210747,sweep:enc:yaw:1789324636799210747,FFFFFFFFF9D6,"{""counts"":-1578}",1,1,1,1,0,0,0,6.064209,1,0,0,1801939233385178,1,,1801939230425107,1801939205843401,1801939233385178,1801939239449387
169,1,yaw,2,-1,post,0.25,10,0.0,0.0,0.0,0,1,1:00000A,1801939205843401,1789324636827777316,1801939266288234,1789324636856625236,5.523118744138628,0.9664541771635413,0.2585943890735507,1,-1578,0.6051554208208855,0.0,0.026926818070933223,step,2,1,0.25721301208250225,settle,sweep:enc:yaw:1789324636827774436,sweep:enc:yaw:1789324636827774436,FFFFFFFFF9D6,"{""counts"":-1578}",1,1,1,1,0,0,0,5.976238,1,0,0,1801939260311996,1,,1801939258989084,1801939205843401,1801939260311996,1801939266288234
170,1,yaw,2,-1,post,0.25,10,0.0,0.0,0.0,0,1,1:00000A,1801939205843401,1789324636856357870,1801939298038015,1789324636885217310,5.5551629001274705,0.9984983331523836,0.29063854506239295,1,-1578,0.6051554208208855,0.0,0.03204415598884225,step,2,1,0.2857848289422691,settle,sweep:enc:yaw:1789324636856354510,sweep:enc:yaw:1789324636856354510,FFFFFFFFF9D6,"{""counts"":-1578}",1,1,1,1,0,0,0,5.681863,1,0,0,1801939292356152,1,,1801939287569382,1801939205843401,1801939292356152,1801939298038015
171,1,yaw,2,-1,post,0.25,10,0.0,0.0,0.0,0,1,1:00000A,1801939205843401,1789324636884932119,1801939324897856,1789324636913753222,5.581753965932876,1.025089398957789,0.31722961086779833,1,-1578,0.6051554208208855,0.0,0.02659106580540538,step,2,1,0.3143535740673542,settle,sweep:enc:yaw:1789324636884928407,sweep:enc:yaw:1789324636884928407,FFFFFFFFF9D6,"{""counts"":-1578}",1,1,1,1,0,0,0,5.950638,1,0,0,1801939318947218,1,,1801939316143887,1801939205843401,1801939318947218,1801939324897856
172,1,yaw,2,-1,post,0.25,10,0.0,0.0,0.0,0,1,1:00000A,1801939205843401,1789324636913498368,1801939351763296,1789324636942326767,5.608604141976684,1.0519395750015974,0.3440797869116068,1,-1578,0.6051554208208855,0.0,0.02685017604380846,step,2,1,0.3429284000303596,settle,sweep:enc:yaw:1789324636913495328,sweep:enc:yaw:1789324636913495328,FFFFFFFFF9D6,"{""counts"":-1578}",1,1,1,1,0,0,0,5.965902,1,0,0,1801939345797394,1,,1801939344709976,1801939205843401,1801939345797394,1801939351763296
173,1,yaw,2,-1,post,0.25,10,0.0,0.0,0.0,0,1,1:00000A,1801939205843401,1789324636942068073,1801939383705594,1789324636970998683,5.640641161939129,1.0839765949640423,0.3761168068740517,1,-1578,0.6051554208208855,0.0,0.0320370199624449,step,2,1,0.37149615306407213,settle,sweep:enc:yaw:1789324636942064649,sweep:enc:yaw:1789324636942064649,FFFFFFFFF9D6,"{""counts"":-1578}",1,1,1,1,0,0,0,5.87118,0,0,0,1801939377834414,1,,1801939373279649,1801939205843401,1801939377834414,1801939383705594
174,1,yaw,2,-1,rest,0.25,10,0.0,0.0,0.0,0,1,1:00000A,1801939404674638,1789324636971276130,1801939416328612,1789324637000229684,5.673250867053866,1.1165863000787795,0.007998269982635975,1,-1578,0.6051554208208855,0.0,0.03260970511473715,step,3,1,4.4796615839004517e-07,rest,sweep:yaw:1789324636971257825;sweep:enc:yaw:1789324636971273986,sweep:enc:yaw:1789324636971273986,FFFFFFFFF9D6,"{""counts"":-1578}",1,1,0,0,0,0,0,5.884493,1,0,0,1801939410444119,1,,1801939402487930,1801939404674638,1801939410444119,1801939416328612
175,1,yaw,2,-1,rest,0.25,10,0.0,0.0,0.0,0,1,1:00000A,1801939404674638,1789324636999939757,1801939438394226,1789324637028751452,5.694914200110361,1.138249633135274,0.02966160303913057,1,-1578,0.6051554208208855,0.0,0.021663333056494594,step,3,1,0.02864250587299466,rest,sweep:enc:yaw:1789324636999936717,sweep:enc:yaw:1789324636999936717,FFFFFFFFF9D6,"{""counts"":-1578}",1,1,0,0,0,0,0,6.286774,1,0,0,1801939432107452,1,,1801939431151397,1801939404674638,1801939432107452,1801939438394226
176,1,yaw,2,-1,rest,0.25,10,0.0,0.0,0.0,0,1,1:00000A,1801939404674638,1789324637028504246,1801939470191528,1789324637057341477,5.727278555044904,1.1706139880698174,0.06202595797367394,1,-1578,0.6051554208208855,0.0,0.03236435493454337,step,3,1,0.057213075924664736,rest,sweep:enc:yaw:1789324637028501558,sweep:enc:yaw:1789324637028501558,FFFFFFFFF9D6,"{""counts"":-1578}",1,1,0,0,0,0,0,5.719721,1,0,0,1801939464471807,1,,1801939459715854,1801939404674638,1801939464471807,1801939470191528
177,1,yaw,2,-1,rest,0.25,10,0.0,0.0,0.0,0,1,1:00000A,1801939404674638,1789324637057079647,1801939497039656,1789324637085898830,5.753888470120728,1.197223903145641,0.0886358730494976,1,-1578,0.6051554208208855,0.0,0.026609915075823665,step,3,1,0.08578396495431662,rest,sweep:enc:yaw:1789324637057076415,sweep:enc:yaw:1789324637057076415,FFFFFFFFF9D6,"{""counts"":-1578}",1,1,0,0,0,0,0,5.957934,1,0,0,1801939491081722,1,,1801939488291255,1801939404674638,1801939491081722,1801939497039656
178,1,yaw,2,-1,rest,0.25,10,0.0,0.0,0.0,0,1,1:00000A,1801939404674638,1789324637085650408,1801939523912104,1789324637114460375,5.7807529820129275,1.2240884150378406,0.11550038494169712,1,-1578,0.6051554208208855,0.0,0.026864511892199516,step,3,1,0.1143551419954747,rest,sweep:enc:yaw:1789324637085647016,sweep:enc:yaw:1789324637085647016,FFFFFFFFF9D6,"{""counts"":-1578}",1,1,0,0,0,0,0,5.96587,1,0,0,1801939517946234,1,,1801939516861952,1801939404674638,1801939517946234,1801939523912104
179,1,yaw,2,-1,rest,0.25,10,0.0,0.0,0.0,0,1,1:00000A,1801939404674638,1789324637114219825,1801939555658909,1789324637124949329,5.812798578059301,1.2561340110842139,0.14754598098807037,1,-1578,0.6051554208208855,0.0,0.03204559604637325,step,3,1,0.14292724686674774,rest,sweep:enc:yaw:1789324637114216497,sweep:enc:yaw:1789324637114216497,FFFFFFFFF9D6,"{""counts"":-1578}",1,1,0,0,0,0,0,5.667079,0,0,0,1801939549991830,1,,1801939545431465,1801939404674638,1801939549991830,1801939555658909
180,1,yaw,3,1,pre,0.25,10,0.0,0.0,0.0,0,1,1:00000A,1801939404674638,1789324637125446013,1801939567673435,1789324637154384111,5.823943484108895,0.004682928090915084,0.004520460031926632,1,-1578,0.6051554208208855,,0.011144906049594283,step,0,0,5.438923835754395e-07,settle,sweep:enc:yaw:1789324637125443677,sweep:enc:yaw:1789324637125443677,FFFFFFFFF9D6,"{""counts"":-1578}",1,1,1,0,0,0,0,6.536699,1,0,0,1801939561136736,0,short_encoder_dt,1801939556657781,1801939404674638,1801939561136736,1801939567673435
181,1,yaw,3,1,pre,0.25,10,0.0,0.0,0.0,0,1,1:00000A,1801939404674638,1789324637154117288,1801939594501947,1789324637182921015,5.851408298127353,0.03214774210937321,0.03198527405038476,1,-1578,0.6051554208208855,0.0,0.027464814018458128,step,0,0,0.028642314951866865,settle,sweep:enc:yaw:1789324637154113736,sweep:enc:yaw:1789324637154113736,FFFFFFFFF9D6,"{""counts"":-1578}",1,1,1,1,0,0,0,5.900397,1,0,0,1801939588601550,1,,1801939585328864,1801939404674638,1801939588601550,1801939594501947
182,1,yaw,3,1,pre,0.25,10,0.0,0.0,0.0,0,1,1:00000A,1801939615408941,1789324637182682033,1801939627264904,1789324637211541057,5.884002163074911,0.06474160705693066,0.06457913899794221,1,-1578,0.6051554208208855,0.0,0.03259386494755745,step,0,0,0.05721256393007934,settle,sweep:yaw:1789324637182657041;sweep:enc:yaw:1789324637182679185,sweep:enc:yaw:1789324637182679185,FFFFFFFFF9D6,"{""counts"":-1578}",1,1,1,1,0,0,0,6.069489,1,0,0,1801939621195415,1,,1801939613893769,1801939615408941,1801939621195415,1801939627264904
183,1,yaw,3,1,pre,0.25,10,0.0,0.0,0.0,0,1,1:00000A,1801939615408941,1789324637211266459,1801939649159346,1789324637240109130,5.90581903513521,0.08655847911722958,0.08639601105824113,1,-1578,0.6051554208208855,0.0,0.02181687206029892,step,0,0,0.08578425296582282,settle,sweep:enc:yaw:1789324637211263515,sweep:enc:yaw:1789324637211263515,FFFFFFFFF9D6,"{""counts"":-1578}",1,1,1,1,0,0,0,6.147059,1,0,0,1801939643012287,1,,1801939642478259,1801939615408941,1801939643012287,1801939649159346
184,1,yaw,3,1,pre,0.25,10,0.0,0.0,0.0,0,1,1:00000A,1801939615408941,1789324637239830436,1801939680971048,1789324637268638482,5.938010811107233,0.11875025508925319,0.11858778703026474,1,-1578,0.6051554208208855,0.0,0.032191775972023606,step,0,0,0.11435395805165172,settle,sweep:enc:yaw:1789324637239826596,sweep:enc:yaw:1789324637239826596,FFFFFFFFF9D6,"{""counts"":-1578}",1,1,1,1,0,0,0,5.766985,1,0,0,1801939675204063,1,,1801939671041980,1801939615408941,1801939675204063,1801939680971048
185,1,yaw,3,1,pre,0.25,10,0.0,0.0,0.0,0,1,1:00000A,1801939615408941,1789324637268391725,1801939707806568,1789324637297252509,5.964672886068001,0.1454123300500214,0.14524986199103296,1,-1578,0.6051554208208855,0.0,0.026662074960768223,step,0,0,0.14292772696353495,settle,sweep:enc:yaw:1789324637268388620,sweep:enc:yaw:1789324637268388620,FFFFFFFFF9D6,"{""counts"":-1578}",1,1,1,1,0,0,0,5.94043,1,0,0,1801939701866138,1,,1801939699603365,1801939615408941,1801939701866138,1801939707806568
186,1,yaw,3,1,pre,0.25,10,0.0,0.0,0.0,0,1,1:00000A,1801939615408941,1789324637296976406,1801939734645096,1789324637325807781,5.991508085979149,0.17224752996116877,0.17208506190218031,1,-1578,0.6051554208208855,0.0,0.026835199911147356,step,0,0,0.17149788001552224,settle,sweep:enc:yaw:1789324637296972502,sweep:enc:yaw:1789324637296972502,FFFFFFFFF9D6,"{""counts"":-1578}",1,1,1,1,0,0,0,5.943758,1,0,0,1801939728701338,1,,1801939728187982,1801939615408941,1801939728701338,1801939734645096
187,1,yaw,3,1,pre,0.25,10,0.0,0.0,0.0,0,1,1:00000A,1801939615408941,1789324637325536895,1801939766424125,1789324637354363118,6.0234886249527335,0.20422806893475354,0.20406560087576509,1,-1578,0.6051554208208855,0.0,0.03198053897358477,step,0,0,0.20006899302825332,settle,sweep:enc:yaw:1789324637325533247,sweep:enc:yaw:1789324637325533247,FFFFFFFFF9D6,"{""counts"":-1578}",1,1,1,1,0,0,0,5.742248,1,0,0,1801939760681877,1,,1801939756748535,1801939615408941,1801939760681877,1801939766424125
188,1,yaw,3,1,pre,0.25,10,0.0,0.0,0.0,0,1,1:00000A,1801939615408941,1789324637354108072,1801939793292318,1789324637382925111,6.050167724955827,0.23090716893784702,0.23074470087885857,1,-1578,0.6051554208208855,0.0,0.02667910000309348,step,0,0,0.22863882593810558,settle,sweep:enc:yaw:1789324637354104840,sweep:enc:yaw:1789324637354104840,FFFFFFFFF9D6,"{""counts"":-1578}",1,1,1,1,0,0,0,5.931341,1,0,0,1801939787360977,1,,1801939785319648,1801939615408941,1801939787360977,1801939793292318
189,1,yaw,3,1,pre,0.25,10,0.0,0.0,0.0,0,1,1:00000A,1801939615408941,1789324637382674065,1801939825106612,1789324637411517120,6.0821354950312525,0.2628749390132725,0.26271247095428407,1,-1578,0.6051554208208855,0.0,0.031967770075425506,step,0,0,0.25721077085472643,settle,sweep:enc:yaw:1789324637382671121,sweep:enc:yaw:1789324637382671121,FFFFFFFFF9D6,"{""counts"":-1578}",1,1,1,1,0,0,0,5.777865,1,0,0,1801939819328747,1,,1801939813885705,1801939615408941,1801939819328747,1801939825106612
190,1,yaw,3,1,pre,0.25,10,0.0,0.0,0.0,0,1,1:00000A,1801939845996998,1789324637411254490,1801939857910562,1789324637432238286,6.114767505088821,0.2955069490708411,0.2953444810118526,1,-1578,0.6051554208208855,0.0,0.03263201005756855,step,0,0,0.2857826210092753,settle,sweep:yaw:1789324637411227098;sweep:enc:yaw:1789324637411251514,sweep:enc:yaw:1789324637411251514,FFFFFFFFF9D6,"{""counts"":-1578}",1,1,1,1,0,0,0,5.949805,0,0,0,1801939851960757,1,,1801939842466098,1801939845996998,1801939851960757,1801939857910562
191,1,yaw,3,1,step,0.25,10,0.25,0.25,0.20943951023931953,0,1,1:00020A00000032,1801939868546976,1789324637432478324,1801939881889182,1789324637461470311,6.138574664015323,0.31931410799734294,0.012125056935474277,1,-1585,0.6078398871996853,0.11275878768598056,0.02380715892650187,step,1,0,5.760230123996735e-07,step,sweep:yaw:1789324637432460212;sweep:enc:yaw:1789324637432476244,sweep:enc:yaw:1789324637432476244,FFFFFFFFF9CF,"{""counts"":-1585}",1,1,0,0,0,0,0,6.121266,1,0,0,1801939875767916,1,,1801939863690092,1801939868546976,1801939875767916,1801939881889182
192,1,yaw,3,1,step,0.25,10,0.25,0.25,0.20943951023931953,0,1,1:00020A00000032,1801939868546976,1789324637461167744,1801939903728871,1789324637490009488,6.160435728961602,0.3411751729436219,0.033986121881753206,1,-1595,0.6116748391693995,0.17542384047337717,0.02186106494627893,step,1,0,0.028649355052039027,step,sweep:enc:yaw:1789324637461164864,sweep:enc:yaw:1789324637461164864,FFFFFFFFF9C5,"{""counts"":-1595}",1,1,0,0,0,0,0,6.09989,1,0,0,1801939897628981,1,,1801939892379512,1801939868546976,1801939897628981,1801939903728871
193,1,yaw,3,1,step,0.25,10,0.25,0.25,0.20943951023931953,0,1,1:00020A00000032,1801939868546976,1789324637489725129,1801939930564454,1789324637518531256,6.187449492979795,0.36818893696181476,0.060999885899946094,1,-1608,0.6166602767300278,0.18455175507088808,0.027013764018192887,step,1,0,0.05722161987796426,step,sweep:enc:yaw:1789324637489721929,sweep:enc:yaw:1789324637489721929,FFFFFFFFF9B8,"{""counts"":-1608}",1,1,0,0,0,0,0,5.921709,1,0,0,1801939924642745,1,,1801939920936865,1801939868546976,1801939924642745,1801939930564454
194,1,yaw,3,1,step,0.25,10,0.25,0.25,0.20943951023931953,0,1,1:00020A00000032,1801939868546976,1789324637518282930,1801939957438791,1789324637547139522,6.214296949096024,0.39503639307804406,0.08784734201617539,1,-1622,0.6220292094876275,0.19997919856377872,0.026847456116229296,step,1,0,0.08578258892521262,step,sweep:enc:yaw:1789324637518279954,sweep:enc:yaw:1789324637518279954,FFFFFFFFF9AA,"{""counts"":-1622}",1,1,0,0,0,0,0,5.94859,1,0,0,1801939951490201,1,,1801939949494698,1801939868546976,1801939951490201,1801939957438791
195,1,yaw,3,1,step,0.25,10,0.25,0.25,0.20943951023931953,0,1,1:00020A00000032,1801939868546976,1789324637546868219,1801939989248253,1789324637575764972,6.246262543136254,0.427001987118274,0.1198129360564053,1,-1639,0.6285486278361415,0.20395110881746975,0.03196559404022992,step,1,0,0.11435750988312066,step,sweep:enc:yaw:1789324637546865179,sweep:enc:yaw:1789324637546865179,FFFFFFFFF999,"{""counts"":-1639}",1,1,0,0,0,0,0,5.792458,1,0,0,1801939983455795,1,,1801939978080019,1801939868546976,1801939983455795,1801939989248253
196,1,yaw,3,1,step,0.25,10,0.25,0.25,0.20943951023931953,0,1,1:00020A00000032,1801939868546976,1789324637575456645,1801940016102877,1789324637604245523,6.273006828967482,0.45374627294950187,0.1465572218876332,1,-1654,0.6343010557907126,0.21508998187023132,0.0267442858312279,step,1,0,0.14292977494187653,step,sweep:enc:yaw:1789324637575453413,sweep:enc:yaw:1789324637575453413,FFFFFFFFF98A,"{""counts"":-1654}",1,1,0,0,0,0,0,5.902796,1,0,0,1801940010200081,1,,1801940006668445,1801939868546976,1801940010200081,1801940016102877
197,1,yaw,3,1,step,0.25,10,0.25,0.25,0.20943951023931953,0,1,1:00020A00000032,1801939868546976,1789324637603996749,1801940042944381,1789324637632843101,6.299771114951,0.48051055893301964,0.17332150787115097,1,-1669,0.6400534837452838,0.21492925154490272,0.026764285983517766,step,1,0,0.17149852006696165,step,sweep:enc:yaw:1789324637603993805,sweep:enc:yaw:1789324637603993805,FFFFFFFFF97B,"{""counts"":-1669}",1,1,0,0,0,0,0,5.980014,1,0,0,1801940036964367,1,,1801940035208517,1801939868546976,1801940036964367,1801940042944381
198,1,yaw,3,1,step,0.25,10,0.25,0.25,0.20943951023931953,0,1,1:00020A00000032,1801940068937481,1789324637632570582,1801940081684313,1789324637661445638,6.338472037110478,0.5192114810924977,0.21202243003062904,1,-1699,0.6515583396544261,0.2972760148126004,0.03870092215947807,step,1,0,0.20006643305532634,step,sweep:yaw:1789324637632544181;sweep:enc:yaw:1789324637632567350,sweep:enc:yaw:1789324637632567350,FFFFFFFFF95D,"{""counts"":-1699}",1,1,0,0,0,0,0,6.019024,1,0,0,1801940075665289,1,,1801940063782158,1801940068937481,1801940075665289,1801940081684313
199,1,yaw,3,1,step,0.25,10,0.25,0.25,0.20943951023931953,0,1,1:00020A00000032,1801940068937481,1789324637661148511,1801940103585955,1789324637689969646,6.360225579934195,0.5409650239162147,0.23377597285434604,1,-1709,0.6553932916241402,0.17629091503812291,0.021753542823716998,step,1,0,0.22863988298922777,step,sweep:enc:yaw:1789324637661145151,sweep:enc:yaw:1789324637661145151,FFFFFFFFF953,"{""counts"":-1709}",1,1,0,0,0,0,0,6.167123,1,0,0,1801940097418832,1,,1801940092360119,1801940068937481,1801940097418832,1801940103585955
200,1,yaw,3,1,step,0.25,10,0.25,0.25,0.20943951023931953,0,1,1:00020A00000032,1801940068937481,1789324637689717704,1801940130427555,1789324637718552408,6.387301424983889,0.5680408689659089,0.2608518179040402,1,-1724,0.6611457195787114,0.21245608194364288,0.02707584504969418,step,1,0,0.2572138758841902,step,sweep:enc:yaw:1789324637689715112,sweep:enc:yaw:1789324637689715112,FFFFFFFFF944,"{""counts"":-1724}",1,1,0,0,0,0,0,5.932878,1,0,0,1801940124494677,1,,1801940120929472,1801940068937481,1801940124494677,1801940130427555
201,1,yaw,3,1,step,0.25,10,0.25,0.25,0.20943951023931953,0,1,1:00020A00000032,1801940068937481,1789324637718286353,1801940157340996,1789324637747135457,6.414138385094702,0.5948778290767223,0.2876887780148536,1,-1739,0.6668981475332825,0.2143472260203299,0.02683696011081338,step,1,0,0.2857843169476837,step,sweep:enc:yaw:1789324637718283441,sweep:enc:yaw:1789324637718283441,FFFFFFFFF935,"{""counts"":-1739}",1,1,0,0,0,0,0,6.009359,1,0,0,1801940151331637,1,,1801940149498089,1801940068937481,1801940151331637,1801940157340996
202,1,yaw,3,1,step,0.25,10,0.25,0.25,0.20943951023931953,0,1,1:00020A00000032,1801940068937481,1789324637746875547,1801940189098746,1789324637775748235,6.446212622104213,0.6269520660862327,0.319763015024364,1,-1758,0.6741845562757393,0.22717325248598358,0.0320742370095104,step,1,0,0.3143602618947625,step,sweep:enc:yaw:1789324637746872603,sweep:enc:yaw:1789324637746872603,FFFFFFFFF922,"{""counts"":-1758}",1,1,0,0,0,0,0,5.692872,1,0,0,1801940183405874,1,,1801940178087315,1801940068937481,1801940183405874,1801940189098746
203,1,yaw,3,1,step,0.25,10,0.25,0.25,0.20943951023931953,0,1,1:00020A00000032,1801940068937481,1789324637775427492,1801940215936249,1789324637804242515,6.472802215954289,0.6535416599363089,0.3463526088744402,1,-1772,0.679553489033339,0.20191856964315263,0.0265895938500762,step,1,0,0.34292718302458525,step,sweep:enc:yaw:1789324637775424420,sweep:enc:yaw:1789324637775424420,FFFFFFFFF914,"{""counts"":-1772}",1,1,0,0,0,0,0,5.940781,1,0,0,1801940209995468,1,,1801940206639292,1801940068937481,1801940209995468,1801940215936249
204,1,yaw,3,1,step,0.25,10,0.25,0.25,0.20943951023931953,0,1,1:00020A00000032,1801940068937481,1789324637803998669,1801940242792890,1789324637832698201,6.499694281024858,0.6804337250068784,0.3732446739450097,1,-1786,0.6849224217909388,0.19964747011844305,0.026892065070569515,step,1,0,0.3715000879019499,step,sweep:enc:yaw:1789324637803995725,sweep:enc:yaw:1789324637803995725,FFFFFFFFF906,"{""counts"":-1786}",1,1,0,0,0,0,0,5.905357,0,0,0,1801940236887533,1,,1801940235210437,1801940068937481,1801940236887533,1801940242792890
205,1,yaw,3,1,post,0.25,10,0.0,0.0,0.0,0,1,1:00000A,1801940268865671,1789324637832979968,1801940280567070,1789324637861980691,6.53744001314044,0.71817945712246,0.010482458164915442,1,-1806,0.692592325730367,0.2031992362988784,0.03774573211558163,step,2,1,5.119945853948593e-07,settle,sweep:yaw:1789324637832961983;sweep:enc:yaw:1789324637832977760,sweep:enc:yaw:1789324637832977760,FFFFFFFFF8F2,"{""counts"":-1806}",1,1,1,0,0,0,0,5.933805,1,0,0,1801940274633265,1,,1801940264191736,1801940268865671,1801940274633265,1801940280567070
206,1,yaw,3,1,post,0.25,10,0.0,0.0,0.0,0,1,1:00000A,1801940268865671,1789324637861647819,1801940302433607,1789324637890449946,6.559095665114,0.7398351090960205,0.032138110138475895,1,-1808,0.6933593161243098,0.035417561885424394,0.021655651973560452,step,2,1,0.028639561962336302,settle,sweep:enc:yaw:1789324637861645003,sweep:enc:yaw:1789324637861645003,FFFFFFFFF8F0,"{""counts"":-1808}",1,1,1,0,0,0,0,6.14469,1,0,0,1801940296288917,1,,1801940292859395,1801940268865671,1801940296288917,1801940302433607
207,1,yaw,3,1,post,0.25,10,0.0,0.0,0.0,0,1,1:00000A,1801940268865671,1789324637890206932,1801940329305384,1789324637919041603,6.586107925046235,0.7668473690282553,0.05915037007071078,1,-1808,0.6933593161243098,0.0,0.027012259932234883,step,2,1,0.0572095550596714,settle,sweep:enc:yaw:1789324637890203732,sweep:enc:yaw:1789324637890203732,FFFFFFFFF8F0,"{""counts"":-1808}",1,1,1,1,0,0,0,6.004207,1,0,0,1801940323301177,1,,1801940321418572,1801940268865671,1801940323301177,1801940329305384
208,1,yaw,3,1,post,0.25,10,0.0,0.0,0.0,0,1,1:00000A,1801940268865671,1789324637918783773,1801940361107038,1789324637947665550,6.618134543998167,0.7988739879801869,0.09117698902264237,1,-1808,0.6933593161243098,0.0,0.032026618951931596,step,2,1,0.08578207716345787,settle,sweep:enc:yaw:1789324637918780797,sweep:enc:yaw:1789324637918780797,FFFFFFFFF8F0,"{""counts"":-1808}",1,1,1,1,0,0,0,5.779242,1,0,0,1801940355327796,1,,1801940349995573,1801940268865671,1801940355327796,1801940361107038
209,1,yaw,3,1,post,0.25,10,0.0,0.0,0.0,0,1,1:00000A,1801940268865671,1789324637947369543,1801940387946046,1789324637976183317,6.644784460077062,0.8255239040590823,0.1178269051015377,1,-1808,0.6933593161243098,0.0,0.02664991607889533,step,2,1,0.11435690196231008,settle,sweep:enc:yaw:1789324637947366278,sweep:enc:yaw:1789324637947366278,FFFFFFFFF8F0,"{""counts"":-1808}",1,1,1,1,0,0,0,5.968334,1,0,0,1801940381977712,1,,1801940378581311,1801940268865671,1801940381977712,1801940387946046
210,1,yaw,3,1,post,0.25,10,0.0,0.0,0.0,0,1,1:00000A,1801940268865671,1789324637975925135,1801940414796830,1789324638004778303,6.671674221055582,0.8524136650376022,0.14471666608005762,1,-1808,0.6933593161243098,0.0,0.026889760978519917,step,2,1,0.14292609505355358,settle,sweep:enc:yaw:1789324637975922479,sweep:enc:yaw:1789324637975922479,FFFFFFFFF8F0,"{""counts"":-1808}",1,1,1,1,0,0,0,5.929357,1,0,0,1801940408867473,1,,1801940407136935,1801940268865671,1801940408867473,1801940414796830
211,1,yaw,3,1,post,0.25,10,0.0,0.0,0.0,0,1,1:00000A,1801940268865671,1789324638004494712,1801940446796537,1789324638033363592,6.703628645977005,0.8843680899590254,0.17667109100148082,1,-1808,0.6933593161243098,0.0,0.0319544249214232,step,2,1,0.17149701598100364,settle,sweep:enc:yaw:1789324638004491416,sweep:enc:yaw:1789324638004491416,FFFFFFFFF8F0,"{""counts"":-1808}",1,1,1,1,0,0,0,5.974639,1,0,0,1801940440821898,1,,1801940435706448,1801940268865671,1801940440821898,1801940446796537
212,1,yaw,3,1,post,0.25,10,0.0,0.0,0.0,0,1,1:00000A,1801940467712139,1789324638033087458,1801940479370689,1789324638061959346,6.736323570134118,0.9170630141161382,0.20936601515859365,1,-1808,0.6933593161243098,0.0,0.03269492415711284,step,2,1,0.2000742091331631,settle,sweep:yaw:1789324638033059105;sweep:enc:yaw:1789324638033084290,sweep:enc:yaw:1789324638033084290,FFFFFFFFF8F0,"{""counts"":-1808}",1,1,1,1,0,0,0,5.853867,1,0,0,1801940473516822,1,,1801940464299226,1801940467712139,1801940473516822,1801940479370689
213,1,yaw,3,1,post,0.25,10,0.0,0.0,0.0,0,1,1:00000A,1801940467712139,1789324638061640523,1801940501318060,1789324638090454329,6.757864979095757,0.938604423077777,0.23090742412023246,1,-1808,0.6933593161243098,0.0,0.021541408961638808,step,2,1,0.22864077799022198,settle,sweep:enc:yaw:1789324638061637194,sweep:enc:yaw:1789324638061637194,FFFFFFFFF8F0,"{""counts"":-1808}",1,1,1,1,0,0,0,6.259829,1,0,0,1801940495058231,1,,1801940492852291,1801940467712139,1801940495058231,1801940501318060
214,1,yaw,3,1,post,0.25,10,0.0,0.0,0.0,0,1,1:00000A,1801940467712139,1789324638090210356,1801940528216269,1789324638119041827,6.784998906077817,0.9657383500598371,0.25804135110229254,1,-1808,0.6933593161243098,0.0,0.027133926982060075,step,2,1,0.25721301115117967,settle,sweep:enc:yaw:1789324638090207219,sweep:enc:yaw:1789324638090207219,FFFFFFFFF8F0,"{""counts"":-1808}",1,1,1,1,0,0,0,6.024111,1,0,0,1801940522192158,1,,1801940521421964,1801940467712139,1801940522192158,1801940528216269
215,1,yaw,3,1,post,0.25,10,0.0,0.0,0.0,0,1,1:00000A,1801940467712139,1789324638118785437,1801940559968002,1789324638147664429,6.817083094967529,0.9978225389495492,0.29012553999200463,1,-1808,0.6933593161243098,0.0,0.032084188889712095,step,2,1,0.2857854999601841,settle,sweep:enc:yaw:1789324638118782013,sweep:enc:yaw:1789324638118782013,FFFFFFFFF8F0,"{""counts"":-1808}",1,1,1,1,0,0,0,5.691655,1,0,0,1801940554276347,1,,1801940549997013,1801940467712139,1801940554276347,1801940559968002
216,1,yaw,3,1,post,0.25,10,0.0,0.0,0.0,0,1,1:00000A,1801940467712139,1789324638147371366,1801940586821314,1789324638176183957,6.843773523112759,1.024512967094779,0.31681596813723445,1,-1808,0.6933593161243098,0.0,0.026690428145229816,step,2,1,0.3143571570981294,settle,sweep:enc:yaw:1789324638147367110,sweep:enc:yaw:1789324638147367110,FFFFFFFFF8F0,"{""counts"":-1808}",1,1,1,1,0,0,0,5.854539,1,0,0,1801940580966775,1,,1801940578582878,1801940467712139,1801940580966775,1801940586821314
217,1,yaw,3,1,post,0.25,10,0.0,0.0,0.0,0,1,1:00000A,1801940467712139,1789324638175930063,1801940613656802,1789324638204748062,6.8704672150779516,1.0512066590599716,0.343509660102427,1,-1808,0.6933593161243098,0.0,0.026693691965192556,step,2,1,0.34292817395180464,settle,sweep:enc:yaw:1789324638175926703,sweep:enc:yaw:1789324638175926703,FFFFFFFFF8F0,"{""counts"":-1808}",1,1,1,1,0,0,0,5.996335,1,0,0,1801940607660467,1,,1801940607141639,1801940467712139,1801940607660467,1801940613656802
218,1,yaw,3,1,post,0.25,10,0.0,0.0,0.0,0,1,1:00000A,1801940467712139,1789324638204492952,1801940645646077,1789324638233413097,6.902454154100269,1.083193598082289,0.37549659912474453,1,-1808,0.6933593161243098,0.0,0.03198693902231753,step,2,1,0.37149695097468793,settle,sweep:enc:yaw:1789324638204489528,sweep:enc:yaw:1789324638204489528,FFFFFFFFF8F0,"{""counts"":-1808}",1,1,1,1,0,0,0,5.998671,0,0,0,1801940639647406,1,,1801940635704528,1801940467712139,1801940639647406,1801940645646077
219,1,yaw,3,1,rest,0.25,10,0.0,0.0,0.0,0,1,1:00000A,1801940666587184,1789324638233679983,1801940678458955,1789324638262706307,6.935209397925064,1.115948841907084,0.007554675918072462,1,-1808,0.6933593161243098,0.0,0.03275524382479489,step,3,1,6.400514394044876e-07,rest,sweep:yaw:1789324638233660911;sweep:enc:yaw:1789324638233677935,sweep:enc:yaw:1789324638233677935,FFFFFFFFF8F0,"{""counts"":-1808}",1,1,0,0,0,0,0,6.056305,1,0,0,1801940672402650,1,,1801940664891751,1801940666587184,1801940672402650,1801940678458955
220,1,yaw,3,1,rest,0.25,10,0.0,0.0,0.0,0,1,1:00000A,1801940666587184,1789324638262342363,1801940700157456,1789324638291150729,6.957012542057782,1.1377519860398024,0.029357820050790906,1,-1808,0.6933593161243098,0.0,0.021803144132718444,step,3,1,0.028641450917348266,rest,sweep:enc:yaw:1789324638262338939,sweep:enc:yaw:1789324638262338939,FFFFFFFFF8F0,"{""counts"":-1808}",1,1,0,0,0,0,0,5.951662,1,0,0,1801940694205794,1,,1801940693554003,1801940666587184,1801940694205794,1801940700157456
221,1,yaw,3,1,rest,0.25,10,0.0,0.0,0.0,0,1,1:00000A,1801940666587184,1789324638290908548,1801940732168523,1789324638319745907,6.988924599019811,1.1696640430018306,0.06126987701281905,1,-1808,0.6933593161243098,0.0,0.031912056962028146,step,3,1,0.05721326800994575,rest,sweep:enc:yaw:1789324638290905219,sweep:enc:yaw:1789324638290905219,FFFFFFFFF8F0,"{""counts"":-1808}",1,1,0,0,0,0,0,6.050672,1,0,0,1801940726117851,1,,1801940722120123,1801940666587184,1801940726117851,1801940732168523
222,1,yaw,3,1,rest,0.25,10,0.0,0.0,0.0,0,1,1:00000A,1801940666587184,1789324638319483757,1801940758958858,1789324638348420894,7.015847033122554,1.1965864771045744,0.08819231111556292,1,-1808,0.6933593161243098,0.0,0.026922434102743864,step,3,1,0.08578313305042684,rest,sweep:enc:yaw:1789324638319480717,sweep:enc:yaw:1789324638319480717,FFFFFFFFF8F0,"{""counts"":-1808}",1,1,0,0,0,0,0,5.918573,1,0,0,1801940753040285,1,,1801940750695333,1801940666587184,1801940753040285,1801940758958858
223,1,yaw,3,1,rest,0.25,10,0.0,0.0,0.0,0,1,1:00000A,1801940666587184,1789324638348107735,1801940785800937,1789324638376902405,7.042640471132472,1.2233799151144922,0.11498574912548065,1,-1808,0.6933593161243098,0.0,0.026793438009917736,step,3,1,0.11436141398735344,rest,sweep:enc:yaw:1789324638348103479,sweep:enc:yaw:1789324638348103479,FFFFFFFFF8F0,"{""counts"":-1808}",1,1,0,0,0,0,0,5.967214,1,0,0,1801940779833723,1,,1801940779319343,1801940666587184,1801940779833723,1801940785800937
224,1,yaw,3,1,rest,0.25,10,0.0,0.0,0.0,0,1,1:00000A,1801940666587184,1789324638376631231,1801940817616384,1789324638387363071,7.07466513896361,1.25540458294563,0.14701041695661843,1,-1808,0.6933593161243098,0.0,0.032024667831137776,step,3,1,0.14293265505693853,rest,sweep:enc:yaw:1789324638376627999,sweep:enc:yaw:1789324638376627999,FFFFFFFFF8F0,"{""counts"":-1808}",1,1,0,0,0,0,0,5.757993,0,0,0,1801940811858391,1,,1801940807842807,1801940666587184,1801940811858391,1801940817616384
225,1,yaw,3,-1,pre,0.25,10,0.0,0.0,0.0,0,1,1:00000A,1801940666587184,1789324638387845866,1801940829597981,1789324638416783548,7.0859026541002095,0.004246213007718325,0.004079489037394524,1,-1808,0.6933593161243098,,0.01123751513659954,step,0,0,8.00006091594696e-07,settle,sweep:enc:yaw:1789324638387843594,sweep:enc:yaw:1789324638387843594,FFFFFFFFF8F0,"{""counts"":-1808}",1,1,1,0,0,0,0,6.502075,1,0,0,1801940823095906,0,short_encoder_dt,1801940819057634,1801940666587184,1801940823095906,1801940829597981
226,1,yaw,3,-1,pre,0.25,10,0.0,0.0,0.0,0,1,1:00000A,1801940666587184,1789324638416518422,1801940856405884,1789324638445339813,7.1133061239961535,0.031649682903662324,0.03148295893333852,1,-1808,0.6933593161243098,0.0,0.027403469895944,step,0,0,0.028644171077758074,settle,sweep:enc:yaw:1789324638416514870,sweep:enc:yaw:1789324638416514870,FFFFFFFFF8F0,"{""counts"":-1808}",1,1,1,1,0,0,0,5.906508,1,0,0,1801940850499376,1,,1801940847729838,1801940666587184,1801940850499376,1801940856405884
227,1,yaw,3,-1,pre,0.25,10,0.0,0.0,0.0,0,1,1:00000A,1801940877283502,1789324638445087359,1801940889239467,1789324638473926030,7.145975318038836,0.06431887694634497,0.06415215297602117,1,-1808,0.6933593161243098,0.0,0.03266919404268265,step,0,0,0.05721592390909791,settle,sweep:yaw:1789324638445060030;sweep:enc:yaw:1789324638445084127,sweep:enc:yaw:1789324638445084127,FFFFFFFFF8F0,"{""counts"":-1808}",1,1,1,1,0,0,0,6.070897,1,0,0,1801940883168570,1,,1801940876299031,1801940877283502,1801940883168570,1801940889239467
228,1,yaw,3,-1,pre,0.25,10,0.0,0.0,0.0,0,1,1:00000A,1801940877283502,1789324638473656328,1801940916104043,1789324638502485463,7.172948824940249,0.09129238384775817,0.09112565987743437,1,-1808,0.6933593161243098,0.0,0.026973506901413202,step,0,0,0.08579298900440335,settle,sweep:enc:yaw:1789324638473652968,sweep:enc:yaw:1789324638473652968,FFFFFFFFF8F0,"{""counts"":-1808}",1,1,1,1,0,0,0,5.961966,1,0,0,1801940910142077,1,,1801940904867904,1801940877283502,1801940910142077,1801940916104043
229,1,yaw,3,-1,pre,0.25,10,0.0,0.0,0.0,0,1,1:00000A,1801940877283502,1789324638502229425,1801940942959660,1789324638531027487,7.19981503393501,0.11815859284251928,0.11799186887219548,1,-1808,0.6933593161243098,0.0,0.02686620899476111,step,0,0,0.11435642186552286,settle,sweep:enc:yaw:1789324638502225969,sweep:enc:yaw:1789324638502225969,FFFFFFFFF8F0,"{""counts"":-1808}",1,1,1,1,0,0,0,5.951374,1,0,0,1801940937008286,1,,1801940933441097,1801940877283502,1801940937008286,1801940942959660
230,1,yaw,3,-1,pre,0.25,10,0.0,0.0,0.0,0,1,1:00000A,1801940877283502,1789324638530789625,1801940969761546,1789324638559603592,7.226626585004851,0.14497014391236007,0.14480341994203627,1,-1808,0.6933593161243098,0.0,0.02681155106984079,step,0,0,0.1429248470813036,settle,sweep:enc:yaw:1789324638530786489,sweep:enc:yaw:1789324638530786489,FFFFFFFFF8F0,"{""counts"":-1808}",1,1,1,1,0,0,0,5.941709,1,0,0,1801940963819837,1,,1801940962001233,1801940877283502,1801940963819837,1801940969761546
231,1,yaw,3,-1,pre,0.25,10,0.0,0.0,0.0,0,1,1:00000A,1801940877283502,1789324638559363651,1801941001599553,1789324638588229235,7.2586176509503275,0.17696120985783637,0.17679448588751256,1,-1808,0.6933593161243098,0.0,0.031991065945476294,step,0,0,0.17149986396543682,settle,sweep:enc:yaw:1789324638559360707,sweep:enc:yaw:1789324638559360707,FFFFFFFFF8F0,"{""counts"":-1808}",1,1,1,1,0,0,0,5.78865,1,0,0,1801940995810903,1,,1801940990575419,1801940877283502,1801940995810903,1801941001599553
232,1,yaw,3,-1,pre,0.25,10,0.0,0.0,0.0,0,1,1:00000A,1801940877283502,1789324638587953132,1801941028424609,1789324638616900926,7.28534472011961,0.20368827902711928,0.20352155505679548,1,-1808,0.6933593161243098,0.0,0.026727069169282913,step,0,0,0.20007449691183865,settle,sweep:enc:yaw:1789324638587949260,sweep:enc:yaw:1789324638587949260,FFFFFFFFF8F0,"{""counts"":-1808}",1,1,1,1,0,0,0,5.886637,1,0,0,1801941022537972,1,,1801941019164644,1801940877283502,1801941022537972,1801941028424609
233,1,yaw,3,-1,pre,0.25,10,0.0,0.0,0.0,0,1,1:00000A,1801940877283502,1789324638616526965,1801941055235872,1789324638645334660,7.3121978410054,0.23054139991290867,0.23037467594258487,1,-1808,0.6933593161243098,0.0,0.026853120885789394,step,0,0,0.22864397801458836,settle,sweep:enc:yaw:1789324638616523605,sweep:enc:yaw:1789324638616523605,FFFFFFFFF8F0,"{""counts"":-1808}",1,1,1,1,0,0,0,5.844779,1,0,0,1801941049391093,1,,1801941047738573,1801940877283502,1801941049391093,1801941055235872
234,1,yaw,3,-1,pre,0.25,10,0.0,0.0,0.0,0,1,1:00000A,1801940877283502,1789324638645084702,1801941087042294,1789324638673937646,7.344136937987059,0.2624804968945682,0.2623137729242444,1,-1808,0.6933593161243098,0.0,0.03193909698165953,step,0,0,0.25721189100295305,settle,sweep:enc:yaw:1789324638645080990,sweep:enc:yaw:1789324638645080990,FFFFFFFFF8F0,"{""counts"":-1808}",1,1,1,1,0,0,0,5.712104,1,0,0,1801941081330190,1,,1801941076296310,1801940877283502,1801941081330190,1801941087042294
235,1,yaw,3,-1,pre,0.25,10,0.0,0.0,0.0,0,1,1:00000A,1801941107970537,1789324638673660327,1801941119883973,1789324638694665244,7.3767212349921465,0.29506479389965534,0.29489806992933154,1,-1808,0.6933593161243098,0.0,0.03258429700508714,step,0,0,0.28578342008404434,settle,sweep:yaw:1789324638673631270;sweep:enc:yaw:1789324638673657127,sweep:enc:yaw:1789324638673657127,FFFFFFFFF8F0,"{""counts"":-1808}",1,1,1,1,0,0,0,5.969486,0,0,0,1801941113914487,1,,1801941104871807,1801941107970537,1801941113914487,1801941119883973
236,1,yaw,3,-1,step,0.25,10,-0.25,-0.25,-0.20943951023931953,0,1,1:80020A00000032,1801941130555811,1789324638694934754,1801941143789119,1789324638723907253,7.400535210035741,0.3188787689432502,0.011629621032625437,1,-1801,0.69067484974551,-0.11272651348149679,0.023813975043594837,step,1,0,4.4796615839004517e-07,step,sweep:yaw:1789324638694915426;sweep:enc:yaw:1789324638694932642,sweep:enc:yaw:1789324638694932642,FFFFFFFFF8F7,"{""counts"":-1801}",1,1,0,0,0,0,0,6.060657,1,0,0,1801941137728462,1,,1801941126146586,1801941130555811,1801941137728462,1801941143789119
237,1,yaw,3,-1,step,0.25,10,-0.25,-0.25,-0.20943951023931953,0,1,1:80020A00000032,1801941130555811,1789324638723607278,1801941165625511,1789324638752458813,7.422358385985717,0.340701944893226,0.033452796982601285,1,-1792,0.6872233929727672,-0.15815556730396715,0.021823175949975848,step,1,0,0.02864013914950192,step,sweep:enc:yaw:1789324638723604366,sweep:enc:yaw:1789324638723604366,FFFFFFFFF900,"{""counts"":-1792}",1,1,0,0,0,0,0,6.073873,1,0,0,1801941159551638,1,,1801941154818950,1801941130555811,1801941159551638,1801941165625511
238,1,yaw,3,-1,step,0.25,10,-0.25,-0.25,-0.20943951023931953,0,1,1:80020A00000032,1801941130555811,1789324638752184855,1801941192469799,1789324638781018054,7.4491035039536655,0.36744706286117435,0.0601979149505496,1,-1779,0.6822379554121389,-0.1864055176949645,0.026745117967948318,step,1,0,0.057216692017391324,step,sweep:enc:yaw:1789324638752181687,sweep:enc:yaw:1789324638752181687,FFFFFFFFF90D,"{""counts"":-1779}",1,1,0,0,0,0,0,6.173043,1,0,0,1801941186296756,1,,1801941183396399,1801941130555811,1801941186296756,1801941192469799
239,1,yaw,3,-1,step,0.25,10,-0.25,-0.25,-0.20943951023931953,0,1,1:80020A00000032,1801941130555811,1789324638780747936,1801941219289510,1789324638809613328,7.475919855060056,0.3942634139675647,0.08701426605693996,1,-1765,0.6768690226545392,-0.2002111598367435,0.026816351106390357,step,1,0,0.08578796498477459,step,sweep:enc:yaw:1789324638780744736,sweep:enc:yaw:1789324638780744736,FFFFFFFFF91B,"{""counts"":-1765}",1,1,0,0,0,0,0,6.176403,1,0,0,1801941213113107,1,,1801941211959512,1801941130555811,1801941213113107,1801941219289510
240,1,yaw,3,-1,step,0.25,10,-0.25,-0.25,-0.20943951023931953,0,1,1:80020A00000032,1801941130555811,1789324638809332841,1801941251092924,1789324638838166520,7.508070830022916,0.42641438893042505,0.1191652410198003,1,-1747,0.6699661091090537,-0.2147030860948834,0.032150974962860346,step,1,0,0.11436000606045127,step,sweep:enc:yaw:1789324638809329481,sweep:enc:yaw:1789324638809329481,FFFFFFFFF92D,"{""counts"":-1747}",1,1,0,0,0,0,0,5.828842,1,0,0,1801941245264082,1,,1801941240544417,1801941130555811,1801941245264082,1801941251092924
241,1,yaw,3,-1,step,0.25,10,-0.25,-0.25,-0.20943951023931953,0,1,1:80020A00000032,1801941130555811,1789324638837891698,1801941277925692,1789324638866711521,7.534601381979883,0.45294494088739157,0.14569579297676682,1,-1732,0.6642136811544826,-0.21682277714771,0.02653055195696652,step,1,0,0.14292849507182837,step,sweep:enc:yaw:1789324638837888370,sweep:enc:yaw:1789324638837888370,FFFFFFFFF93C,"{""counts"":-1732}",1,1,0,0,0,0,0,6.131058,1,0,0,1801941271794634,1,,1801941269103082,1801941130555811,1801941271794634,1801941277925692
242,1,yaw,3,-1,step,0.25,10,-0.25,-0.25,-0.20943951023931953,0,1,1:80020A00000032,1801941130555811,1789324638866457467,1801941304756924,1789324638895278090,7.5613671080209315,0.47971066692844033,0.1724615190178156,1,-1716,0.6580777580029401,-0.22924553371473272,0.026765726041048765,step,1,0,0.17149807210080326,step,sweep:enc:yaw:1789324638866454459,sweep:enc:yaw:1789324638866454459,FFFFFFFFF94C,"{""counts"":-1716}",1,1,0,0,0,0,0,6.196564,1,0,0,1801941298560360,1,,1801941297669235,1801941130555811,1801941298560360,1801941304756924
243,1,yaw,3,-1,step,0.25,10,-0.25,-0.25,-0.20943951023931953,0,1,1:80020A00000032,1801941330521442,1789324638895027588,1801941343595865,1789324638923945173,7.600444935029373,0.5187884939368814,0.21153934602625668,1,-1686,0.6465729020937978,-0.29440879367875716,0.03907782700844109,step,1,0,0.20007049711421132,step,sweep:yaw:1789324638895002691;sweep:enc:yaw:1789324638895024612,sweep:enc:yaw:1789324638895024612,FFFFFFFFF96A,"{""counts"":-1686}",1,1,0,0,0,0,0,5.957678,1,0,0,1801941337638187,1,,1801941326239228,1801941330521442,1801941337638187,1801941343595865
244,1,yaw,3,-1,step,0.25,10,-0.25,-0.25,-0.20943951023931953,0,1,1:80020A00000032,1801941330521442,1789324638923612493,1801941365445666,1789324638952476189,7.622127756010741,0.5404713149182498,0.2332221670076251,1,-1676,0.6427379501240836,-0.1768659148645586,0.021682820981368423,step,1,0,0.22864532214589417,step,sweep:enc:yaw:1789324638923609069,sweep:enc:yaw:1789324638923609069,FFFFFFFFF974,"{""counts"":-1676}",1,1,0,0,0,0,0,6.124658,1,0,0,1801941359321008,1,,1801941354824101,1801941330521442,1801941359321008,1801941365445666
245,1,yaw,3,-1,step,0.25,10,-0.25,-0.25,-0.20943951023931953,0,1,1:80020A00000032,1801941330521442,1789324638952190998,1801941392263490,1789324638980997349,7.648944620043039,0.5672881789505482,0.26003903103992343,1,-1661,0.6369855221695125,-0.21450785399973868,0.026816864032298326,step,1,0,0.2572104830760509,step,sweep:enc:yaw:1789324638952188150,sweep:enc:yaw:1789324638952188150,FFFFFFFFF983,"{""counts"":-1661}",1,1,0,0,0,0,0,6.125618,1,0,0,1801941386137872,1,,1801941383402766,1801941330521442,1801941386137872,1801941392263490
246,1,yaw,3,-1,step,0.25,10,-0.25,-0.25,-0.20943951023931953,0,1,1:80020A00000032,1801941330521442,1789324638980734431,1801941419123586,1789324639009571598,7.67569879302755,0.5940423519350588,0.2867932040244341,1,-1646,0.6312330942149413,-0.2150104941723138,0.02675417298451066,step,1,0,0.28578486014157534,step,sweep:enc:yaw:1789324638980731615,sweep:enc:yaw:1789324638980731615,FFFFFFFFF992,"{""counts"":-1646}",1,1,0,0,0,0,0,6.231541,1,0,0,1801941412892045,1,,1801941411946199,1801941330521442,1801941412892045,1801941419123586
247,1,yaw,3,-1,step,0.25,10,-0.25,-0.25,-0.20943951023931953,0,1,1:80020A00000032,1801941330521442,1789324639009316328,1801941450925464,1789324639038201080,7.707669219002128,0.6260127779096365,0.31876362999901175,1,-1629,0.6247136758664273,-0.20392028413065638,0.031970425974577665,step,1,0,0.3143554609268904,step,sweep:enc:yaw:1789324639009313192,sweep:enc:yaw:1789324639009313192,FFFFFFFFF9A3,"{""counts"":-1629}",1,1,0,0,0,0,0,6.062993,1,0,0,1801941444862471,1,,1801941440527936,1801941330521442,1801941444862471,1801941450925464
248,1,yaw,3,-1,step,0.25,10,-0.25,-0.25,-0.20943951023931953,0,1,1:80020A00000032,1801941330521442,1789324639037902769,1801941477925883,1789324639066714144,7.734603525139391,0.6529470840469003,0.34569793613627553,1,-1615,0.6193447431088276,-0.19933436303271992,0.026934306137263775,step,1,0,0.34293054207228124,step,sweep:enc:yaw:1789324639037899953,sweep:enc:yaw:1789324639037899953,FFFFFFFFF9B1,"{""counts"":-1615}",1,1,0,0,0,0,0,6.129106,1,0,0,1801941471796777,1,,1801941469114281,1801941330521442,1801941471796777,1801941477925883
249,1,yaw,3,-1,step,0.25,10,-0.25,-0.25,-0.20943951023931953,0,1,1:80020A00000032,1801941330521442,1789324639066453146,1801941504740250,1789324639095133637,7.761389188002795,0.6797327469103038,0.3724835989996791,1,-1601,0.6139758103512278,-0.20044054108271347,0.02678566286340356,step,1,0,0.37149845506064594,step,sweep:enc:yaw:1789324639066450394,sweep:enc:yaw:1789324639066450394,FFFFFFFFF9BF,"{""counts"":-1601}",1,1,0,0,0,0,0,6.15781,0,0,0,1801941498582440,1,,1801941497664914,1801941330521442,1801941498582440,1801941504740250
250,1,yaw,3,-1,post,0.25,10,0.0,0.0,0.0,0,1,1:00000A,1801941530495488,1789324639095369931,1801941542499422,1789324639124315709,7.799177895998582,0.7175214549060911,0.00983076193369925,1,-1580,0.6059224112148283,-0.21311655157136833,0.03778870799578726,step,2,1,5.438923835754395e-07,settle,sweep:yaw:1789324639095352651;sweep:enc:yaw:1789324639095367915,sweep:enc:yaw:1789324639095367915,FFFFFFFFF9D4,"{""counts"":-1580}",1,1,1,0,0,0,0,6.128274,1,0,0,1801941536371148,1,,1801941526581731,1801941530495488,1801941536371148,1801941542499422
251,1,yaw,3,-1,post,0.25,10,0.0,0.0,0.0,0,1,1:00000A,1801941530495488,1789324639124040214,1801941564435433,1789324639152893126,7.820820780005306,0.7391643389128149,0.03147364594042301,1,-1578,0.6051554208208855,-0.03543845606271837,0.02164288400672376,step,2,1,0.02864324301481247,settle,sweep:enc:yaw:1789324639124036886,sweep:enc:yaw:1789324639124036886,FFFFFFFFF9D6,"{""counts"":-1578}",1,1,1,0,0,0,0,6.421401,1,0,0,1801941558014032,1,,1801941555251854,1801941530495488,1801941558014032,1801941564435433
252,1,yaw,3,-1,post,0.25,10,0.0,0.0,0.0,0,1,1:00000A,1801941530495488,1789324639152604287,1801941591248232,1789324639181422382,7.848097142064944,0.7664407009724528,0.058750008000060916,1,-1578,0.6051554208208855,0.0,0.027276362059637904,step,2,1,0.05721179605461657,settle,sweep:enc:yaw:1789324639152600895,sweep:enc:yaw:1789324639152600895,FFFFFFFFF9D6,"{""counts"":-1578}",1,1,1,1,0,0,0,5.957838,1,0,0,1801941585290394,1,,1801941583815895,1801941530495488,1801941585290394,1801941591248232
253,1,yaw,3,-1,post,0.25,10,0.0,0.0,0.0,0,1,1:00000A,1801941530495488,1789324639181173096,1801941623034174,1789324639210040728,7.879822635091841,0.7981661939993501,0.09047550102695823,1,-1578,0.6051554208208855,0.0,0.03172549302689731,step,2,1,0.08578534098342061,settle,sweep:enc:yaw:1789324639181169928,sweep:enc:yaw:1789324639181169928,FFFFFFFFF9D6,"{""counts"":-1578}",1,1,1,1,0,0,0,6.018287,1,0,0,1801941617015887,1,,1801941612384704,1801941530495488,1801941617015887,1801941623034174
254,1,yaw,3,-1,post,0.25,10,0.0,0.0,0.0,0,1,1:00000A,1801941530495488,1789324639209756113,1801941649913791,1789324639238628962,7.906490822089836,0.8248343809973449,0.11714368802495301,1,-1578,0.6051554208208855,0.0,0.02666818699799478,step,2,1,0.11435670987702906,settle,sweep:enc:yaw:1789324639209752721,sweep:enc:yaw:1789324639209752721,FFFFFFFFF9D6,"{""counts"":-1578}",1,1,1,1,0,0,0,6.229717,1,0,0,1801941643684074,1,,1801941640967721,1801941530495488,1801941643684074,1801941649913791
255,1,yaw,3,-1,post,0.25,10,0.0,0.0,0.0,0,1,1:00000A,1801941530495488,1789324639238312474,1801941676682013,1789324639267159114,7.933368999045342,0.8517125579528511,0.1440218649804592,1,-1578,0.6051554208208855,0.0,0.026878176955506206,step,2,1,0.14292321493849158,settle,sweep:enc:yaw:1789324639238309690,sweep:enc:yaw:1789324639238309690,FFFFFFFFF9D6,"{""counts"":-1578}",1,1,1,1,0,0,0,6.119762,1,0,0,1801941670562251,1,,1801941669524242,1801941530495488,1801941670562251,1801941676682013
256,1,yaw,3,-1,post,0.25,10,0.0,0.0,0.0,0,1,1:00000A,1801941530495488,1789324639266891587,1801941708523188,1789324639295738163,7.96549430815503,0.8838378670625389,0.17614717409014702,1,-1578,0.6051554208208855,0.0,0.032125309109687805,step,2,1,0.1714992239139974,settle,sweep:enc:yaw:1789324639266888451,sweep:enc:yaw:1789324639266888451,FFFFFFFFF9D6,"{""counts"":-1578}",1,1,1,1,0,0,0,5.835628,1,0,0,1801941702687560,1,,1801941698103163,1801941530495488,1801941702687560,1801941708523188
257,1,yaw,3,-1,post,0.25,10,0.0,0.0,0.0,0,1,1:00000A,1801941729255426,1789324639295466604,1801941741308321,1789324639324347453,7.998141678981483,0.9164852378889918,0.2087945449166,1,-1578,0.6051554208208855,0.0,0.03264737082645297,step,2,1,0.2000694409944117,settle,sweep:yaw:1789324639295440108;sweep:enc:yaw:1789324639295463916,sweep:enc:yaw:1789324639295463916,FFFFFFFFF9D6,"{""counts"":-1578}",1,1,1,1,0,0,0,5.97339,1,0,0,1801941735334931,1,,1801941726678180,1801941729255426,1801941735334931,1801941741308321
258,1,yaw,3,-1,post,0.25,10,0.0,0.0,0.0,0,1,1:00000A,1801941729255426,1789324639324039029,1801941763199627,1789324639352871365,8.01965828705579,0.9380018459632993,0.23031115299090743,1,-1578,0.6051554208208855,0.0,0.02151660807430744,step,2,1,0.22864311398006976,settle,sweep:enc:yaw:1789324639324035669,sweep:enc:yaw:1789324639324035669,FFFFFFFFF9D6,"{""counts"":-1578}",1,1,1,1,0,0,0,6.348088,1,0,0,1801941756851539,1,,1801941755250765,1801941729255426,1801941756851539,1801941763199627
259,1,yaw,3,-1,post,0.25,10,0.0,0.0,0.0,0,1,1:00000A,1801941729255426,1789324639352599774,1801941795031969,1789324639381458670,8.051768973004073,0.9701125319115818,0.2624218389391899,1,-1578,0.6051554208208855,0.0,0.03211068594828248,step,2,1,0.25721272290684283,settle,sweep:enc:yaw:1789324639352597278,sweep:enc:yaw:1789324639352597278,FFFFFFFFF9D6,"{""counts"":-1578}",1,1,1,1,0,0,0,6.069744,1,0,0,1801941788962225,1,,1801941783811382,1801941729255426,1801941788962225,1801941795031969
260,1,yaw,3,-1,post,0.25,10,0.0,0.0,0.0,0,1,1:00000A,1801941729255426,1789324639381170183,1801941821996580,1789324639410023831,8.078693646937609,0.9970372058451176,0.2893465128727257,1,-1578,0.6051554208208855,0.0,0.026924673933535814,step,2,1,0.2857850198633969,settle,sweep:enc:yaw:1789324639381167591,sweep:enc:yaw:1789324639381167591,FFFFFFFFF9D6,"{""counts"":-1578}",1,1,1,1,0,0,0,6.109681,1,0,0,1801941815886899,1,,1801941812381759,1801941729255426,1801941815886899,1801941821996580
261,1,yaw,3,-1,post,0.25,10,0.0,0.0,0.0,0,1,1:00000A,1801941729255426,1789324639409752752,1801941848832292,1789324639438556639,8.105464301072061,1.02380785997957,0.31611716700717807,1,-1578,0.6051554208208855,0.0,0.026770654134452343,step,2,1,0.3143522290047258,settle,sweep:enc:yaw:1789324639409749520,sweep:enc:yaw:1789324639409749520,FFFFFFFFF9D6,"{""counts"":-1578}",1,1,1,1,0,0,0,6.174739,1,0,0,1801941842657553,1,,1801941840964168,1801941729255426,1801941842657553,1801941848832292
262,1,yaw,3,-1,post,0.25,10,0.0,0.0,0.0,0,1,1:00000A,1801941729255426,1789324639438310137,1801941880613881,1789324639467133416,8.137373636942357,1.0557171958498657,0.34802650287747383,1,-1578,0.6051554208208855,0.0,0.03190933587029576,step,2,1,0.3429234060458839,settle,sweep:enc:yaw:1789324639438307545,sweep:enc:yaw:1789324639438307545,FFFFFFFFF9D6,"{""counts"":-1578}",1,1,1,1,0,0,0,6.046992,1,0,0,1801941874566889,1,,1801941869521873,1801941729255426,1801941874566889,1801941880613881
263,1,yaw,3,-1,post,0.25,10,0.0,0.0,0.0,0,1,1:00000A,1801941729255426,1789324639466883330,1801941907517787,1789324639495812532,8.164053121116012,1.0823966800235212,0.37470598705112934,1,-1578,0.6051554208208855,0.0,0.02667948417365551,step,2,1,0.3714968229178339,settle,sweep:enc:yaw:1789324639466880514,sweep:enc:yaw:1789324639466880514,FFFFFFFFF9D6,"{""counts"":-1578}",1,1,1,1,0,0,0,6.271414,0,0,0,1801941901246373,1,,1801941898095034,1801941729255426,1801941901246373,1801941907517787
264,1,yaw,3,-1,rest,0.25,10,0.0,0.0,0.0,0,1,1:00000A,1801941928406380,1789324639496102522,1801941940266631,1789324639525115918,8.196942192967981,1.11528575187549,0.0068629158195108175,1,-1578,0.6051554208208855,0.0,0.032889071851968765,step,3,1,6.398186087608337e-07,rest,sweep:yaw:1789324639496084282;sweep:enc:yaw:1789324639496100378,sweep:enc:yaw:1789324639496100378,FFFFFFFFF9D6,"{""counts"":-1578}",1,1,0,0,0,0,0,6.131186,1,0,0,1801941934135445,1,,1801941927314290,1801941928406380,1801941934135445,1801941940266631
265,1,yaw,3,-1,rest,0.25,10,0.0,0.0,0.0,0,1,1:00000A,1801941928406380,1789324639524768230,1801941967114343,1789324639553586357,8.223707023076713,1.142050581984222,0.0336277459282428,1,-1578,0.6051554208208855,0.0,0.026764830108731985,step,3,1,0.028636874863877892,rest,sweep:enc:yaw:1789324639524764550,sweep:enc:yaw:1789324639524764550,FFFFFFFFF9D6,"{""counts"":-1578}",1,1,0,0,0,0,0,6.214068,1,0,0,1801941960900275,1,,1801941955979838,1801941928406380,1801941960900275,1801941967114343
266,1,yaw,3,-1,rest,0.25,10,0.0,0.0,0.0,0,1,1:00000A,1801941928406380,1789324639553325582,1801941993940038,1789324639582137405,8.250531406141818,1.1688749650493264,0.06045212899334729,1,-1578,0.6051554208208855,0.0,0.026824383065104485,step,3,1,0.05720802000723779,rest,sweep:enc:yaw:1789324639553322862,sweep:enc:yaw:1789324639553322862,FFFFFFFFF9D6,"{""counts"":-1578}",1,1,0,0,0,0,0,6.21538,1,0,0,1801941987724658,1,,1801941984537190,1801941928406380,1801941987724658,1801941993940038
267,1,yaw,3,-1,rest,0.25,10,0.0,0.0,0.0,0,1,1:00000A,1801941928406380,1789324639581899799,1801942020863080,1789324639610733927,8.277415567077696,1.1957591259852052,0.08733628992922604,1,-1578,0.6051554208208855,0.0,0.026884160935878754,step,3,1,0.085782972862944,rest,sweep:enc:yaw:1789324639581896727,sweep:enc:yaw:1789324639581896727,FFFFFFFFF9D6,"{""counts"":-1578}",1,1,0,0,0,0,0,6.254261,1,0,0,1801942014608819,1,,1801942013111439,1801941928406380,1801942014608819,1801942020863080
268,1,yaw,3,-1,rest,0.25,10,0.0,0.0,0.0,0,1,1:00000A,1801941928406380,1789324639610453024,1801942052598301,1789324639639310384,8.309824435971677,1.2281679948791862,0.11974515882320702,1,-1578,0.6051554208208855,0.0,0.03240886889398098,step,3,1,0.11432342883199453,rest,sweep:enc:yaw:1789324639610449120,sweep:enc:yaw:1789324639610449120,FFFFFFFFF9D6,"{""counts"":-1578}",1,1,0,0,0,0,0,5.580613,1,0,0,1801942047017688,1,,1801942041664664,1801941928406380,1801942047017688,1801942052598301
269,1,yaw,3,-1,rest,0.25,10,0.0,0.0,0.0,0,1,1:00000A,1801941928406380,1789324639639050602,1801942079439004,1789324639649739400,8.336323691066355,1.2546672499738634,0.14624441391788423,1,-1578,0.6051554208208855,0.0,0.02649925509467721,step,3,1,0.14292606292292476,rest,sweep:enc:yaw:1789324639639047113,sweep:enc:yaw:1789324639639047113,FFFFFFFFF9D6,"{""counts"":-1578}",1,1,0,0,0,0,0,5.922061,0,0,0,1801942073516943,1,,1801942070262338,1801941928406380,1801942073516943,1801942079439004
270,2,yaw,1,1,pre,0.45,10,0.0,0.0,0.0,0,1,1:00000A,1801941928406380,1789324639650203763,1801942091435930,1789324639679125381,8.347728443099186,0.0037036079447716475,0.0035445010289549828,1,-1578,0.6051554208208855,,0.011404752032831311,step,0,0,6.400514394044876e-07,settle,sweep:enc:yaw:1789324639650201555,sweep:enc:yaw:1789324639650201555,FFFFFFFFF9D6,"{""counts"":-1578}",1,1,1,0,0,0,0,6.514235,1,0,0,1801942084921695,0,short_encoder_dt,1801942081415531,1801941928406380,1801942084921695,1801942091435930
271,2,yaw,1,1,pre,0.45,10,0.0,0.0,0.0,0,1,1:00000A,1801941928406380,1789324639678871423,1801942118239513,1789324639707700302,8.375122759956867,0.031097924802452326,0.03093881788663566,1,-1578,0.6051554208208855,0.0,0.02739431685768068,step,0,0,0.028643626952543855,settle,sweep:enc:yaw:1789324639678868415,sweep:enc:yaw:1789324639678868415,FFFFFFFFF9D6,"{""counts"":-1578}",1,1,1,1,0,0,0,5.923501,1,0,0,1801942112316012,1,,1801942110082999,1801941928406380,1801942112316012,1801942118239513
272,2,yaw,1,1,pre,0.45,10,0.0,0.0,0.0,0,1,1:00000A,1801942139209005,1789324639707444008,1801942151095688,1789324639736345849,8.407824211055413,0.06379937590099871,0.06364026898518205,1,-1578,0.6051554208208855,0.0,0.032701451098546386,step,0,0,0.057213075924664736,settle,sweep:yaw:1789324639707418599;sweep:enc:yaw:1789324639707440872,sweep:enc:yaw:1789324639707440872,FFFFFFFFF9D6,"{""counts"":-1578}",1,1,1,1,0,0,0,6.078225,1,0,0,1801942145017463,1,,1801942138655616,1801942139209005,1801942145017463,1801942151095688
273,2,yaw,1,1,pre,0.45,10,0.0,0.0,0.0,0,1,1:00000A,1801942139209005,1789324639736034929,1801942178089804,1789324639765005860,8.435016890987754,0.09099205583333969,0.09083294891752303,1,-1578,0.6051554208208855,0.0,0.02719267993234098,step,0,0,0.0857986209448427,settle,sweep:enc:yaw:1789324639736031697,sweep:enc:yaw:1789324639736031697,FFFFFFFFF9D6,"{""counts"":-1578}",1,1,1,1,0,0,0,5.879661,1,0,0,1801942172210143,1,,1801942167246473,1801942139209005,1801942172210143,1801942178089804
274,2,yaw,1,1,pre,0.45,10,0.0,0.0,0.0,0,1,1:00000A,1801942139209005,1789324639764625979,1801942204795944,1789324639793488299,8.462048928020522,0.11802409286610782,0.11786498595029116,1,-1578,0.6051554208208855,0.0,0.02703203703276813,step,0,0,0.11437079007737339,settle,sweep:enc:yaw:1789324639764622042,sweep:enc:yaw:1789324639764622042,FFFFFFFFF9D6,"{""counts"":-1578}",1,1,1,1,0,0,0,5.553764,1,0,0,1801942199242180,1,,1801942195837555,1801942139209005,1801942199242180,1801942204795944
275,2,yaw,1,1,pre,0.45,10,0.0,0.0,0.0,0,1,1:00000A,1801942139209005,1789324639793173219,1801942231594855,1789324639821973969,8.488577400101349,0.14455256494693458,0.14439345803111792,1,-1578,0.6051554208208855,0.0,0.02652847208082676,step,0,0,0.14292852696962655,settle,sweep:enc:yaw:1789324639793169219,sweep:enc:yaw:1789324639793169219,FFFFFFFFF9D6,"{""counts"":-1578}",1,1,1,1,0,0,0,5.824203,1,0,0,1801942225770652,1,,1801942224384763,1801942139209005,1801942225770652,1801942231594855
276,2,yaw,1,1,pre,0.45,10,0.0,0.0,0.0,0,1,1:00000A,1801942139209005,1789324639821721227,1801942263397821,1789324639850545754,8.520512016955763,0.17648718180134892,0.17632807488553226,1,-1578,0.6051554208208855,0.0,0.031934616854414344,step,0,0,0.17149983206763864,settle,sweep:enc:yaw:1789324639821718027,sweep:enc:yaw:1789324639821718027,FFFFFFFFF9D6,"{""counts"":-1578}",1,1,1,1,0,0,0,5.692552,1,0,0,1801942257705269,1,,1801942252932835,1801942139209005,1801942257705269,1801942263397821
277,2,yaw,1,1,pre,0.45,10,0.0,0.0,0.0,0,1,1:00000A,1801942139209005,1789324639850293684,1801942290203804,1789324639879127332,8.547088971128687,0.20306413597427309,0.20290502905845642,1,-1578,0.6051554208208855,0.0,0.02657695417292416,step,0,0,0.20006899302825332,settle,sweep:enc:yaw:1789324639850290548,sweep:enc:yaw:1789324639850290548,FFFFFFFFF9D6,"{""counts"":-1578}",1,1,1,1,0,0,0,5.921581,1,0,0,1801942284282223,1,,1801942281505260,1801942139209005,1801942284282223,1801942290203804
278,2,yaw,1,1,pre,0.45,10,0.0,0.0,0.0,0,1,1:00000A,1801942139209005,1789324639878872062,1801942317271009,1789324639907679148,8.57393044210039,0.22990560694597661,0.22974650003015995,1,-1578,0.6051554208208855,0.0,0.02684147097170353,step,0,0,0.22864106600172818,settle,sweep:enc:yaw:1789324639878868830,sweep:enc:yaw:1789324639878868830,FFFFFFFFF9D6,"{""counts"":-1578}",1,1,1,1,0,0,0,6.147315,1,0,0,1801942311123694,1,,1801942310083702,1801942139209005,1801942311123694,1801942317271009
279,2,yaw,1,1,pre,0.45,10,0.0,0.0,0.0,0,1,1:00000A,1801942343383247,1789324639907438310,1801942354821248,1789324639936279606,8.611677006119862,0.267652170965448,0.26749306404963136,1,-1578,0.6051554208208855,0.0,0.03774656401947141,step,0,0,0.2572132989298552,settle,sweep:yaw:1789324639907414150;sweep:enc:yaw:1789324639907435302,sweep:enc:yaw:1789324639907435302,FFFFFFFFF9D6,"{""counts"":-1578}",1,1,1,1,0,0,0,5.95099,1,0,0,1801942348870258,1,,1801942338649918,1801942343383247,1801942348870258,1801942354821248
280,2,yaw,1,1,pre,0.45,10,0.0,0.0,0.0,0,1,1:00000A,1801942343383247,1789324639936008879,1801942376892718,1789324639956973603,8.633334897924215,0.2893100627698004,0.28915095585398376,1,-1578,0.6051554208208855,0.0,0.021657891804352403,step,0,0,0.2857849239371717,settle,sweep:enc:yaw:1789324639936005967,sweep:enc:yaw:1789324639936005967,FFFFFFFFF9D6,"{""counts"":-1578}",1,1,1,1,0,0,0,6.364568,0,0,0,1801942370528150,1,,1801942367220583,1801942343383247,1801942370528150,1801942376892718
281,2,yaw,1,1,step,0.45,10,0.45,0.45,0.41887902047863906,0,1,1:00040A00000032,1801942392735880,1789324639957221673,1801942405602330,1789324639986265149,8.662455656100065,0.31843082094565034,0.011260460130870342,1,-1585,0.6078398871996853,0.09218394530078106,0.029120758175849915,step,1,0,6.081536412239075e-07,step,sweep:yaw:1789324639957204809;sweep:enc:yaw:1789324639957219593,sweep:enc:yaw:1789324639957219593,FFFFFFFFF9CF,"{""counts"":-1585}",1,1,0,0,0,0,0,5.953422,1,0,0,1801942399648908,1,,1801942388433441,1801942392735880,1801942399648908,1801942405602330
282,2,yaw,1,1,step,0.45,10,0.45,0.45,0.41887902047863906,0,1,1:00040A00000032,1801942392735880,1789324639985885460,1801942427478788,1789324640014712419,8.684153710026294,0.3401288748718798,0.03295851405709982,1,-1608,0.6166602767300278,0.40650601940296754,0.021698053926229477,step,1,0,0.02864340296946466,step,sweep:enc:yaw:1789324639985882548,sweep:enc:yaw:1789324639985882548,FFFFFFFFF9B8,"{""counts"":-1608}",1,1,0,0,0,0,0,6.131826,1,0,0,1801942421346962,1,,1801942417097132,1801942392735880,1801942421346962,1801942427478788
283,2,yaw,1,1,step,0.45,10,0.45,0.45,0.41887902047863906,0,1,1:00040A00000032,1801942392735880,1789324640014459741,1801942454285795,1789324640043286444,8.711138961138204,0.36711412598378956,0.059943765169009566,1,-1636,0.6273981422452273,0.39791608648253146,0.026985251111909747,step,1,0,0.057212756015360355,step,sweep:enc:yaw:1789324640014456477,sweep:enc:yaw:1789324640014456477,FFFFFFFFF99C,"{""counts"":-1636}",1,1,0,0,0,0,0,5.953582,1,0,0,1801942448332213,1,,1801942445671349,1801942392735880,1801942448332213,1801942454285795
284,2,yaw,1,1,step,0.45,10,0.45,0.45,0.41887902047863906,0,1,1:00040A00000032,1801942392735880,1789324640043035718,1801942481155587,1789324640071845429,8.738009489141405,0.39398465398699045,0.08681429317221045,1,-1666,0.6389029981543696,0.4281589073267116,0.02687052800320089,step,1,0,0.08578476496040821,step,sweep:enc:yaw:1789324640043032742,sweep:enc:yaw:1789324640043032742,FFFFFFFFF97E,"{""counts"":-1666}",1,1,0,0,0,0,0,5.952846,1,0,0,1801942475202741,1,,1801942474247294,1801942392735880,1801942475202741,1801942481155587
285,2,yaw,1,1,step,0.45,10,0.45,0.45,0.41887902047863906,0,1,1:00040A00000032,1801942392735880,1789324640071596751,1801942513096796,1789324640100423998,8.77002625213936,0.42600141698494554,0.11883105617016554,1,-1700,0.6519418348513975,0.4072503112778975,0.032016762997955084,step,1,0,0.11435158899985254,step,sweep:enc:yaw:1789324640071593903,sweep:enc:yaw:1789324640071593903,FFFFFFFFF95C,"{""counts"":-1700}",1,1,0,0,0,0,0,5.877292,1,0,0,1801942507219504,1,,1801942502808391,1801942392735880,1801942507219504,1801942513096796
286,2,yaw,1,1,step,0.45,10,0.45,0.45,0.41887902047863906,0,1,1:00040A00000032,1801942392735880,1789324640100174648,1801942539753495,1789324640129078473,8.79677213798277,0.4527473028283566,0.14557694201357663,1,-1729,0.6630631955635684,0.41581575488967143,0.026745885843411088,step,1,0,0.14292750204913318,step,sweep:enc:yaw:1789324640100171384,sweep:enc:yaw:1789324640100171384,FFFFFFFFF93F,"{""counts"":-1729}",1,1,0,0,0,0,0,5.788105,1,0,0,1801942533965390,1,,1801942531386448,1801942392735880,1801942533965390,1801942539753495
287,2,yaw,1,1,step,0.45,10,0.45,0.45,0.41887902047863906,0,1,1:00040A00000032,1801942392735880,1789324640128765313,1801942566769947,1789324640157573968,8.823460102081299,0.47943526692688465,0.17226490611210465,1,-1761,0.6753350418666535,0.4598269938380927,0.026687964098528028,step,1,0,0.17149979900568724,step,sweep:enc:yaw:1789324640128761569,sweep:enc:yaw:1789324640128761569,FFFFFFFFF91F,"{""counts"":-1761}",1,1,0,0,0,0,0,6.116593,1,0,0,1801942560653354,1,,1801942559977017,1801942392735880,1801942560653354,1801942566769947
288,2,yaw,1,1,step,0.45,10,0.45,0.45,0.41887902047863906,0,1,1:00040A00000032,1801942592914826,1789324640157314666,1801942605542007,1789324640186183738,8.862290530931205,0.5182656957767904,0.21109533496201038,1,-1807,0.6929758209273384,0.45430296762555017,0.03883042884990573,step,1,0,0.20006784005090594,step,sweep:yaw:1789324640157289417;sweep:enc:yaw:1789324640157311722,sweep:enc:yaw:1789324640157311722,FFFFFFFFF8F1,"{""counts"":-1807}",1,1,0,0,0,0,0,6.058224,1,0,0,1801942599483783,1,,1801942588526402,1801942592914826,1801942599483783,1801942605542007
289,2,yaw,1,1,step,0.45,10,0.45,0.45,0.41887902047863906,0,1,1:00040A00000032,1801942592914826,1789324640185900563,1801942627326527,1789324640214729442,8.884099690942094,0.5400748557876796,0.23290449497289956,1,-1831,0.7021797056546523,0.4220192214059769,0.021809160010889173,step,1,0,0.22864349698647857,step,sweep:enc:yaw:1789324640185897235,sweep:enc:yaw:1789324640185897235,FFFFFFFFF8D9,"{""counts"":-1831}",1,1,0,0,0,0,0,6.033584,1,0,0,1801942621292943,1,,1801942617112299,1801942592914826,1801942621292943,1801942627326527
290,2,yaw,1,1,step,0.45,10,0.45,0.45,0.41887902047863906,0,1,1:00040A00000032,1801942592914826,1789324640214464860,1801942654273089,1789324640243266346,8.911116271046922,0.5670914358925074,0.25992107507772744,1,-1859,0.7129175711698518,0.3974546546430073,0.02701658010482788,step,1,0,0.2572097461670637,step,sweep:enc:yaw:1789324640214462108,sweep:enc:yaw:1789324640214462108,FFFFFFFFF8BD,"{""counts"":-1859}",1,1,0,0,0,0,0,5.963566,1,0,0,1801942648309523,1,,1801942645676596,1801942592914826,1801942648309523,1801942654273089
291,2,yaw,1,1,step,0.45,10,0.45,0.45,0.41887902047863906,0,1,1:00040A00000032,1801942592914826,1789324640243023141,1801942681125121,1789324640271856212,8.937936109956354,0.5939112748019397,0.28674091398715973,1,-1888,0.7240389318820226,0.41466918387267293,0.026819838909432292,step,1,0,0.2857786191161722,step,sweep:enc:yaw:1789324640243020580,sweep:enc:yaw:1789324640243020580,FFFFFFFFF8A0,"{""counts"":-1888}",1,1,0,0,0,0,0,5.995759,1,0,0,1801942675129362,1,,1801942674234941,1801942592914826,1801942675129362,1801942681125121
292,2,yaw,1,1,step,0.45,10,0.45,0.45,0.41887902047863906,0,1,1:00040A00000032,1801942592914826,1789324640271600334,1801942713023097,1789324640300443869,8.969918952090666,0.6258941169362515,0.3187237561214715,1,-1925,0.7382282541699648,0.4436542014732223,0.031982842134311795,step,1,0,0.31434954004362226,step,sweep:enc:yaw:1789324640271597742,sweep:enc:yaw:1789324640271597742,FFFFFFFFF87B,"{""counts"":-1925}",1,1,0,0,0,0,0,5.910893,1,0,0,1801942707112204,1,,1801942702812102,1801942592914826,1801942707112204,1801942713023097
293,2,yaw,1,1,step,0.45,10,0.45,0.45,0.41887902047863906,0,1,1:00040A00000032,1801942592914826,1789324640300173527,1801942739773110,1789324640329028774,8.996744710952044,0.6527198757976294,0.34554951498284936,1,-1953,0.7489661196851644,0.4002818921428262,0.026825758861377835,step,1,0,0.3429253890644759,step,sweep:enc:yaw:1789324640300170807,sweep:enc:yaw:1789324640300170807,FFFFFFFFF85F,"{""counts"":-1953}",1,1,0,0,0,0,0,5.835147,1,0,0,1801942733937963,1,,1801942731385295,1801942592914826,1801942733937963,1801942739773110
294,2,yaw,1,1,step,0.45,10,0.45,0.45,0.41887902047863906,0,1,1:00040A00000032,1801942592914826,1789324640328746464,1801942766626422,1789324640357427915,9.023407203145325,0.679382367990911,0.372212007176131,1,-1983,0.7604709755943067,0.4314996447346832,0.02666249219328165,step,1,0,0.37149886996485293,step,sweep:enc:yaw:1789324640328743775,sweep:enc:yaw:1789324640328743775,FFFFFFFFF841,"{""counts"":-1983}",1,1,0,0,0,0,0,6.025967,0,0,0,1801942760600455,1,,1801942759958104,1801942592914826,1801942760600455,1801942766626422
295,2,yaw,1,1,post,0.45,10,0.0,0.0,0.0,0,1,1:00000A,1801942792652771,1789324640357662929,1801942804395195,1789324640386621763,9.061111205024645,0.7170863698702306,0.009469376876950264,1,-2022,0.7754272882761916,0.39667706175477274,0.03770400187931955,step,2,1,4.798639565706253e-07,settle,sweep:yaw:1789324640357646544;sweep:enc:yaw:1789324640357660817,sweep:enc:yaw:1789324640357660817,FFFFFFFFF81A,"{""counts"":-2022}",1,1,1,0,0,0,0,6.090738,1,0,0,1801942798304457,1,,1801942788874697,1801942792652771,1801942798304457,1801942804395195
296,2,yaw,1,1,post,0.45,10,0.0,0.0,0.0,0,1,1:00000A,1801942792652771,1789324640386329148,1801942826290596,1789324640415195724,9.082924493122846,0.7388996579684317,0.03128266497515142,1,-2021,0.7750437930792202,-0.01758080649028629,0.021813288098201156,step,2,1,0.028638505842536688,settle,sweep:enc:yaw:1789324640386325404,sweep:enc:yaw:1789324640386325404,FFFFFFFFF81B,"{""counts"":-2021}",1,1,1,1,0,0,0,6.172851,1,0,0,1801942820117745,1,,1801942817540756,1801942792652771,1801942820117745,1801942826290596
297,2,yaw,1,1,post,0.45,10,0.0,0.0,0.0,0,1,1:00000A,1801942792652771,1789324640414909797,1801942853097539,1789324640443694739,9.109968722099438,0.7659438869450241,0.05832689395174384,1,-2021,0.7750437930792202,0.0,0.02704422897659242,step,2,1,0.05720952292904258,settle,sweep:enc:yaw:1789324640414906213,sweep:enc:yaw:1789324640414906213,FFFFFFFFF81B,"{""counts"":-2021}",1,1,1,1,0,0,0,5.935565,1,0,0,1801942847161974,1,,1801942846121245,1801942792652771,1801942847161974,1801942853097539
298,2,yaw,1,1,post,0.45,10,0.0,0.0,0.0,0,1,1:00000A,1801942792652771,1789324640443456941,1801942884919962,1789324640472286172,9.141986828995869,0.7979619938414544,0.0903450008481741,1,-2021,0.7750437930792202,0.0,0.032018106896430254,step,2,1,0.08577842777594924,settle,sweep:enc:yaw:1789324640443454573,sweep:enc:yaw:1789324640443454573,FFFFFFFFF81B,"{""counts"":-2021}",1,1,1,1,0,0,0,5.739881,1,0,0,1801942879180081,1,,1801942874668677,1801942792652771,1801942879180081,1801942884919962
299,2,yaw,1,1,post,0.45,10,0.0,0.0,0.0,0,1,1:00000A,1801942792652771,1789324640472036247,1801942911715992,1789324640500920839,9.168614984024316,0.8245901488699019,0.1169731558766216,1,-2021,0.7750437930792202,0.0,0.02662815502844751,step,2,1,0.11435174895450473,settle,sweep:enc:yaw:1789324640472033366,sweep:enc:yaw:1789324640472033366,FFFFFFFFF81B,"{""counts"":-2021}",1,1,1,1,0,0,0,5.907756,1,0,0,1801942905808236,1,,1801942903248015,1801942792652771,1801942905808236,1801942911715992
300,2,yaw,1,1,post,0.45,10,0.0,0.0,0.0,0,1,1:00000A,1801942792652771,1789324640500621376,1801942938598553,1789324640529464047,9.195383622078225,0.8513587869238108,0.14374179393053055,1,-2021,0.7750437930792202,0.0,0.026768638053908944,step,2,1,0.14292810996994376,settle,sweep:enc:yaw:1789324640500618208,sweep:enc:yaw:1789324640500618208,FFFFFFFFF81B,"{""counts"":-2021}",1,1,1,1,0,0,0,6.021679,1,0,0,1801942932576874,1,,1801942931832952,1801942792652771,1801942932576874,1801942938598553
301,2,yaw,1,1,post,0.45,10,0.0,0.0,0.0,0,1,1:00000A,1801942792652771,1789324640529191593,1801942970425328,1789324640558023448,9.227558436105028,0.8835336009506136,0.17591660795733333,1,-2021,0.7750437930792202,0.0,0.03217481402680278,step,2,1,0.1715022949501872,settle,sweep:enc:yaw:1789324640529188393,sweep:enc:yaw:1789324640529188393,FFFFFFFFF81B,"{""counts"":-2021}",1,1,1,1,0,0,0,5.67364,1,0,0,1801942964751688,1,,1801942960403201,1801942792652771,1801942964751688,1801942970425328
302,2,yaw,1,1,post,0.45,10,0.0,0.0,0.0,0,1,1:00000A,1801942991532519,1789324640557760274,1801943003191164,1789324640586633090,9.259976329049096,0.9159514938946813,0.20833450090140104,1,-2021,0.7750437930792202,0.0,0.03241789294406772,step,2,1,0.20007110387086868,settle,sweep:yaw:1789324640557734929;sweep:enc:yaw:1789324640557757297,sweep:enc:yaw:1789324640557757297,FFFFFFFFF81B,"{""counts"":-2021}",1,1,1,1,0,0,0,6.021583,1,0,0,1801942997169581,1,,1801942988971882,1801942991532519,1801942997169581,1801943003191164
303,2,yaw,1,1,post,0.45,10,0.0,0.0,0.0,0,1,1:00000A,1801942991532519,1789324640586331931,1801943025081190,1789324640615146505,9.281760784098879,0.9377359489444643,0.23011895595118403,1,-2021,0.7750437930792202,0.0,0.02178445504978299,step,2,1,0.22864141687750816,settle,sweep:enc:yaw:1789324640586328762,sweep:enc:yaw:1789324640586328762,FFFFFFFFF81B,"{""counts"":-2021}",1,1,1,1,0,0,0,6.127154,1,0,0,1801943018954036,1,,1801943017543474,1801942991532519,1801943018954036,1801943025081190
304,2,yaw,1,1,post,0.45,10,0.0,0.0,0.0,0,1,1:00000A,1801942991532519,1789324640614896995,1801943056876924,1789324640643731218,9.313923855079338,0.9698990199249238,0.2622820269316435,1,-2021,0.7750437930792202,0.0,0.03216307098045945,step,2,1,0.25721230590716004,settle,sweep:enc:yaw:1789324640614894051,sweep:enc:yaw:1789324640614894051,FFFFFFFFF81B,"{""counts"":-2021}",1,1,1,1,0,0,0,5.759817,1,0,0,1801943051117107,1,,1801943046108603,1801942991532519,1801943051117107,1801943056876924
305,2,yaw,1,1,post,0.45,10,0.0,0.0,0.0,0,1,1:00000A,1801942991532519,1789324640643478060,1801943083720956,1789324640672292699,9.340566857950762,0.9965420227963477,0.28892502980306745,1,-2021,0.7750437930792202,0.0,0.02664300287142396,step,2,1,0.28578847483731806,settle,sweep:enc:yaw:1789324640643474860,sweep:enc:yaw:1789324640643474860,FFFFFFFFF81B,"{""counts"":-2021}",1,1,1,1,0,0,0,5.960846,1,0,0,1801943077760110,1,,1801943074689636,1801942991532519,1801943077760110,1801943083720956
306,2,yaw,1,1,post,0.45,10,0.0,0.0,0.0,0,1,1:00000A,1801942991532519,1789324640672043445,1801943110530651,1789324640700940326,9.367374185007066,1.0233493498526514,0.31573235685937107,1,-2021,0.7750437930792202,0.0,0.02680732705630362,step,2,1,0.3143567719962448,settle,sweep:enc:yaw:1789324640672040725,sweep:enc:yaw:1789324640672040725,FFFFFFFFF81B,"{""counts"":-2021}",1,1,1,1,0,0,0,5.963214,1,0,0,1801943104567437,1,,1801943103255181,1801942991532519,1801943104567437,1801943110530651
307,2,yaw,1,1,post,0.45,10,0.0,0.0,0.0,0,1,1:00000A,1801942991532519,1789324640700622590,1801943142339793,1789324640729430829,9.39938176306896,1.055356927914545,0.34773993492126465,1,-2021,0.7750437930792202,0.0,0.03200757806189358,step,2,1,0.34292590082623065,settle,sweep:enc:yaw:1789324640700618782,sweep:enc:yaw:1789324640700618782,FFFFFFFFF81B,"{""counts"":-2021}",1,1,1,1,0,0,0,5.764778,1,0,0,1801943136575015,1,,1801943131834070,1801942991532519,1801943136575015,1801943142339793
308,2,yaw,1,1,post,0.45,10,0.0,0.0,0.0,0,1,1:00000A,1801942991532519,1789324640729184487,1801943169348276,1789324640758086552,9.426026046043262,1.0820012108888477,0.3743842178955674,1,-2021,0.7750437930792202,0.0,0.02664428297430277,step,2,1,0.3714991898741573,settle,sweep:enc:yaw:1789324640729180967,sweep:enc:yaw:1789324640729180967,FFFFFFFFF81B,"{""counts"":-2021}",1,1,1,1,0,0,0,6.128978,0,0,0,1801943163219298,1,,1801943160396095,1801942991532519,1801943163219298,1801943169348276
309,2,yaw,1,1,rest,0.45,10,0.0,0.0,0.0,0,1,1:00000A,1801943190247046,1789324640758349214,1801943202188835,1789324640787320113,9.458918733987957,1.114893898833543,0.006591548910364509,1,-2021,0.7750437930792202,0.0,0.032892687944695354,step,3,1,6.079208105802536e-07,rest,sweep:yaw:1789324640758332414;sweep:enc:yaw:1789324640758347166,sweep:enc:yaw:1789324640758347166,FFFFFFFFF81B,"{""counts"":-2021}",1,1,0,0,0,0,0,6.076849,1,0,0,1801943196111986,1,,1801943189560918,1801943190247046,1801943196111986,1801943202188835
310,2,yaw,1,1,rest,0.45,10,0.0,0.0,0.0,0,1,1:00000A,1801943190247046,1789324640787025130,1801943229033731,1789324640815829144,9.485932818148285,1.141907982993871,0.03360563307069242,1,-2021,0.7750437930792202,0.0,0.02701408416032791,step,3,1,0.028643914964050055,rest,sweep:enc:yaw:1789324640787022185,sweep:enc:yaw:1789324640787022185,FFFFFFFFF81B,"{""counts"":-2021}",1,1,0,0,0,0,0,5.907661,1,0,0,1801943223126070,1,,1801943218236738,1801943190247046,1801943223126070,1801943229033731
311,2,yaw,1,1,rest,0.45,10,0.0,0.0,0.0,0,1,1:00000A,1801943190247046,1789324640815583250,1801943255875011,1789324640844423009,9.512772946152836,1.168748110998422,0.060445761075243354,1,-2021,0.7750437930792202,0.0,0.026840128004550934,step,3,1,0.05721371597610414,rest,sweep:enc:yaw:1789324640815580498,sweep:enc:yaw:1789324640815580498,FFFFFFFFF81B,"{""counts"":-2021}",1,1,0,0,0,0,0,5.908813,1,0,0,1801943249966198,1,,1801943246794826,1801943190247046,1801943249966198,1801943255875011
312,2,yaw,1,1,rest,0.45,10,0.0,0.0,0.0,0,1,1:00000A,1801943190247046,1789324640844158235,1801943282720386,1789324640873060332,9.539610065054148,1.1955852298997343,0.0872828799765557,1,-2021,0.7750437930792202,0.0,0.02683711890131235,step,3,1,0.0857869409956038,rest,sweep:enc:yaw:1789324640844154939,sweep:enc:yaw:1789324640844154939,FFFFFFFFF81B,"{""counts"":-2021}",1,1,0,0,0,0,0,5.917069,1,0,0,1801943276803317,1,,1801943275369843,1801943190247046,1801943276803317,1801943282720386
313,2,yaw,1,1,rest,0.45,10,0.0,0.0,0.0,0,1,1:00000A,1801943190247046,1789324640872725508,1801943314478935,1789324640901591060,9.571613803971559,1.2275889688171446,0.11928661889396608,1,-2022,0.7754272882761916,0.011982824818093806,0.032003738917410374,step,3,1,0.11435408587567508,rest,sweep:enc:yaw:1789324640872722436,sweep:enc:yaw:1789324640872722436,FFFFFFFFF81A,"{""counts"":-2022}",1,1,0,0,0,0,0,5.671879,1,0,0,1801943308807056,1,,1801943303937084,1801943190247046,1801943308807056,1801943314478935
314,2,yaw,1,1,rest,0.45,10,0.0,0.0,0.0,0,1,1:00000A,1801943190247046,1789324640901295277,1801943341299094,1789324640912107151,9.598186629125848,1.2541617939714342,0.14585944404825568,1,-2022,0.7754272882761916,0.0,0.026572825154289603,step,3,1,0.14292455790564418,rest,sweep:enc:yaw:1789324640901292013,sweep:enc:yaw:1789324640901292013,FFFFFFFFF81A,"{""counts"":-2022}",1,1,0,0,0,0,0,5.919213,0,0,0,1801943335379881,1,,1801943332506821,1801943190247046,1801943335379881,1801943341299094
315,2,yaw,1,-1,pre,0.45,10,0.0,0.0,0.0,0,1,1:00000A,1801943190247046,1789324640912562393,1801943353268532,1789324640941495787,9.609560020035133,0.0031689710449427366,0.003014439018443227,1,-2021,0.7750437930792202,,0.011373390909284353,step,0,0,6.400514394044876e-07,settle,sweep:enc:yaw:1789324640912560217,sweep:enc:yaw:1789324640912560217,FFFFFFFFF81B,"{""counts"":-2021}",1,1,1,0,0,0,0,6.51526,1,0,0,1801943346753272,0,short_encoder_dt,1801943343774193,1801943190247046,1801943346753272,1801943353268532
316,2,yaw,1,-1,pre,0.45,10,0.0,0.0,0.0,0,1,1:00000A,1801943190247046,1789324640941237349,1801943380153236,1789324640970133430,9.636926593026146,0.030535544035956264,0.030381012009456754,1,-2021,0.7750437930792202,0.0,0.027366572991013527,step,0,0,0.028641385957598686,settle,sweep:enc:yaw:1789324640941234277,sweep:enc:yaw:1789324640941234277,FFFFFFFFF81B,"{""counts"":-2021}",1,1,1,1,0,0,0,6.033391,1,0,0,1801943374119845,1,,1801943372448893,1801943190247046,1801943374119845,1801943380153236
317,2,yaw,1,-1,pre,0.45,10,0.0,0.0,0.0,0,1,1:00000A,1801943406230978,1789324640969826126,1801943417903256,1789324640998639965,9.67455648095347,0.06816543196327984,0.06801089993678033,1,-2021,0.7750437930792202,0.0,0.03762988792732358,step,0,0,0.05721304309554398,settle,sweep:yaw:1789324640969795149;sweep:enc:yaw:1789324640969823278,sweep:enc:yaw:1789324640969823278,FFFFFFFFF81B,"{""counts"":-2021}",1,1,1,1,0,0,0,6.153523,1,0,0,1801943411749733,1,,1801943401037574,1801943406230978,1801943411749733,1801943417903256
318,2,yaw,1,-1,pre,0.45,10,0.0,0.0,0.0,0,1,1:00000A,1801943406230978,1789324640998375735,1801943439760321,1789324641027194213,9.696444490924478,0.09005344193428755,0.08989890990778804,1,-2021,0.7750437930792202,0.0,0.021888009971007705,step,0,0,0.08578681200742722,settle,sweep:enc:yaw:1789324640998372727,sweep:enc:yaw:1789324640998372727,FFFFFFFFF81B,"{""counts"":-2021}",1,1,1,1,0,0,0,6.122578,1,0,0,1801943433637743,1,,1801943429587311,1801943406230978,1801943433637743,1801943439760321
319,2,yaw,1,-1,pre,0.45,10,0.0,0.0,0.0,0,1,1:00000A,1801943406230978,1789324641026946911,1801943466597441,1789324641055815727,9.723427054006606,0.11703600501641631,0.1168814729899168,1,-2021,0.7750437930792202,0.0,0.026982563082128763,step,0,0,0.11435590893961489,settle,sweep:enc:yaw:1789324641026943839,sweep:enc:yaw:1789324641026943839,FFFFFFFFF81B,"{""counts"":-2021}",1,1,1,1,0,0,0,5.977135,1,0,0,1801943460620306,1,,1801943458158455,1801943406230978,1801943460620306,1801943466597441
320,2,yaw,1,-1,pre,0.45,10,0.0,0.0,0.0,0,1,1:00000A,1801943406230978,1789324641055543849,1801943493429568,1789324641084337815,9.750316911144182,0.14392586215399206,0.14377133012749255,1,-2021,0.7750437930792202,0.0,0.026889857137575746,step,0,0,0.14294151798821986,settle,sweep:enc:yaw:1789324641055541033,sweep:enc:yaw:1789324641055541033,FFFFFFFFF81B,"{""counts"":-2021}",1,1,1,1,0,0,0,5.919405,1,0,0,1801943487510163,1,,1801943486755457,1801943406230978,1801943487510163,1801943493429568
321,2,yaw,1,-1,pre,0.45,10,0.0,0.0,0.0,0,1,1:00000A,1801943406230978,1789324641084087889,1801943525234646,1789324641112924160,9.782316490076482,0.17592544108629227,0.17577090905979276,1,-2021,0.7750437930792202,0.0,0.03199957893230021,step,0,0,0.17149739898741245,settle,sweep:enc:yaw:1789324641084084401,sweep:enc:yaw:1789324641084084401,FFFFFFFFF81B,"{""counts"":-2021}",1,1,1,1,0,0,0,5.724904,1,0,0,1801943519509742,1,,1801943515299433,1801943406230978,1801943519509742,1801943525234646
322,2,yaw,1,-1,pre,0.45,10,0.0,0.0,0.0,0,1,1:00000A,1801943406230978,1789324641112652346,1801943552121431,1789324641141494953,9.808918307069689,0.202527258079499,0.2023727260529995,1,-2021,0.7750437930792202,0.0,0.02660181699320674,step,0,0,0.2000688959378749,settle,sweep:enc:yaw:1789324641112649562,sweep:enc:yaw:1789324641112649562,FFFFFFFFF81B,"{""counts"":-2021}",1,1,1,1,0,0,0,6.009872,1,0,0,1801943546111559,1,,1801943543864146,1801943406230978,1801943546111559,1801943552121431
323,2,yaw,1,-1,pre,0.45,10,0.0,0.0,0.0,0,1,1:00000A,1801943406230978,1789324641141231203,1801943578912661,1789324641170067154,9.835857189027593,0.2294661400374025,0.229311608010903,1,-2021,0.7750437930792202,0.0,0.026938881957903504,step,0,0,0.22863824805244803,settle,sweep:enc:yaw:1789324641141228099,sweep:enc:yaw:1789324641141228099,FFFFFFFFF81B,"{""counts"":-2021}",1,1,1,1,0,0,0,5.86222,1,0,0,1801943573050441,1,,1801943572442907,1801943406230978,1801943573050441,1801943578912661
324,2,yaw,1,-1,pre,0.45,10,0.0,0.0,0.0,0,1,1:00000A,1801943406230978,1789324641169801644,1801943610874575,1789324641198620283,9.867777534062043,0.2613864850718528,0.2612319530453533,1,-2021,0.7750437930792202,0.0,0.03192034503445029,step,0,0,0.2572083370760083,settle,sweep:enc:yaw:1789324641169798668,sweep:enc:yaw:1789324641169798668,FFFFFFFFF81B,"{""counts"":-2021}",1,1,1,1,0,0,0,5.903789,1,0,0,1801943604970786,1,,1801943601013348,1801943406230978,1801943604970786,1801943610874575
325,2,yaw,1,-1,pre,0.45,10,0.0,0.0,0.0,0,1,1:00000A,1801943631770689,1789324641198373557,1801943643519065,1789324641219408970,9.900444041006267,0.29405299201607704,0.29389845998957753,1,-2021,0.7750437930792202,0.0,0.03266650694422424,step,0,0,0.28578201006166637,settle,sweep:yaw:1789324641198349204;sweep:enc:yaw:1789324641198370901,sweep:enc:yaw:1789324641198370901,FFFFFFFFF81B,"{""counts"":-2021}",1,1,1,1,0,0,0,5.881772,0,0,0,1801943637637293,1,,1801943629585229,1801943631770689,1801943637637293,1801943643519065
326,2,yaw,1,-1,step,0.45,10,-0.45,-0.45,-0.41887902047863906,0,1,1:80040A00000032,1801943654159830,1789324641219668976,1801943666413914,1789324641248590433,9.92329453700222,0.3169034880120307,0.009653829969465733,1,-2015,0.7727428218973917,-0.10069677184407431,0.02285049599595368,step,1,0,4.1606836020946503e-07,step,sweep:yaw:1789324641219651472;sweep:enc:yaw:1789324641219666928,sweep:enc:yaw:1789324641219666928,FFFFFFFFF821,"{""counts"":-2015}",1,1,0,0,0,0,0,5.926125,1,0,0,1801943660487789,1,,1801943650880744,1801943654159830,1801943660487789,1801943666413914
327,2,yaw,1,-1,step,0.45,10,-0.45,-0.45,-0.41887902047863906,0,1,1:80040A00000032,1801943654159830,1789324641248330395,1801943688316324,1789324641277181163,9.944955501006916,0.33856445201672614,0.03131479397416115,1,-1992,0.7639224323670493,-0.4072020768988164,0.021660964004695415,step,1,0,0.028640523087233305,step,sweep:enc:yaw:1789324641248327035,sweep:enc:yaw:1789324641248327035,FFFFFFFFF838,"{""counts"":-1992}",1,1,0,0,0,0,0,6.167571,1,0,0,1801943682148753,1,,1801943679541939,1801943654159830,1801943682148753,1801943688316324
328,2,yaw,1,-1,step,0.45,10,-0.45,-0.45,-0.41887902047863906,0,1,1:80040A00000032,1801943654159830,1789324641276908484,1801943715156900,1789324641305798869,9.972006737953052,0.3656156889628619,0.05836603092029691,1,-1963,0.7528010716548784,-0.4111220767581026,0.02705123694613576,step,1,0,0.05719941109418869,step,sweep:enc:yaw:1789324641276904900,sweep:enc:yaw:1789324641276904900,FFFFFFFFF855,"{""counts"":-1963}",1,1,0,0,0,0,0,5.95691,1,0,0,1801943709199990,1,,1801943708119868,1801943654159830,1801943709199990,1801943715156900
329,2,yaw,1,-1,step,0.45,10,-0.45,-0.45,-0.41887902047863906,0,1,1:80040A00000032,1801943654159830,1789324641305501806,1801943746992507,1789324641334340477,10.004002540139481,0.3976114911492914,0.09036183310672641,1,-1929,0.7397622349578504,-0.40751710555824733,0.0319958021864295,step,1,0,0.08578198007307947,step,sweep:enc:yaw:1789324641305498414,sweep:enc:yaw:1789324641305498414,FFFFFFFFF877,"{""counts"":-1929}",1,1,0,0,0,0,0,5.796715,1,0,0,1801943741195792,1,,1801943736713094,1801943654159830,1801943741195792,1801943746992507
330,2,yaw,1,-1,step,0.45,10,-0.45,-0.45,-0.41887902047863906,0,1,1:80040A00000032,1801943654159830,1789324641334043510,1801943773795385,1789324641362882565,10.03068525600247,0.4242942070122808,0.11704454896971583,1,-1898,0.7278738838517367,-0.4455450174996476,0.026682715862989426,step,1,0,0.11435389309190214,step,sweep:enc:yaw:1789324641334040918,sweep:enc:yaw:1789324641334040918,FFFFFFFFF896,"{""counts"":-1898}",1,1,0,0,0,0,0,5.916877,1,0,0,1801943767878508,1,,1801943765255086,1801943654159830,1801943767878508,1801943773795385
331,2,yaw,1,-1,step,0.45,10,-0.45,-0.45,-0.41887902047863906,0,1,1:80040A00000032,1801943654159830,1789324641362618559,1801943800806813,1789324641391479118,10.057485830970109,0.4510947819799185,0.1438451239373535,1,-1868,0.7163690279425944,-0.4292764585474263,0.026800574967637658,step,1,0,0.1429253260139376,step,sweep:enc:yaw:1789324641362615615,sweep:enc:yaw:1789324641362615615,FFFFFFFFF8B4,"{""counts"":-1868}",1,1,0,0,0,0,0,6.12773,1,0,0,1801943794679083,1,,1801943793830103,1801943654159830,1801943794679083,1801943800806813
332,2,yaw,1,-1,step,0.45,10,-0.45,-0.45,-0.41887902047863906,0,1,1:80040A00000032,1801943654159830,1789324641391207336,1801943832607283,1789324641420020407,10.08964944514446,0.4832583961542696,0.1760087381117046,1,-1835,0.7037136864425378,-0.3934676442595979,0.032163614174351096,step,1,0,0.17149778292514384,step,sweep:enc:yaw:1789324641391204584,sweep:enc:yaw:1789324641391204584,FFFFFFFFF8D5,"{""counts"":-1835}",1,1,0,0,0,0,0,5.764586,1,0,0,1801943826842697,1,,1801943822419040,1801943654159830,1801943826842697,1801943832607283
333,2,yaw,1,-1,step,0.45,10,-0.45,-0.45,-0.41887902047863906,0,1,1:80040A00000032,1801943853570950,1789324641419763505,1801943866254933,1789324641448622816,10.123204773059115,0.5168137240689248,0.2095640660263598,1,-1793,0.6876068881697387,-0.480007178405923,0.03355532791465521,step,1,0,0.20006716810166836,step,sweep:yaw:1789324641419737968;sweep:enc:yaw:1789324641419760624,sweep:enc:yaw:1789324641419760624,FFFFFFFFF8FF,"{""counts"":-1793}",1,1,0,0,0,0,0,5.856908,1,0,0,1801943860398025,1,,1801943850975113,1801943853570950,1801943860398025,1801943866254933
334,2,yaw,1,-1,step,0.45,10,-0.45,-0.45,-0.41887902047863906,0,1,1:80040A00000032,1801943853570950,1789324641448357498,1801943888203424,1789324641477173481,10.144812487997115,0.5384214390069246,0.23117178096435964,1,-1770,0.6787864986393962,-0.4082055671157864,0.021607714937999845,step,1,0,0.22863988089375198,step,sweep:enc:yaw:1789324641448354266,sweep:enc:yaw:1789324641448354266,FFFFFFFFF916,"{""counts"":-1770}",1,1,0,0,0,0,0,6.197684,1,0,0,1801943882005740,1,,1801943879569042,1801943853570950,1801943882005740,1801943888203424
335,2,yaw,1,-1,step,0.45,10,-0.45,-0.45,-0.41887902047863906,0,1,1:80040A00000032,1801943853570950,1789324641476898306,1801943915010111,1789324641505728433,10.17196839908138,0.5655773500911891,0.25832769204862416,1,-1740,0.6672816427302539,-0.4236593599619194,0.027155911084264517,step,1,0,0.2571969770360738,step,sweep:enc:yaw:1789324641476895106,sweep:enc:yaw:1789324641476895106,FFFFFFFFF934,"{""counts"":-1740}",1,1,0,0,0,0,0,5.84846,1,0,0,1801943909161651,1,,1801943908109882,1801943853570950,1801943909161651,1801943915010111
336,2,yaw,1,-1,step,0.45,10,-0.45,-0.45,-0.41887902047863906,0,1,1:80040A00000032,1801943853570950,1789324641505478635,1801943947011449,1789324641534340731,10.203850951045752,0.5974599020555615,0.29021024401299655,1,-1704,0.6534758156392831,-0.43302139384570887,0.031882551964372396,step,1,0,0.28578191390261054,step,sweep:enc:yaw:1789324641505475147,sweep:enc:yaw:1789324641505475147,FFFFFFFFF958,"{""counts"":-1704}",1,1,0,0,0,0,0,5.967246,1,0,0,1801943941044203,1,,1801943936690275,1801943853570950,1801943941044203,1801943947011449
337,2,yaw,1,-1,step,0.45,10,-0.45,-0.45,-0.41887902047863906,0,1,1:80040A00000032,1801943853570950,1789324641534051284,1801943973831448,1789324641562890691,10.230728582944721,0.624337533954531,0.31708787591196597,1,-1675,0.6423544549271123,-0.4137775513101391,0.026877631898969412,step,1,0,0.31436032289639115,step,sweep:enc:yaw:1789324641534048404,sweep:enc:yaw:1789324641534048404,FFFFFFFFF975,"{""counts"":-1675}",1,1,0,0,0,0,0,5.909613,1,0,0,1801943967921835,1,,1801943965262860,1801943853570950,1801943967921835,1801943973831448
338,2,yaw,1,-1,step,0.45,10,-0.45,-0.45,-0.41887902047863906,0,1,1:80040A00000032,1801943853570950,1789324641562629021,1801944000638903,1789324641591517294,10.257499589119107,0.6511085401289165,0.3438588820863515,1,-1646,0.6312330942149413,-0.41542557794528684,0.026771006174385548,step,1,0,0.34292829991318285,step,sweep:enc:yaw:1789324641562625885,sweep:enc:yaw:1789324641562625885,FFFFFFFFF992,"{""counts"":-1646}",1,1,0,0,0,0,0,5.946062,1,0,0,1801943994692841,1,,1801943993840661,1801943853570950,1801943994692841,1801944000638903
339,2,yaw,1,-1,step,0.45,10,-0.45,-0.45,-0.41887902047863906,0,1,1:80040A00000032,1801943853570950,1789324641591204070,1801944032437389,1789324641619866609,10.289455999154598,0.6830649501644075,0.3758152921218425,1,-1612,0.6181942575179133,-0.4080194453177618,0.03195641003549099,step,1,0,0.37149851699359715,step,sweep:enc:yaw:1789324641591201094,sweep:enc:yaw:1789324641591201094,FFFFFFFFF9B4,"{""counts"":-1612}",1,1,0,0,0,0,0,5.788138,0,0,0,1801944026649251,1,,1801944022415550,1801943853570950,1801944026649251,1801944032437389
340,2,yaw,1,-1,post,0.45,10,0.0,0.0,0.0,0,1,1:00000A,1801944053335263,1789324641620109015,1801944065257659,1789324641649073833,10.32199719012715,0.7156061411369592,0.00791190005838871,1,-1578,0.6051554208208855,-0.4006871385877075,0.0325411909725517,step,2,1,6.400514394044876e-07,settle,sweep:yaw:1789324641620091702;sweep:enc:yaw:1789324641620106807,sweep:enc:yaw:1789324641620106807,FFFFFFFFF9D6,"{""counts"":-1578}",1,1,1,0,0,0,0,6.067217,1,0,0,1801944059190442,1,,1801944051320751,1801944053335263,1801944059190442,1801944065257659
341,2,yaw,1,-1,post,0.45,10,0.0,0.0,0.0,0,1,1:00000A,1801944053335263,1789324641648774882,1801944087132228,1789324641677638610,10.343788173981011,0.7373971249908209,0.0297028839122504,1,-1578,0.6051554208208855,0.0,0.02179098385386169,step,2,1,0.028643433935940266,settle,sweep:enc:yaw:1789324641648771618,sweep:enc:yaw:1789324641648771618,FFFFFFFFF9D6,"{""counts"":-1578}",1,1,1,1,0,0,0,6.150802,1,0,0,1801944080981426,1,,1801944079986458,1801944053335263,1801944080981426,1801944087132228
342,2,yaw,1,-1,post,0.45,10,0.0,0.0,0.0,0,1,1:00000A,1801944053335263,1789324641677352619,1801944118919098,1789324641706155641,10.376010701991618,0.7696196530014277,0.061925411922857165,1,-1578,0.6051554208208855,0.0,0.032222528010606766,step,2,1,0.05721966689452529,settle,sweep:enc:yaw:1789324641677349451,sweep:enc:yaw:1789324641677349451,FFFFFFFFF9D6,"{""counts"":-1578}",1,1,1,1,0,0,0,5.715144,1,0,0,1801944113203954,1,,1801944108564227,1801944053335263,1801944113203954,1801944118919098
343,2,yaw,1,-1,post,0.45,10,0.0,0.0,0.0,0,1,1:00000A,1801944053335263,1789324641705911380,1801944145764058,1789324641734711074,10.402658665087074,0.796267616096884,0.08857337501831353,1,-1578,0.6051554208208855,0.0,0.026647963095456362,step,2,1,0.0857866839505732,settle,sweep:enc:yaw:1789324641705908372,sweep:enc:yaw:1789324641705908372,FFFFFFFFF9D6,"{""counts"":-1578}",1,1,1,1,0,0,0,5.912141,1,0,0,1801944139851917,1,,1801944137122956,1801944053335263,1801944139851917,1801944145764058
344,2,yaw,1,-1,post,0.45,10,0.0,0.0,0.0,0,1,1:00000A,1801944053335263,1789324641734477372,1801944172604313,1789324641763327404,10.429476648103446,0.8230855991132557,0.11539135803468525,1,-1578,0.6051554208208855,0.0,0.026817983016371727,step,2,1,0.1143539568874985,settle,sweep:enc:yaw:1789324641734474108,sweep:enc:yaw:1789324641734474108,FFFFFFFFF9D6,"{""counts"":-1578}",1,1,1,1,0,0,0,5.934413,1,0,0,1801944166669900,1,,1801944165688916,1801944053335263,1801944166669900,1801944172604313
345,2,yaw,1,-1,post,0.45,10,0.0,0.0,0.0,0,1,1:00000A,1801944053335263,1789324641763055749,1801944204409007,1789324641791878324,10.461529252119362,0.8551382031291723,0.14744396205060184,1,-1578,0.6051554208208855,0.0,0.032052604015916586,step,2,1,0.14292746991850436,settle,sweep:enc:yaw:1789324641763052517,sweep:enc:yaw:1789324641763052517,FFFFFFFFF9D6,"{""counts"":-1578}",1,1,1,1,0,0,0,5.686503,1,0,0,1801944198722504,1,,1801944194267357,1801944053335263,1801944198722504,1801944204409007
346,2,yaw,1,-1,post,0.45,10,0.0,0.0,0.0,0,1,1:00000A,1801944053335263,1789324641791618190,1801944231242959,1789324641820448381,10.488136254018173,0.8817452050279826,0.1740509639494121,1,-1578,0.6051554208208855,0.0,0.026607001898810267,step,2,1,0.17149339895695448,settle,sweep:enc:yaw:1789324641791615310,sweep:enc:yaw:1789324641791615310,FFFFFFFFF9D6,"{""counts"":-1578}",1,1,1,1,0,0,0,5.913453,1,0,0,1801944225329506,1,,1801944222829734,1801944053335263,1801944225329506,1801944231242959
347,2,yaw,1,-1,post,0.45,10,0.0,0.0,0.0,0,1,1:00000A,1801944252293476,1789324641820199095,1801944264148319,1789324641849098824,10.52093981904909,0.9145487700589001,0.20685452898032963,1,-1578,0.6051554208208855,0.0,0.032803565030917525,step,2,1,0.2000709439162165,settle,sweep:yaw:1789324641820175191;sweep:enc:yaw:1789324641820196343,sweep:enc:yaw:1789324641820196343,FFFFFFFFF9D6,"{""counts"":-1578}",1,1,1,1,0,0,0,6.015248,1,0,0,1801944258133071,1,,1801944251410671,1801944252293476,1801944258133071,1801944264148319
348,2,yaw,1,-1,post,0.45,10,0.0,0.0,0.0,0,1,1:00000A,1801944252293476,1789324641848774240,1801944290916701,1789324641877650064,10.547908238135278,0.9415171891450882,0.2338229480665177,1,-1578,0.6051554208208855,0.0,0.026968419086188078,step,2,1,0.22864176891744137,settle,sweep:enc:yaw:1789324641848771328,sweep:enc:yaw:1789324641848771328,FFFFFFFFF9D6,"{""counts"":-1578}",1,1,1,1,0,0,0,5.815211,1,0,0,1801944285101490,1,,1801944279985848,1801944252293476,1801944285101490,1801944290916701
349,2,yaw,1,-1,post,0.45,10,0.0,0.0,0.0,0,1,1:00000A,1801944252293476,1789324641877357385,1801944317741436,1789324641906153176,10.57466138806194,0.9682703390717506,0.26057609799318016,1,-1578,0.6051554208208855,0.0,0.026753149926662445,step,2,1,0.2572096490766853,settle,sweep:enc:yaw:1789324641877353801,sweep:enc:yaw:1789324641877353801,FFFFFFFFF9D6,"{""counts"":-1578}",1,1,1,1,0,0,0,5.886796,1,0,0,1801944311854640,1,,1801944308568833,1801944252293476,1801944311854640,1801944317741436
350,2,yaw,1,-1,post,0.45,10,0.0,0.0,0.0,0,1,1:00000A,1801944252293476,1789324641905911218,1801944344579963,1789324641934720928,10.601402121130377,0.995011072140187,0.28731683106161654,1,-1578,0.6051554208208855,0.0,0.026740733068436384,step,2,1,0.28578450600616634,settle,sweep:enc:yaw:1789324641905908402,sweep:enc:yaw:1789324641905908402,FFFFFFFFF9D6,"{""counts"":-1578}",1,1,1,1,0,0,0,5.98459,1,0,0,1801944338595373,1,,1801944337122922,1801944252293476,1801944338595373,1801944344579963
351,2,yaw,1,-1,post,0.45,10,0.0,0.0,0.0,0,1,1:00000A,1801944252293476,1789324641934480347,1801944376415474,1789324641963352715,10.633349762065336,1.026958713075146,0.3192644719965756,1,-1578,0.6051554208208855,0.0,0.031947640934959054,step,2,1,0.3143552988767624,settle,sweep:enc:yaw:1789324641934477626,sweep:enc:yaw:1789324641934477626,FFFFFFFFF9D6,"{""counts"":-1578}",1,1,1,1,0,0,0,5.87246,1,0,0,1801944370543014,1,,1801944365691955,1801944252293476,1801944370543014,1801944376415474
352,2,yaw,1,-1,post,0.45,10,0.0,0.0,0.0,0,1,1:00000A,1801944252293476,1789324641963067812,1801944403404213,1789324641991831121,10.660154432989657,1.053763383999467,0.3460691429208964,1,-1578,0.6051554208208855,0.0,0.026804670924320817,step,2,1,0.3429264440201223,settle,sweep:enc:yaw:1789324641963064772,sweep:enc:yaw:1789324641963064772,FFFFFFFFF9D6,"{""counts"":-1578}",1,1,1,1,0,0,0,6.056528,1,0,0,1801944397347685,1,,1801944394279388,1801944252293476,1801944397347685,1801944403404213
353,2,yaw,1,-1,post,0.45,10,0.0,0.0,0.0,0,1,1:00000A,1801944252293476,1789324641991582795,1801944430239989,1789324642020502236,10.687060834141448,1.080669785151258,0.3729755440726876,1,-1578,0.6051554208208855,0.0,0.026906401151791215,step,2,1,0.3714570440351963,settle,sweep:enc:yaw:1789324641991579499,sweep:enc:yaw:1789324641991579499,FFFFFFFFF9D6,"{""counts"":-1578}",1,1,1,1,0,0,0,5.985903,0,0,0,1801944424254086,1,,1801944422794339,1801944252293476,1801944424254086,1801944430239989
354,2,yaw,1,-1,rest,0.45,10,0.0,0.0,0.0,0,1,1:00000A,1801944456300866,1789324642020727458,1801944468061754,1789324642049693684,10.724747556028888,1.1183565070386976,0.01004116702824831,1,-1578,0.6051554208208855,0.0,0.03768672188743949,step,3,1,6.081536412239075e-07,rest,sweep:yaw:1789324642020710625;sweep:enc:yaw:1789324642020725314,sweep:enc:yaw:1789324642020725314,FFFFFFFFF9D6,"{""counts"":-1578}",1,1,0,0,0,0,0,6.120946,1,0,0,1801944461940808,1,,1801944451939290,1801944456300866,1801944461940808,1801944468061754
355,2,yaw,1,-1,rest,0.45,10,0.0,0.0,0.0,0,1,1:00000A,1801944456300866,1789324642049394093,1801944489702654,1789324642078231260,10.746591564966366,1.1402005159761757,0.031885175965726376,1,-1578,0.6051554208208855,0.0,0.021844008937478065,step,3,1,0.0286412900313735,rest,sweep:enc:yaw:1789324642049391245,sweep:enc:yaw:1789324642049391245,FFFFFFFFF9D6,"{""counts"":-1578}",1,1,0,0,0,0,0,5.917837,1,0,0,1801944483784817,1,,1801944480605701,1801944456300866,1801944483784817,1801944489702654
356,2,yaw,1,-1,rest,0.45,10,0.0,0.0,0.0,0,1,1:00000A,1801944456300866,1789324642077975094,1801944516754338,1789324642106784100,10.773354314034805,1.1669632650446147,0.05864792503416538,1,-1578,0.6051554208208855,0.0,0.026762749068439007,step,3,1,0.05720878695137799,rest,sweep:enc:yaw:1789324642077971670,sweep:enc:yaw:1789324642077971670,FFFFFFFFF9D6,"{""counts"":-1578}",1,1,0,0,0,0,0,6.206772,1,0,0,1801944510547566,1,,1801944509186670,1801944456300866,1801944510547566,1801944516754338
357,2,yaw,1,-1,rest,0.45,10,0.0,0.0,0.0,0,1,1:00000A,1801944456300866,1789324642106536703,1801944548601785,1789324642135362733,10.805679981131107,1.1992889321409166,0.0909735921304673,1,-1578,0.6051554208208855,0.0,0.03232566709630191,step,3,1,0.08578364411368966,rest,sweep:enc:yaw:1789324642106532798,sweep:enc:yaw:1789324642106532798,FFFFFFFFF9D6,"{""counts"":-1578}",1,1,0,0,0,0,0,5.728552,1,0,0,1801944542873233,1,,1801944537748279,1801944456300866,1801944542873233,1801944548601785
358,2,yaw,1,-1,rest,0.45,10,0.0,0.0,0.0,0,1,1:00000A,1801944456300866,1789324642135106279,1801944575380407,1789324642163967287,10.832284806994721,1.2258937580045313,0.11757841799408197,1,-1578,0.6051554208208855,0.0,0.02660482586361468,step,3,1,0.11435414897277951,rest,sweep:enc:yaw:1789324642135103239,sweep:enc:yaw:1789324642135103239,FFFFFFFFF9D6,"{""counts"":-1578}",1,1,0,0,0,0,0,5.902348,1,0,0,1801944569478059,1,,1801944566317855,1801944456300866,1801944569478059,1801944575380407
359,2,yaw,1,-1,rest,0.45,10,0.0,0.0,0.0,0,1,1:00000A,1801944456300866,1789324642163690480,1801944602215671,1789324642174391919,10.85912512615323,1.2527340771630406,0.14441873715259135,1,-1578,0.6051554208208855,0.0,0.026840319158509374,step,3,1,0.14292779006063938,rest,sweep:enc:yaw:1789324642163687184,sweep:enc:yaw:1789324642163687184,FFFFFFFFF9D6,"{""counts"":-1578}",1,1,0,0,0,0,0,5.897293,0,0,0,1801944596318378,1,,1801944594901992,1801944456300866,1801944596318378,1801944602215671
360,2,yaw,2,1,pre,0.45,10,0.0,0.0,0.0,0,1,1:00000A,1801944456300866,1789324642174846170,1801944614184596,1789324642203753003,10.870501172961667,0.0018296109046787024,0.0016750798095017672,1,-1578,0.6051554208208855,,0.011376046808436513,step,0,0,6.398186087608337e-07,settle,sweep:enc:yaw:1789324642174844058,sweep:enc:yaw:1789324642174844058,FFFFFFFFF9D6,"{""counts"":-1578}",1,1,1,0,0,0,0,6.490171,1,0,0,1801944607694425,0,short_encoder_dt,1801944606057938,1801944456300866,1801944607694425,1801944614184596
361,2,yaw,2,1,pre,0.45,10,0.0,0.0,0.0,0,1,1:00000A,1801944456300866,1789324642203513221,1801944646043563,1789324642232342132,10.903015451971442,0.03434388991445303,0.034189358819276094,1,-1578,0.6051554208208855,0.0,0.03251427900977433,step,0,0,0.028644682839512825,settle,sweep:enc:yaw:1789324642203510437,sweep:enc:yaw:1789324642203510437,FFFFFFFFF9D6,"{""counts"":-1578}",1,1,1,1,0,0,0,5.834859,1,0,0,1801944640208704,1,,1801944634724893,1801944456300866,1801944640208704,1801944646043563
362,2,yaw,2,1,pre,0.45,10,0.0,0.0,0.0,0,1,1:00000A,1801944666965182,1789324642232091598,1801944678797400,1789324642260946238,10.935505185974762,0.06683362391777337,0.06667909282259643,1,-1578,0.6051554208208855,0.0,0.032489734003320336,step,0,0,0.05721371597610414,settle,sweep:yaw:1789324642232064334;sweep:enc:yaw:1789324642232088398,sweep:enc:yaw:1789324642232088398,FFFFFFFFF9D6,"{""counts"":-1578}",1,1,1,1,0,0,0,6.098962,1,0,0,1801944672698438,1,,1801944663303110,1801944666965182,1801944672698438,1801944678797400
363,2,yaw,2,1,pre,0.45,10,0.0,0.0,0.0,0,1,1:00000A,1801944666965182,1789324642260653239,1801944700668065,1789324642289478278,10.957373259123415,0.08870169706642628,0.08854716597124934,1,-1578,0.6051554208208855,0.0,0.02186807314865291,step,0,0,0.08578386786393821,settle,sweep:enc:yaw:1789324642260650199,sweep:enc:yaw:1789324642260650199,FFFFFFFFF9D6,"{""counts"":-1578}",1,1,1,1,0,0,0,6.101554,1,0,0,1801944694566511,1,,1801944691864879,1801944666965182,1801944694566511,1801944700668065
364,2,yaw,2,1,pre,0.45,10,0.0,0.0,0.0,0,1,1:00000A,1801944666965182,1789324642289224992,1801944727518656,1789324642318095600,10.984366029966623,0.11569446790963411,0.11553993681445718,1,-1578,0.6051554208208855,0.0,0.026992770843207836,step,0,0,0.1143548849504441,settle,sweep:enc:yaw:1789324642289221632,sweep:enc:yaw:1789324642289221632,FFFFFFFFF9D6,"{""counts"":-1578}",1,1,1,1,0,0,0,5.959374,1,0,0,1801944721559282,1,,1801944720436600,1801944666965182,1801944721559282,1801944727518656
365,2,yaw,2,1,pre,0.45,10,0.0,0.0,0.0,0,1,1:00000A,1801944666965182,1789324642317806249,1801944759287189,1789324642346632408,11.016305160010234,0.14763359795324504,0.1474790668580681,1,-1578,0.6051554208208855,0.0,0.03193913004361093,step,0,0,0.14292871789075434,settle,sweep:enc:yaw:1789324642317802953,sweep:enc:yaw:1789324642317802953,FFFFFFFFF9D6,"{""counts"":-1578}",1,1,1,1,0,0,0,5.788777,1,0,0,1801944753498412,1,,1801944749017889,1801944666965182,1801944753498412,1801944759287189
366,2,yaw,2,1,pre,0.45,10,0.0,0.0,0.0,0,1,1:00000A,1801944666965182,1789324642346368081,1801944786151382,1789324642375197440,11.043021603953093,0.1743500418961048,0.17419551080092788,1,-1578,0.6051554208208855,0.0,0.02671644394285977,step,0,0,0.1714999268297106,settle,sweep:enc:yaw:1789324642346365297,sweep:enc:yaw:1789324642346365297,FFFFFFFFF9D6,"{""counts"":-1578}",1,1,1,1,0,0,0,5.936526,1,0,0,1801944780214856,1,,1801944777579689,1801944666965182,1801944780214856,1801944786151382
367,2,yaw,2,1,pre,0.45,10,0.0,0.0,0.0,0,1,1:00000A,1801944666965182,1789324642374936890,1801944813057975,1789324642403750473,11.069843298988417,0.2011717369314283,0.20101720583625138,1,-1578,0.6051554208208855,0.0,0.0268216950353235,step,0,0,0.2000702719669789,settle,sweep:enc:yaw:1789324642374934042,sweep:enc:yaw:1789324642374934042,FFFFFFFFF9D6,"{""counts"":-1578}",1,1,1,1,0,0,0,6.021424,1,0,0,1801944807036551,1,,1801944806148658,1801944666965182,1801944807036551,1801944813057975
368,2,yaw,2,1,pre,0.45,10,0.0,0.0,0.0,0,1,1:00000A,1801944666965182,1789324642403504579,1801944844785931,1789324642432409396,11.10191263910383,0.23324107704684138,0.23308654595166445,1,-1578,0.6051554208208855,0.0,0.03206934011541307,step,0,0,0.22864000778645277,settle,sweep:enc:yaw:1789324642403501891,sweep:enc:yaw:1789324642403501891,FFFFFFFFF9D6,"{""counts"":-1578}",1,1,1,1,0,0,0,5.68004,1,0,0,1801944839105891,1,,1801944834716315,1801944666965182,1801944839105891,1801944844785931
369,2,yaw,2,1,pre,0.45,10,0.0,0.0,0.0,0,1,1:00000A,1801944666965182,1789324642432087532,1801944871631050,1789324642460916411,11.128461560001597,0.25978999794460833,0.2596354668494314,1,-1578,0.6051554208208855,0.0,0.026548920897766948,step,0,0,0.25721256085671484,settle,sweep:enc:yaw:1789324642432084524,sweep:enc:yaw:1789324642432084524,FFFFFFFFF9D6,"{""counts"":-1578}",1,1,1,1,0,0,0,5.976238,1,0,0,1801944865654812,1,,1801944863299044,1801944666965182,1801944865654812,1801944871631050
370,2,yaw,2,1,pre,0.45,10,0.0,0.0,0.0,0,1,1:00000A,1801944892531261,1789324642460653685,1801944904455609,1789324642481769836,11.161386761115864,0.29271519905887544,0.2925606679636985,1,-1578,0.6051554208208855,0.0,0.03292520111426711,step,0,0,0.2857831618748605,settle,sweep:yaw:1789324642460630068;sweep:enc:yaw:1789324642460650837,sweep:enc:yaw:1789324642460650837,FFFFFFFFF9D6,"{""counts"":-1578}",1,1,1,1,0,0,0,5.875596,0,0,0,1801944898580013,1,,1801944891865229,1801944892531261,1801944898580013,1801944904455609
371,2,yaw,2,1,step,0.45,10,0.45,0.45,0.41887902047863906,0,1,1:00040A00000032,1801944915117399,1789324642482067283,1801944928376179,1789324642510966436,11.185087101068348,0.3164155390113592,0.009058678988367319,1,-1585,0.6078398871996853,0.11326699887773094,0.023700339952483773,step,1,0,8.319038897752762e-07,step,sweep:yaw:1789324642482046418;sweep:enc:yaw:1789324642482064979,sweep:enc:yaw:1789324642482064979,FFFFFFFFF9CF,"{""counts"":-1585}",1,1,0,0,0,0,0,6.095826,1,0,0,1801944922280353,1,,1801944913279019,1801944915117399,1801944922280353,1801944928376179
372,2,yaw,2,1,step,0.45,10,0.45,0.45,0.41887902047863906,0,1,1:00040A00000032,1801944915117399,1789324642510715198,1801944950298333,1789324642539584717,11.206964646931738,0.3382930848747492,0.030936224851757288,1,-1608,0.6166602767300278,0.40317088513582205,0.02187754586338997,step,1,0,0.02863953006453812,step,sweep:enc:yaw:1789324642510712381,sweep:enc:yaw:1789324642510712381,FFFFFFFFF9B8,"{""counts"":-1608}",1,1,0,0,0,0,0,6.140434,1,0,0,1801944944157899,1,,1801944941926742,1801944915117399,1801944944157899,1801944950298333
373,2,yaw,2,1,step,0.45,10,0.45,0.45,0.41887902047863906,0,1,1:00040A00000032,1801944915117399,1789324642539301415,1801944977128284,1789324642568103957,11.234011627035215,0.365340064978227,0.057983204955235124,1,-1636,0.6273981422452273,0.3970079274698316,0.027046980103477836,step,1,0,0.05721368291415274,step,sweep:enc:yaw:1789324642539298791,sweep:enc:yaw:1789324642539298791,FFFFFFFFF99C,"{""counts"":-1636}",1,1,0,0,0,0,0,5.923405,1,0,0,1801944971204879,1,,1801944970512991,1801944915117399,1801944971204879,1801944977128284
374,2,yaw,2,1,step,0.45,10,0.45,0.45,0.41887902047863906,0,1,1:00040A00000032,1801944915117399,1789324642567863151,1801945008866897,1789324642596691102,11.266008293954656,0.39733673189766705,0.08997987187467515,1,-1671,0.6408204741392266,0.4194915654119085,0.03199666691944003,step,1,0,0.08578447601757944,step,sweep:enc:yaw:1789324642567860047,sweep:enc:yaw:1789324642567860047,FFFFFFFFF979,"{""counts"":-1671}",1,1,0,0,0,0,0,5.665351,1,0,0,1801945003201546,1,,1801944999074759,1801944915117399,1801945003201546,1801945008866897
375,2,yaw,2,1,step,0.45,10,0.45,0.45,0.41887902047863906,0,1,1:00040A00000032,1801944915117399,1789324642596439032,1801945035773714,1789324642625264903,11.292581279063597,0.42390971700660884,0.11655285698361695,1,-1699,0.6515583396544261,0.404089547003367,0.026572985108941793,step,1,0,0.11435539601370692,step,sweep:enc:yaw:1789324642596436088,sweep:enc:yaw:1789324642596436088,FFFFFFFFF95D,"{""counts"":-1699}",1,1,0,0,0,0,0,5.999183,1,0,0,1801945029774531,1,,1801945027650768,1801944915117399,1801945029774531,1801945035773714
376,2,yaw,2,1,step,0.45,10,0.45,0.45,0.41887902047863906,0,1,1:00040A00000032,1801944915117399,1789324642625008769,1801945062605713,1789324642653853808,11.319514689035714,0.4508431269787252,0.1434862669557333,1,-1729,0.6630631955635684,0.42715927619462435,0.02693340997211635,step,1,0,0.1429255169350654,step,sweep:enc:yaw:1789324642625006113,sweep:enc:yaw:1789324642625006113,FFFFFFFFF93F,"{""counts"":-1729}",1,1,0,0,0,0,0,5.897772,1,0,0,1801945056707941,1,,1801945056220473,1801944915117399,1801945056707941,1801945062605713
377,2,yaw,2,1,step,0.45,10,0.45,0.45,0.41887902047863906,0,1,1:00040A00000032,1801944915117399,1789324642653588458,1801945094335397,1789324642682410713,11.351490619126707,0.48281905706971884,0.17546219704672694,1,-1766,0.6772525178515105,0.4437501035173545,0.03197593009099364,step,1,0,0.17150037386454642,step,sweep:enc:yaw:1789324642653585322,sweep:enc:yaw:1789324642653585322,FFFFFFFFF91A,"{""counts"":-1766}",1,1,0,0,0,0,0,5.651526,1,0,0,1801945088683871,1,,1801945084800034,1801944915117399,1801945088683871,1801945094335397
378,2,yaw,2,1,step,0.45,10,0.45,0.45,0.41887902047863906,0,1,1:00040A00000032,1801945115248440,1789324642682156723,1801945128238829,1789324642711007138,11.384961944073439,0.5162903820164502,0.20893352199345827,1,-1807,0.6929758209273384,0.469754427135798,0.03347132494673133,step,1,0,0.2000700149219483,step,sweep:yaw:1789324642682130002;sweep:enc:yaw:1789324642682154067,sweep:enc:yaw:1789324642682154067,FFFFFFFFF8F1,"{""counts"":-1807}",1,1,0,0,0,0,0,6.083633,1,0,0,1801945122155196,1,,1801945113368267,1801945115248440,1801945122155196,1801945128238829
379,2,yaw,2,1,step,0.45,10,0.45,0.45,0.41887902047863906,0,1,1:00040A00000032,1801945115248440,1789324642710727580,1801945150102998,1789324642739581003,11.406782367965207,0.538110805908218,0.23075394588522613,1,-1831,0.7021797056546523,0.4218013716399957,0.02182042389176786,step,1,0,0.22864416800439358,step,sweep:enc:yaw:1789324642710724699,sweep:enc:yaw:1789324642710724699,FFFFFFFFF8D9,"{""counts"":-1831}",1,1,0,0,0,0,0,6.127378,1,0,0,1801945143975620,1,,1801945141939316,1801945115248440,1801945143975620,1801945150102998
380,2,yaw,2,1,step,0.45,10,0.45,0.45,0.41887902047863906,0,1,1:00040A00000032,1801945115248440,1789324642739308357,1801945176948982,1789324642768166324,11.433775203069672,0.5651036410126835,0.2577467809896916,1,-1859,0.7129175711698518,0.3978042867169265,0.026992835104465485,step,1,0,0.2572159848641604,step,sweep:enc:yaw:1789324642739305349,sweep:enc:yaw:1789324642739305349,FFFFFFFFF8BD,"{""counts"":-1859}",1,1,0,0,0,0,0,5.980527,1,0,0,1801945170968455,1,,1801945170520125,1801945115248440,1801945170968455,1801945176948982
381,2,yaw,2,1,step,0.45,10,0.45,0.45,0.41887902047863906,0,1,1:00040A00000032,1801945115248440,1789324642767872557,1801945208785932,1789324642796750397,11.465822335099801,0.5971507730428129,0.28979391301982105,1,-1894,0.7263399030638511,0.4188309856052076,0.03204713203012943,step,1,0,0.28578325686976314,step,sweep:enc:yaw:1789324642767869517,sweep:enc:yaw:1789324642767869517,FFFFFFFFF89A,"{""counts"":-1894}",1,1,0,0,0,0,0,5.770345,1,0,0,1801945203015587,1,,1801945199084165,1801945115248440,1801945203015587,1801945208785932
382,2,yaw,2,1,step,0.45,10,0.45,0.45,0.41887902047863906,0,1,1:00040A00000032,1801945115248440,1789324642796460566,1801945235675885,1789324642825360327,11.492725152056664,0.6240535899996758,0.31669672997668386,1,-1925,0.7382282541699648,0.44189986220313165,0.026902816956862807,step,1,0,0.31436358601786196,step,sweep:enc:yaw:1789324642796457046,sweep:enc:yaw:1789324642796457046,FFFFFFFFF87B,"{""counts"":-1925}",1,1,0,0,0,0,0,5.757481,1,0,0,1801945229918404,1,,1801945227672142,1801945115248440,1801945229918404,1801945235675885
383,2,yaw,2,1,step,0.45,10,0.45,0.45,0.41887902047863906,0,1,1:00040A00000032,1801945115248440,1789324642825039807,1801945262449035,1789324642853922608,11.519643041072413,0.6509714790154248,0.34361461899243295,1,-1953,0.7489661196851644,0.3989118726552816,0.026917889015749097,step,1,0,0.3429384110495448,step,sweep:enc:yaw:1789324642825036415,sweep:enc:yaw:1789324642825036415,FFFFFFFFF85F,"{""counts"":-1953}",1,1,0,0,0,0,0,5.612742,1,0,0,1801945256836293,1,,1801945256251575,1801945115248440,1801945256836293,1801945262449035
384,2,yaw,2,1,step,0.45,10,0.45,0.45,0.41887902047863906,0,1,1:00040A00000032,1801945115248440,1789324642853606696,1801945294365924,1789324642882271379,11.55143541493453,0.6827638528775424,0.3754069928545505,1,-1988,0.7623884515791637,0.4221871557063192,0.03179237386211753,step,1,0,0.3715055240318179,step,sweep:enc:yaw:1789324642853602888,sweep:enc:yaw:1789324642853602888,FFFFFFFFF83C,"{""counts"":-1988}",1,1,0,0,0,0,0,5.737257,0,0,0,1801945288628667,1,,1801945284818240,1801945115248440,1801945288628667,1801945294365924
385,2,yaw,2,1,post,0.45,10,0.0,0.0,0.0,0,1,1:00000A,1801945315324823,1789324642882549914,1801945327030798,1789324642911473099,11.583942750003189,0.7152711879462004,0.007416432956233621,1,-2022,0.7754272882761916,0.40110444825725805,0.032507335068657994,step,2,1,6.079208105802536e-07,settle,sweep:yaw:1789324642882532601;sweep:enc:yaw:1789324642882547802,sweep:enc:yaw:1789324642882547802,FFFFFFFFF81A,"{""counts"":-2022}",1,1,1,0,0,0,0,5.894796,1,0,0,1801945321136002,1,,1801945313761682,1801945315324823,1801945321136002,1801945327030798
386,2,yaw,2,1,post,0.45,10,0.0,0.0,0.0,0,1,1:00000A,1801945315324823,1789324642911206469,1801945354078195,1789324642940028435,11.61072425195016,0.7420526898931712,0.03419793490320444,1,-2021,0.7750437930792202,-0.014319405899291458,0.02678150194697082,step,2,1,0.02864452195353806,settle,sweep:enc:yaw:1789324642911203493,sweep:enc:yaw:1789324642911203493,FFFFFFFFF81B,"{""counts"":-2021}",1,1,1,1,0,0,0,6.160691,1,0,0,1801945347917504,1,,1801945342418077,1801945315324823,1801945347917504,1801945354078195
387,2,yaw,2,1,post,0.45,10,0.0,0.0,0.0,0,1,1:00000A,1801945315324823,1789324642939779950,1801945380918034,1789324642968665566,11.637777375988662,0.7691058139316738,0.061251058941707015,1,-2021,0.7750437930792202,0.0,0.027053124038502574,step,2,1,0.05721201910637319,settle,sweep:enc:yaw:1789324642939777005,sweep:enc:yaw:1789324642939777005,FFFFFFFFF81B,"{""counts"":-2021}",1,1,1,1,0,0,0,5.947406,1,0,0,1801945374970628,1,,1801945370991462,1801945315324823,1801945374970628,1801945380918034
388,2,yaw,2,1,post,0.45,10,0.0,0.0,0.0,0,1,1:00000A,1801945315324823,1789324642968354230,1801945407732401,1789324642997181605,11.664724865928292,0.7960533038713038,0.08819854888133705,1,-2021,0.7750437930792202,0.0,0.02694748993963003,step,2,1,0.08578297193162143,settle,sweep:enc:yaw:1789324642968351414,sweep:enc:yaw:1789324642968351414,FFFFFFFFF81B,"{""counts"":-2021}",1,1,1,1,0,0,0,5.814283,1,0,0,1801945401918118,1,,1801945399565806,1801945315324823,1801945401918118,1801945407732401
389,2,yaw,2,1,post,0.45,10,0.0,0.0,0.0,0,1,1:00000A,1801945315324823,1789324642996922143,1801945434636082,1789324643025746862,11.691455711144954,0.8227841490879655,0.11492939409799874,1,-2021,0.7750437930792202,0.0,0.02673084521666169,step,2,1,0.11435494897887111,settle,sweep:enc:yaw:1789324642996919071,sweep:enc:yaw:1789324642996919071,FFFFFFFFF81B,"{""counts"":-2021}",1,1,1,1,0,0,0,5.987119,1,0,0,1801945428648963,1,,1801945428133687,1801945315324823,1801945428648963,1801945434636082
390,2,yaw,2,1,post,0.45,10,0.0,0.0,0.0,0,1,1:00000A,1801945315324823,1789324643025497352,1801945466363686,1789324643054374648,11.723535323981196,0.8548637619242072,0.14700900693424046,1,-2021,0.7750437930792202,0.0,0.03207961283624172,step,2,1,0.14292746991850436,settle,sweep:enc:yaw:1789324643025494280,sweep:enc:yaw:1789324643025494280,FFFFFFFFF81B,"{""counts"":-2021}",1,1,1,1,0,0,0,5.63511,1,0,0,1801945460728576,1,,1801945456708896,1801945315324823,1801945460728576,1801945466363686
391,2,yaw,2,1,post,0.45,10,0.0,0.0,0.0,0,1,1:00000A,1801945315324823,1789324643054077137,1801945493241478,1789324643082897952,11.750059412093833,0.8813878500368446,0.17353309504687786,1,-2021,0.7750437930792202,0.0,0.0265240881126374,step,2,1,0.17149832588620484,settle,sweep:enc:yaw:1789324643054073777,sweep:enc:yaw:1789324643054073777,FFFFFFFFF81B,"{""counts"":-2021}",1,1,1,1,0,0,0,5.988814,1,0,0,1801945487252664,1,,1801945485288553,1801945315324823,1801945487252664,1801945493241478
392,2,yaw,2,1,post,0.45,10,0.0,0.0,0.0,0,1,1:00000A,1801945519379157,1789324643082647546,1801945531047403,1789324643111482473,11.78772760508582,0.9190560430288315,0.21120128803886473,1,-2021,0.7750437930792202,0.0,0.03766819299198687,step,2,1,0.20007068710401654,settle,sweep:yaw:1789324643082616057;sweep:enc:yaw:1789324643082644314,sweep:enc:yaw:1789324643082644314,FFFFFFFFF81B,"{""counts"":-2021}",1,1,1,1,0,0,0,6.126546,1,0,0,1801945524920857,1,,1801945513859026,1801945519379157,1801945524920857,1801945531047403
393,2,yaw,2,1,post,0.45,10,0.0,0.0,0.0,0,1,1:00000A,1801945519379157,1789324643111212098,1801945552913460,1789324643140051121,11.809647008078173,0.9409754460211843,0.23312069103121758,1,-2021,0.7750437930792202,0.0,0.021919402992352843,step,2,1,0.22864243993535638,settle,sweep:enc:yaw:1789324643111208706,sweep:enc:yaw:1789324643111208706,FFFFFFFFF81B,"{""counts"":-2021}",1,1,1,1,0,0,0,6.0732,1,0,0,1801945546840260,1,,1801945542423706,1801945519379157,1801945546840260,1801945552913460
394,2,yaw,2,1,post,0.45,10,0.0,0.0,0.0,0,1,1:00000A,1801945519379157,1789324643139794539,1801945579712915,1789324643168602330,11.83662579394877,0.9679542318917811,0.26009947690181434,1,-2021,0.7750437930792202,0.0,0.026978785870596766,step,2,1,0.25721646496094763,settle,sweep:enc:yaw:1789324643139791563,sweep:enc:yaw:1789324643139791563,FFFFFFFFF81B,"{""counts"":-2021}",1,1,1,1,0,0,0,5.893869,1,0,0,1801945573819046,1,,1801945571006307,1801945519379157,1801945573819046,1801945579712915
395,2,yaw,2,1,post,0.45,10,0.0,0.0,0.0,0,1,1:00000A,1801945519379157,1789324643168354932,1801945606655733,1789324643197172866,11.863387776073068,0.9947162140160799,0.28686145902611315,1,-2021,0.7750437930792202,0.0,0.02676198212429881,step,2,1,0.28578527295030653,settle,sweep:enc:yaw:1789324643168352212,sweep:enc:yaw:1789324643168352212,FFFFFFFFF81B,"{""counts"":-2021}",1,1,1,1,0,0,0,6.074705,1,0,0,1801945600581028,1,,1801945599566508,1801945519379157,1801945600581028,1801945606655733
396,2,yaw,2,1,post,0.45,10,0.0,0.0,0.0,0,1,1:00000A,1801945519379157,1789324643196921532,1801945638372584,1789324643225797132,11.89548156503588,1.0268100029788911,0.3189552479889244,1,-2021,0.7750437930792202,0.0,0.03209378896281123,step,2,1,0.3143553619738668,settle,sweep:enc:yaw:1789324643196918172,sweep:enc:yaw:1789324643196918172,FFFFFFFFF81B,"{""counts"":-2021}",1,1,1,1,0,0,0,5.697767,1,0,0,1801945632674817,1,,1801945628133204,1801945519379157,1801945632674817,1801945638372584
397,2,yaw,2,1,post,0.45,10,0.0,0.0,0.0,0,1,1:00000A,1801945519379157,1789324643225514694,1801945665194536,1789324643254333876,11.922063606092706,1.0533920440357178,0.3455372890457511,1,-2021,0.7750437930792202,0.0,0.02658204105682671,step,2,1,0.34293108293786645,settle,sweep:enc:yaw:1789324643225510822,sweep:enc:yaw:1789324643225510822,FFFFFFFFF81B,"{""counts"":-2021}",1,1,1,1,0,0,0,5.937678,1,0,0,1801945659256858,1,,1801945656726238,1801945519379157,1801945659256858,1801945665194536
398,2,yaw,2,1,post,0.45,10,0.0,0.0,0.0,0,1,1:00000A,1801945519379157,1789324643254070158,1801945692093928,1789324643282926078,11.948932694038376,1.0802611319813877,0.372406376991421,1,-2021,0.7750437930792202,0.0,0.02686908794566989,step,2,1,0.37149915588088334,settle,sweep:enc:yaw:1789324643254067150,sweep:enc:yaw:1789324643254067150,FFFFFFFFF81B,"{""counts"":-2021}",1,1,1,1,0,0,0,5.967982,0,0,0,1801945686125946,1,,1801945685281766,1801945519379157,1801945686125946,1801945692093928
399,2,yaw,2,1,rest,0.45,10,0.0,0.0,0.0,0,1,1:00000A,1801945718204375,1789324643283148547,1801945729816363,1789324643312128373,11.986725723138079,1.1180541610810906,0.009597797179594636,1,-2021,0.7750437930792202,0.0,0.037793029099702835,step,3,1,3.841705620288849e-07,rest,sweep:yaw:1789324643283132003;sweep:enc:yaw:1789324643283146371,sweep:enc:yaw:1789324643283146371,FFFFFFFFF81B,"{""counts"":-2021}",1,1,0,0,0,0,0,5.897388,1,0,0,1801945723918975,1,,1801945714360315,1801945718204375,1801945723918975,1801945729816363
400,2,yaw,2,1,rest,0.45,10,0.0,0.0,0.0,0,1,1:00000A,1801945718204375,1789324643311825902,1801945751707381,1789324643340660029,12.008369310060516,1.1396977480035275,0.03124138410203159,1,-2021,0.7750437930792202,0.0,0.021643586922436953,step,3,1,0.02864439506083727,rest,sweep:enc:yaw:1789324643311822510,sweep:enc:yaw:1789324643311822510,FFFFFFFFF81B,"{""counts"":-2021}",1,1,0,0,0,0,0,6.144819,1,0,0,1801945745562562,1,,1801945743037574,1801945718204375,1801945745562562,1801945751707381
401,2,yaw,2,1,rest,0.45,10,0.0,0.0,0.0,0,1,1:00000A,1801945718204375,1789324643340386711,1801945778558165,1789324643369203781,12.03544288314879,1.166771321091801,0.058314957190304995,1,-2021,0.7750437930792202,0.0,0.027073573088273406,step,3,1,0.05721176299266517,rest,sweep:enc:yaw:1789324643340383767,sweep:enc:yaw:1789324643340383767,FFFFFFFFF81B,"{""counts"":-2021}",1,1,0,0,0,0,0,5.92203,1,0,0,1801945772636135,1,,1801945771598287,1801945718204375,1801945772636135,1801945778558165
402,2,yaw,2,1,rest,0.45,10,0.0,0.0,0.0,0,1,1:00000A,1801945718204375,1789324643368954431,1801945810355114,1789324643397767342,12.067488990956917,1.198817428899929,0.090361064998433,1,-2021,0.7750437930792202,0.0,0.032046107808128,step,3,1,0.08578274818137288,rest,sweep:enc:yaw:1789324643368951007,sweep:enc:yaw:1789324643368951007,FFFFFFFFF81B,"{""counts"":-2021}",1,1,0,0,0,0,0,5.672871,1,0,0,1801945804682243,1,,1801945800166007,1801945718204375,1801945804682243,1801945810355114
403,2,yaw,2,1,rest,0.45,10,0.0,0.0,0.0,0,1,1:00000A,1801945718204375,1789324643397523176,1801945837388590,1789324643426400792,12.094069272046909,1.2253977099899203,0.11694134608842432,1,-2021,0.7750437930792202,0.0,0.02658028108999133,step,3,1,0.11435558903031051,rest,sweep:enc:yaw:1789324643397519976,sweep:enc:yaw:1789324643397519976,FFFFFFFFF81B,"{""counts"":-2021}",1,1,0,0,0,0,0,6.126066,1,0,0,1801945831262524,1,,1801945828734720,1801945718204375,1801945831262524,1801945837388590
404,2,yaw,2,1,rest,0.45,10,0.0,0.0,0.0,0,1,1:00000A,1801945718204375,1789324643426115761,1801945864067274,1789324643436870994,12.121120477095246,1.2524489150382578,0.1439925511367619,1,-2021,0.7750437930792202,0.0,0.02705120504833758,step,3,1,0.14293182198889554,rest,sweep:enc:yaw:1789324643426112305,sweep:enc:yaw:1789324643426112305,FFFFFFFFF81B,"{""counts"":-2021}",1,1,0,0,0,0,0,5.753545,0,0,0,1801945858313729,1,,1801945857327305,1801945718204375,1801945858313729,1801945864067274
405,2,yaw,2,-1,pre,0.45,10,0.0,0.0,0.0,0,1,1:00000A,1801945718204375,1789324643437356573,1801945874981742,1789324643466260366,12.132336680078879,0.001160572050139308,0.0010042800568044186,1,-2021,0.7750437930792202,,0.011216202983632684,step,0,0,5.119945853948593e-07,settle,sweep:enc:yaw:1789324643437354429,sweep:enc:yaw:1789324643437354429,FFFFFFFFF81B,"{""counts"":-2021}",1,1,1,0,0,0,0,5.45181,1,0,0,1801945869529932,0,short_encoder_dt,1801945868568373,1801945718204375,1801945869529932,1801945874981742
406,2,yaw,2,-1,pre,0.45,10,0.0,0.0,0.0,0,1,1:00000A,1801945718204375,1789324643466015176,1801945906960584,1789324643494916985,12.163814262021333,0.03263815399259329,0.0324818619992584,1,-2021,0.7750437930792202,0.0,0.03147758194245398,step,0,0,0.02864196291193366,settle,sweep:enc:yaw:1789324643466011688,sweep:enc:yaw:1789324643466011688,FFFFFFFFF81B,"{""counts"":-2021}",1,1,1,1,0,0,0,5.95307,1,0,0,1801945901007514,1,,1801945897226752,1801945718204375,1801945901007514,1801945906960584
407,2,yaw,2,-1,pre,0.45,10,0.0,0.0,0.0,0,1,1:00000A,1801945927869690,1789324643494595953,1801945939763222,1789324643523424896,12.196433854987845,0.06525774695910513,0.06510145496577024,1,-2021,0.7750437930792202,0.0,0.032619592966511846,step,0,0,0.05720885097980499,settle,sweep:yaw:1789324643494569552;sweep:enc:yaw:1789324643494593297,sweep:enc:yaw:1789324643494593297,FFFFFFFFF81B,"{""counts"":-2021}",1,1,1,1,0,0,0,6.136115,1,0,0,1801945933627107,1,,1801945925807657,1801945927869690,1801945933627107,1801945939763222
408,2,yaw,2,-1,pre,0.45,10,0.0,0.0,0.0,0,1,1:00000A,1801945927869690,1789324643523156858,1801945961642847,1789324643551987784,12.218310120981187,0.08713401295244694,0.08697772095911205,1,-2021,0.7750437930792202,0.0,0.021876265993341804,step,0,0,0.08578405994921923,settle,sweep:enc:yaw:1789324643523154041,sweep:enc:yaw:1789324643523154041,FFFFFFFFF81B,"{""counts"":-2021}",1,1,1,1,0,0,0,6.139474,1,0,0,1801945955503373,1,,1801945954368466,1801945927869690,1801945955503373,1801945961642847
409,2,yaw,2,-1,pre,0.45,10,0.0,0.0,0.0,0,1,1:00000A,1801945927869690,1789324643551730882,1801945993455605,1789324643580590514,12.250496390974149,0.11932028294540942,0.11916399095207453,1,-2021,0.7750437930792202,0.0,0.03218626999296248,step,0,0,0.1143545969389379,settle,sweep:enc:yaw:1789324643551727650,sweep:enc:yaw:1789324643551727650,FFFFFFFFF81B,"{""counts"":-2021}",1,1,1,1,0,0,0,5.765962,1,0,0,1801945987689643,1,,1801945982942458,1801945927869690,1801945987689643,1801945993455605
410,2,yaw,2,-1,pre,0.45,10,0.0,0.0,0.0,0,1,1:00000A,1801945927869690,1789324643580315723,1801946020290100,1789324643609163899,12.27711760206148,0.1459414940327406,0.1457852020394057,1,-2021,0.7750437930792202,0.0,0.026621211087331176,step,0,0,0.14292862196452916,settle,sweep:enc:yaw:1789324643580312619,sweep:enc:yaw:1789324643580312619,FFFFFFFFF81B,"{""counts"":-2021}",1,1,1,1,0,0,0,5.979246,1,0,0,1801946014310854,1,,1801946011527299,1801945927869690,1801946014310854,1801946020290100
411,2,yaw,2,-1,pre,0.45,10,0.0,0.0,0.0,0,1,1:00000A,1801945927869690,1789324643608878100,1801946047114099,1789324643637687170,12.303988930070773,0.17281282204203308,0.1726565300486982,1,-2021,0.7750437930792202,0.0,0.026871328009292483,step,0,0,0.17149675800465047,settle,sweep:enc:yaw:1789324643608874996,sweep:enc:yaw:1789324643608874996,FFFFFFFFF81B,"{""counts"":-2021}",1,1,1,1,0,0,0,5.931917,1,0,0,1801946041182182,1,,1801946040089676,1801945927869690,1801946041182182,1801946047114099
412,2,yaw,2,-1,pre,0.45,10,0.0,0.0,0.0,0,1,1:00000A,1801945927869690,1789324643637446141,1801946078978699,1789324643666271915,12.336003453005105,0.20482734497636557,0.20467105298303068,1,-2021,0.7750437930792202,0.0,0.03201452293433249,step,0,0,0.20007062307558954,settle,sweep:enc:yaw:1789324643637442589,sweep:enc:yaw:1789324643637442589,FFFFFFFFF81B,"{""counts"":-2021}",1,1,1,1,0,0,0,5.781994,1,0,0,1801946073196705,1,,1801946068657685,1801945927869690,1801946073196705,1801946078978699
413,2,yaw,2,-1,pre,0.45,10,0.0,0.0,0.0,0,1,1:00000A,1801945927869690,1789324643666023526,1801946105726728,1789324643694862645,12.362702392973006,0.23152628494426608,0.2313699929509312,1,-2021,0.7750437930792202,0.0,0.026698939967900515,step,0,0,0.22864215192385018,settle,sweep:enc:yaw:1789324643666020037,sweep:enc:yaw:1789324643666020037,FFFFFFFFF81B,"{""counts"":-2021}",1,1,1,1,0,0,0,5.831083,1,0,0,1801946099895645,1,,1801946097235070,1801945927869690,1801946099895645,1801946105726728
414,2,yaw,2,-1,pre,0.45,10,0.0,0.0,0.0,0,1,1:00000A,1801946126604057,1789324643694599214,1801946138576663,1789324643723441694,12.3953246420715,0.26414853404276073,0.26399224204942584,1,-2021,0.7750437930792202,0.0,0.03262224909849465,step,0,0,0.2572105131112039,settle,sweep:yaw:1789324643694571278;sweep:enc:yaw:1789324643694595694,sweep:enc:yaw:1789324643694595694,FFFFFFFFF81B,"{""counts"":-2021}",1,1,1,1,0,0,0,6.058769,1,0,0,1801946132517894,1,,1801946125810726,1801946126604057,1801946132517894,1801946138576663
415,2,yaw,2,-1,pre,0.45,10,0.0,0.0,0.0,0,1,1:00000A,1801946126604057,1789324643723160503,1801946165439319,1789324643744190476,12.42231405293569,0.29113794490695,0.2909816529136151,1,-2021,0.7750437930792202,0.0,0.026989410864189267,step,0,0,0.28578466502949595,settle,sweep:enc:yaw:1789324643723156983,sweep:enc:yaw:1789324643723156983,FFFFFFFFF81B,"{""counts"":-2021}",1,1,1,1,0,0,0,5.932014,0,0,0,1801946159507305,1,,1801946154372047,1801946126604057,1801946159507305,1801946165439319
416,2,yaw,2,-1,step,0.45,10,-0.45,-0.45,-0.41887902047863906,0,1,1:80040A00000032,1801946176149494,1789324643744436018,1801946189192237,1789324643773379715,12.446118619991466,0.3149425119627267,0.0077125029638409615,1,-2015,0.7727428218973917,-0.09666091285916073,0.023804567055776715,step,1,0,6.400514394044876e-07,step,sweep:yaw:1789324643744418481;sweep:enc:yaw:1789324643744433874,sweep:enc:yaw:1789324643744433874,FFFFFFFFF821,"{""counts"":-2015}",1,1,0,0,0,0,0,5.880365,1,0,0,1801946183311872,1,,1801946175647850,1801946176149494,1801946183311872,1801946189192237
417,2,yaw,2,-1,step,0.45,10,-0.45,-0.45,-0.41887902047863906,0,1,1:80040A00000032,1801946176149494,1789324643773098397,1801946211132535,1789324643801902475,12.46774320001714,0.3365670919883996,0.029337082989513874,1,-1992,0.7639224323670493,-0.40788720612704726,0.021624580025672913,step,1,0,0.028637737967073917,step,sweep:enc:yaw:1789324643773095229,sweep:enc:yaw:1789324643773095229,FFFFFFFFF838,"{""counts"":-1992}",1,1,0,0,0,0,0,6.196083,1,0,0,1801946204936452,1,,1801946204309941,1801946176149494,1801946204936452,1801946211132535
418,2,yaw,2,-1,step,0.45,10,-0.45,-0.45,-0.41887902047863906,0,1,1:80040A00000032,1801946176149494,1789324643801659301,1801946243101585,1789324643830527221,12.499933406943455,0.36875729891471565,0.0615272899158299,1,-1957,0.7505001004730499,-0.4169694194486942,0.03219020692631602,step,1,0,0.05720773106440902,step,sweep:enc:yaw:1789324643801656517,sweep:enc:yaw:1789324643801656517,FFFFFFFFF85B,"{""counts"":-1957}",1,1,0,0,0,0,0,5.974926,1,0,0,1801946237126659,1,,1801946232871037,1801946176149494,1801946237126659,1801946243101585
419,2,yaw,2,-1,step,0.45,10,-0.45,-0.45,-0.41887902047863906,0,1,1:80040A00000032,1801946176149494,1789324643830259599,1801946269765964,1789324643859052477,12.526912064990029,0.39573595696128905,0.0885059479624033,1,-1929,0.7397622349578504,-0.3980133295237544,0.0269786580465734,step,1,0,0.0857883479911834,step,sweep:enc:yaw:1789324643830256879,sweep:enc:yaw:1789324643830256879,FFFFFFFFF877,"{""counts"":-1929}",1,1,0,0,0,0,0,5.660647,1,0,0,1801946264105317,1,,1801946261471015,1801946176149494,1801946264105317,1801946269765964
420,2,yaw,2,-1,step,0.45,10,-0.45,-0.45,-0.41887902047863906,0,1,1:80040A00000032,1801946176149494,1789324643858807415,1801946296763056,1789324643887641318,12.55344924214296,0.42227313411422074,0.11504312511533499,1,-1898,0.7278738838517367,-0.4479885346358471,0.02653717715293169,step,1,0,0.11434989189729095,step,sweep:enc:yaw:1789324643858804823,sweep:enc:yaw:1789324643858804823,FFFFFFFFF896,"{""counts"":-1898}",1,1,0,0,0,0,0,6.120562,1,0,0,1801946290642494,1,,1801946290019183,1801946176149494,1801946290642494,1801946296763056
421,2,yaw,2,-1,step,0.45,10,-0.45,-0.45,-0.41887902047863906,0,1,1:80040A00000032,1801946176149494,1789324643887387520,1801946328587398,1789324643916210831,12.585616695927456,0.45444058789871633,0.14721057889983058,1,-1863,0.7144515519577374,-0.4172643562005757,0.03216745378449559,step,1,0,0.14292894094251096,step,sweep:enc:yaw:1789324643887384768,sweep:enc:yaw:1789324643887384768,FFFFFFFFF8B9,"{""counts"":-1863}",1,1,0,0,0,0,0,5.77745,1,0,0,1801946322809948,1,,1801946318599096,1801946176149494,1801946322809948,1801946328587398
422,2,yaw,2,-1,step,0.45,10,-0.45,-0.45,-0.41887902047863906,0,1,1:80040A00000032,1801946176149494,1789324643915951560,1801946355396453,1789324643944860345,12.612297683954239,0.4811215759254992,0.17389156692661345,1,-1835,0.7037136864425378,-0.40245381859249885,0.02668098802678287,step,1,0,0.17149227811023593,step,sweep:enc:yaw:1789324643915948936,sweep:enc:yaw:1789324643915948936,FFFFFFFFF8D5,"{""counts"":-1835}",1,1,0,0,0,0,0,5.905517,1,0,0,1801946349490936,1,,1801946347163328,1801946176149494,1801946349490936,1801946355396453
423,2,yaw,2,-1,step,0.45,10,-0.45,-0.45,-0.41887902047863906,0,1,1:80040A00000032,1801946376355448,1789324643944549362,1801946389226027,1789324643973356320,12.645943862153217,0.5147677541244775,0.20753774512559175,1,-1793,0.6876068881697387,-0.478711079087379,0.033646178198978305,step,1,0,0.20007004705257714,step,sweep:yaw:1789324643944523249;sweep:enc:yaw:1789324643944546386,sweep:enc:yaw:1789324643944546386,FFFFFFFFF8FF,"{""counts"":-1793}",1,1,0,0,0,0,0,6.088913,1,0,0,1801946383137114,1,,1801946375760906,1801946376355448,1801946383137114,1801946389226027
424,2,yaw,2,-1,step,0.45,10,-0.45,-0.45,-0.41887902047863906,0,1,1:80040A00000032,1801946376355448,1789324643973092058,1801946410959664,1789324644001929001,12.667734717018902,0.5365586089901626,0.22932859999127686,1,-1770,0.6787864986393962,-0.4047748280051317,0.021790854865685105,step,1,0,0.22863885504193604,step,sweep:enc:yaw:1789324643973089306,sweep:enc:yaw:1789324643973089306,FFFFFFFFF916,"{""counts"":-1770}",1,1,0,0,0,0,0,6.031695,1,0,0,1801946404927969,1,,1801946404303666,1801946376355448,1801946404927969,1801946410959664
425,2,yaw,2,-1,step,0.45,10,-0.45,-0.45,-0.41887902047863906,0,1,1:80040A00000032,1801946376355448,1789324644001671779,1801946442927082,1789324644030509042,12.699813849059865,0.5686377410311252,0.26140773203223944,1,-1735,0.6653641667453969,-0.4184131876404899,0.03207913204096258,step,1,0,0.2572123680729419,step,sweep:enc:yaw:1789324644001668707,sweep:enc:yaw:1789324644001668707,FFFFFFFFF939,"{""counts"":-1735}",1,1,0,0,0,0,0,5.919981,1,0,0,1801946437007101,1,,1801946432883291,1801946376355448,1801946437007101,1801946442927082
426,2,yaw,2,-1,step,0.45,10,-0.45,-0.45,-0.41887902047863906,0,1,1:80040A00000032,1801946376355448,1789324644030247564,1801946469755017,1789324644059053114,12.726623479975387,0.5954473719466478,0.288217362947762,1,-1704,0.6534758156392831,-0.44343583630726086,0.026809630915522575,step,1,0,0.28578335302881896,step,sweep:enc:yaw:1789324644030244972,sweep:enc:yaw:1789324644030244972,FFFFFFFFF958,"{""counts"":-1704}",1,1,0,0,0,0,0,5.938285,1,0,0,1801946463816732,1,,1801946461459204,1801946376355448,1801946463816732,1801946469755017
427,2,yaw,2,-1,step,0.45,10,-0.45,-0.45,-0.41887902047863906,0,1,1:80040A00000032,1801946376355448,1789324644058811380,1801946496608265,1789324644087611010,12.753402102040127,0.6222259940113872,0.3149959850125015,1,-1675,0.6423544549271123,-0.4153074301315454,0.026778622064739466,step,1,0,0.31435526604764163,step,sweep:enc:yaw:1789324644058808980,sweep:enc:yaw:1789324644058808980,FFFFFFFFF975,"{""counts"":-1675}",1,1,0,0,0,0,0,6.012911,1,0,0,1801946490595354,1,,1801946490023148,1801946376355448,1801946490595354,1801946496608265
428,2,yaw,2,-1,step,0.45,10,-0.45,-0.45,-0.41887902047863906,0,1,1:80040A00000032,1801946376355448,1789324644087376797,1801946528424575,1789324644116228876,12.78537406399846,0.6541979559697211,0.34696794697083533,1,-1640,0.6289321230331129,-0.41981570951108793,0.03197196195833385,step,1,0,0.3429264419246465,step,sweep:enc:yaw:1789324644087374301,sweep:enc:yaw:1789324644087374301,FFFFFFFFF998,"{""counts"":-1640}",1,1,0,0,0,0,0,5.857259,1,0,0,1801946522567316,1,,1801946518588565,1801946376355448,1801946522567316,1801946528424575
429,2,yaw,2,-1,step,0.45,10,-0.45,-0.45,-0.41887902047863906,0,1,1:80040A00000032,1801946376355448,1789324644115964582,1801946555231294,1789324644144651569,12.812153614126146,0.6809775060974061,0.3737474970985204,1,-1612,0.6181942575179133,-0.4009725878142573,0.02677955012768507,step,1,0,0.3714971069712192,step,sweep:enc:yaw:1789324644115961382,sweep:enc:yaw:1789324644115961382,FFFFFFFFF9B4,"{""counts"":-1612}",1,1,0,0,0,0,0,5.884428,0,0,0,1801946549346866,1,,1801946547176350,1801946376355448,1801946549346866,1801946555231294
430,2,yaw,2,-1,post,0.45,10,0.0,0.0,0.0,0,1,1:00000A,1801946581319595,1789324644144912440,1801946592959329,1789324644173852489,12.849717068020254,0.7185409599915147,0.010827105026692152,1,-1573,0.6032379448360284,-0.3981612746273756,0.037563453894108534,step,2,1,5.760230123996735e-07,settle,sweep:yaw:1789324644144895575;sweep:enc:yaw:1789324644144910519,sweep:enc:yaw:1789324644144910519,FFFFFFFFF9DB,"{""counts"":-1573}",1,1,1,0,0,0,0,6.049009,1,0,0,1801946586910320,1,,1801946576124240,1801946581319595,1801946586910320,1801946592959329
431,2,yaw,2,-1,post,0.45,10,0.0,0.0,0.0,0,1,1:00000A,1801946581319595,1789324644173575074,1801946614878955,1789324644202397809,12.8714887551032,0.740312647074461,0.03259879210963845,1,-1573,0.6032379448360284,0.0,0.0217716870829463,step,2,1,0.02864407398737967,settle,sweep:enc:yaw:1789324644173571810,sweep:enc:yaw:1789324644173571810,FFFFFFFFF9DB,"{""counts"":-1573}",1,1,1,1,0,0,0,6.196948,1,0,0,1801946608682007,1,,1801946604786650,1801946581319595,1801946608682007,1801946614878955
432,2,yaw,2,-1,post,0.45,10,0.0,0.0,0.0,0,1,1:00000A,1801946581319595,1789324644202149003,1801946641726442,1789324644231011867,12.898551224032417,0.7673751160036772,0.05966126103885472,1,-1573,0.6032379448360284,0.0,0.027062468929216266,step,2,1,0.05721189104951918,settle,sweep:enc:yaw:1789324644202146091,sweep:enc:yaw:1789324644202146091,FFFFFFFFF9DB,"{""counts"":-1573}",1,1,1,1,0,0,0,5.981966,1,0,0,1801946635744476,1,,1801946633360579,1801946581319595,1801946635744476,1801946641726442
433,2,yaw,2,-1,post,0.45,10,0.0,0.0,0.0,0,1,1:00000A,1801946581319595,1789324644230727348,1801946668553450,1789324644259534882,12.925443544983864,0.7942674369551241,0.08655358199030161,1,-1573,0.6032379448360284,0.0,0.02689232095144689,step,2,1,0.08578335493803024,settle,sweep:enc:yaw:1789324644230724660,sweep:enc:yaw:1789324644230724660,FFFFFFFFF9DB,"{""counts"":-1573}",1,1,1,1,0,0,0,5.916653,1,0,0,1801946662636797,1,,1801946661938924,1801946581319595,1801946662636797,1801946668553450
434,2,yaw,2,-1,post,0.45,10,0.0,0.0,0.0,0,1,1:00000A,1801946581319595,1789324644259289724,1801946700352927,1789324644288113771,12.957404209999368,0.8262281019706279,0.11851424700580537,1,-1573,0.6032379448360284,0.0,0.031960665015503764,step,2,1,0.1143580840434879,settle,sweep:enc:yaw:1789324644259286620,sweep:enc:yaw:1789324644259286620,FFFFFFFFF9DB,"{""counts"":-1573}",1,1,1,1,0,0,0,5.755465,1,0,0,1801946694597462,1,,1801946690501332,1801946581319595,1801946694597462,1801946700352927
435,2,yaw,2,-1,post,0.45,10,0.0,0.0,0.0,0,1,1:00000A,1801946581319595,1789324644287863941,1801946727151518,1789324644316707604,12.98402887606062,0.8528527680318803,0.14513891306705773,1,-1573,0.6032379448360284,0.0,0.026624666061252356,step,2,1,0.14293031697161496,settle,sweep:enc:yaw:1789324644287860357,sweep:enc:yaw:1789324644287860357,FFFFFFFFF9DB,"{""counts"":-1573}",1,1,1,1,0,0,0,5.92939,1,0,0,1801946721222128,1,,1801946719075517,1801946581319595,1801946721222128,1801946727151518
436,2,yaw,2,-1,post,0.45,10,0.0,0.0,0.0,0,1,1:00000A,1801946581319595,1789324644316439214,1801946759170680,1789324644345264061,13.015899684047326,0.8847235760185868,0.17700972105376422,1,-1573,0.6032379448360284,0.0,0.031870807986706495,step,2,1,0.1714974611531943,settle,sweep:enc:yaw:1789324644316436238,sweep:enc:yaw:1789324644316436238,FFFFFFFFF9DB,"{""counts"":-1573}",1,1,1,1,0,0,0,6.077744,1,0,0,1801946753092936,1,,1801946747650790,1801946581319595,1801946753092936,1801946759170680
437,2,yaw,2,-1,post,0.45,10,0.0,0.0,0.0,0,1,1:00000A,1801946780092683,1789324644345007319,1801946791950117,1789324644373864262,13.048691505100578,0.9175153970718384,0.20980154210701585,1,-1573,0.6032379448360284,0.0,0.032791821053251624,step,2,1,0.20007001399062574,settle,sweep:yaw:1789324644344982070;sweep:enc:yaw:1789324644345004311,sweep:enc:yaw:1789324644345004311,FFFFFFFFF9DB,"{""counts"":-1573}",1,1,1,1,0,0,0,6.06536,1,0,0,1801946785884757,1,,1801946776218895,1801946780092683,1801946785884757,1801946791950117
438,2,yaw,2,-1,post,0.45,10,0.0,0.0,0.0,0,1,1:00000A,1801946780092683,1789324644373582399,1801946813680171,1789324644402412878,13.07049202406779,0.9393159160390496,0.2316020610742271,1,-1573,0.6032379448360284,0.0,0.021800518967211246,step,2,1,0.22864864696748555,settle,sweep:enc:yaw:1789324644373579103,sweep:enc:yaw:1789324644373579103,FFFFFFFFF9DB,"{""counts"":-1573}",1,1,1,1,0,0,0,5.994895,1,0,0,1801946807685276,1,,1801946804794007,1801946780092683,1801946807685276,1801946813680171
439,2,yaw,2,-1,post,0.45,10,0.0,0.0,0.0,0,1,1:00000A,1801946780092683,1789324644402148232,1801946840679246,1789324644430957846,13.097330552060157,0.9661544440314174,0.25844058906659484,1,-1573,0.6032379448360284,0.0,0.026838527992367744,step,2,1,0.25721025513485074,settle,sweep:enc:yaw:1789324644402145128,sweep:enc:yaw:1789324644402145128,FFFFFFFFF9DB,"{""counts"":-1573}",1,1,1,1,0,0,0,6.155442,1,0,0,1801946834523804,1,,1801946833359840,1801946780092683,1801946834523804,1801946840679246
440,2,yaw,2,-1,post,0.45,10,0.0,0.0,0.0,0,1,1:00000A,1801946780092683,1789324644430712465,1801946872488164,1789324644459551360,13.129542327020317,0.9983662189915776,0.2906523640267551,1,-1573,0.6032379448360284,0.0,0.032211774960160255,step,2,1,0.285781207960099,settle,sweep:enc:yaw:1789324644430709744,sweep:enc:yaw:1789324644430709744,FFFFFFFFF9DB,"{""counts"":-1573}",1,1,1,1,0,0,0,5.752585,1,0,0,1801946866735579,1,,1801946861924105,1801946780092683,1801946866735579,1801946872488164
441,2,yaw,2,-1,post,0.45,10,0.0,0.0,0.0,0,1,1:00000A,1801946780092683,1789324644459296282,1801946899310115,1789324644488128360,13.156188466120511,1.0250123580917716,0.31729850312694907,1,-1573,0.6032379448360284,0.0,0.026646139100193977,step,2,1,0.3143596169538796,settle,sweep:enc:yaw:1789324644459292409,sweep:enc:yaw:1789324644459292409,FFFFFFFFF9DB,"{""counts"":-1573}",1,1,1,1,0,0,0,5.928397,1,0,0,1801946893381718,1,,1801946890507858,1801946780092683,1801946893381718,1801946899310115
442,2,yaw,2,-1,post,0.45,10,0.0,0.0,0.0,0,1,1:00000A,1801946780092683,1789324644487870658,1801946926165475,1789324644516755666,13.183036081958562,1.0518599739298224,0.3441461189649999,1,-1573,0.6032379448360284,0.0,0.026847615838050842,step,2,1,0.3429286500904709,settle,sweep:enc:yaw:1789324644487867810,sweep:enc:yaw:1789324644487867810,FFFFFFFFF9DB,"{""counts"":-1573}",1,1,1,1,0,0,0,5.936141,1,0,0,1801946920229334,1,,1801946919082394,1801946780092683,1801946920229334,1801946926165475
443,2,yaw,2,-1,post,0.45,10,0.0,0.0,0.0,0,1,1:00000A,1801946780092683,1789324644516450795,1801946957960377,1789324644545295514,13.215027372119948,1.0838512640912086,0.37613740912638605,1,-1573,0.6032379448360284,0.0,0.03199129016138613,step,2,1,0.3714996019843966,settle,sweep:enc:yaw:1789324644516446507,sweep:enc:yaw:1789324644516446507,FFFFFFFFF9DB,"{""counts"":-1573}",1,1,1,1,0,0,0,5.739753,0,0,0,1801946952220624,1,,1801946947662531,1801946780092683,1801946952220624,1801946957960377
444,2,yaw,2,-1,rest,0.45,10,0.0,0.0,0.0,0,1,1:00000A,1801946978859242,1789324644545528416,1801946990753446,1789324644574462449,13.247542290017009,1.116366181988269,0.008035263046622276,1,-1573,0.6032379448360284,0.0,0.032514917897060513,step,3,1,3.2014213502407074e-07,rest,sweep:yaw:1789324644545510912;sweep:enc:yaw:1789324644545526336,sweep:enc:yaw:1789324644545526336,FFFFFFFFF9DB,"{""counts"":-1573}",1,1,0,0,0,0,0,6.017904,1,0,0,1801946984735542,1,,1801946976740184,1801946978859242,1801946984735542,1801946990753446
445,2,yaw,2,-1,rest,0.45,10,0.0,0.0,0.0,0,1,1:00000A,1801946978859242,1789324644574189099,1801947012611663,1789324644603022938,13.269323513144627,1.1381474051158875,0.02981648617424071,1,-1573,0.6032379448360284,0.0,0.021781223127618432,step,3,1,0.02864084206521511,rest,sweep:enc:yaw:1789324644574185771,sweep:enc:yaw:1789324644574185771,FFFFFFFFF9DB,"{""counts"":-1573}",1,1,0,0,0,0,0,6.094898,1,0,0,1801947006516765,1,,1801947005400835,1801946978859242,1801947006516765,1801947012611663
446,2,yaw,2,-1,rest,0.45,10,0.0,0.0,0.0,0,1,1:00000A,1801946978859242,1789324644602759539,1801947044467526,1789324644631571938,13.301443286938593,1.170267178909853,0.061936259968206286,1,-1573,0.6032379448360284,0.0,0.03211977379396558,step,3,1,0.0572115711402148,rest,sweep:enc:yaw:1789324644602756339,sweep:enc:yaw:1789324644602756339,FFFFFFFFF9DB,"{""counts"":-1573}",1,1,0,0,0,0,0,5.830987,1,0,0,1801947038636539,1,,1801947033971083,1801946978859242,1801947038636539,1801947044467526
447,2,yaw,2,-1,rest,0.45,10,0.0,0.0,0.0,0,1,1:00000A,1801946978859242,1789324644631329724,1801947071307141,1789324644660151499,13.3281825480517,1.1970064400229603,0.08867552108131349,1,-1573,0.6032379448360284,0.0,0.026739261113107204,step,3,1,0.08578082802705467,rest,sweep:enc:yaw:1789324644631326460,sweep:enc:yaw:1789324644631326460,FFFFFFFFF9DB,"{""counts"":-1573}",1,1,0,0,0,0,0,5.931341,1,0,0,1801947065375800,1,,1801947062541332,1801946978859242,1801947065375800,1801947071307141
448,2,yaw,2,-1,rest,0.45,10,0.0,0.0,0.0,0,1,1:00000A,1801946978859242,1789324644659904517,1801947098148868,1789324644688758100,13.3550251389388,1.2238490309100598,0.115518111968413,1,-1573,0.6032379448360284,0.0,0.026842590887099504,step,3,1,0.11435520416125655,rest,sweep:enc:yaw:1789324644659900997,sweep:enc:yaw:1789324644659900997,FFFFFFFFF9DB,"{""counts"":-1573}",1,1,0,0,0,0,0,5.930477,1,0,0,1801947092218391,1,,1801947091116061,1801946978859242,1801947092218391,1801947098148868
449,2,yaw,2,-1,rest,0.45,10,0.0,0.0,0.0,0,1,1:00000A,1801946978859242,1789324644688484654,1801947129954202,1789324644699210157,13.38702660612762,1.25585049809888,0.14751957915723324,1,-1573,0.6032379448360284,0.0,0.03200146718882024,step,3,1,0.14292993303388357,rest,sweep:enc:yaw:1789324644688480942,sweep:enc:yaw:1789324644688480942,FFFFFFFFF9DB,"{""counts"":-1573}",1,1,0,0,0,0,0,5.734344,0,0,0,1801947124219858,1,,1801947119696230,1801946978859242,1801947124219858,1801947129954202
450,2,yaw,3,1,pre,0.45,10,0.0,0.0,0.0,0,1,1:00000A,1801946978859242,1789324644699681657,1801947141900119,1789324644728576873,13.398246872937307,0.004740336909890175,0.004583308938890696,1,-1573,0.6032379448360284,,0.011220266809687018,step,0,0,6.400514394044876e-07,settle,sweep:enc:yaw:1789324644699679353,sweep:enc:yaw:1789324644699679353,FFFFFFFFF9DB,"{""counts"":-1573}",1,1,1,0,0,0,0,6.459994,1,0,0,1801947135440125,0,short_encoder_dt,1801947130893393,1801946978859242,1801947135440125,1801947141900119
451,2,yaw,3,1,pre,0.45,10,0.0,0.0,0.0,0,1,1:00000A,1801946978859242,1789324644728347588,1801947168798776,1789324644757185939,13.425560516072437,0.03205398004502058,0.0318969520740211,1,-1573,0.6032379448360284,0.0,0.027313643135130405,step,0,0,0.028641770128160715,settle,sweep:enc:yaw:1789324644728344547,sweep:enc:yaw:1789324644728344547,FFFFFFFFF9DB,"{""counts"":-1573}",1,1,1,1,0,0,0,6.045008,1,0,0,1801947162753768,1,,1801947159559100,1801946978859242,1801947162753768,1801947168798776
452,2,yaw,3,1,pre,0.45,10,0.0,0.0,0.0,0,1,1:00000A,1801947189716170,1789324644756922956,1801947201603813,1789324644785814909,13.458292751107365,0.0647862150799483,0.06462918710894883,1,-1573,0.6032379448360284,0.0,0.032732235034927726,step,0,0,0.0572083389852196,settle,sweep:yaw:1789324644756895404;sweep:enc:yaw:1789324644756919884,sweep:enc:yaw:1789324644756919884,FFFFFFFFF9DB,"{""counts"":-1573}",1,1,1,1,0,0,0,6.11781,1,0,0,1801947195486003,1,,1801947188134500,1801947189716170,1801947195486003,1801947201603813
453,2,yaw,3,1,pre,0.45,10,0.0,0.0,0.0,0,1,1:00000A,1801947189716170,1789324644785503477,1801947223459310,1789324644814297187,13.480198169127107,0.08669163309969008,0.0865346051286906,1,-1573,0.6032379448360284,0.0,0.021905418019741774,step,0,0,0.08578351512551308,settle,sweep:enc:yaw:1789324644785499253,sweep:enc:yaw:1789324644785499253,FFFFFFFFF9DB,"{""counts"":-1573}",1,1,1,1,0,0,0,6.067889,1,0,0,1801947217391421,1,,1801947216714957,1801947189716170,1801947217391421,1801947223459310
454,2,yaw,3,1,pre,0.45,10,0.0,0.0,0.0,0,1,1:00000A,1801947189716170,1789324644814054973,1801947255281124,1789324644842869068,13.512336343061179,0.11882980703376234,0.11867277906276286,1,-1573,0.6032379448360284,0.0,0.032138173934072256,step,0,0,0.11435213196091354,settle,sweep:enc:yaw:1789324644814052125,sweep:enc:yaw:1789324644814052125,FFFFFFFFF9DB,"{""counts"":-1573}",1,1,1,1,0,0,0,5.751529,1,0,0,1801947249529595,1,,1801947245266613,1801947189716170,1801947249529595,1801947255281124
455,2,yaw,3,1,pre,0.45,10,0.0,0.0,0.0,0,1,1:00000A,1801947189716170,1789324644842624838,1801947282094083,1789324644871476982,13.538997970055789,0.14549143402837217,0.1453344060573727,1,-1573,0.6032379448360284,0.0,0.026661626994609833,step,0,0,0.14292270108126104,settle,sweep:enc:yaw:1789324644842621958,sweep:enc:yaw:1789324644842621958,FFFFFFFFF9DB,"{""counts"":-1573}",1,1,1,1,0,0,0,5.902861,1,0,0,1801947276191222,1,,1801947273836574,1801947189716170,1801947276191222,1801947282094083
456,2,yaw,3,1,pre,0.45,10,0.0,0.0,0.0,0,1,1:00000A,1801947189716170,1789324644871210607,1801947308944483,1789324644900018526,13.565772688016295,0.17226615198887885,0.17210912401787937,1,-1573,0.6032379448360284,0.0,0.026774717960506678,step,0,0,0.1714981021359563,settle,sweep:enc:yaw:1789324644871207503,sweep:enc:yaw:1789324644871207503,FFFFFFFFF9DB,"{""counts"":-1573}",1,1,1,1,0,0,0,5.978543,1,0,0,1801947302965940,1,,1801947302422215,1801947189716170,1801947302965940,1801947308944483
457,2,yaw,3,1,pre,0.45,10,0.0,0.0,0.0,0,1,1:00000A,1801947189716170,1789324644899774648,1801947340748376,1789324644928592742,13.59779633092694,0.20428979489952326,0.20413276692852378,1,-1573,0.6032379448360284,0.0,0.03202364291064441,step,0,0,0.20007001399062574,settle,sweep:enc:yaw:1789324644899771608,sweep:enc:yaw:1789324644899771608,FFFFFFFFF9DB,"{""counts"":-1573}",1,1,1,1,0,0,0,5.758793,1,0,0,1801947334989583,1,,1801947330986224,1801947189716170,1801947334989583,1801947340748376
458,2,yaw,3,1,pre,0.45,10,0.0,0.0,0.0,0,1,1:00000A,1801947189716170,1789324644928345952,1801947367617976,1789324644957202000,13.624460902065039,0.2309543660376221,0.23079733806662261,1,-1573,0.6032379448360284,0.0,0.026664571138098836,step,0,0,0.2286415109410882,settle,sweep:enc:yaw:1789324644928343072,sweep:enc:yaw:1789324644928343072,FFFFFFFFF9DB,"{""counts"":-1573}",1,1,1,1,0,0,0,5.963822,1,0,0,1801947361654154,1,,1801947359557560,1801947189716170,1801947361654154,1801947367617976
459,2,yaw,3,1,pre,0.45,10,0.0,0.0,0.0,0,1,1:00000A,1801947393729255,1789324644956925321,1801947405435165,1789324644985760504,13.662264843005687,0.2687583069782704,0.26860127900727093,1,-1573,0.6032379448360284,0.0,0.03780394094064832,step,0,0,0.2572113119531423,settle,sweep:yaw:1789324644956899273;sweep:enc:yaw:1789324644956922569,sweep:enc:yaw:1789324644956922569,FFFFFFFFF9DB,"{""counts"":-1573}",1,1,1,1,0,0,0,5.97707,1,0,0,1801947399458095,1,,1801947388136929,1801947393729255,1801947399458095,1801947405435165
460,2,yaw,3,1,pre,0.45,10,0.0,0.0,0.0,0,1,1:00000A,1801947393729255,1789324644985488818,1801947427239525,1789324645006510983,13.68410619511269,0.29059965908527374,0.29044263111427426,1,-1573,0.6032379448360284,0.0,0.02184135210700333,step,0,0,0.2857839921489358,settle,sweep:enc:yaw:1789324644985485682,sweep:enc:yaw:1789324644985485682,FFFFFFFFF9DB,"{""counts"":-1573}",1,1,1,1,0,0,0,5.940078,0,0,0,1801947421299447,1,,1801947416700522,1801947393729255,1801947421299447,1801947427239525
461,2,yaw,3,1,step,0.45,10,0.45,0.45,0.41887902047863906,0,1,1:00040A00000032,1801947443038973,1789324645006751852,1801947456209911,1789324645035684702,13.712849280098453,0.3193427440710366,0.012126913061365485,1,-1579,0.6055389160178568,0.08005303477229736,0.028743084985762835,step,1,0,4.800967872142792e-07,step,sweep:yaw:1789324645006734156;sweep:enc:yaw:1789324645006749644,sweep:enc:yaw:1789324645006749644,FFFFFFFFF9D5,"{""counts"":-1579}",1,1,0,0,0,0,0,6.167379,1,0,0,1801947450042532,1,,1801947437963652,1801947443038973,1801947450042532,1801947456209911
462,2,yaw,3,1,step,0.45,10,0.45,0.45,0.41887902047863906,0,1,1:00040A00000032,1801947443038973,1789324645035416279,1801947478089184,1789324645064225510,13.734778763027862,0.3412722270004451,0.034056395990774035,1,-1603,0.6147428007451707,0.41970368188531476,0.02192948292940855,step,1,0,0.02863991493359208,step,sweep:enc:yaw:1789324645035413495,sweep:enc:yaw:1789324645035413495,FFFFFFFFF9BD,"{""counts"":-1603}",1,1,0,0,0,0,0,6.117169,1,0,0,1801947471972015,1,,1801947466627983,1801947443038973,1801947471972015,1801947478089184
463,2,yaw,3,1,step,0.45,10,0.45,0.45,0.41887902047863906,0,1,1:00040A00000032,1801947443038973,1789324645063987872,1801947504873278,1789324645092836303,13.761743468930945,0.3682369329035282,0.06102110189385712,1,-1631,0.6254806662603701,0.39821927054548933,0.026964705903083086,step,1,0,0.057213906897231936,step,sweep:enc:yaw:1789324645063985344,sweep:enc:yaw:1789324645063985344,FFFFFFFFF9A1,"{""counts"":-1631}",1,1,0,0,0,0,0,5.936557,1,0,0,1801947498936721,1,,1801947495199608,1801947443038973,1801947498936721,1801947504873278
464,2,yaw,3,1,step,0.45,10,0.45,0.45,0.41887902047863906,0,1,1:00040A00000032,1801947443038973,1789324645092558473,1801947531715806,1789324645121467481,13.788538058986887,0.39503152295947075,0.08781569194979966,1,-1661,0.6369855221695125,0.42937234289168935,0.026794590055942535,step,1,0,0.08578210789710283,step,sweep:enc:yaw:1789324645092555560,sweep:enc:yaw:1789324645092555560,FFFFFFFFF983,"{""counts"":-1661}",1,1,0,0,0,0,0,5.984495,1,0,0,1801947525731311,1,,1801947523770113,1801947443038973,1801947525731311,1801947531715806
465,2,yaw,3,1,step,0.45,10,0.45,0.45,0.41887902047863906,0,1,1:00040A00000032,1801947443038973,1789324645121156658,1801947563528468,1789324645149939519,13.82064263196662,0.4271360959392041,0.119920264929533,1,-1695,0.6500243588665404,0.40613643125728244,0.03210457297973335,step,1,0,0.11436298093758523,step,sweep:enc:yaw:1789324645121153170,sweep:enc:yaw:1789324645121153170,FFFFFFFFF961,"{""counts"":-1695}",1,1,0,0,0,0,0,5.692584,1,0,0,1801947557835884,1,,1801947552368106,1801947443038973,1801947557835884,1801947563528468
466,2,yaw,3,1,step,0.45,10,0.45,0.45,0.41887902047863906,0,1,1:00040A00000032,1801947443038973,1789324645149695194,1801947590399220,1789324645178513256,13.847258978057653,0.4537524420302361,0.14653661102056503,1,-1724,0.6611457195787114,0.41783949886036875,0.026616346091032028,step,1,0,0.1429254210088402,step,sweep:enc:yaw:1789324645149691866,sweep:enc:yaw:1789324645149691866,FFFFFFFFF944,"{""counts"":-1724}",1,1,0,0,0,0,0,5.94699,1,0,0,1801947584452230,1,,1801947580906770,1801947443038973,1801947584452230,1801947590399220
467,2,yaw,3,1,step,0.45,10,0.45,0.45,0.41887902047863906,0,1,1:00040A00000032,1801947443038973,1789324645178270050,1801947617203506,1789324645207118674,13.874097920954227,0.48059138492681086,0.17337555391713977,1,-1755,0.673034070684825,0.4429515406745347,0.026838942896574736,step,1,0,0.17149819806218147,step,sweep:enc:yaw:1789324645178266914,sweep:enc:yaw:1789324645178266914,FFFFFFFFF925,"{""counts"":-1755}",1,1,0,0,0,0,0,5.912333,1,0,0,1801947611291173,1,,1801947609481594,1801947443038973,1801947611291173,1801947617203506
468,2,yaw,3,1,step,0.45,10,0.45,0.45,0.41887902047863906,0,1,1:00040A00000032,1801947643258719,1789324645206853099,1801947656051664,1789324645235689946,13.912751354044303,0.5192448180168867,0.21202898700721562,1,-1802,0.6910583449424813,0.4663046155733052,0.03865343309007585,step,1,0,0.2000726698897779,step,sweep:yaw:1789324645206826795;sweep:enc:yaw:1789324645206850027,sweep:enc:yaw:1789324645206850027,FFFFFFFFF8F6,"{""counts"":-1802}",1,1,0,0,0,0,0,6.107058,1,0,0,1801947649944606,1,,1801947638064675,1801947643258719,1801947649944606,1801947656051664
469,2,yaw,3,1,step,0.45,10,0.45,0.45,0.41887902047863906,0,1,1:00040A00000032,1801947643258719,1789324645235411380,1801947677875960,1789324645264233666,13.93464688397944,0.5411403479520231,0.23392451694235206,1,-1826,0.7002622296697952,0.4203545086407873,0.021895529935136437,step,1,0,0.22863831091672182,step,sweep:enc:yaw:1789324645235408692,sweep:enc:yaw:1789324645235408692,FFFFFFFFF8DE,"{""counts"":-1826}",1,1,0,0,0,0,0,6.035824,1,0,0,1801947671840136,1,,1801947666623116,1801947643258719,1801947671840136,1801947677875960
470,2,yaw,3,1,step,0.45,10,0.45,0.45,0.41887902047863906,0,1,1:00040A00000032,1801947643258719,1789324645263983260,1801947704749848,1789324645292835660,13.961535012116656,0.5680284760892391,0.26081264507956803,1,-1854,0.7110000951849946,0.399353404610456,0.026888128137215972,step,1,0,0.2572121759876609,step,sweep:enc:yaw:1789324645263980572,sweep:enc:yaw:1789324645263980572,FFFFFFFFF8C2,"{""counts"":-1854}",1,1,0,0,0,0,0,6.021584,1,0,0,1801947698728264,1,,1801947695194964,1801947643258719,1801947698728264,1801947704749848
471,2,yaw,3,1,step,0.45,10,0.45,0.45,0.41887902047863906,0,1,1:00040A00000032,1801947643258719,1789324645292559173,1801947731584183,1789324645321362803,13.988465574104339,0.5949590380769223,0.2877432070672512,1,-1882,0.7217379607001941,0.3987241528829039,0.026930561987683177,step,1,0,0.28578434395603836,step,sweep:enc:yaw:1789324645292556133,sweep:enc:yaw:1789324645292556133,FFFFFFFFF8A6,"{""counts"":-1882}",1,1,0,0,0,0,0,5.925357,1,0,0,1801947725658826,1,,1801947723770813,1801947643258719,1801947725658826,1801947731584183
472,2,yaw,3,1,step,0.45,10,0.45,0.45,0.41887902047863906,0,1,1:00040A00000032,1801947643258719,1789324645321119885,1801947763386797,1789324645349950684,14.020386141957715,0.6268796059302986,0.3196637749206275,1,-1920,0.7363107781851077,0.4565337794694711,0.03192056785337627,step,1,0,0.31435094494372606,step,sweep:enc:yaw:1789324645321116973,sweep:enc:yaw:1789324645321116973,FFFFFFFFF880,"{""counts"":-1920}",1,1,0,0,0,0,0,5.807403,1,0,0,1801947757579394,1,,1801947752331461,1801947643258719,1801947757579394,1801947763386797
473,2,yaw,3,1,step,0.45,10,0.45,0.45,0.41887902047863906,0,1,1:00040A00000032,1801947643258719,1789324645349697398,1801947790238508,1789324645378540549,14.047067546052858,0.6535610100254416,0.34634517901577055,1,-1948,0.7470486437003072,0.40244754274960226,0.02668140409514308,step,1,0,0.3429255778901279,step,sweep:enc:yaw:1789324645349694550,sweep:enc:yaw:1789324645349694550,FFFFFFFFF864,"{""counts"":-1948}",1,1,0,0,0,0,0,5.97771,1,0,0,1801947784260798,1,,1801947780908974,1801947643258719,1801947784260798,1801947790238508
474,2,yaw,3,1,step,0.45,10,0.45,0.45,0.41887902047863906,0,1,1:00040A00000032,1801947643258719,1789324645378274879,1801947817088876,1789324645406990059,14.073937914101407,0.6804313780739903,0.37321554706431925,1,-1977,0.7581700044124782,0.4138894075465273,0.0268703680485487,step,1,0,0.3714972340967506,step,sweep:enc:yaw:1789324645378271487,sweep:enc:yaw:1789324645378271487,FFFFFFFFF847,"{""counts"":-1977}",1,1,0,0,0,0,0,5.95771,0,0,0,1801947811131166,1,,1801947809486487,1801947643258719,1801947811131166,1801947817088876
475,2,yaw,3,1,post,0.45,10,0.0,0.0,0.0,0,1,1:00000A,1801947843126328,1789324645407320115,1801947854825679,1789324645436227652,14.111714045982808,0.7182075099553913,0.01042565586976707,1,-2017,0.7735098122913345,0.40607142962694137,0.03777613188140094,step,2,1,3.1990930438041687e-07,settle,sweep:yaw:1789324645407300850;sweep:enc:yaw:1789324645407317939,sweep:enc:yaw:1789324645407317939,FFFFFFFFF81F,"{""counts"":-2017}",1,1,1,0,0,0,0,5.918381,1,0,0,1801947848907298,1,,1801947838531947,1801947843126328,1801947848907298,1801947854825679
476,2,yaw,3,1,post,0.45,10,0.0,0.0,0.0,0,1,1:00000A,1801947843126328,1789324645435967069,1801947876770170,1789324645464811981,14.1333771541249,0.7398706180974841,0.032088764011859894,1,-2017,0.7735098122913345,0.0,0.021663108142092824,step,2,1,0.02863969001919031,settle,sweep:enc:yaw:1789324645435964125,sweep:enc:yaw:1789324645435964125,FFFFFFFFF81F,"{""counts"":-2017}",1,1,1,1,0,0,0,6.199764,1,0,0,1801947870570406,1,,1801947867178613,1801947843126328,1801947870570406,1801947876770170
477,2,yaw,3,1,post,0.45,10,0.0,0.0,0.0,0,1,1:00000A,1801947843126328,1789324645464543590,1801947903578392,1789324645493375733,14.160528713138774,0.7670221771113575,0.05924032302573323,1,-2017,0.7735098122913345,0.0,0.02715155901387334,step,2,1,0.05721102701500058,settle,sweep:enc:yaw:1789324645464540582,sweep:enc:yaw:1789324645464540582,FFFFFFFFF81F,"{""counts"":-2017}",1,1,1,1,0,0,0,5.856427,1,0,0,1801947897721965,1,,1801947895755134,1801947843126328,1801947897721965,1801947903578392
478,2,yaw,3,1,post,0.45,10,0.0,0.0,0.0,0,1,1:00000A,1801947843126328,1789324645493114703,1801947935369134,1789324645521928605,14.19238115195185,0.7988746159244329,0.09109276183880866,1,-2017,0.7735098122913345,0.0,0.03185243881307542,step,2,1,0.08578172302804887,settle,sweep:enc:yaw:1789324645493111727,sweep:enc:yaw:1789324645493111727,FFFFFFFFF81F,"{""counts"":-2017}",1,1,1,1,0,0,0,5.79473,1,0,0,1801947929574404,1,,1801947924326343,1801947843126328,1801947929574404,1801947935369134
479,2,yaw,3,1,post,0.45,10,0.0,0.0,0.0,0,1,1:00000A,1801947843126328,1789324645521685655,1801947962232590,1789324645550500422,14.219099804060534,0.8255932680331171,0.11781141394749284,1,-2017,0.7735098122913345,0.0,0.026718652108684182,step,2,1,0.1143562279175967,settle,sweep:enc:yaw:1789324645521682487,sweep:enc:yaw:1789324645521682487,FFFFFFFFF81F,"{""counts"":-2017}",1,1,1,1,0,0,0,5.939534,1,0,0,1801947956293056,1,,1801947952897199,1801947843126328,1801947956293056,1801947962232590
480,2,yaw,3,1,post,0.45,10,0.0,0.0,0.0,0,1,1:00000A,1801947843126328,1789324645550257376,1801947989143919,1789324645579110959,14.245961660053581,0.8524551240261644,0.1446732699405402,1,-2017,0.7735098122913345,0.0,0.026861855993047357,step,2,1,0.14292836491949856,settle,sweep:enc:yaw:1789324645550254016,sweep:enc:yaw:1789324645550254016,FFFFFFFFF81F,"{""counts"":-2017}",1,1,1,1,0,0,0,5.989007,1,0,0,1801947983154912,1,,1801947981469112,1801947843126328,1801947983154912,1801947989143919
481,2,yaw,3,1,post,0.45,10,0.0,0.0,0.0,0,1,1:00000A,1801947843126328,1789324645578829673,1801948020842370,1789324645607646167,14.278053944930434,0.8845474089030176,0.17676555481739342,1,-2017,0.7735098122913345,0.0,0.03209228487685323,step,2,1,0.17149845301173627,settle,sweep:enc:yaw:1789324645578826249,sweep:enc:yaw:1789324645578826249,FFFFFFFFF81F,"{""counts"":-2017}",1,1,1,1,0,0,0,5.595173,1,0,0,1801948015247197,1,,1801948010041217,1801947843126328,1801948015247197,1801948020842370
482,2,yaw,3,1,post,0.45,10,0.0,0.0,0.0,0,1,1:00000A,1801948041775765,1789324645607402225,1801948053673008,1789324645636236992,14.310559327015653,0.9170527909882367,0.20927093690261245,1,-2017,0.7735098122913345,0.0,0.032505382085219026,step,2,1,0.2000713578891009,settle,sweep:yaw:1789324645607377617;sweep:enc:yaw:1789324645607398993,sweep:enc:yaw:1789324645607398993,FFFFFFFFF81F,"{""counts"":-2017}",1,1,1,1,0,0,0,5.920429,1,0,0,1801948047752579,1,,1801948038613737,1801948041775765,1801948047752579,1801948053673008
483,2,yaw,3,1,post,0.45,10,0.0,0.0,0.0,0,1,1:00000A,1801948041775765,1789324645635971130,1801948075569370,1789324645664840298,14.332194274058565,0.9386877380311489,0.2309058839455247,1,-2017,0.7735098122913345,0.0,0.021634947042912245,step,2,1,0.22864272701554,settle,sweep:enc:yaw:1789324645635968602,sweep:enc:yaw:1789324645635968602,FFFFFFFFF81F,"{""counts"":-2017}",1,1,1,1,0,0,0,6.181844,1,0,0,1801948069387526,1,,1801948067182674,1801948041775765,1801948069387526,1801948075569370
484,2,yaw,3,1,post,0.45,10,0.0,0.0,0.0,0,1,1:00000A,1801948041775765,1789324645664549155,1801948102394873,1789324645693400754,14.359216294018552,0.9657097579911351,0.2579279039055109,1,-2017,0.7735098122913345,0.0,0.02702201995998621,step,2,1,0.2572126230224967,settle,sweep:enc:yaw:1789324645664546371,sweep:enc:yaw:1789324645664546371,FFFFFFFFF81F,"{""counts"":-2017}",1,1,1,1,0,0,0,5.985327,1,0,0,1801948096409546,1,,1801948095760827,1801948041775765,1801948096409546,1801948102394873
485,2,yaw,3,1,post,0.45,10,0.0,0.0,0.0,0,1,1:00000A,1801948041775765,1789324645693129868,1801948134374387,1789324645721924218,14.391258754068986,0.997752218041569,0.2899703639559448,1,-2017,0.7735098122913345,0.0,0.032042460050433874,step,2,1,0.28578219981864095,settle,sweep:enc:yaw:1789324645693126092,sweep:enc:yaw:1789324645693126092,FFFFFFFFF81F,"{""counts"":-2017}",1,1,1,1,0,0,0,5.922381,1,0,0,1801948128452006,1,,1801948124341284,1801948041775765,1801948128452006,1801948134374387
486,2,yaw,3,1,post,0.45,10,0.0,0.0,0.0,0,1,1:00000A,1801948041775765,1789324645721684276,1801948161130928,1789324645750483362,14.418036862974986,1.0245303269475698,0.31674847286194563,1,-2017,0.7735098122913345,0.0,0.026778108906000853,step,2,1,0.31435449584387243,settle,sweep:enc:yaw:1789324645721681492,sweep:enc:yaw:1789324645721681492,FFFFFFFFF81F,"{""counts"":-2017}",1,1,1,1,0,0,0,5.900813,1,0,0,1801948155230115,1,,1801948152895884,1801948041775765,1801948155230115,1801948161130928
487,2,yaw,3,1,post,0.45,10,0.0,0.0,0.0,0,1,1:00000A,1801948041775765,1789324645750248668,1801948188147700,1789324645779101292,14.444798365002498,1.0512918289750814,0.3435099748894572,1,-2017,0.7735098122913345,0.0,0.026761502027511597,step,2,1,0.34292244096286595,settle,sweep:enc:yaw:1789324645750245788,sweep:enc:yaw:1789324645750245788,FFFFFFFFF81F,"{""counts"":-2017}",1,1,1,1,0,0,0,6.156083,1,0,0,1801948181991617,1,,1801948181460276,1801948041775765,1801948181991617,1801948188147700
488,2,yaw,3,1,post,0.45,10,0.0,0.0,0.0,0,1,1:00000A,1801948041775765,1789324645778835909,1801948219712900,1789324645807705557,14.47702121315524,1.0835146771278232,0.375732823042199,1,-2017,0.7735098122913345,0.0,0.03222284815274179,step,2,1,0.37149745784699917,settle,sweep:enc:yaw:1789324645778832293,sweep:enc:yaw:1789324645778832293,FFFFFFFFF81F,"{""counts"":-2017}",1,1,1,1,0,0,0,5.498435,0,0,0,1801948214214465,1,,1801948210047517,1801948041775765,1801948214214465,1801948219712900
489,2,yaw,3,1,rest,0.45,10,0.0,0.0,0.0,0,1,1:00000A,1801948240671735,1789324645807965755,1801948252681109,1789324645837071793,14.509412735933438,1.1159061999060214,0.007469105999916792,1,-2017,0.7735098122913345,0.0,0.03239152277819812,step,3,1,5.441252142190933e-07,rest,sweep:yaw:1789324645807948315;sweep:enc:yaw:1789324645807963643,sweep:enc:yaw:1789324645807963643,FFFFFFFFF81F,"{""counts"":-2017}",1,1,0,0,0,0,0,6.075121,1,0,0,1801948246605988,1,,1801948239177491,1801948240671735,1801948246605988,1801948252681109
490,2,yaw,3,1,rest,0.45,10,0.0,0.0,0.0,0,1,1:00000A,1801948240671735,1789324645836664391,1801948276257799,1789324645865581496,14.53138884413056,1.1378823081031442,0.029445214197039604,1,-2017,0.7735098122913345,0.0,0.021976108197122812,step,3,1,0.028664651094004512,rest,sweep:enc:yaw:1789324645836661127,sweep:enc:yaw:1789324645836661127,FFFFFFFFF81F,"{""counts"":-2017}",1,1,0,0,0,0,0,7.675703,1,0,0,1801948268582096,1,,1801948267875999,1801948240671735,1801948268582096,1801948276257799
491,2,yaw,3,1,rest,0.45,10,0.0,0.0,0.0,0,1,1:00000A,1801948240671735,1789324645865250928,1801948303300875,1789324645894167169,14.560166713083163,1.1666601770557463,0.05822308314964175,1,-2017,0.7735098122913345,0.0,0.028777868952602148,step,3,1,0.05723454803228378,rest,sweep:enc:yaw:1789324645865247408,sweep:enc:yaw:1789324645865247408,FFFFFFFFF81F,"{""counts"":-2017}",1,1,0,0,0,0,0,5.94091,1,0,0,1801948297359965,1,,1801948296462472,1801948240671735,1801948297359965,1801948303300875
492,2,yaw,3,1,rest,0.45,10,0.0,0.0,0.0,0,1,1:00000A,1801948240671735,1789324645893851673,1801948335110849,1789324645922615527,14.592199411941692,1.1986928759142756,0.09025578200817108,1,-2017,0.7735098122913345,0.0,0.03203269885852933,step,3,1,0.08584706904366612,rest,sweep:enc:yaw:1789324645893848793,sweep:enc:yaw:1789324645893848793,FFFFFFFFF81F,"{""counts"":-2017}",1,1,0,0,0,0,0,5.718185,1,0,0,1801948329392664,1,,1801948325063217,1801948240671735,1801948329392664,1801948335110849
493,2,yaw,3,1,rest,0.45,10,0.0,0.0,0.0,0,1,1:00000A,1801948240671735,1789324645922348448,1801948361899199,1789324645951201872,14.618759117089212,1.2252525810617954,0.11681548715569079,1,-2017,0.7735098122913345,0.0,0.026559705147519708,step,3,1,0.1143592051230371,rest,sweep:enc:yaw:1789324645922345312,sweep:enc:yaw:1789324645922345312,FFFFFFFFF81F,"{""counts"":-2017}",1,1,0,0,0,0,0,5.94683,1,0,0,1801948355952369,1,,1801948353560024,1801948240671735,1801948355952369,1801948361899199
494,2,yaw,3,1,rest,0.45,10,0.0,0.0,0.0,0,1,1:00000A,1801948240671735,1789324645950924617,1801948388903586,1789324645961731242,14.645482409978285,1.2519758739508688,0.14353878004476428,1,-2017,0.7735098122913345,0.0,0.02672329288907349,step,3,1,0.14293015701696277,rest,sweep:enc:yaw:1789324645950921417,sweep:enc:yaw:1789324645950921417,FFFFFFFFF81F,"{""counts"":-2017}",1,1,0,0,0,0,0,6.227924,0,0,0,1801948382675662,1,,1801948382136353,1801948240671735,1801948382675662,1801948388903586
495,2,yaw,3,-1,pre,0.45,10,0.0,0.0,0.0,0,1,1:00000A,1801948240671735,1789324645962281719,1801948400684795,1789324645991178728,14.657105918973684,0.0010541370138525963,0.0008493328932672739,1,-2017,0.7735098122913345,,0.011623508995398879,step,0,0,6.400514394044876e-07,settle,sweep:enc:yaw:1789324645962279639,sweep:enc:yaw:1789324645962279639,FFFFFFFFF81F,"{""counts"":-2017}",1,1,1,0,0,0,0,6.385624,1,0,0,1801948394299171,0,short_encoder_dt,1801948393493487,1801948240671735,1801948394299171,1801948400684795
496,2,yaw,3,-1,pre,0.45,10,0.0,0.0,0.0,0,1,1:00000A,1801948240671735,1789324645990938594,1801948432492081,1789324646019822066,14.68929484509863,0.03324306313879788,0.03303825901821256,1,-2017,0.7735098122913345,0.0,0.03218892612494528,step,0,0,0.028643210884183645,settle,sweep:enc:yaw:1789324645990936066,sweep:enc:yaw:1789324645990936066,FFFFFFFFF81F,"{""counts"":-2017}",1,1,1,1,0,0,0,6.003984,1,0,0,1801948426488097,1,,1801948422150170,1801948240671735,1801948426488097,1801948432492081
497,2,yaw,3,-1,pre,0.45,10,0.0,0.0,0.0,0,1,1:00000A,1801948453401315,1789324646019530827,1801948465296030,1789324646048389947,14.721967752091587,0.06591597013175488,0.06571116601116955,1,-2017,0.7735098122913345,0.0,0.032672906992956996,step,0,0,0.05721614696085453,settle,sweep:yaw:1789324646019501771;sweep:enc:yaw:1789324646019528075,sweep:enc:yaw:1789324646019528075,FFFFFFFFF81F,"{""counts"":-2017}",1,1,1,1,0,0,0,6.135026,1,0,0,1801948459161004,1,,1801948450742403,1801948453401315,1801948459161004,1801948465296030
498,2,yaw,3,-1,pre,0.45,10,0.0,0.0,0.0,0,1,1:00000A,1801948453401315,1789324646048092564,1801948487202632,1789324646076923106,14.743645451962948,0.08759367000311613,0.08738886588253081,1,-2017,0.7735098122913345,0.0,0.021677699871361256,step,0,0,0.08578565996140242,settle,sweep:enc:yaw:1789324646048089236,sweep:enc:yaw:1789324646048089236,FFFFFFFFF81F,"{""counts"":-2017}",1,1,1,1,0,0,0,6.363928,1,0,0,1801948480838704,1,,1801948479304300,1801948453401315,1801948480838704,1801948487202632
499,2,yaw,3,-1,pre,0.45,10,0.0,0.0,0.0,0,1,1:00000A,1801948453401315,1789324646076655580,1801948518997693,1789324646105473802,14.775793322129175,0.11974154016934335,0.11953673604875803,1,-2017,0.7735098122913345,0.0,0.03214787016622722,step,0,0,0.1143548209220171,settle,sweep:enc:yaw:1789324646076652540,sweep:enc:yaw:1789324646076652540,FFFFFFFFF81F,"{""counts"":-2017}",1,1,1,1,0,0,0,6.011119,1,0,0,1801948512986574,1,,1801948507867188,1801948453401315,1801948512986574,1801948518997693
500,2,yaw,3,-1,pre,0.45,10,0.0,0.0,0.0,0,1,1:00000A,1801948453401315,1789324646105227653,1801948545816988,1789324646134105652,14.802457476966083,0.14640569500625134,0.146200890885666,1,-2017,0.7735098122913345,0.0,0.026664154836907983,step,0,0,0.14292865293100476,settle,sweep:enc:yaw:1789324646105224453,sweep:enc:yaw:1789324646105224453,FFFFFFFFF81F,"{""counts"":-2017}",1,1,1,1,0,0,0,6.166259,1,0,0,1801948539650729,1,,1801948536439261,1801948453401315,1801948539650729,1801948545816988
501,2,yaw,3,-1,pre,0.45,10,0.0,0.0,0.0,0,1,1:00000A,1801948453401315,1789324646133814734,1801948572690684,1789324646162681341,14.829460232052952,0.17340845009312034,0.17320364597253501,1,-2017,0.7735098122913345,0.0,0.027002755086869,step,0,0,0.17149934987537563,settle,sweep:enc:yaw:1789324646133811469,sweep:enc:yaw:1789324646133811469,FFFFFFFFF81F,"{""counts"":-2017}",1,1,1,1,0,0,0,6.0372,1,0,0,1801948566653484,1,,1801948565026310,1801948453401315,1801948566653484,1801948572690684
502,2,yaw,3,-1,pre,0.45,10,0.0,0.0,0.0,0,1,1:00000A,1801948453401315,1789324646162383222,1801948604495154,1789324646191184900,14.86132719903253,0.20527541707269847,0.20507061295211315,1,-2017,0.7735098122913345,0.0,0.03186696697957814,step,0,0,0.20006812596693635,settle,sweep:enc:yaw:1789324646162380374,sweep:enc:yaw:1789324646162380374,FFFFFFFFF81F,"{""counts"":-2017}",1,1,1,1,0,0,0,5.974703,1,0,0,1801948598520451,1,,1801948593594958,1801948453401315,1801948598520451,1801948604495154
503,2,yaw,3,-1,pre,0.45,10,0.0,0.0,0.0,0,1,1:00000A,1801948453401315,1789324646190940862,1801948631483381,1789324646219773773,14.887991514988244,0.23193973302841187,0.23173492890782654,1,-2017,0.7735098122913345,0.0,0.02666431595571339,step,0,0,0.22864355891942978,settle,sweep:enc:yaw:1789324646190938078,sweep:enc:yaw:1789324646190938078,FFFFFFFFF81F,"{""counts"":-2017}",1,1,1,1,0,0,0,6.298614,1,0,0,1801948625184767,1,,1801948622152598,1801948453401315,1801948625184767,1801948631483381
504,2,yaw,3,-1,pre,0.45,10,0.0,0.0,0.0,0,1,1:00000A,1801948453401315,1789324646219520935,1801948658166544,1789324646248432664,14.91501638200134,0.2589646000415087,0.25875979592092335,1,-2017,0.7735098122913345,0.0,0.02702486701309681,step,0,0,0.25721486285328865,settle,sweep:enc:yaw:1789324646219517895,sweep:enc:yaw:1789324646219517895,FFFFFFFFF81F,"{""counts"":-2017}",1,1,1,1,0,0,0,5.95691,1,0,0,1801948652209634,1,,1801948650732671,1801948453401315,1801948652209634,1801948658166544
505,2,yaw,3,-1,pre,0.45,10,0.0,0.0,0.0,0,1,1:00000A,1801948684259070,1789324646248106864,1801948695968469,1789324646269205479,14.952801313949749,0.29674953198991716,0.29654472786933184,1,-2017,0.7735098122913345,0.0,0.037784931948408484,step,0,0,0.28578716004267335,settle,sweep:yaw:1789324646248077135;sweep:enc:yaw:1789324646248104304,sweep:enc:yaw:1789324646248104304,FFFFFFFFF81F,"{""counts"":-2017}",1,1,1,1,0,0,0,5.973903,0,0,0,1801948689994566,1,,1801948679318568,1801948684259070,1801948689994566,1801948695968469
506,2,yaw,3,-1,step,0.45,10,-0.45,-0.45,-0.41887902047863906,0,1,1:80040A00000032,1801948701392214,1789324646269494510,1801948713910912,1789324646298526625,14.970553257036954,0.31450147507712245,0.007088840939104557,1,-2010,0.7708253459125347,-0.151220988351109,0.01775194308720529,step,1,0,7.359776645898819e-07,step,sweep:yaw:1789324646269476365;sweep:enc:yaw:1789324646269492269,sweep:enc:yaw:1789324646269492269,FFFFFFFFF826,"{""counts"":-2010}",1,1,0,0,0,0,0,6.164403,1,0,0,1801948707746509,1,,1801948700706277,1801948701392214,1801948707746509,1801948713910912
507,2,yaw,3,-1,step,0.45,10,-0.45,-0.45,-0.41887902047863906,0,1,1:80040A00000032,1801948701392214,1789324646298179417,1801948740755903,1789324646326964422,14.997432873118669,0.3413810911588371,0.03396845702081919,1,-1982,0.7600874803973352,-0.3994798691527497,0.02687961608171463,step,1,0,0.028640586882829666,step,sweep:enc:yaw:1789324646298176057,sweep:enc:yaw:1789324646298176057,FFFFFFFFF842,"{""counts"":-1982}",1,1,0,0,0,0,0,6.129778,1,0,0,1801948734626125,1,,1801948729390865,1801948701392214,1801948734626125,1801948740755903
508,2,yaw,3,-1,step,0.45,10,-0.45,-0.45,-0.41887902047863906,0,1,1:80040A00000032,1801948701392214,1789324646326726977,1801948767597695,1789324646355590800,15.024258440127596,0.36820665816776454,0.06079402402974665,1,-1952,0.7485826244881929,-0.4288765231062411,0.026825567008927464,step,1,0,0.057214739033952355,step,sweep:enc:yaw:1789324646326724417,sweep:enc:yaw:1789324646326724417,FFFFFFFFF860,"{""counts"":-1952}",1,1,0,0,0,0,0,6.146003,1,0,0,1801948761451692,1,,1801948757938553,1801948701392214,1801948761451692,1801948767597695
509,2,yaw,3,-1,step,0.45,10,-0.45,-0.45,-0.41887902047863906,0,1,1:80040A00000032,1801948701392214,1789324646355315562,1801948794456287,1789324646384155929,15.051304365042597,0.39525258308276534,0.08783994894474745,1,-1924,0.7378447589729934,-0.3970234166125278,0.027045924915000796,step,1,0,0.08578649186529219,step,sweep:enc:yaw:1789324646355312650,sweep:enc:yaw:1789324646355312650,FFFFFFFFF87C,"{""counts"":-1924}",1,1,0,0,0,0,0,5.95867,1,0,0,1801948788497617,1,,1801948786527170,1801948701392214,1801948788497617,1801948794456287
510,2,yaw,3,-1,step,0.45,10,-0.45,-0.45,-0.41887902047863906,0,1,1:80040A00000032,1801948701392214,1789324646383883410,1801948826227507,1789324646412699777,15.083111298037693,0.4270595160778612,0.1196468819398433,1,-1887,0.7236554366850512,-0.4461078435361879,0.03180693299509585,step,1,0,0.11435731593519449,step,sweep:enc:yaw:1789324646383880242,sweep:enc:yaw:1789324646383880242,FFFFFFFFF8A1,"{""counts"":-1887}",1,1,0,0,0,0,0,5.922957,1,0,0,1801948820304550,1,,1801948815094986,1801948701392214,1801948820304550,1801948826227507
511,2,yaw,3,-1,step,0.45,10,-0.45,-0.45,-0.41887902047863906,0,1,1:80040A00000032,1801948701392214,1789324646412447579,1801948853073555,1789324646441259433,15.109746268950403,0.453694486990571,0.14628185285255313,1,-1858,0.7125340759728803,-0.41754731959793095,0.026634970912709832,step,1,0,0.14292871695943177,step,sweep:enc:yaw:1789324646412444603,sweep:enc:yaw:1789324646412444603,FFFFFFFFF8BE,"{""counts"":-1858}",1,1,0,0,0,0,0,6.134034,1,0,0,1801948846939521,1,,1801948843659123,1801948701392214,1801948846939521,1801948853073555
512,2,yaw,3,-1,step,0.45,10,-0.45,-0.45,-0.41887902047863906,0,1,1:80040A00000032,1801948701392214,1789324646441008387,1801948879919058,1789324646469911060,15.136538139078766,0.4804863571189344,0.1730737229809165,1,-1830,0.7017962104576808,-0.4007882041736162,0.02679187012836337,step,1,0,0.17149835801683366,step,sweep:enc:yaw:1789324646441005827,sweep:enc:yaw:1789324646441005827,FFFFFFFFF8DA,"{""counts"":-1830}",1,1,0,0,0,0,0,6.187667,1,0,0,1801948873731391,1,,1801948872220027,1801948701392214,1801948873731391,1801948879919058
513,2,yaw,3,-1,step,0.45,10,-0.45,-0.45,-0.41887902047863906,0,1,1:80040A00000032,1801948905871805,1789324646469617453,1801948918728271,1789324646498451227,15.175567869096994,0.5195160871371627,0.2121034529991448,1,-1783,0.6837719362000245,-0.46180883775620046,0.03902973001822829,step,1,0,0.2000726058613509,step,sweep:yaw:1789324646469586988;sweep:enc:yaw:1789324646469614348,sweep:enc:yaw:1789324646469614348,FFFFFFFFF909,"{""counts"":-1783}",1,1,0,0,0,0,0,5.96715,1,0,0,1801948912761121,1,,1801948900828901,1801948905871805,1801948912761121,1801948918728271
514,2,yaw,3,-1,step,0.45,10,-0.45,-0.45,-0.41887902047863906,0,1,1:80040A00000032,1801948905871805,1789324646498153172,1801948940643129,1789324646526977699,15.197090941015631,0.5410391590557992,0.23362652491778135,1,-1760,0.6749515466696822,-0.4098109026297914,0.02152307191863656,step,1,0,0.22863802290521562,step,sweep:enc:yaw:1789324646498150036,sweep:enc:yaw:1789324646498150036,FFFFFFFFF920,"{""counts"":-1760}",1,1,0,0,0,0,0,6.358936,1,0,0,1801948934284193,1,,1801948929364908,1801948905871805,1801948934284193,1801948940643129
515,2,yaw,3,-1,step,0.45,10,-0.45,-0.45,-0.41887902047863906,0,1,1:80040A00000032,1801948905871805,1789324646526728509,1801948967456024,1789324646555567020,15.224098433041945,0.5680466510821134,0.2606340169440955,1,-1729,0.6630631955635684,-0.44018715601325004,0.02700749202631414,step,1,0,0.2572143829893321,step,sweep:enc:yaw:1789324646526725533,sweep:enc:yaw:1789324646526725533,FFFFFFFFF93F,"{""counts"":-1729}",1,1,0,0,0,0,0,6.164339,1,0,0,1801948961291685,1,,1801948957940085,1801948905871805,1801948961291685,1801948967456024
516,2,yaw,3,-1,step,0.45,10,-0.45,-0.45,-0.41887902047863906,0,1,1:80040A00000032,1801948905871805,1789324646555310886,1801948994297079,1789324646584228119,15.250903134932742,0.5948513529729098,0.2874387188348919,1,-1699,0.6515583396544261,-0.4292103660027112,0.026804701890796423,step,1,0,0.28578552789986134,step,sweep:enc:yaw:1789324646555308006,sweep:enc:yaw:1789324646555308006,FFFFFFFFF95D,"{""counts"":-1699}",1,1,0,0,0,0,0,6.200692,1,0,0,1801948988096387,1,,1801948986522430,1801948905871805,1801948988096387,1801948994297079
517,2,yaw,3,-1,step,0.45,10,-0.45,-0.45,-0.41887902047863906,0,1,1:80040A00000032,1801948905871805,1789324646583913135,1801949026140750,1789324646612692157,15.283042876981199,0.6269910950213671,0.3195784608833492,1,-1665,0.6385195029573981,-0.4056920144962354,0.032139742048457265,step,1,0,0.31435663998126984,step,sweep:enc:yaw:1789324646583910319,sweep:enc:yaw:1789324646583910319,FFFFFFFFF97F,"{""counts"":-1665}",1,1,0,0,0,0,0,5.904621,1,0,0,1801949020236129,1,,1801949015124679,1801948905871805,1801949020236129,1801949026140750
518,2,yaw,3,-1,step,0.45,10,-0.45,-0.45,-0.41887902047863906,0,1,1:80040A00000032,1801948905871805,1789324646612443927,1801949052955948,1789324646641278758,15.309624086134136,0.653572304174304,0.3461596700362861,1,-1635,0.6270146470482558,-0.43281913335651007,0.026581209152936935,step,1,0,0.3429299609269947,step,sweep:enc:yaw:1789324646612441367,sweep:enc:yaw:1789324646612441367,FFFFFFFFF99D,"{""counts"":-1635}",1,1,0,0,0,0,0,6.13861,1,0,0,1801949046817338,1,,1801949043655535,1801948905871805,1801949046817338,1801949052955948
519,2,yaw,3,-1,step,0.45,10,-0.45,-0.45,-0.41887902047863906,0,1,1:80040A00000032,1801948905871805,1789324646641025952,1801949079797580,1789324646669728107,15.33642465993762,0.6803728779777884,0.37296024383977056,1,-1607,0.6162767815330563,-0.4006580453812313,0.02680057380348444,step,1,0,0.37150257802568376,step,sweep:enc:yaw:1789324646641022943,sweep:enc:yaw:1789324646641022943,FFFFFFFFF9B9,"{""counts"":-1607}",1,1,0,0,0,0,0,6.179668,0,0,0,1801949073617912,1,,1801949072237528,1801948905871805,1801949073617912,1801949079797580
520,2,yaw,3,-1,post,0.45,10,0.0,0.0,0.0,0,1,1:00000A,1801949105598450,1789324646669979121,1801949117677522,1789324646698930467,15.374416477046907,0.7183646950870752,0.010460984893143177,1,-1567,0.6009369736542,-0.40376610138783464,0.037991817109286785,step,2,1,6.079208105802536e-07,settle,sweep:yaw:1789324646669962257;sweep:enc:yaw:1789324646669977233,sweep:enc:yaw:1789324646669977233,FFFFFFFFF9E1,"{""counts"":-1567}",1,1,1,0,0,0,0,6.067793,1,0,0,1801949111609729,1,,1801949101190889,1801949105598450,1801949111609729,1801949117677522
521,2,yaw,3,-1,post,0.45,10,0.0,0.0,0.0,0,1,1:00000A,1801949105598450,1789324646698643036,1801949139500506,1789324646727455882,15.396210436942056,0.7401586549822241,0.03225494478829205,1,-1567,0.6009369736542,0.0,0.021793959895148873,step,2,1,0.02864087396301329,settle,sweep:enc:yaw:1789324646698639932,sweep:enc:yaw:1789324646698639932,FFFFFFFFF9E1,"{""counts"":-1567}",1,1,1,1,0,0,0,6.096817,1,0,0,1801949133403689,1,,1801949129854548,1801949105598450,1801949133403689,1801949139500506
522,2,yaw,3,-1,post,0.45,10,0.0,0.0,0.0,0,1,1:00000A,1801949105598450,1789324646727206436,1801949166338393,1789324646756075540,15.423030883073807,0.766979101113975,0.05907539092004299,1,-1567,0.6009369736542,0.0,0.02682044613175094,step,2,1,0.05721102678216994,settle,sweep:enc:yaw:1789324646727203428,sweep:enc:yaw:1789324646727203428,FFFFFFFFF9E1,"{""counts"":-1567}",1,1,1,1,0,0,0,6.114258,1,0,0,1801949160224135,1,,1801949158418044,1801949105598450,1801949160224135,1801949166338393
523,2,yaw,3,-1,post,0.45,10,0.0,0.0,0.0,0,1,1:00000A,1801949105598450,1789324646755797165,1801949198107726,1789324646784603132,15.454984509153292,0.7989327271934599,0.09102901699952781,1,-1567,0.6009369736542,0.0,0.03195362607948482,step,2,1,0.08578245993703604,settle,sweep:enc:yaw:1789324646755793805,sweep:enc:yaw:1789324646755793805,FFFFFFFFF9E1,"{""counts"":-1567}",1,1,1,1,0,0,0,5.929965,1,0,0,1801949192177761,1,,1801949187008773,1801949105598450,1801949192177761,1801949198107726
524,2,yaw,3,-1,post,0.45,10,0.0,0.0,0.0,0,1,1:00000A,1801949105598450,1789324646784354038,1801949225153682,1789324646813193893,15.481559670064598,0.8255078881047666,0.11760417791083455,1,-1567,0.6009369736542,0.0,0.02657516091130674,step,2,1,0.11435609986074269,settle,sweep:enc:yaw:1789324646784351286,sweep:enc:yaw:1789324646784351286,FFFFFFFFF9E1,"{""counts"":-1567}",1,1,1,1,0,0,0,6.40076,1,0,0,1801949218752922,1,,1801949215565774,1801949105598450,1801949218752922,1801949225153682
525,2,yaw,3,-1,post,0.45,10,0.0,0.0,0.0,0,1,1:00000A,1801949105598450,1789324646812928446,1801949251802829,1789324646841782542,15.508830943144858,0.8527791611850262,0.1448754509910941,1,-1567,0.6009369736542,0.0,0.02727127308025956,step,2,1,0.14292926085181534,settle,sweep:enc:yaw:1789324646812925502,sweep:enc:yaw:1789324646812925502,FFFFFFFFF9E1,"{""counts"":-1567}",1,1,1,1,0,0,0,5.778634,1,0,0,1801949246024195,1,,1801949244140150,1801949105598450,1801949246024195,1801949251802829
526,2,yaw,3,-1,post,0.45,10,0.0,0.0,0.0,0,1,1:00000A,1801949105598450,1789324646841506151,1801949283810023,1789324646870326774,15.540401199134067,0.884349417174235,0.17644570698030293,1,-1567,0.6009369736542,0.0,0.03157025598920882,step,2,1,0.1714935889467597,settle,sweep:enc:yaw:1789324646841502887,sweep:enc:yaw:1789324646841502887,FFFFFFFFF9E1,"{""counts"":-1567}",1,1,1,1,0,0,0,6.215572,1,0,0,1801949277594451,1,,1801949272717919,1801949105598450,1801949277594451,1801949283810023
527,2,yaw,3,-1,post,0.45,10,0.0,0.0,0.0,0,1,1:00000A,1801949304558390,1789324646870070543,1801949316573908,1789324646898923935,15.573313758941367,0.9172619769815356,0.2093582667876035,1,-1567,0.6009369736542,0.0,0.03291255980730057,step,2,1,0.20006761397235096,settle,sweep:yaw:1789324646870045071;sweep:enc:yaw:1789324646870068111,sweep:enc:yaw:1789324646870068111,FFFFFFFFF9E1,"{""counts"":-1567}",1,1,1,1,0,0,0,6.066897,1,0,0,1801949310507011,1,,1801949301282151,1801949304558390,1801949310507011,1801949316573908
528,2,yaw,3,-1,post,0.45,10,0.0,0.0,0.0,0,1,1:00000A,1801949304558390,1789324646898639448,1801949338301113,1789324646927499719,15.594929473940283,0.9388776919804513,0.2309739817865193,1,-1567,0.6009369736542,0.0,0.02161571499891579,step,2,1,0.2286401989404112,settle,sweep:enc:yaw:1789324646898636440,sweep:enc:yaw:1789324646898636440,FFFFFFFFF9E1,"{""counts"":-1567}",1,1,1,1,0,0,0,6.178387,1,0,0,1801949332122726,1,,1801949329851088,1801949304558390,1801949332122726,1801949338301113
529,2,yaw,3,-1,post,0.45,10,0.0,0.0,0.0,0,1,1:00000A,1801949304558390,1789324646927220001,1801949365158201,1789324646956066128,15.62193290097639,0.9658811190165579,0.2579774088226259,1,-1567,0.6009369736542,0.0,0.027003427036106586,step,2,1,0.2572115669026971,settle,sweep:enc:yaw:1789324646927216577,sweep:enc:yaw:1789324646927216577,FFFFFFFFF9E1,"{""counts"":-1567}",1,1,1,1,0,0,0,6.032048,1,0,0,1801949359126153,1,,1801949358431609,1801949304558390,1801949359126153,1801949365158201
530,2,yaw,3,-1,post,0.45,10,0.0,0.0,0.0,0,1,1:00000A,1801949304558390,1789324646955794345,1801949397135923,1789324646984604280,15.653713850071654,0.997662068111822,0.28975835791788995,1,-1567,0.6009369736542,0.0,0.03178094909526408,step,2,1,0.28578571998514235,settle,sweep:enc:yaw:1789324646955791433,sweep:enc:yaw:1789324646955791433,FFFFFFFFF9E1,"{""counts"":-1567}",1,1,1,1,0,0,0,6.228821,1,0,0,1801949390907102,1,,1801949387005953,1801949304558390,1801949390907102,1801949397135923
531,2,yaw,3,-1,post,0.45,10,0.0,0.0,0.0,0,1,1:00000A,1801949304558390,1789324646984352082,1801949423954066,1789324647013166208,15.68058280996047,1.0245310280006379,0.31662731780670583,1,-1567,0.6009369736542,0.0,0.02686895988881588,step,2,1,0.31435337592847645,settle,sweep:enc:yaw:1789324646984349618,sweep:enc:yaw:1789324646984349618,FFFFFFFFF9E1,"{""counts"":-1567}",1,1,1,1,0,0,0,6.178004,1,0,0,1801949417776062,1,,1801949415563818,1801949304558390,1801949417776062,1801949423954066
532,2,yaw,3,-1,post,0.45,10,0.0,0.0,0.0,0,1,1:00000A,1801949304558390,1789324647012922618,1801949450802449,1789324647041813354,15.70741484197788,1.0513630600180477,0.34345934982411563,1,-1567,0.6009369736542,0.0,0.0268320320174098,step,2,1,0.3429262808058411,settle,sweep:enc:yaw:1789324647012919994,sweep:enc:yaw:1789324647012919994,FFFFFFFFF9E1,"{""counts"":-1567}",1,1,1,1,0,0,0,6.194355,1,0,0,1801949444608094,1,,1801949444134258,1801949304558390,1801949444608094,1801949450802449
533,2,yaw,3,-1,post,0.45,10,0.0,0.0,0.0,0,1,1:00000A,1801949304558390,1789324647041508835,1801949482605895,1789324647070379251,15.739594936138019,1.0835431541781873,0.3756394439842552,1,-1567,0.6009369736542,0.0,0.03218009416013956,step,2,1,0.37149828881956637,settle,sweep:enc:yaw:1789324647041505475,sweep:enc:yaw:1789324647041505475,FFFFFFFFF9E1,"{""counts"":-1567}",1,1,1,1,0,0,0,5.817707,0,0,0,1801949476788188,1,,1801949472720475,1801949304558390,1801949476788188,1801949482605895
534,2,yaw,3,-1,rest,0.45,10,0.0,0.0,0.0,0,1,1:00000A,1801949503349493,1789324647070627641,1801949515407700,1789324647099563370,15.772073277970776,1.1160214960109442,0.0074727218598127365,1,-1567,0.6009369736542,0.0,0.032478341832756996,step,3,1,6.719492375850677e-07,rest,sweep:yaw:1789324647070608920;sweep:enc:yaw:1789324647070625593,sweep:enc:yaw:1789324647070625593,FFFFFFFFF9E1,"{""counts"":-1567}",1,1,0,0,0,0,0,6.14117,1,0,0,1801949509266530,1,,1801949501839409,1801949503349493,1801949509266530,1801949515407700
535,2,yaw,3,-1,rest,0.45,10,0.0,0.0,0.0,0,1,1:00000A,1801949503349493,1789324647099290595,1801949537338366,1789324647128119794,15.793739713961259,1.1376879320014268,0.029139157850295305,1,-1567,0.6009369736542,0.0,0.02166643599048257,step,3,1,0.028645193902775645,rest,sweep:enc:yaw:1789324647099287779,sweep:enc:yaw:1789324647099287779,FFFFFFFFF9E1,"{""counts"":-1567}",1,1,0,0,0,0,0,6.4054,1,0,0,1801949530932966,1,,1801949530502235,1801949503349493,1801949530932966,1801949537338366
536,2,yaw,3,-1,rest,0.45,10,0.0,0.0,0.0,0,1,1:00000A,1801949503349493,1789324647127860876,1801949569258679,1789324647156745564,15.825923968106508,1.1698721861466765,0.06132341199554503,1,-1567,0.6009369736542,0.0,0.032184254145249724,step,3,1,0.05721144191920757,rest,sweep:enc:yaw:1789324647127857740,sweep:enc:yaw:1789324647127857740,FFFFFFFFF9E1,"{""counts"":-1567}",1,1,0,0,0,0,0,6.141459,1,0,0,1801949563117220,1,,1801949559072452,1801949503349493,1801949563117220,1801949569258679
537,2,yaw,3,-1,rest,0.45,10,0.0,0.0,0.0,0,1,1:00000A,1801949503349493,1789324647156461173,1801949596037044,1789324647185246339,15.853095655096695,1.1970438731368631,0.0884950989857316,1,-1567,0.6009369736542,0.0,0.027171686990186572,step,3,1,0.08579980302602053,rest,sweep:enc:yaw:1789324647156457941,sweep:enc:yaw:1789324647156457941,FFFFFFFFF9E1,"{""counts"":-1567}",1,1,0,0,0,0,0,5.748137,1,0,0,1801949590288907,1,,1801949587672781,1801949503349493,1801949590288907,1801949596037044
538,2,yaw,3,-1,rest,0.45,10,0.0,0.0,0.0,0,1,1:00000A,1801949503349493,1789324647184998045,1801949622846259,1789324647213822187,15.879730018088594,1.2236782361287624,0.11512946197763085,1,-1567,0.6009369736542,0.0,0.026634362991899252,step,3,1,0.11435494688339531,rest,sweep:enc:yaw:1789324647184995325,sweep:enc:yaw:1789324647184995325,FFFFFFFFF9E1,"{""counts"":-1567}",1,1,0,0,0,0,0,5.922989,1,0,0,1801949616923270,1,,1801949616209813,1801949503349493,1801949616923270,1801949622846259
539,2,yaw,3,-1,rest,0.45,10,0.0,0.0,0.0,0,1,1:00000A,1801949503349493,1789324647213565573,1801949654679689,1789324647224238915,15.911649722140282,1.2555979401804507,0.14704916602931917,1,-1567,0.6009369736542,0.0,0.031919704051688313,step,3,1,0.142927051987499,rest,sweep:enc:yaw:1789324647213562661,sweep:enc:yaw:1789324647213562661,FFFFFFFFF9E1,"{""counts"":-1567}",1,1,0,0,0,0,0,5.836715,0,0,0,1801949648842974,1,,1801949644777149,1801949503349493,1801949648842974,1801949654679689
540,3,yaw,1,1,pre,0.6,10,0.0,0.0,0.0,0,1,1:00000A,1801949503349493,1789324647224710959,1801949666616357,1789324647253622751,15.922978568123654,0.004451113985851407,0.0042867581360042095,1,-1567,0.6009369736542,,0.011328845983371139,step,0,0,5.441252142190933e-07,settle,sweep:enc:yaw:1789324647224708783,sweep:enc:yaw:1789324647224708783,FFFFFFFFF9E1,"{""counts"":-1567}",1,1,1,0,0,0,0,6.444537,1,0,0,1801949660171820,0,short_encoder_dt,1801949655922727,1801949503349493,1801949660171820,1801949666616357
541,3,yaw,1,1,pre,0.6,10,0.0,0.0,0.0,0,1,1:00000A,1801949503349493,1789324647253374009,1801949693448581,1789324647282192680,15.950337460031733,0.03181000589393079,0.031645650044083595,1,-1567,0.6009369736542,0.0,0.027358891908079386,step,0,0,0.028640010161325336,settle,sweep:enc:yaw:1789324647253371417,sweep:enc:yaw:1789324647253371417,FFFFFFFFF9E1,"{""counts"":-1567}",1,1,1,1,0,0,0,5.917869,1,0,0,1801949687530712,1,,1801949684585585,1801949503349493,1801949687530712,1801949693448581
542,3,yaw,1,1,pre,0.6,10,0.0,0.0,0.0,0,1,1:00000A,1801949714369815,1789324647281946626,1801949726261490,1789324647310810129,15.983031678013504,0.06450422387570143,0.06433986802585423,1,-1567,0.6009369736542,0.0,0.032694217981770635,step,0,0,0.05721336300484836,settle,sweep:yaw:1789324647281923617;sweep:enc:yaw:1789324647281943906,sweep:enc:yaw:1789324647281943906,FFFFFFFFF9E1,"{""counts"":-1567}",1,1,1,1,0,0,0,6.03656,1,0,0,1801949720224930,1,,1801949713158330,1801949714369815,1801949720224930,1801949726261490
543,3,yaw,1,1,pre,0.6,10,0.0,0.0,0.0,0,1,1:00000A,1801949714369815,1789324647310527883,1801949753134546,1789324647339369466,16.00999868893996,0.09147123480215669,0.09130687895230949,1,-1567,0.6009369736542,0.0,0.02696701092645526,step,0,0,0.08578473096713424,settle,sweep:enc:yaw:1789324647310524779,sweep:enc:yaw:1789324647310524779,FFFFFFFFF9E1,"{""counts"":-1567}",1,1,1,1,0,0,0,5.942605,1,0,0,1801949747191941,1,,1801949741739651,1801949714369815,1801949747191941,1801949753134546
544,3,yaw,1,1,pre,0.6,10,0.0,0.0,0.0,0,1,1:00000A,1801949714369815,1789324647339096915,1801949779953553,1789324647367905185,16.036828415933996,0.11830096179619431,0.11813660594634712,1,-1567,0.6009369736542,0.0,0.026829726994037628,step,0,0,0.11435722000896931,settle,sweep:enc:yaw:1789324647339093363,sweep:enc:yaw:1789324647339093363,FFFFFFFFF9E1,"{""counts"":-1567}",1,1,1,1,0,0,0,5.931885,1,0,0,1801949774021668,1,,1801949770308523,1801949714369815,1801949774021668,1801949779953553
545,3,yaw,1,1,pre,0.6,10,0.0,0.0,0.0,0,1,1:00000A,1801949714369815,1789324647367659772,1801949806794864,1789324647396504491,16.063653727062047,0.1451262729242444,0.1449619170743972,1,-1567,0.6009369736542,0.0,0.02682531112805009,step,0,0,0.14292846014723182,settle,sweep:enc:yaw:1789324647367656507,sweep:enc:yaw:1789324647367656507,FFFFFFFFF9E1,"{""counts"":-1567}",1,1,1,1,0,0,0,5.947885,1,0,0,1801949800846979,1,,1801949798871348,1801949714369815,1801949800846979,1801949806794864
546,3,yaw,1,1,pre,0.6,10,0.0,0.0,0.0,0,1,1:00000A,1801949714369815,1789324647396235908,1801949838633127,1789324647425111764,16.09562856797129,0.17710111383348703,0.17693675798363984,1,-1567,0.6009369736542,0.0,0.03197484090924263,step,0,0,0.1714973330963403,settle,sweep:enc:yaw:1789324647396232420,sweep:enc:yaw:1789324647396232420,FFFFFFFFF9E1,"{""counts"":-1567}",1,1,1,1,0,0,0,5.811307,1,0,0,1801949832821820,1,,1801949827447580,1801949714369815,1801949832821820,1801949838633127
547,3,yaw,1,1,pre,0.6,10,0.0,0.0,0.0,0,1,1:00000A,1801949714369815,1789324647424835469,1801949865458278,1789324647453619099,16.122357845073566,0.20383039093576372,0.20366603508591652,1,-1567,0.6009369736542,0.0,0.026729277102276683,step,0,0,0.2000683811493218,settle,sweep:enc:yaw:1789324647424831949,sweep:enc:yaw:1789324647424831949,FFFFFFFFF9E1,"{""counts"":-1567}",1,1,1,1,0,0,0,5.907181,1,0,0,1801949859551097,1,,1801949856046981,1801949714369815,1801949859551097,1801949865458278
548,3,yaw,1,1,pre,0.6,10,0.0,0.0,0.0,0,1,1:00000A,1801949714369815,1789324647453373397,1801949892287429,1789324647482215460,16.14915493107401,0.23062747693620622,0.23046312108635902,1,-1567,0.6009369736542,0.0,0.026797086000442505,step,0,0,0.2286440059542656,settle,sweep:enc:yaw:1789324647453370549,sweep:enc:yaw:1789324647453370549,FFFFFFFFF9E1,"{""counts"":-1567}",1,1,1,1,0,0,0,5.939246,1,0,0,1801949886348183,1,,1801949884584973,1801949714369815,1801949886348183,1801949892287429
549,3,yaw,1,1,pre,0.6,10,0.0,0.0,0.0,0,1,1:00000A,1801949714369815,1789324647481948158,1801949924181404,1789324647510791757,16.18111293995753,0.2625854858197272,0.26242112996988,1,-1567,0.6009369736542,0.0,0.03195800888352096,step,0,0,0.25721057411283255,settle,sweep:enc:yaw:1789324647481944862,sweep:enc:yaw:1789324647481944862,FFFFFFFFF9E1,"{""counts"":-1567}",1,1,1,1,0,0,0,5.875212,1,0,0,1801949918306192,1,,1801949913159702,1801949714369815,1801949918306192,1801949924181404
550,3,yaw,1,1,pre,0.6,10,0.0,0.0,0.0,0,1,1:00000A,1801949945130415,1789324647510523270,1801949956886887,1789324647531547739,16.2136160179507,0.2950885638128966,0.2949242079630494,1,-1567,0.6009369736542,0.0,0.03250307799316943,step,0,0,0.2857832871377468,settle,sweep:yaw:1789324647510496934;sweep:enc:yaw:1789324647510520550,sweep:enc:yaw:1789324647510520550,FFFFFFFFF9E1,"{""counts"":-1567}",1,1,1,1,0,0,0,6.077617,0,0,0,1801949950809270,1,,1801949941735006,1801949945130415,1801949950809270,1801949956886887
551,3,yaw,1,1,step,0.6,10,0.6,0.6,0.5235987755982988,0,1,1:00050A00000032,1801949967535525,1789324647531788385,1801949980814209,1789324647560731826,16.237548460951075,0.31902100681327283,0.011788120958954096,1,-1574,0.6036214400329998,0.11216850610519039,0.023932443000376225,step,1,0,6.400514394044876e-07,step,sweep:yaw:1789324647531770240;sweep:enc:yaw:1789324647531786209,sweep:enc:yaw:1789324647531786209,FFFFFFFFF9DA,"{""counts"":-1574}",1,1,0,0,0,0,0,6.072496,1,0,0,1801949974741713,1,,1801949963000153,1801949967535525,1801949974741713,1801949980814209
552,3,yaw,1,1,step,0.6,10,0.6,0.6,0.5235987755982988,0,1,1:00050A00000032,1801949967535525,1789324647560456908,1801950002697194,1789324647589274618,16.259321459103376,0.34079400496557355,0.03356111911125481,1,-1605,0.6155097911391135,0.5460135082433526,0.021772998152300715,step,1,0,0.028643721947446465,step,sweep:enc:yaw:1789324647560453804,sweep:enc:yaw:1789324647560453804,FFFFFFFFF9BB,"{""counts"":-1605}",1,1,0,0,0,0,0,6.182483,1,0,0,1801949996514711,1,,1801949991668452,1801949967535525,1801949996514711,1801950002697194
553,3,yaw,1,1,step,0.6,10,0.6,0.6,0.5235987755982988,0,1,1:00050A00000032,1801949967535525,1789324647589029652,1801950029541450,1789324647617856259,16.286399096017703,0.3678716418799013,0.06063875602558255,1,-1640,0.6289321230331129,0.4956980528421627,0.02707763691432774,step,1,0,0.05721396999433637,step,sweep:enc:yaw:1789324647589026324,sweep:enc:yaw:1789324647589026324,FFFFFFFFF998,"{""counts"":-1640}",1,1,0,0,0,0,0,5.949102,1,0,0,1801950023592348,1,,1801950020241196,1801949967535525,1801950023592348,1801950029541450
554,3,yaw,1,1,step,0.6,10,0.6,0.6,0.5235987755982988,0,1,1:00050A00000032,1801949967535525,1789324647617600125,1801950056414954,1789324647646447308,16.313199765980244,0.39467231184244156,0.08743942598812282,1,-1678,0.6435049405180264,0.543748253505686,0.02680066996254027,step,1,0,0.08578367508016527,step,sweep:enc:yaw:1789324647617597085,sweep:enc:yaw:1789324647617597085,FFFFFFFFF972,"{""counts"":-1678}",1,1,0,0,0,0,0,6.021936,1,0,0,1801950050393018,1,,1801950048811701,1801949967535525,1801950050393018,1801950056414954
555,3,yaw,1,1,step,0.6,10,0.6,0.6,0.5235987755982988,0,1,1:00050A00000032,1801949967535525,1789324647646175813,1801950088212863,1789324647675009556,16.345240658149123,0.42671320401132107,0.11948031815700233,1,-1720,0.6596117387908257,0.5026950619197608,0.03204089216887951,step,1,0,0.1143562919460237,step,sweep:enc:yaw:1789324647646172741,sweep:enc:yaw:1789324647646172741,FFFFFFFFF948,"{""counts"":-1720}",1,1,0,0,0,0,0,5.778953,1,0,0,1801950082433910,1,,1801950077387453,1801949967535525,1801950082433910,1801950088212863
556,3,yaw,1,1,step,0.6,10,0.6,0.6,0.5235987755982988,0,1,1:00050A00000032,1801949967535525,1789324647674744398,1801950115027902,1789324647703551324,16.37190670100972,0.45337924687191844,0.1461463610175997,1,-1759,0.6745680514727107,0.5608748459631767,0.026666042860597372,step,1,0,0.14292788412421942,step,sweep:enc:yaw:1789324647674740782,sweep:enc:yaw:1789324647674740782,FFFFFFFFF921,"{""counts"":-1759}",1,1,0,0,0,0,0,5.927949,1,0,0,1801950109099953,1,,1801950105955878,1801949967535525,1801950109099953,1801950115027902
557,3,yaw,1,1,step,0.6,10,0.6,0.6,0.5235987755982988,0,1,1:00050A00000032,1801949967535525,1789324647703308790,1801950141912702,1789324647732150885,16.398645801935345,0.4801183477975428,0.17288546194322407,1,-1794,0.68799038336671,0.5019739418813652,0.02673910092562437,step,1,0,0.17149832495488226,step,sweep:enc:yaw:1789324647703306038,sweep:enc:yaw:1789324647703306038,FFFFFFFFF8FE,"{""counts"":-1794}",1,1,0,0,0,0,0,6.073648,1,0,0,1801950135839054,1,,1801950134520398,1801949967535525,1801950135839054,1801950141912702
558,3,yaw,1,1,step,0.6,10,0.6,0.6,0.5235987755982988,0,1,1:00050A00000032,1801950167948842,1789324647731889919,1801950180703194,1789324647760768911,16.437420485075563,0.5188930309377611,0.21166014508344233,1,-1851,0.7098496095940805,0.5637499640763647,0.03877468314021826,step,1,0,0.20007039699703455,step,sweep:yaw:1789324647731861694;sweep:enc:yaw:1789324647731886687,sweep:enc:yaw:1789324647731886687,FFFFFFFFF8C5,"{""counts"":-1851}",1,1,0,0,0,0,0,6.089457,1,0,0,1801950174613737,1,,1801950163101495,1801950167948842,1801950174613737,1801950180703194
559,3,yaw,1,1,step,0.6,10,0.6,0.6,0.5235987755982988,0,1,1:00050A00000032,1801950167948842,1789324647760461319,1801950202576771,1789324647789258453,16.45927620609291,0.5407487519551069,0.23351586610078812,1,-1882,0.7217379607001941,0.543946873071744,0.021855721017345786,step,1,0,0.2286457340233028,step,sweep:enc:yaw:1789324647760457959,sweep:enc:yaw:1789324647760457959,FFFFFFFFF8A6,"{""counts"":-1882}",1,1,0,0,0,0,0,6.107313,1,0,0,1801950196469458,1,,1801950191672895,1801950167948842,1801950196469458,1801950202576771
560,3,yaw,1,1,step,0.6,10,0.6,0.6,0.5235987755982988,0,1,1:00050A00000032,1801950167948842,1789324647789020560,1801950229445251,1789324647817882527,16.486252496019006,0.5677250418812037,0.2604921560268849,1,-1921,0.7366942733820792,0.5544243749922156,0.026976289926096797,step,1,0,0.2572142540011555,step,sweep:enc:yaw:1789324647789017744,sweep:enc:yaw:1789324647789017744,FFFFFFFFF87F,"{""counts"":-1921}",1,1,0,0,0,0,0,5.999503,1,0,0,1801950223445748,1,,1801950220232104,1801950167948842,1801950223445748,1801950229445251
561,3,yaw,1,1,step,0.6,10,0.6,0.6,0.5235987755982988,0,1,1:00050A00000032,1801950167948842,1789324647817609113,1801950256294467,1789324647846432359,16.51315985713154,0.5946324029937387,0.2873995171394199,1,-1957,0.7505001004730499,0.5130873679224986,0.026907361112535,step,1,0,0.2857852710876614,step,sweep:enc:yaw:1789324647817606265,sweep:enc:yaw:1789324647817606265,FFFFFFFFF85B,"{""counts"":-1957}",1,1,0,0,0,0,0,5.941358,1,0,0,1801950250353109,1,,1801950248820657,1801950167948842,1801950250353109,1801950256294467
562,3,yaw,1,1,step,0.6,10,0.6,0.6,0.5235987755982988,0,1,1:00050A00000032,1801950167948842,1789324647846176929,1801950288100472,1789324647874966319,16.545156331034377,0.6266288768965751,0.31939599104225636,1,-2001,0.767373889139792,0.5273640063584073,0.03199647390283644,step,1,0,0.31435644696466625,step,sweep:enc:yaw:1789324647846173793,sweep:enc:yaw:1789324647846173793,FFFFFFFFF82F,"{""counts"":-2001}",1,1,0,0,0,0,0,5.750889,1,0,0,1801950282349583,1,,1801950277388537,1801950167948842,1801950282349583,1801950288100472
563,3,yaw,1,1,step,0.6,10,0.6,0.6,0.5235987755982988,0,1,1:00050A00000032,1801950167948842,1789324647874729865,1801950314943928,1789324647903538455,16.571828647051007,0.6533011929132044,0.3460683070588857,1,-2037,0.7811797162307628,0.5176088601516001,0.026672316016629338,step,1,0,0.342924744123593,step,sweep:enc:yaw:1789324647874726729,sweep:enc:yaw:1789324647874726729,FFFFFFFFF80B,"{""counts"":-2037}",1,1,0,0,0,0,0,5.922029,1,0,0,1801950309021899,1,,1801950305941633,1801950167948842,1801950309021899,1801950314943928
564,3,yaw,1,1,step,0.6,10,0.6,0.6,0.5235987755982988,0,1,1:00050A00000032,1801950167948842,1789324647903301234,1801950341782199,1789324647932005661,16.598643525037915,0.6801160709001124,0.37288318504579365,1,-2076,0.7961360289126478,0.5577617279924697,0.02681487798690796,step,1,0,0.37149787205271423,step,sweep:enc:yaw:1789324647903298418,sweep:enc:yaw:1789324647903298418,FFFFFFFFF7E4,"{""counts"":-2076}",1,1,0,0,0,0,0,5.945422,0,0,0,1801950335836777,1,,1801950334512970,1801950167948842,1801950335836777,1801950341782199
565,3,yaw,1,1,post,0.6,10,0.0,0.0,0.0,0,1,1:00000A,1801950367859108,1789324647932263460,1801950379588347,1789324647961207445,16.636430889135227,0.7179034349974245,0.010191538138315082,1,-2125,0.8149272935642469,0.4972896390234255,0.03778736409731209,step,2,1,3.520399332046509e-07,settle,sweep:yaw:1789324647932245795;sweep:enc:yaw:1789324647932261411,sweep:enc:yaw:1789324647932261411,FFFFFFFFF7B3,"{""counts"":-2125}",1,1,1,0,0,0,0,5.964206,1,0,0,1801950373624141,1,,1801950363475228,1801950367859108,1801950373624141,1801950379588347
566,3,yaw,1,1,post,0.6,10,0.0,0.0,0.0,0,1,1:00000A,1801950367859108,1789324647960935630,1801950401421187,1789324647989737596,16.65815361496061,0.7396261608228087,0.03191426396369934,1,-2125,0.8149272935642469,0.0,0.02172272582538426,step,2,1,0.02864304999820888,settle,sweep:enc:yaw:1789324647960932590,sweep:enc:yaw:1789324647960932590,FFFFFFFFF7B3,"{""counts"":-2125}",1,1,1,1,0,0,0,6.07432,1,0,0,1801950395346867,1,,1801950392147238,1801950367859108,1801950395346867,1801950401421187
567,3,yaw,1,1,post,0.6,10,0.0,0.0,0.0,0,1,1:00000A,1801950367859108,1789324647989494199,1801950428293251,1789324648018323877,16.685085392091423,0.7665579379536211,0.05884604109451175,1,-2125,0.8149272935642469,0.0,0.026931777130812407,step,2,1,0.05721144215203822,settle,sweep:enc:yaw:1789324647989491383,sweep:enc:yaw:1789324647989491383,FFFFFFFFF7B3,"{""counts"":-2125}",1,1,1,1,0,0,0,6.014607,1,0,0,1801950422278644,1,,1801950420705903,1801950367859108,1801950422278644,1801950428293251
568,3,yaw,1,1,post,0.6,10,0.0,0.0,0.0,0,1,1:00000A,1801950367859108,1789324648018062527,1801950460102681,1789324648046981360,16.717141899978742,0.7986144458409399,0.09090254898183048,1,-2125,0.8149272935642469,0.0,0.03205650788731873,step,2,1,0.0857808911241591,settle,sweep:enc:yaw:1789324648018059167,sweep:enc:yaw:1789324648018059167,FFFFFFFFF7B3,"{""counts"":-2125}",1,1,1,1,0,0,0,5.767529,1,0,0,1801950454335152,1,,1801950449274135,1801950367859108,1801950454335152,1801950460102681
569,3,yaw,1,1,post,0.6,10,0.0,0.0,0.0,0,1,1:00000A,1801950367859108,1789324648046666248,1801950486876439,1789324648075465398,16.743909704964608,0.8253822508268058,0.11767035396769643,1,-2125,0.8149272935642469,0.0,0.02676780498586595,step,2,1,0.11435622698627412,settle,sweep:enc:yaw:1789324648046662696,sweep:enc:yaw:1789324648046662696,FFFFFFFFF7B3,"{""counts"":-2125}",1,1,1,1,0,0,0,5.773482,1,0,0,1801950481102957,1,,1801950477877696,1801950367859108,1801950481102957,1801950486876439
570,3,yaw,1,1,post,0.6,10,0.0,0.0,0.0,0,1,1:00000A,1801950367859108,1789324648075207312,1801950513922011,1789324648104022686,16.77057088399306,0.8520434298552573,0.14433153299614787,1,-2125,0.8149272935642469,0.0,0.026661179028451443,step,2,1,0.14292634814046323,settle,sweep:enc:yaw:1789324648075204432,sweep:enc:yaw:1789324648075204432,FFFFFFFFF7B3,"{""counts"":-2125}",1,1,1,1,0,0,0,6.157875,1,0,0,1801950507764136,1,,1801950506418888,1801950367859108,1801950507764136,1801950513922011
571,3,yaw,1,1,post,0.6,10,0.0,0.0,0.0,0,1,1:00000A,1801950367859108,1789324648103775800,1801950545735152,1789324648132619527,16.802744578104466,0.8842171239666641,0.17650522710755467,1,-2125,0.8149272935642469,0.0,0.0321736941114068,step,2,1,0.17149669211357832,settle,sweep:enc:yaw:1789324648103772952,sweep:enc:yaw:1789324648103772952,FFFFFFFFF7B3,"{""counts"":-2125}",1,1,1,1,0,0,0,5.797322,1,0,0,1801950539937830,1,,1801950534987536,1801950367859108,1801950539937830,1801950545735152
572,3,yaw,1,1,post,0.6,10,0.0,0.0,0.0,0,1,1:00000A,1801950566682467,1789324648132357441,1801950578552638,1789324648161208016,16.835256617050618,0.9167291629128158,0.2090172660537064,1,-2125,0.8149272935642469,0.0,0.03251203894615173,step,2,1,0.20007106894627213,settle,sweep:yaw:1789324648132332769;sweep:enc:yaw:1789324648132354465,sweep:enc:yaw:1789324648132354465,FFFFFFFFF7B3,"{""counts"":-2125}",1,1,1,1,0,0,0,6.102769,1,0,0,1801950572449869,1,,1801950563568985,1801950566682467,1801950572449869,1801950578552638
573,3,yaw,1,1,post,0.6,10,0.0,0.0,0.0,0,1,1:00000A,1801950566682467,1789324648160924586,1801950600248131,1789324648189744024,16.857126482063904,0.9385990279261023,0.23088713106699288,1,-2125,0.8149272935642469,0.0,0.02186986501328647,step,2,1,0.22864003712311387,settle,sweep:enc:yaw:1789324648160921033,sweep:enc:yaw:1789324648160921033,FFFFFFFFF7B3,"{""counts"":-2125}",1,1,1,1,0,0,0,5.928397,1,0,0,1801950594319734,1,,1801950592136130,1801950566682467,1801950594319734,1801950600248131
574,3,yaw,1,1,post,0.6,10,0.0,0.0,0.0,0,1,1:00000A,1801950566682467,1789324648189494034,1801950627231717,1789324648218325345,16.883943791966885,0.9654163378290832,0.2577044409699738,1,-2125,0.8149272935642469,0.0,0.026817309902980924,step,2,1,0.2572163019794971,settle,sweep:enc:yaw:1789324648189491282,sweep:enc:yaw:1789324648189491282,FFFFFFFFF7B3,"{""counts"":-2125}",1,1,1,1,0,0,0,6.094673,1,0,0,1801950621137044,1,,1801950620705642,1801950566682467,1801950621137044,1801950627231717
575,3,yaw,1,1,post,0.6,10,0.0,0.0,0.0,0,1,1:00000A,1801950566682467,1789324648218063962,1801950659046619,1789324648246884169,16.91601124405861,0.9974837899208069,0.2897718930616975,1,-2125,0.8149272935642469,0.0,0.03206745209172368,step,2,1,0.285783861996606,settle,sweep:enc:yaw:1789324648218060922,sweep:enc:yaw:1789324648218060922,FFFFFFFFF7B3,"{""counts"":-2125}",1,1,1,1,0,0,0,5.842123,1,0,0,1801950653204496,1,,1801950649275346,1801950566682467,1801950653204496,1801950659046619
576,3,yaw,1,1,post,0.6,10,0.0,0.0,0.0,0,1,1:00000A,1801950566682467,1789324648246628067,1801950685885818,1789324648275463889,16.942785609979182,1.0242581558413804,0.31654625898227096,1,-2125,0.8149272935642469,0.0,0.026774365920573473,step,2,1,0.31434956612065434,settle,sweep:enc:yaw:1789324648246624707,sweep:enc:yaw:1789324648246624707,FFFFFFFFF7B3,"{""counts"":-2125}",1,1,1,1,0,0,0,5.906956,1,0,0,1801950679978862,1,,1801950677839451,1801950566682467,1801950679978862,1801950685885818
577,3,yaw,1,1,post,0.6,10,0.0,0.0,0.0,0,1,1:00000A,1801950566682467,1789324648275209323,1801950717703824,1789324648304028250,16.97476969915442,1.0562422450166196,0.34853034815751016,1,-2125,0.8149272935642469,0.0,0.031984089175239205,step,2,1,0.34292663098312914,settle,sweep:enc:yaw:1789324648275206187,sweep:enc:yaw:1789324648275206187,FFFFFFFFF7B3,"{""counts"":-2125}",1,1,1,1,0,0,0,5.740873,1,0,0,1801950711962951,1,,1801950706420931,1801950566682467,1801950711962951,1801950717703824
578,3,yaw,1,1,post,0.6,10,0.0,0.0,0.0,0,1,1:00000A,1801950566682467,1789324648303777524,1801950744515279,1789324648332688356,17.001603937940672,1.08307648380287,0.3753645869437605,1,-2125,0.8149272935642469,0.0,0.026834238786250353,step,2,1,0.37149684713222086,settle,sweep:enc:yaw:1789324648303774708,sweep:enc:yaw:1789324648303774708,FFFFFFFFF7B3,"{""counts"":-2125}",1,1,1,1,0,0,0,5.718089,0,0,0,1801950738797190,1,,1801950734989164,1801950566682467,1801950738797190,1801950744515279
579,3,yaw,1,1,rest,0.6,10,0.0,0.0,0.0,0,1,1:00000A,1801950765445569,1789324648332999596,1801950777311548,1789324648361910428,17.03402682300657,1.1154993688687682,0.007052392000332475,1,-2125,0.8149272935642469,0.0,0.0324228850658983,step,3,1,4.4796615839004517e-07,rest,sweep:yaw:1789324648332982251;sweep:enc:yaw:1789324648332997612,sweep:enc:yaw:1789324648332997612,FFFFFFFFF7B3,"{""counts"":-2125}",1,1,0,0,0,0,0,6.091473,1,0,0,1801950771220075,1,,1801950764211428,1801950765445569,1801950771220075,1801950777311548
580,3,yaw,1,1,rest,0.6,10,0.0,0.0,0.0,0,1,1:00000A,1801950765445569,1789324648361654454,1801950804198556,1789324648390487813,17.061045706039295,1.1425182519014925,0.034071275033056736,1,-2125,0.8149272935642469,0.0,0.02701888303272426,step,3,1,0.028637866023927927,rest,sweep:enc:yaw:1789324648361651606,sweep:enc:yaw:1789324648361651606,FFFFFFFFF7B3,"{""counts"":-2125}",1,1,0,0,0,0,0,5.959598,1,0,0,1801950798238958,1,,1801950792866062,1801950765445569,1801950798238958,1801950804198556
581,3,yaw,1,1,rest,0.6,10,0.0,0.0,0.0,0,1,1:00000A,1801950765445569,1789324648390231327,1801950831070780,1789324648419068622,17.088034125044942,1.1695066709071398,0.06105969403870404,1,-2125,0.8149272935642469,0.0,0.0269884190056473,step,3,1,0.0572121141012758,rest,sweep:enc:yaw:1789324648390228479,sweep:enc:yaw:1789324648390228479,FFFFFFFFF7B3,"{""counts"":-2125}",1,1,0,0,0,0,0,5.843403,1,0,0,1801950825227377,1,,1801950821443095,1801950765445569,1801950825227377,1801950831070780
582,3,yaw,1,1,rest,0.6,10,0.0,0.0,0.0,0,1,1:00000A,1801950765445569,1789324648418807623,1801950857880795,1789324648447596725,17.11483524297364,1.1963077888358384,0.0878608119674027,1,-2125,0.8149272935642469,0.0,0.02680111792869866,step,3,1,0.08578380313701928,rest,sweep:enc:yaw:1789324648418804231,sweep:enc:yaw:1789324648418804231,FFFFFFFFF7B3,"{""counts"":-2125}",1,1,0,0,0,0,0,5.8523,1,0,0,1801950852028495,1,,1801950850019167,1801950765445569,1801950852028495,1801950857880795
583,3,yaw,1,1,rest,0.6,10,0.0,0.0,0.0,0,1,1:00000A,1801950765445569,1789324648447361263,1801950889668208,1789324648476181406,17.146755618974566,1.2282281648367643,0.1197811879683286,1,-2125,0.8149272935642469,0.0,0.0319203760009259,step,3,1,0.11434870702214539,rest,sweep:enc:yaw:1789324648447358639,sweep:enc:yaw:1789324648447358639,FFFFFFFFF7B3,"{""counts"":-2125}",1,1,0,0,0,0,0,5.719337,1,0,0,1801950883948871,1,,1801950878573031,1801950765445569,1801950883948871,1801950889668208
584,3,yaw,1,1,rest,0.6,10,0.0,0.0,0.0,0,1,1:00000A,1801950765445569,1789324648475942840,1801950916527087,1789324648486597398,17.17332796403207,1.2548005098942667,0.14635353302583098,1,-2125,0.8149272935642469,0.0,0.02657234505750239,step,3,1,0.14292916399426758,rest,sweep:enc:yaw:1789324648475940056,sweep:enc:yaw:1789324648475940056,FFFFFFFFF7B3,"{""counts"":-2125}",1,1,0,0,0,0,0,6.005871,0,0,0,1801950910521216,1,,1801950907154608,1801950765445569,1801950910521216,1801950916527087
585,3,yaw,1,-1,pre,0.6,10,0.0,0.0,0.0,0,1,1:00000A,1801950765445569,1789324648487071233,1801950928461068,1789324648515970065,17.184805006021634,0.003929405938833952,0.003753785975277424,1,-2125,0.8149272935642469,,0.011477041989564896,step,0,0,4.800967872142792e-07,settle,sweep:enc:yaw:1789324648487068961,sweep:enc:yaw:1789324648487068961,FFFFFFFFF7B3,"{""counts"":-2125}",1,1,1,0,0,0,0,6.46281,1,0,0,1801950921998258,0,short_encoder_dt,1801950918283001,1801950765445569,1801950921998258,1801950928461068
586,3,yaw,1,-1,pre,0.6,10,0.0,0.0,0.0,0,1,1:00000A,1801950765445569,1789324648515727788,1801950955309227,1789324648544557178,17.21216949704103,0.031293896958231926,0.031118276994675398,1,-2125,0.8149272935642469,0.0,0.027364491019397974,step,0,0,0.02863777009770274,settle,sweep:enc:yaw:1789324648515724780,sweep:enc:yaw:1789324648515724780,FFFFFFFFF7B3,"{""counts"":-2125}",1,1,1,1,0,0,0,5.946478,1,0,0,1801950949362749,1,,1801950946939556,1801950765445569,1801950949362749,1801950955309227
587,3,yaw,1,-1,pre,0.6,10,0.0,0.0,0.0,0,1,1:00000A,1801950976237725,1789324648544311348,1801950988184250,1789324648573159236,17.24489987711422,0.06402427703142166,0.06384865706786513,1,-2125,0.8149272935642469,0.0,0.032730380073189735,step,0,0,0.05721483496017754,settle,sweep:yaw:1789324648544285492;sweep:enc:yaw:1789324648544308724,sweep:enc:yaw:1789324648544308724,FFFFFFFFF7B3,"{""counts"":-2125}",1,1,1,1,0,0,0,6.091121,1,0,0,1801950982093129,1,,1801950975522924,1801950976237725,1801950982093129,1801950988184250
588,3,yaw,1,-1,pre,0.6,10,0.0,0.0,0.0,0,1,1:00000A,1801950976237725,1789324648572873373,1801951014977528,1789324648601784045,17.27186947898008,0.0909938788972795,0.09081825893372297,1,-2125,0.8149272935642469,0.0,0.02696960186585784,step,0,0,0.08577625104226172,settle,sweep:enc:yaw:1789324648572870269,sweep:enc:yaw:1789324648572870269,FFFFFFFFF7B3,"{""counts"":-2125}",1,1,1,1,0,0,0,5.914797,1,0,0,1801951009062731,1,,1801951004085141,1801950976237725,1801951009062731,1801951014977528
589,3,yaw,1,-1,pre,0.6,10,0.0,0.0,0.0,0,1,1:00000A,1801950976237725,1789324648601470406,1801951041822135,1789324648630280372,17.298742823069915,0.11786722298711538,0.11769160302355886,1,-2125,0.8149272935642469,0.0,0.026873344089835882,step,0,0,0.11436009989120066,settle,sweep:enc:yaw:1789324648601467142,sweep:enc:yaw:1789324648601467142,FFFFFFFFF7B3,"{""counts"":-2125}",1,1,1,1,0,0,0,5.88606,1,0,0,1801951035936075,1,,1801951032681854,1801950976237725,1801951035936075,1801951041822135
590,3,yaw,1,-1,pre,0.6,10,0.0,0.0,0.0,0,1,1:00000A,1801950976237725,1789324648630022606,1801951068679095,1789324648658824636,17.325547941960394,0.1446723418775946,0.14449672191403806,1,-2125,0.8149272935642469,0.0,0.026805118890479207,step,0,0,0.14292903593741357,settle,sweep:enc:yaw:1789324648630019534,sweep:enc:yaw:1789324648630019534,FFFFFFFFF7B3,"{""counts"":-2125}",1,1,1,1,0,0,0,5.937901,1,0,0,1801951062741194,1,,1801951061234150,1801950976237725,1801951062741194,1801951068679095
591,3,yaw,1,-1,pre,0.6,10,0.0,0.0,0.0,0,1,1:00000A,1801950976237725,1789324648658587222,1801951100466988,1789324648687412837,17.357535872142762,0.17666027205996215,0.17648465209640563,1,-2125,0.8149272935642469,0.0,0.03198793018236756,step,0,0,0.17149922088719904,settle,sweep:enc:yaw:1789324648658584598,sweep:enc:yaw:1789324648658584598,FFFFFFFFF7B3,"{""counts"":-2125}",1,1,1,1,0,0,0,5.737864,1,0,0,1801951094729124,1,,1801951089798958,1801950976237725,1801951094729124,1801951100466988
592,3,yaw,1,-1,pre,0.6,10,0.0,0.0,0.0,0,1,1:00000A,1801950976237725,1789324648687162783,1801951127473615,1789324648715973997,17.38422581902705,0.20335021894425154,0.203174598980695,1,-2125,0.8149272935642469,0.0,0.026689946884289384,step,0,0,0.20006895693950355,settle,sweep:enc:yaw:1789324648687160095,sweep:enc:yaw:1789324648687160095,FFFFFFFFF7B3,"{""counts"":-2125}",1,1,1,1,0,0,0,6.054544,1,0,0,1801951121419071,1,,1801951118374519,1801950976237725,1801951121419071,1801951127473615
593,3,yaw,1,-1,pre,0.6,10,0.0,0.0,0.0,0,1,1:00000A,1801950976237725,1789324648715731655,1801951154304430,1789324648744555062,17.41121484595351,0.23033924587070942,0.2301636259071529,1,-2125,0.8149272935642469,0.0,0.026989026926457882,step,0,0,0.22864055004902184,settle,sweep:enc:yaw:1789324648715728743,sweep:enc:yaw:1789324648715728743,FFFFFFFFF7B3,"{""counts"":-2125}",1,1,1,1,0,0,0,5.896332,1,0,0,1801951148408098,1,,1801951146943391,1801950976237725,1801951148408098,1801951154304430
594,3,yaw,1,-1,pre,0.6,10,0.0,0.0,0.0,0,1,1:00000A,1801950976237725,1789324648744305168,1801951186097284,1789324648773160415,17.443082900950685,0.26220730086788535,0.2620316809043288,1,-2125,0.8149272935642469,0.0,0.03186805499717593,step,0,0,0.2572133259382099,settle,sweep:enc:yaw:1789324648744302096,sweep:enc:yaw:1789324648744302096,FFFFFFFFF7B3,"{""counts"":-2125}",1,1,1,1,0,0,0,5.821131,1,0,0,1801951180276153,1,,1801951175516936,1801950976237725,1801951180276153,1801951186097284
595,3,yaw,1,-1,pre,0.6,10,0.0,0.0,0.0,0,1,1:00000A,1801951206985877,1789324648772895929,1801951218927441,1789324648793884524,17.475656669121236,0.2947810690384358,0.2946054490748793,1,-2125,0.8149272935642469,0.0,0.032573768170550466,step,0,0,0.28578642290085554,settle,sweep:yaw:1789324648772865848;sweep:enc:yaw:1789324648772893240,sweep:enc:yaw:1789324648772893240,FFFFFFFFF7B3,"{""counts"":-2125}",1,1,1,1,0,0,0,6.07752,0,0,0,1801951212849921,1,,1801951204107409,1801951206985877,1801951212849921,1801951218927441
596,3,yaw,1,-1,step,0.6,10,-0.6,-0.6,-0.5235987755982988,0,1,1:80050A00000032,1801951229562991,1789324648794118162,1801951242679623,1789324648823064195,17.499571830034256,0.3186962299514562,0.01148100895807147,1,-2119,0.8126263223824184,-0.09621391176070826,0.023915160913020372,step,1,0,5.119945853948593e-07,step,sweep:yaw:1789324648794101074;sweep:enc:yaw:1789324648794115858,sweep:enc:yaw:1789324648794115858,FFFFFFFFF7B9,"{""counts"":-2119}",1,1,0,0,0,0,0,5.914541,1,0,0,1801951236765082,1,,1801951225329930,1801951229562991,1801951236765082,1801951242679623
597,3,yaw,1,-1,step,0.6,10,-0.6,-0.6,-0.5235987755982988,0,1,1:80050A00000032,1801951229562991,1789324648822788349,1801951264581457,1789324648851602891,17.521231258055195,0.3403556579723954,0.0331404369790107,1,-2089,0.8011214664732761,-0.5311708092208155,0.02165942802093923,step,1,0,0.028640649979934096,step,sweep:enc:yaw:1789324648822785277,sweep:enc:yaw:1789324648822785277,FFFFFFFFF7D7,"{""counts"":-2089}",1,1,0,0,0,0,0,6.156947,1,0,0,1801951258424510,1,,1801951253999861,1801951229562991,1801951258424510,1801951264581457
598,3,yaw,1,-1,step,0.6,10,-0.6,-0.6,-0.5235987755982988,0,1,1:80050A00000032,1801951229562991,1789324648851356645,1801951291416304,1789324648880223541,17.548328224103898,0.367452624021098,0.0602374030277133,1,-2051,0.7865486489883625,-0.5378025517218861,0.027096966048702598,step,1,0,0.05721249803900719,step,sweep:enc:yaw:1789324648851353765,sweep:enc:yaw:1789324648851353765,FFFFFFFFF7FD,"{""counts"":-2051}",1,1,0,0,0,0,0,5.894828,1,0,0,1801951285521476,1,,1801951282568381,1801951229562991,1801951285521476,1801951291416304
599,3,yaw,1,-1,step,0.6,10,-0.6,-0.6,-0.5235987755982988,0,1,1:80050A00000032,1801951229562991,1789324648879947438,1801951318337265,1789324648908874591,17.575243392959237,0.3943677928764373,0.08715257188305259,1,-2014,0.7723593267004203,-0.5271868203467514,0.02691516885533929,step,1,0,0.08578978688456118,step,sweep:enc:yaw:1789324648879944142,sweep:enc:yaw:1789324648879944142,FFFFFFFFF822,"{""counts"":-2014}",1,1,0,0,0,0,0,5.90062,1,0,0,1801951312436645,1,,1801951311158982,1801951229562991,1801951312436645,1801951318337265
600,3,yaw,1,-1,step,0.6,10,-0.6,-0.6,-0.5235987755982988,0,1,1:80050A00000032,1801951229562991,1789324648908525303,1801951351180447,1789324648937426087,17.607475263997912,0.4265996639151126,0.1193844429217279,1,-1968,0.7547185476397354,-0.5473085642318907,0.03223187103867531,step,1,0,0.11436298000626266,step,sweep:enc:yaw:1789324648908522103,sweep:enc:yaw:1789324648908522103,FFFFFFFFF850,"{""counts"":-1968}",1,1,0,0,0,0,0,6.511931,1,0,0,1801951344668516,1,,1801951339736751,1801951229562991,1801951344668516,1801951351180447
601,3,yaw,1,-1,step,0.6,10,-0.6,-0.6,-0.5235987755982988,0,1,1:80050A00000032,1801951229562991,1789324648937104895,1801951377974237,1789324648965912654,17.63508062600158,0.45420502591878176,0.14698980492539704,1,-1933,0.7412962157457361,-0.4862219119682368,0.027605362003669143,step,1,0,0.14293258800171316,step,sweep:enc:yaw:1789324648937101087,sweep:enc:yaw:1789324648937101087,FFFFFFFFF873,"{""counts"":-1933}",1,1,0,0,0,0,0,5.700359,1,0,0,1801951372273878,1,,1801951368316311,1801951229562991,1801951372273878,1801951377974237
602,3,yaw,1,-1,step,0.6,10,-0.6,-0.6,-0.5235987755982988,0,1,1:80050A00000032,1801951229562991,1789324648965647143,1801951404954496,1789324648994472278,17.66171060409397,0.4808350040111691,0.17361978301778436,1,-1895,0.7267233982608226,-0.5472335513891948,0.02662997809238732,step,1,0,0.17150037200190127,step,sweep:enc:yaw:1789324648965643847,sweep:enc:yaw:1789324648965643847,FFFFFFFFF899,"{""counts"":-1895}",1,1,0,0,0,0,0,6.05064,1,0,0,1801951398903856,1,,1801951396858783,1801951229562991,1801951398903856,1801951404954496
603,3,yaw,1,-1,step,0.6,10,-0.6,-0.6,-0.5235987755982988,0,1,1:80050A00000032,1801951431060174,1789324648994218576,1801951443585368,1789324649023068319,17.700486599002033,0.5196109989192337,0.21239577792584896,1,-1839,0.7052476672304235,-0.5538408771023567,0.038775994908064604,step,1,0,0.2000745569821447,step,sweep:yaw:1789324648994193743;sweep:enc:yaw:1789324648994215728,sweep:enc:yaw:1789324648994215728,FFFFFFFFF8D1,"{""counts"":-1839}",1,1,0,0,0,0,0,5.905517,1,0,0,1801951437679851,1,,1801951425430120,1801951431060174,1801951437679851,1801951443585368
604,3,yaw,1,-1,step,0.6,10,-0.6,-0.6,-0.5235987755982988,0,1,1:80050A00000032,1801951431060174,1789324649022790232,1801951465470401,1789324649051586630,17.72212362708524,0.5412480270024389,0.23403280600905418,1,-1807,0.6929758209273384,-0.5671687560737864,0.021637028083205223,step,1,0,0.22863974887877703,step,sweep:enc:yaw:1789324649022786808,sweep:enc:yaw:1789324649022786808,FFFFFFFFF8F1,"{""counts"":-1807}",1,1,0,0,0,0,0,6.153522,1,0,0,1801951459316879,1,,1801951454001840,1801951431060174,1801951459316879,1801951465470401
605,3,yaw,1,-1,step,0.6,10,-0.6,-0.6,-0.5235987755982988,0,1,1:80050A00000032,1801951431060174,1789324649051347296,1801951492315200,1789324649080172143,17.74919758294709,0.5683219828642905,0.26110676187090576,1,-1772,0.679553489033339,-0.49576544936723155,0.027073955861851573,step,1,0,0.2572091978508979,step,sweep:enc:yaw:1789324649051344480,sweep:enc:yaw:1789324649051344480,FFFFFFFFF914,"{""counts"":-1772}",1,1,0,0,0,0,0,5.924365,1,0,0,1801951486390835,1,,1801951482559032,1801951431060174,1801951486390835,1801951492315200
606,3,yaw,1,-1,step,0.6,10,-0.6,-0.6,-0.5235987755982988,0,1,1:80050A00000032,1801951431060174,1789324649079920233,1801951519229281,1789324649108783992,17.77605063910596,0.5951750390231609,0.2879598180297762,1,-1735,0.6653641667453969,-0.5284062344335773,0.02685305615887046,step,1,0,0.2857815579045564,step,sweep:enc:yaw:1789324649079917449,sweep:enc:yaw:1789324649079917449,FFFFFFFFF939,"{""counts"":-1735}",1,1,0,0,0,0,0,5.98539,1,0,0,1801951513243891,1,,1801951511132001,1801951431060174,1801951513243891,1801951519229281
607,3,yaw,1,-1,step,0.6,10,-0.6,-0.6,-0.5235987755982988,0,1,1:80050A00000032,1801951431060174,1789324649108499857,1801951546007775,1789324649137317919,17.803094706963748,0.622219106880948,0.31500388588756323,1,-1697,0.6507913492604833,-0.5388544933974311,0.027044067857787013,step,1,0,0.31435526185669005,step,sweep:enc:yaw:1789324649108497489,sweep:enc:yaw:1789324649108497489,FFFFFFFFF95F,"{""counts"":-1697}",1,1,0,0,0,0,0,5.719816,1,0,0,1801951540287959,1,,1801951539711593,1801951431060174,1801951540287959,1801951546007775
608,3,yaw,1,-1,step,0.6,10,-0.6,-0.6,-0.5235987755982988,0,1,1:80050A00000032,1801951431060174,1789324649137059833,1801951577805556,1789324649165873768,17.83487338409759,0.6539977840147913,0.34678256302140653,1,-1654,0.6343010557907126,-0.518910633073806,0.0317786771338433,step,1,0,0.34292003884911537,step,sweep:enc:yaw:1789324649137056985,sweep:enc:yaw:1789324649137056985,FFFFFFFFF98A,"{""counts"":-1654}",1,1,0,0,0,0,0,5.73892,1,0,0,1801951572066636,1,,1801951568271121,1801951431060174,1801951572066636,1801951577805556
609,3,yaw,1,-1,step,0.6,10,-0.6,-0.6,-0.5235987755982988,0,1,1:80050A00000032,1801951431060174,1789324649165636258,1801951604838808,1789324649194338349,17.861472161021084,0.6805965609382838,0.3733813399448991,1,-1617,0.6201117335027705,-0.5334576972751645,0.02659877692349255,step,1,0,0.37149527901783586,step,sweep:enc:yaw:1789324649165633794,sweep:enc:yaw:1789324649165633794,FFFFFFFFF9AF,"{""counts"":-1617}",1,1,0,0,0,0,0,6.173395,0,0,0,1801951598665413,1,,1801951596847866,1801951431060174,1801951598665413,1801951604838808
610,3,yaw,1,-1,post,0.6,10,0.0,0.0,0.0,0,1,1:00000A,1801951630933350,1789324649194609268,1801951642421719,1789324649223569990,17.899352774955332,0.7184771748725325,0.010766463819891214,1,-1567,0.6009369736542,-0.5061892576992849,0.037880613934248686,step,2,1,6.398186087608337e-07,settle,sweep:yaw:1789324649194592371;sweep:enc:yaw:1789324649194607188,sweep:enc:yaw:1789324649194607188,FFFFFFFFF9E1,"{""counts"":-1567}",1,1,1,0,0,0,0,5.875692,1,0,0,1801951636546027,1,,1801951625821036,1801951630933350,1801951636546027,1801951642421719
611,3,yaw,1,-1,post,0.6,10,0.0,0.0,0.0,0,1,1:00000A,1801951630933350,1789324649223276191,1801951664479396,1789324649252070988,17.920989002101123,0.7401134020183235,0.03240269096568227,1,-1567,0.6009369736542,0.0,0.021636227145791054,step,2,1,0.02864352986216545,settle,sweep:enc:yaw:1789324649223273150,sweep:enc:yaw:1789324649223273150,FFFFFFFFF9E1,"{""counts"":-1567}",1,1,1,1,0,0,0,6.297142,1,0,0,1801951658182254,1,,1801951654487863,1801951630933350,1801951658182254,1801951664479396
612,3,yaw,1,-1,post,0.6,10,0.0,0.0,0.0,0,1,1:00000A,1801951630933350,1789324649251834919,1801951691178048,1789324649280665109,17.948165426030755,0.7672898259479553,0.05957911489531398,1,-1567,0.6009369736542,0.0,0.02717642392963171,step,2,1,0.05721080186776817,settle,sweep:enc:yaw:1789324649251831975,sweep:enc:yaw:1789324649251831975,FFFFFFFFF9E1,"{""counts"":-1567}",1,1,1,1,0,0,0,5.81937,1,0,0,1801951685358678,1,,1801951683046495,1801951630933350,1801951685358678,1801951691178048
613,3,yaw,1,-1,post,0.6,10,0.0,0.0,0.0,0,1,1:00000A,1801951630933350,1789324649280420591,1801951718221540,1789324649309291039,17.974923375062644,0.7940477749798447,0.08633706392720342,1,-1567,0.6009369736542,0.0,0.02675794903188944,step,2,1,0.08578204293735325,settle,sweep:enc:yaw:1789324649280417967,sweep:enc:yaw:1789324649280417967,FFFFFFFFF9E1,"{""counts"":-1567}",1,1,1,1,0,0,0,6.104913,1,0,0,1801951712116627,1,,1801951711632295,1801951630933350,1801951712116627,1801951718221540
614,3,yaw,1,-1,post,0.6,10,0.0,0.0,0.0,0,1,1:00000A,1801951630933350,1789324649308999224,1801951750825101,1789324649337808454,18.007250193040818,0.8263745929580182,0.11866388190537691,1,-1567,0.6009369736542,0.0,0.032326817978173494,step,2,1,0.11435894691385329,settle,sweep:enc:yaw:1789324649308995992,sweep:enc:yaw:1789324649308995992,FFFFFFFFF9E1,"{""counts"":-1567}",1,1,1,1,0,0,0,6.381656,1,0,0,1801951744443445,1,,1801951740210800,1801951630933350,1801951744443445,1801951750825101
615,3,yaw,1,-1,post,0.6,10,0.0,0.0,0.0,0,1,1:00000A,1801951630933350,1789324649337555424,1801951777850416,1789324649366387055,18.034484825097024,0.8536092250142246,0.14589851396158338,1,-1567,0.6009369736542,0.0,0.027234632056206465,step,2,1,0.1429275639820844,settle,sweep:enc:yaw:1789324649337552384,sweep:enc:yaw:1789324649337552384,FFFFFFFFF9E1,"{""counts"":-1567}",1,1,1,1,0,0,0,6.172339,1,0,0,1801951771678077,1,,1801951768767032,1801951630933350,1801951771678077,1801951777850416
616,3,yaw,1,-1,post,0.6,10,0.0,0.0,0.0,0,1,1:00000A,1801951630933350,1789324649366131785,1801951804691408,1789324649394992504,18.061593726975843,0.8807181268930435,0.17300741584040225,1,-1567,0.6009369736542,0.0,0.02710890187881887,step,2,1,0.17150062788277864,settle,sweep:enc:yaw:1789324649366128648,sweep:enc:yaw:1789324649366128648,FFFFFFFFF9E1,"{""counts"":-1567}",1,1,1,1,0,0,0,5.904429,1,0,0,1801951798786979,1,,1801951797343425,1801951630933350,1801951798786979,1801951804691408
617,3,yaw,1,-1,post,0.6,10,0.0,0.0,0.0,0,1,1:00000A,1801951830826590,1789324649394713649,1801951842454579,1789324649423623618,18.099228190956637,0.9183525908738375,0.2106418798211962,1,-1567,0.6009369736542,0.0,0.03763446398079395,step,2,1,0.20006927591748536,settle,sweep:yaw:1789324649394684305;sweep:enc:yaw:1789324649394709905,sweep:enc:yaw:1789324649394709905,FFFFFFFFF9E1,"{""counts"":-1567}",1,1,1,1,0,0,0,6.033136,1,0,0,1801951836421443,1,,1801951825925225,1801951830826590,1801951836421443,1801951842454579
618,3,yaw,1,-1,post,0.6,10,0.0,0.0,0.0,0,1,1:00000A,1801951830826590,1789324649423282234,1801951864339708,1789324649452079463,18.121190410107374,0.9403148100245744,0.23260409897193313,1,-1567,0.6009369736542,0.0,0.021962219150736928,step,2,1,0.22863744501955807,settle,sweep:enc:yaw:1789324649423278713,sweep:enc:yaw:1789324649423278713,FFFFFFFFF9E1,"{""counts"":-1567}",1,1,1,1,0,0,0,5.956046,1,0,0,1801951858383662,1,,1801951854494002,1801951830826590,1801951858383662,1801951864339708
619,3,yaw,1,-1,post,0.6,10,0.0,0.0,0.0,0,1,1:00000A,1801951830826590,1789324649451836674,1801951891197084,1789324649480704849,18.148033960955217,0.9671583608724177,0.2594476498197764,1,-1567,0.6009369736542,0.0,0.02684355084784329,step,2,1,0.25721041299402714,settle,sweep:enc:yaw:1789324649451833601,sweep:enc:yaw:1789324649451833601,FFFFFFFFF9E1,"{""counts"":-1567}",1,1,1,1,0,0,0,5.969871,1,0,0,1801951885227213,1,,1801951883048410,1801951830826590,1801951885227213,1801951891197084
620,3,yaw,1,-1,post,0.6,10,0.0,0.0,0.0,0,1,1:00000A,1801951830826590,1789324649480421130,1801951918003322,1789324649509267321,18.17494385014288,0.9940682500600815,0.2863575390074402,1,-1567,0.6009369736542,0.0,0.026909889187663794,step,2,1,0.2857822619844228,settle,sweep:enc:yaw:1789324649480417802,sweep:enc:yaw:1789324649480417802,FFFFFFFFF9E1,"{""counts"":-1567}",1,1,1,1,0,0,0,5.86622,1,0,0,1801951912137102,1,,1801951911632642,1801951830826590,1801951912137102,1801951918003322
621,3,yaw,1,-1,post,0.6,10,0.0,0.0,0.0,0,1,1:00000A,1801951830826590,1789324649508992499,1801951949815344,1789324649537806721,18.20692048408091,1.026044883998111,0.3183341729454696,1,-1567,0.6009369736542,0.0,0.03197663393802941,step,2,1,0.3143550059758127,settle,sweep:enc:yaw:1789324649508988723,sweep:enc:yaw:1789324649508988723,FFFFFFFFF9E1,"{""counts"":-1567}",1,1,1,1,0,0,0,5.701608,1,0,0,1801951944113736,1,,1801951940203915,1801951830826590,1801951944113736,1801951949815344
622,3,yaw,1,-1,post,0.6,10,0.0,0.0,0.0,0,1,1:00000A,1801951830826590,1789324649537552891,1801951976667407,1789324649566401226,18.23356956592761,1.05269396584481,0.34498325479216874,1,-1567,0.6009369736542,0.0,0.02664908184669912,step,2,1,0.34292451781220734,settle,sweep:enc:yaw:1789324649537549787,sweep:enc:yaw:1789324649537549787,FFFFFFFFF9E1,"{""counts"":-1567}",1,1,1,1,0,0,0,5.904589,1,0,0,1801951970762818,1,,1801951968764435,1801951830826590,1801951970762818,1801951976667407
623,3,yaw,1,-1,post,0.6,10,0.0,0.0,0.0,0,1,1:00000A,1801951830826590,1789324649566133027,1801952008438276,1789324649595023667,18.26551759103313,1.084641990950331,0.3769312798976898,1,-1567,0.6009369736542,0.0,0.03194802510552108,step,2,1,0.3715035349596292,settle,sweep:enc:yaw:1789324649566130019,sweep:enc:yaw:1789324649566130019,FFFFFFFFF9E1,"{""counts"":-1567}",1,1,1,1,0,0,0,5.727433,0,0,0,1801952002710843,1,,1801951997344635,1801951830826590,1801952002710843,1801952008438276
624,3,yaw,1,-1,rest,0.6,10,0.0,0.0,0.0,0,1,1:00000A,1801952029388823,1789324649595280282,1801952041272754,1789324649624219595,18.297938011121005,1.117062411038205,0.008682382060214877,1,-1567,0.6009369736542,0.0,0.032420420087873936,step,3,1,3.83937731385231e-07,rest,sweep:yaw:1789324649595262425;sweep:enc:yaw:1789324649595278042,sweep:enc:yaw:1789324649595278042,FFFFFFFFF9E1,"{""counts"":-1567}",1,1,0,0,0,0,0,6.141491,1,0,0,1801952035131263,1,,1801952026492050,1801952029388823,1801952035131263,1801952041272754
625,3,yaw,1,-1,rest,0.6,10,0.0,0.0,0.0,0,1,1:00000A,1801952029388823,1789324649623938596,1801952063227228,1789324649652770099,18.319787011947483,1.138911411864683,0.03053138288669288,1,-1567,0.6009369736542,0.0,0.021849000826478004,step,3,1,0.028638890013098717,rest,sweep:enc:yaw:1789324649623936004,sweep:enc:yaw:1789324649623936004,FFFFFFFFF9E1,"{""counts"":-1567}",1,1,0,0,0,0,0,6.246964,1,0,0,1801952056980264,1,,1801952055150172,1801952029388823,1801952056980264,1801952063227228
626,3,yaw,1,-1,rest,0.6,10,0.0,0.0,0.0,0,1,1:00000A,1801952029388823,1789324649652514413,1801952094906671,1789324649681353467,18.352164999116212,1.1712893990334123,0.06290937005542219,1,-1567,0.6009369736542,0.0,0.032377987168729305,step,3,1,0.05721422587521374,rest,sweep:enc:yaw:1789324649652510797,sweep:enc:yaw:1789324649652510797,FFFFFFFFF9E1,"{""counts"":-1567}",1,1,0,0,0,0,0,5.54842,1,0,0,1801952089358251,1,,1801952083725989,1801952029388823,1801952089358251,1801952094906671
627,3,yaw,1,-1,rest,0.6,10,0.0,0.0,0.0,0,1,1:00000A,1801952029388823,1789324649681087637,1801952121775215,1789324649709962693,18.37855081097223,1.1976752108894289,0.0892951819114387,1,-1567,0.6009369736542,0.0,0.026385811856016517,step,3,1,0.08578421804122627,rest,sweep:enc:yaw:1789324649681084725,sweep:enc:yaw:1789324649681084725,FFFFFFFFF9E1,"{""counts"":-1567}",1,1,0,0,0,0,0,6.031152,1,0,0,1801952115744063,1,,1801952112299277,1801952029388823,1801952115744063,1801952121775215
628,3,yaw,1,-1,rest,0.6,10,0.0,0.0,0.0,0,1,1:00000A,1801952029388823,1789324649709668606,1801952148625102,1789324649738484684,18.405473788036034,1.2245981879532337,0.11621815897524357,1,-1567,0.6009369736542,0.0,0.026922977063804865,step,3,1,0.11435533105395734,rest,sweep:enc:yaw:1789324649709665278,sweep:enc:yaw:1789324649709665278,FFFFFFFFF9E1,"{""counts"":-1567}",1,1,0,0,0,0,0,5.958062,1,0,0,1801952142667040,1,,1801952140880182,1801952029388823,1801952142667040,1801952148625102
629,3,yaw,1,-1,rest,0.6,10,0.0,0.0,0.0,0,1,1:00000A,1801952029388823,1789324649738226598,1801952180419971,1789324649754105888,18.437489110976458,1.2566135108936578,0.14823348191566765,1,-1567,0.6009369736542,0.0,0.032015322940424085,step,3,1,0.1429267309140414,rest,sweep:enc:yaw:1789324649738223430,sweep:enc:yaw:1789324649738223430,FFFFFFFFF9E1,"{""counts"":-1567}",1,1,0,0,0,0,0,5.737608,0,0,0,1801952174682363,1,,1801952169438174,1801952029388823,1801952174682363,1801952180419971
630,3,yaw,2,1,pre,0.6,10,0.0,0.0,0.0,0,1,1:00000A,1801952029388823,1789324649754576363,1801952197313462,1789324649783470203,18.453886589035392,0.005486723035573959,0.005329374922439456,1,-1567,0.6009369736542,0.0,0.01639747805893421,step,0,0,4.4796615839004517e-07,settle,sweep:enc:yaw:1789324649754574059,sweep:enc:yaw:1789324649754574059,FFFFFFFFF9E1,"{""counts"":-1567}",1,1,1,1,0,0,0,6.233621,1,0,0,1801952191079841,1,,1801952185788131,1801952029388823,1801952191079841,1801952197313462
631,3,yaw,2,1,pre,0.6,10,0.0,0.0,0.0,0,1,1:00000A,1801952029388823,1789324649783242262,1801952224288664,1789324649812079141,18.481013891054317,0.03261402505449951,0.032456676941365004,1,-1567,0.6009369736542,0.0,0.027127302018925548,step,0,0,0.02864500181749463,settle,sweep:enc:yaw:1789324649783239030,sweep:enc:yaw:1789324649783239030,FFFFFFFFF9E1,"{""counts"":-1567}",1,1,1,1,0,0,0,6.081521,1,0,0,1801952218207143,1,,1801952214453934,1801952029388823,1801952218207143,1801952224288664
632,3,yaw,2,1,pre,0.6,10,0.0,0.0,0.0,0,1,1:00000A,1801952245244587,1789324649811821950,1801952256973922,1789324649840656237,18.5138851380907,0.06548527209088206,0.06532792397774756,1,-1567,0.6009369736542,0.0,0.032871247036382556,step,0,0,0.05721377884037793,settle,sweep:yaw:1789324649811794974;sweep:enc:yaw:1789324649811819006,sweep:enc:yaw:1789324649811819006,FFFFFFFFF9E1,"{""counts"":-1567}",1,1,1,1,0,0,0,5.895532,1,0,0,1801952251078390,1,,1801952243033526,1801952245244587,1801952251078390,1801952256973922
633,3,yaw,2,1,pre,0.6,10,0.0,0.0,0.0,0,1,1:00000A,1801952245244587,1789324649840381223,1801952278865740,1789324649869212117,18.53550344496034,0.08710357896052301,0.0869462308473885,1,-1567,0.6009369736542,0.0,0.021618306869640946,step,0,0,0.08578217099420726,settle,sweep:enc:yaw:1789324649840378214,sweep:enc:yaw:1789324649840378214,FFFFFFFFF9E1,"{""counts"":-1567}",1,1,1,1,0,0,0,6.169043,1,0,0,1801952272696697,1,,1801952271592767,1801952245244587,1801952272696697,1801952278865740
634,3,yaw,2,1,pre,0.6,10,0.0,0.0,0.0,0,1,1:00000A,1801952245244587,1789324649868956943,1801952310855718,1789324649897803038,18.567764820996672,0.11936495499685407,0.11920760688371956,1,-1567,0.6009369736542,0.0,0.03226137603633106,step,0,0,0.11435722000896931,settle,sweep:enc:yaw:1789324649868953391,sweep:enc:yaw:1789324649868953391,FFFFFFFFF9E1,"{""counts"":-1567}",1,1,1,1,0,0,0,5.897645,1,0,0,1801952304958073,1,,1801952300168519,1801952245244587,1801952304958073,1801952310855718
635,3,yaw,2,1,pre,0.6,10,0.0,0.0,0.0,0,1,1:00000A,1801952245244587,1789324649897530583,1801952337690725,1789324649926395719,18.59456657897681,0.14616671297699213,0.14600936486385763,1,-1567,0.6009369736542,0.0,0.026801757980138063,step,0,0,0.1429268920328468,settle,sweep:enc:yaw:1789324649897527767,sweep:enc:yaw:1789324649897527767,FFFFFFFFF9E1,"{""counts"":-1567}",1,1,1,1,0,0,0,5.930894,1,0,0,1801952331759831,1,,1801952328742191,1801952245244587,1801952331759831,1801952337690725
636,3,yaw,2,1,pre,0.6,10,0.0,0.0,0.0,0,1,1:00000A,1801952245244587,1789324649926112512,1801952364561701,1789324649954919950,18.62145778001286,0.17305791401304305,0.17290056589990854,1,-1567,0.6009369736542,0.0,0.026891201036050916,step,0,0,0.17149931588210166,settle,sweep:enc:yaw:1789324649926108736,sweep:enc:yaw:1789324649926108736,FFFFFFFFF9E1,"{""counts"":-1567}",1,1,1,1,0,0,0,5.910669,1,0,0,1801952358651032,1,,1801952357324248,1801952245244587,1801952358651032,1801952364561701
637,3,yaw,2,1,pre,0.6,10,0.0,0.0,0.0,0,1,1:00000A,1801952245244587,1789324649954667144,1801952396351898,1789324649983503543,18.6533947319258,0.2049948659259826,0.2048375178128481,1,-1567,0.6009369736542,0.0,0.03193695191293955,step,0,0,0.20007020491175354,settle,sweep:enc:yaw:1789324649954664072,sweep:enc:yaw:1789324649954664072,FFFFFFFFF9E1,"{""counts"":-1567}",1,1,1,1,0,0,0,5.763914,1,0,0,1801952390587984,1,,1801952385878880,1801952245244587,1801952390587984,1801952396351898
638,3,yaw,2,1,pre,0.6,10,0.0,0.0,0.0,0,1,1:00000A,1801952245244587,1789324649983245905,1801952423144312,1789324650012159169,18.680108583997935,0.2317087179981172,0.2315513698849827,1,-1567,0.6009369736542,0.0,0.026713852072134614,step,0,0,0.22864221292547882,settle,sweep:enc:yaw:1789324649983242449,sweep:enc:yaw:1789324649983242449,FFFFFFFFF9E1,"{""counts"":-1567}",1,1,1,1,0,0,0,5.842476,1,0,0,1801952417301836,1,,1801952414457417,1801952245244587,1801952417301836,1801952423144312
639,3,yaw,2,1,pre,0.6,10,0.0,0.0,0.0,0,1,1:00000A,1801952444070282,1789324650011837466,1801952455947237,1789324650040658344,18.712634830968454,0.26423496496863663,0.26407761685550213,1,-1567,0.6009369736542,0.0,0.032526246970519423,step,0,0,0.25721422187052667,settle,sweep:yaw:1789324650011807033;sweep:enc:yaw:1789324650011834554,sweep:enc:yaw:1789324650011834554,FFFFFFFFF9E1,"{""counts"":-1567}",1,1,1,1,0,0,0,6.119154,1,0,0,1801952449828083,1,,1801952443049042,1801952444070282,1801952449828083,1801952455947237
640,3,yaw,2,1,pre,0.6,10,0.0,0.0,0.0,0,1,1:00000A,1801952444070282,1789324650040383041,1801952482820549,1789324650061466871,18.739825431024656,0.29142556502483785,0.29126821691170335,1,-1567,0.6009369736542,0.0,0.02719060005620122,step,0,0,0.285782165825367,settle,sweep:enc:yaw:1789324650040380161,sweep:enc:yaw:1789324650040380161,FFFFFFFFF9E1,"{""counts"":-1567}",1,1,1,1,0,0,0,5.801866,0,0,0,1801952477018683,1,,1801952471594681,1801952444070282,1801952477018683,1801952482820549
641,3,yaw,2,1,step,0.6,10,0.6,0.6,0.5235987755982988,0,1,1:00050A00000032,1801952493544132,1789324650061741374,1801952506712062,1789324650090661839,18.76346298493445,0.31506311893463135,0.007763671921566129,1,-1574,0.6036214400329998,0.11356785854595534,0.023637553909793496,step,1,0,3.83937731385231e-07,step,sweep:yaw:1789324650061719581;sweep:enc:yaw:1789324650061739134,sweep:enc:yaw:1789324650061739134,FFFFFFFFF9DA,"{""counts"":-1574}",1,1,0,0,0,0,0,6.055825,1,0,0,1801952500656237,1,,1801952492953142,1801952493544132,1801952500656237,1801952506712062
642,3,yaw,2,1,step,0.6,10,0.6,0.6,0.5235987755982988,0,1,1:00050A00000032,1801952493544132,1789324650090391144,1801952528630152,1789324650119228087,18.78528542513959,0.33688555913977325,0.02958611212670803,1,-1605,0.6155097911391135,0.5447764317077868,0.021822440205141902,step,1,0,0.028639401076361537,step,sweep:enc:yaw:1789324650090388296,sweep:enc:yaw:1789324650090388296,FFFFFFFFF9BB,"{""counts"":-1605}",1,1,0,0,0,0,0,6.151475,1,0,0,1801952522478677,1,,1801952521602688,1801952493544132,1801952522478677,1801952528630152
643,3,yaw,2,1,step,0.6,10,0.6,0.6,0.5235987755982988,0,1,1:00050A00000032,1801952493544132,1789324650118972497,1801952560489182,1789324650147806047,18.81749803200364,0.3690981660038233,0.06179871899075806,1,-1647,0.6316165894119128,0.500015361711529,0.03221260686405003,step,1,0,0.0572111860383302,step,sweep:enc:yaw:1789324650118969073,sweep:enc:yaw:1789324650118969073,FFFFFFFFF991,"{""counts"":-1647}",1,1,0,0,0,0,0,5.797898,1,0,0,1801952554691284,1,,1801952550184073,1801952493544132,1801952554691284,1801952560489182
644,3,yaw,2,1,step,0.6,10,0.6,0.6,0.5235987755982988,0,1,1:00050A00000032,1801952493544132,1789324650147542105,1801952587226235,1789324650176356999,18.844236301025376,0.3958364350255579,0.08853698801249266,1,-1684,0.6458059116998549,0.530674677422391,0.026738269021734595,step,1,0,0.08578584995120764,step,sweep:enc:yaw:1789324650147539193,sweep:enc:yaw:1789324650147539193,FFFFFFFFF96C,"{""counts"":-1684}",1,1,0,0,0,0,0,5.796682,1,0,0,1801952581429553,1,,1801952578753713,1801952493544132,1801952581429553,1801952587226235
645,3,yaw,2,1,step,0.6,10,0.6,0.6,0.5235987755982988,0,1,1:00050A00000032,1801952493544132,1789324650176109505,1801952614108059,1789324650204946544,18.870919848093763,0.42251998209394515,0.11522053508087993,1,-1720,0.6596117387908257,0.5173909996143999,0.02668354706838727,step,1,0,0.11435728310607374,step,sweep:enc:yaw:1789324650176106369,sweep:enc:yaw:1789324650176106369,FFFFFFFFF948,"{""counts"":-1720}",1,1,0,0,0,0,0,5.994959,1,0,0,1801952608113100,1,,1801952607321049,1801952493544132,1801952608113100,1801952614108059
646,3,yaw,2,1,step,0.6,10,0.6,0.6,0.5235987755982988,0,1,1:00050A00000032,1801952493544132,1789324650204676202,1801952645904080,1789324650233526553,18.90292668994516,0.4545268239453435,0.14722737693227828,1,-1766,0.6772525178515105,0.5511565040558393,0.03200684185139835,step,1,0,0.1429286189377308,step,sweep:enc:yaw:1789324650204673482,sweep:enc:yaw:1789324650204673482,FFFFFFFFF91A,"{""counts"":-1766}",1,1,0,0,0,0,0,5.784138,1,0,0,1801952640119942,1,,1801952635887810,1801952493544132,1801952640119942,1801952645904080
647,3,yaw,2,1,step,0.6,10,0.6,0.6,0.5235987755982988,0,1,1:00050A00000032,1801952493544132,1789324650233254578,1801952672698254,1789324650262078144,18.929601982003078,0.48120211600326,0.1739026689901948,1,-1801,0.69067484974551,0.5031746930776732,0.026675292057916522,step,1,0,0.1714973310008645,step,sweep:enc:yaw:1789324650233251282,sweep:enc:yaw:1789324650233251282,FFFFFFFFF8F7,"{""counts"":-1801}",1,1,0,0,0,0,0,5.90302,1,0,0,1801952666795234,1,,1801952664466154,1801952493544132,1801952666795234,1801952672698254
648,3,yaw,2,1,step,0.6,10,0.6,0.6,0.5235987755982988,0,1,1:00050A00000032,1801952693610528,1789324650261824378,1801952706554228,1789324650290664969,18.963299456052482,0.5148995900526643,0.20760014303959906,1,-1851,0.7098496095940805,0.5690266226025782,0.033697474049404263,step,1,0,0.2000683480873704,step,sweep:yaw:1789324650261799290;sweep:enc:yaw:1789324650261821402,sweep:enc:yaw:1789324650261821402,FFFFFFFFF8C5,"{""counts"":-1851}",1,1,0,0,0,0,0,6.06152,1,0,0,1801952700492708,1,,1801952693035954,1801952693610528,1801952700492708,1801952706554228
649,3,yaw,2,1,step,0.6,10,0.6,0.6,0.5235987755982988,0,1,1:00050A00000032,1801952693610528,1789324650290386371,1801952728508959,1789324650319239218,18.985128584085032,0.5367287180852145,0.22942927107214928,1,-1882,0.7217379607001941,0.5446095276177079,0.021829128032550216,step,1,0,0.2286382440943271,step,sweep:enc:yaw:1789324650290383298,sweep:enc:yaw:1789324650290383298,FFFFFFFFF8A6,"{""counts"":-1882}",1,1,0,0,0,0,0,6.187123,1,0,0,1801952722321836,1,,1801952721597979,1801952693610528,1801952722321836,1801952728508959
650,3,yaw,2,1,step,0.6,10,0.6,0.6,0.5235987755982988,0,1,1:00050A00000032,1801952693610528,1789324650318967563,1801952760230834,1789324650347828858,19.01736083906144,0.5689609730616212,0.26166152604855597,1,-1928,0.7393787397608791,0.5473020449111493,0.03223225497640669,step,1,0,0.2572132919449359,step,sweep:enc:yaw:1789324650318964523,sweep:enc:yaw:1789324650318964523,FFFFFFFFF878,"{""counts"":-1928}",1,1,0,0,0,0,0,5.676743,1,0,0,1801952754554091,1,,1801952750179139,1801952693610528,1801952754554091,1801952760230834
651,3,yaw,2,1,step,0.6,10,0.6,0.6,0.5235987755982988,0,1,1:00050A00000032,1801952693610528,1789324650347541876,1801952787059505,1789324650376347457,19.04385206196457,0.5954521959647536,0.2881527489516884,1,-1963,0.7528010716548784,0.506670905419478,0.02649122290313244,step,1,0,0.28578165313228965,step,sweep:enc:yaw:1789324650347538483,sweep:enc:yaw:1789324650347538483,FFFFFFFFF855,"{""counts"":-1963}",1,1,0,0,0,0,0,6.014191,1,0,0,1801952781045314,1,,1801952778753484,1801952693610528,1801952781045314,1801952787059505
652,3,yaw,2,1,step,0.6,10,0.6,0.6,0.5235987755982988,0,1,1:00050A00000032,1801952693610528,1789324650376102620,1801952813953650,1789324650404956427,19.070714269997552,0.6223144039977342,0.31501495698466897,1,-2001,0.767373889139792,0.5425025920066411,0.02686220803298056,step,1,0,0.3143543009646237,step,sweep:enc:yaw:1789324650376099900,sweep:enc:yaw:1789324650376099900,FFFFFFFFF82F,"{""counts"":-2001}",1,1,0,0,0,0,0,6.046128,1,0,0,1801952807907522,1,,1801952807314196,1801952693610528,1801952807907522,1801952813953650
653,3,yaw,2,1,step,0.6,10,0.6,0.6,0.5235987755982988,0,1,1:00050A00000032,1801952693610528,1789324650404679492,1801952845752135,1789324650433520115,19.10275765694678,0.6543577909469604,0.34705834393389523,1,-2044,0.7838641826095626,0.5146239221184696,0.03204338694922626,step,1,0,0.34292762097902596,step,sweep:enc:yaw:1789324650404676452,sweep:enc:yaw:1789324650404676452,FFFFFFFFF804,"{""counts"":-2044}",1,1,0,0,0,0,0,5.801226,1,0,0,1801952839950909,1,,1801952835891004,1801952693610528,1801952839950909,1801952845752135
654,3,yaw,2,1,step,0.6,10,0.6,0.6,0.5235987755982988,0,1,1:00050A00000032,1801952693610528,1789324650433258477,1801952872557605,1789324650461946520,19.129472533008084,0.6810726670082659,0.37377321999520063,1,-2083,0.7988204952914476,0.559849600183928,0.026714876061305404,step,1,0,0.37149892607703805,step,sweep:enc:yaw:1789324650433255885,sweep:enc:yaw:1789324650433255885,FFFFFFFFF7DD,"{""counts"":-2083}",1,1,0,0,0,0,0,5.89182,0,0,0,1801952866665785,1,,1801952864470245,1801952693610528,1801952866665785,1801952872557605
655,3,yaw,2,1,post,0.6,10,0.0,0.0,0.0,0,1,1:00000A,1801952898611122,1789324650462201182,1801952910329513,1789324650491126639,19.167255097068846,0.7188552310690284,0.011078728130087256,1,-2130,0.8168447695491039,0.477052701576033,0.037782564060762525,step,2,1,6.081536412239075e-07,settle,sweep:yaw:1789324650462183229;sweep:enc:yaw:1789324650462198846,sweep:enc:yaw:1789324650462198846,FFFFFFFFF7AE,"{""counts"":-2130}",1,1,1,0,0,0,0,5.881164,1,0,0,1801952904448349,1,,1801952893412950,1801952898611122,1801952904448349,1801952910329513
656,3,yaw,2,1,post,0.6,10,0.0,0.0,0.0,0,1,1:00000A,1801952898611122,1789324650490858504,1801952932243475,1789324650519704119,19.18884181906469,0.7404419530648738,0.032665450125932693,1,-2130,0.8168447695491039,0.0,0.021586721995845437,step,2,1,0.028640618082135916,settle,sweep:enc:yaw:1789324650490854920,sweep:enc:yaw:1789324650490854920,FFFFFFFFF7AE,"{""counts"":-2130}",1,1,1,1,0,0,0,6.208404,1,0,0,1801952926035071,1,,1801952922070080,1801952898611122,1801952926035071,1801952932243475
657,3,yaw,2,1,post,0.6,10,0.0,0.0,0.0,0,1,1:00000A,1801952898611122,1789324650519443473,1801952959246550,1789324650548256479,19.21595280012116,0.7675529341213405,0.05977643118239939,1,-2130,0.8168447695491039,0.0,0.0271109810564667,step,2,1,0.057213362073525786,settle,sweep:enc:yaw:1789324650519439953,sweep:enc:yaw:1789324650519439953,FFFFFFFFF7AE,"{""counts"":-2130}",1,1,1,1,0,0,0,6.100498,1,0,0,1801952953146052,1,,1801952950655081,1801952898611122,1801952953146052,1801952959246550
658,3,yaw,2,1,post,0.6,10,0.0,0.0,0.0,0,1,1:00000A,1801952898611122,1789324650548004569,1801952986078484,1789324650576839080,19.243012964958325,0.7946130989585072,0.08683659601956606,1,-2130,0.8168447695491039,0.0,0.027060164837166667,step,2,1,0.08578393119387329,settle,sweep:enc:yaw:1789324650548001145,sweep:enc:yaw:1789324650548001145,FFFFFFFFF7AE,"{""counts"":-2130}",1,1,1,1,0,0,0,5.872267,1,0,0,1801952980206217,1,,1801952979216177,1801952898611122,1801952980206217,1801952986078484
659,3,yaw,2,1,post,0.6,10,0.0,0.0,0.0,0,1,1:00000A,1801952898611122,1789324650576572097,1801953017869833,1789324650605411344,19.274925725068897,0.8265258590690792,0.11874935613013804,1,-2130,0.8168447695491039,0.0,0.03191276011057198,step,2,1,0.11435510707087815,settle,sweep:enc:yaw:1789324650576568961,sweep:enc:yaw:1789324650576568961,FFFFFFFFF7AE,"{""counts"":-2130}",1,1,1,1,0,0,0,5.750856,1,0,0,1801953012118977,1,,1801953007783705,1801952898611122,1801953012118977,1801953017869833
660,3,yaw,2,1,post,0.6,10,0.0,0.0,0.0,0,1,1:00000A,1801952898611122,1789324650605150634,1801953044712169,1789324650633972664,19.301547350129113,0.8531474841292948,0.14537098119035363,1,-2130,0.8168447695491039,0.0,0.026621625060215592,step,2,1,0.14292538701556623,settle,sweep:enc:yaw:1789324650605147338,sweep:enc:yaw:1789324650605147338,FFFFFFFFF7AE,"{""counts"":-2130}",1,1,1,1,0,0,0,5.971567,1,0,0,1801953038740602,1,,1801953036362274,1801952898611122,1801953038740602,1801953044712169
661,3,yaw,2,1,post,0.6,10,0.0,0.0,0.0,0,1,1:00000A,1801952898611122,1789324650633718418,1801953071558216,1789324650662541600,19.328391734045,0.879991868045181,0.17221536510623991,1,-2130,0.8168447695491039,0.0,0.026844383915886283,step,2,1,0.17149458010680974,settle,sweep:enc:yaw:1789324650633715826,sweep:enc:yaw:1789324650633715826,FFFFFFFFF7AE,"{""counts"":-2130}",1,1,1,1,0,0,0,5.97323,1,0,0,1801953065584986,1,,1801953064929994,1801952898611122,1801953065584986,1801953071558216
662,3,yaw,2,1,post,0.6,10,0.0,0.0,0.0,0,1,1:00000A,1801953097662902,1789324650662291163,1801953109330443,1789324650691165642,19.366069591138512,0.917669725138694,0.20989322219975293,1,-2130,0.8168447695491039,0.0,0.03767785709351301,step,2,1,0.2000696281902492,settle,sweep:yaw:1789324650662266842;sweep:enc:yaw:1789324650662288794,sweep:enc:yaw:1789324650662288794,FFFFFFFFF7AE,"{""counts"":-2130}",1,1,1,1,0,0,0,6.0676,1,0,0,1801953103262843,1,,1801953093502706,1801953097662902,1801953103262843,1801953109330443
663,3,yaw,2,1,post,0.6,10,0.0,0.0,0.0,0,1,1:00000A,1801953097662902,1789324650690872483,1801953131226325,1789324650719708978,19.387942655943334,0.9395427899435163,0.23176628700457513,1,-2130,0.8168447695491039,0.0,0.021873064804822206,step,2,1,0.22864237218163908,settle,sweep:enc:yaw:1789324650690869347,sweep:enc:yaw:1789324650690869347,FFFFFFFFF7AE,"{""counts"":-2130}",1,1,1,1,0,0,0,6.090417,1,0,0,1801953125135908,1,,1801953122084059,1801953097662902,1801953125135908,1801953131226325
664,3,yaw,2,1,post,0.6,10,0.0,0.0,0.0,0,1,1:00000A,1801953097662902,1789324650719444235,1801953158046611,1789324650748260922,19.414912162115797,0.9665122961159796,0.25873579317703843,1,-2130,0.8168447695491039,0.0,0.026969506172463298,step,2,1,0.2572133890353143,settle,sweep:enc:yaw:1789324650719441739,sweep:enc:yaw:1789324650719441739,FFFFFFFFF7AE,"{""counts"":-2130}",1,1,1,1,0,0,0,5.941197,1,0,0,1801953152105414,1,,1801953150655907,1801953097662902,1801953152105414,1801953158046611
665,3,yaw,2,1,post,0.6,10,0.0,0.0,0.0,0,1,1:00000A,1801953097662902,1789324650748006484,1801953189879177,1789324650776852738,19.446929275989532,0.9985294099897146,0.2907529070507735,1,-2130,0.8168447695491039,0.0,0.03201711387373507,step,2,1,0.28578469320200384,settle,sweep:enc:yaw:1789324650748003540,sweep:enc:yaw:1789324650748003540,FFFFFFFFF7AE,"{""counts"":-2130}",1,1,1,1,0,0,0,5.756649,1,0,0,1801953184122528,1,,1801953179218092,1801953097662902,1801953184122528,1801953189879177
666,3,yaw,2,1,post,0.6,10,0.0,0.0,0.0,0,1,1:00000A,1801953097662902,1789324650776575804,1801953216744617,1789324650805396522,19.473537846002728,1.02513798000291,0.3173614770639688,1,-2130,0.8168447695491039,0.0,0.026608570013195276,step,2,1,0.3143571170512587,settle,sweep:enc:yaw:1789324650776572636,sweep:enc:yaw:1789324650776572636,FFFFFFFFF7AE,"{""counts"":-2130}",1,1,1,1,0,0,0,6.013519,1,0,0,1801953210731098,1,,1801953207787380,1801953097662902,1801953210731098,1801953216744617
667,3,yaw,2,1,post,0.6,10,0.0,0.0,0.0,0,1,1:00000A,1801953097662902,1789324650805143364,1801953243530471,1789324650833954066,19.50041874195449,1.0520188759546727,0.3442423730157316,1,-2130,0.8168447695491039,0.0,0.026880895951762795,step,2,1,0.342920582043007,settle,sweep:enc:yaw:1789324650805139652,sweep:enc:yaw:1789324650805139652,FFFFFFFFF7AE,"{""counts"":-2130}",1,1,1,1,0,0,0,5.918477,1,0,0,1801953237611994,1,,1801953236354908,1801953097662902,1801953237611994,1801953243530471
668,3,yaw,2,1,post,0.6,10,0.0,0.0,0.0,0,1,1:00000A,1801953097662902,1789324650833711980,1801953275333436,1789324650862594620,19.53234132612124,1.083941460121423,0.3761649571824819,1,-2130,0.8168447695491039,0.0,0.03192258416675031,step,2,1,0.37149537401273847,settle,sweep:enc:yaw:1789324650833708524,sweep:enc:yaw:1789324650833708524,FFFFFFFFF7AE,"{""counts"":-2130}",1,1,1,1,0,0,0,5.798858,0,0,0,1801953269534578,1,,1801953264923556,1801953097662902,1801953269534578,1801953275333436
669,3,yaw,2,1,rest,0.6,10,0.0,0.0,0.0,0,1,1:00000A,1801953296222062,1789324650862829826,1801953308211051,1789324650891793684,19.56509605795145,1.1166961919516325,0.008288228884339333,1,-2130,0.8168447695491039,0.0,0.032754731830209494,step,3,1,6.079208105802536e-07,rest,sweep:yaw:1789324650862812961;sweep:enc:yaw:1789324650862827650,sweep:enc:yaw:1789324650862827650,FFFFFFFFF7AE,"{""counts"":-2130}",1,1,0,0,0,0,0,5.921741,1,0,0,1801953302289310,1,,1801953294041594,1801953296222062,1801953302289310,1801953308211051
670,3,yaw,2,1,rest,0.6,10,0.0,0.0,0.0,0,1,1:00000A,1801953296222062,1789324650891495052,1801953330038579,1789324650920353436,19.5867486379575,1.1383487719576806,0.029940808890387416,1,-2130,0.8168447695491039,0.0,0.021652580006048083,step,3,1,0.028639754047617316,rest,sweep:enc:yaw:1789324650891492140,sweep:enc:yaw:1789324650891492140,FFFFFFFFF7AE,"{""counts"":-2130}",1,1,0,0,0,0,0,6.096689,1,0,0,1801953323941890,1,,1801953322706660,1801953296222062,1801953323941890,1801953330038579
671,3,yaw,2,1,rest,0.6,10,0.0,0.0,0.0,0,1,1:00000A,1801953296222062,1789324650920080469,1801953362009196,1789324650948898179,19.618880667025223,1.1704808010254055,0.06207283795811236,1,-2130,0.8168447695491039,0.0,0.03213202906772494,step,3,1,0.05721505801193416,rest,sweep:enc:yaw:1789324650920077845,sweep:enc:yaw:1789324650920077845,FFFFFFFFF7AE,"{""counts"":-2130}",1,1,0,0,0,0,0,5.935277,1,0,0,1801953356073919,1,,1801953351292205,1801953296222062,1801953356073919,1801953362009196
672,3,yaw,2,1,rest,0.6,10,0.0,0.0,0.0,0,1,1:00000A,1801953296222062,1789324650948630909,1801953388880076,1789324650977458635,19.645660856971517,1.1972609909716994,0.08885302790440619,1,-2130,0.8168447695491039,0.0,0.02678018994629383,step,3,1,0.08578450698405504,rest,sweep:enc:yaw:1789324650948627965,sweep:enc:yaw:1789324650948627965,FFFFFFFFF7AE,"{""counts"":-2130}",1,1,0,0,0,0,0,6.025967,1,0,0,1801953382854109,1,,1801953379842645,1801953296222062,1801953382854109,1801953388880076
673,3,yaw,2,1,rest,0.6,10,0.0,0.0,0.0,0,1,1:00000A,1801953296222062,1789324650977203141,1801953415715147,1789324651006046836,19.672557241050526,1.2241573750507087,0.11574941198341548,1,-2130,0.8168447695491039,0.0,0.026896384079009295,step,3,1,0.11435581091791391,rest,sweep:enc:yaw:1789324650977200517,sweep:enc:yaw:1789324650977200517,FFFFFFFFF7AE,"{""counts"":-2130}",1,1,0,0,0,0,0,5.964654,1,0,0,1801953409750493,1,,1801953408414909,1801953296222062,1801953409750493,1801953415715147
674,3,yaw,2,1,rest,0.6,10,0.0,0.0,0.0,0,1,1:00000A,1801953296222062,1789324651005779662,1801953447496576,1789324651021641671,19.704555602977052,1.2561557369772345,0.14774777390994132,1,-2130,0.8168447695491039,0.0,0.03199836192652583,step,3,1,0.14292554697021842,rest,sweep:enc:yaw:1789324651005776526,sweep:enc:yaw:1789324651005776526,FFFFFFFFF7AE,"{""counts"":-2130}",1,1,0,0,0,0,0,5.747721,0,0,0,1801953441748855,1,,1801953436991238,1801953296222062,1801953441748855,1801953447496576
675,3,yaw,2,-1,pre,0.6,10,0.0,0.0,0.0,0,1,1:00000A,1801953296222062,1789324651022143251,1801953464431475,1789324651051040835,19.720907064154744,0.004959414014592767,0.0047884981613606215,1,-2130,0.8168447695491039,0.0,0.016351461177691817,step,0,0,5.760230123996735e-07,settle,sweep:enc:yaw:1789324651022141107,sweep:enc:yaw:1789324651022141107,FFFFFFFFF7AE,"{""counts"":-2130}",1,1,1,1,0,0,0,6.331159,1,0,0,1801953458100316,1,,1801953453355019,1801953296222062,1801953458100316,1801953464431475
676,3,yaw,2,-1,pre,0.6,10,0.0,0.0,0.0,0,1,1:00000A,1801953296222062,1789324651050800830,1801953491251314,1789324651079613132,19.74814800103195,0.032200350891798735,0.03202943503856659,1,-2130,0.8168447695491039,0.0,0.027240936877205968,step,0,0,0.028642506105825305,settle,sweep:enc:yaw:1789324651050798366,sweep:enc:yaw:1789324651050798366,FFFFFFFFF7AE,"{""counts"":-2130}",1,1,1,1,0,0,0,5.910061,1,0,0,1801953485341253,1,,1801953482012406,1801953296222062,1801953485341253,1801953491251314
677,3,yaw,2,-1,pre,0.6,10,0.0,0.0,0.0,0,1,1:00000A,1801953512225317,1789324651079370918,1801953524112704,1789324651108257654,19.780805418966338,0.06485776882618666,0.06468685297295451,1,-2130,0.8168447695491039,0.0,0.03265741793438792,step,0,0,0.057211219100281596,settle,sweep:yaw:1789324651079347813;sweep:enc:yaw:1789324651079368134,sweep:enc:yaw:1789324651079368134,FFFFFFFFF7AE,"{""counts"":-2130}",1,1,1,1,0,0,0,6.114033,1,0,0,1801953517998671,1,,1801953510582430,1801953512225317,1801953517998671,1801953524112704
678,3,yaw,2,-1,pre,0.6,10,0.0,0.0,0.0,0,1,1:00000A,1801953512225317,1789324651107954639,1801953545988297,1789324651136761628,19.80269678798504,0.08674913784489036,0.08657822199165821,1,-2130,0.8168447695491039,0.0,0.0218913690187037,step,0,0,0.08578661899082363,settle,sweep:enc:yaw:1789324651107951407,sweep:enc:yaw:1789324651107951407,FFFFFFFFF7AE,"{""counts"":-2130}",1,1,1,1,0,0,0,6.098257,1,0,0,1801953539890040,1,,1801953539166311,1801953512225317,1801953539890040,1801953545988297
679,3,yaw,2,-1,pre,0.6,10,0.0,0.0,0.0,0,1,1:00000A,1801953512225317,1789324651136514775,1801953577798014,1789324651165353861,19.834878897992894,0.11893124785274267,0.11876033199951053,1,-2130,0.8168447695491039,0.0,0.032182110007852316,step,0,0,0.11435475503094494,settle,sweep:enc:yaw:1789324651136511799,sweep:enc:yaw:1789324651136511799,FFFFFFFFF7AE,"{""counts"":-2130}",1,1,1,1,0,0,0,5.725864,1,0,0,1801953572072150,1,,1801953567726287,1801953512225317,1801953572072150,1801953577798014
680,3,yaw,2,-1,pre,0.6,10,0.0,0.0,0.0,0,1,1:00000A,1801953512225317,1789324651165097471,1801953604650814,1789324651193921710,19.861480362946168,0.1455327128060162,0.14536179695278406,1,-2130,0.8168447695491039,0.0,0.026601464953273535,step,0,0,0.14292663498781621,settle,sweep:enc:yaw:1789324651165094207,sweep:enc:yaw:1789324651165094207,FFFFFFFFF7AE,"{""counts"":-2130}",1,1,1,1,0,0,0,5.977199,1,0,0,1801953598673615,1,,1801953596309015,1801953512225317,1801953598673615,1801953604650814
681,3,yaw,2,-1,pre,0.6,10,0.0,0.0,0.0,0,1,1:00000A,1801953512225317,1789324651193664679,1801953631481949,1789324651222531959,19.888340203091502,0.1723925529513508,0.17222163709811866,1,-2130,0.8168447695491039,0.0,0.0268598401453346,step,0,0,0.1714972360059619,settle,sweep:enc:yaw:1789324651193661735,sweep:enc:yaw:1789324651193661735,FFFFFFFFF7AE,"{""counts"":-2130}",1,1,1,1,0,0,0,5.948494,1,0,0,1801953625533455,1,,1801953624876287,1801953512225317,1801953625533455,1801953631481949
682,3,yaw,2,-1,pre,0.6,10,0.0,0.0,0.0,0,1,1:00000A,1801953512225317,1789324651222235664,1801953663290962,1789324651251041342,19.92035600496456,0.2044083548244089,0.20423743897117674,1,-2130,0.8168447695491039,0.0,0.03201580187305808,step,0,0,0.20006962795741856,settle,sweep:enc:yaw:1789324651222232240,sweep:enc:yaw:1789324651222232240,FFFFFFFFF7AE,"{""counts"":-2130}",1,1,1,1,0,0,0,5.741705,1,0,0,1801953657549257,1,,1801953653447304,1801953512225317,1801953657549257,1801953663290962
683,3,yaw,2,-1,pre,0.6,10,0.0,0.0,0.0,0,1,1:00000A,1801953512225317,1789324651250797496,1801953690127953,1789324651279636198,19.94699366413988,0.23104601399973035,0.2308750981464982,1,-2130,0.8168447695491039,0.0,0.02663765917532146,step,0,0,0.22863840404897928,settle,sweep:enc:yaw:1789324651250794392,sweep:enc:yaw:1789324651250794392,FFFFFFFFF7AE,"{""counts"":-2130}",1,1,1,1,0,0,0,5.941037,1,0,0,1801953684186916,1,,1801953682009072,1801953512225317,1801953684186916,1801953690127953
684,3,yaw,2,-1,pre,0.6,10,0.0,0.0,0.0,0,1,1:00000A,1801953711057251,1789324651279383136,1801953722938526,1789324651308229615,19.979671178152785,0.2637235280126333,0.2635526121594012,1,-2130,0.8168447695491039,0.0,0.032677514012902975,step,0,0,0.2572144130244851,settle,sweep:yaw:1789324651279356800;sweep:enc:yaw:1789324651279379808,sweep:enc:yaw:1789324651279379808,FFFFFFFFF7AE,"{""counts"":-2130}",1,1,1,1,0,0,0,6.074096,1,0,0,1801953716864430,1,,1801953710594712,1801953711057251,1801953716864430,1801953722938526
685,3,yaw,2,-1,pre,0.6,10,0.0,0.0,0.0,0,1,1:00000A,1801953711057251,1789324651307947337,1801953749790654,1789324651328963805,20.006636812118813,0.290689161978662,0.29051824612542987,1,-2130,0.8168447695491039,0.0,0.02696563396602869,step,0,0,0.2857853651512414,settle,sweep:enc:yaw:1789324651307944104,sweep:enc:yaw:1789324651307944104,FFFFFFFFF7AE,"{""counts"":-2130}",1,1,1,1,0,0,0,5.96059,0,0,0,1801953743830064,1,,1801953739158912,1801953711057251,1801953743830064,1801953749790654
686,3,yaw,2,-1,step,0.6,10,-0.6,-0.6,-0.5235987755982988,0,1,1:80050A00000032,1801953765607798,1789324651329258308,1801953778661645,1789324651358217749,20.03542309696786,0.3194754468277097,0.012195138027891517,1,-2123,0.8141603031703041,-0.09325504812020338,0.02878628484904766,step,1,0,4.1606836020946503e-07,step,sweep:yaw:1789324651329240932;sweep:enc:yaw:1789324651329256324,sweep:enc:yaw:1789324651329256324,FFFFFFFFF7B5,"{""counts"":-2123}",1,1,0,0,0,0,0,6.045296,1,0,0,1801953772616349,1,,1801953760470108,1801953765607798,1801953772616349,1801953778661645
687,3,yaw,2,-1,step,0.6,10,-0.6,-0.6,-0.5235987755982988,0,1,1:80050A00000032,1801953765607798,1789324651357930127,1801953800567639,1789324651386732316,20.057191455038264,0.341243804898113,0.033963496098294854,1,-2094,0.8030389424581331,-0.5108957081743233,0.021768358070403337,step,1,0,0.02864548214711249,step,sweep:enc:yaw:1789324651357926799,sweep:enc:yaw:1789324651357926799,FFFFFFFFF7D2,"{""counts"":-2094}",1,1,0,0,0,0,0,6.182932,1,0,0,1801953794384707,1,,1801953789141607,1801953765607798,1801953794384707,1801953800567639
688,3,yaw,2,-1,step,0.6,10,-0.6,-0.6,-0.5235987755982988,0,1,1:80050A00000032,1801953765607798,1789324651386488663,1801953827378485,1789324651415319845,20.08421616302803,0.3682685128878802,0.06098820408806205,1,-2056,0.7884661249732196,-0.5392405161392128,0.027024707989767194,step,1,0,0.05721035413444042,step,sweep:enc:yaw:1789324651386485687,sweep:enc:yaw:1789324651386485687,FFFFFFFFF7F8,"{""counts"":-2056}",1,1,0,0,0,0,0,5.96907,1,0,0,1801953821409415,1,,1801953817700239,1801953765607798,1801953821409415,1801953827378485
689,3,yaw,2,-1,step,0.6,10,-0.6,-0.6,-0.5235987755982988,0,1,1:80050A00000032,1801953765607798,1789324651415061503,1801953854266517,1789324651443937102,20.111063682008535,0.3951160318683833,0.08783572306856513,1,-2019,0.7742768026852774,-0.5285152158099427,0.026847518980503082,step,1,0,0.0857820741366595,step,sweep:enc:yaw:1789324651415058719,sweep:enc:yaw:1789324651415058719,FFFFFFFFF81D,"{""counts"":-2019}",1,1,0,0,0,0,0,6.009583,1,0,0,1801953848256934,1,,1801953846273239,1801953765607798,1801953848256934,1801953854266517
690,3,yaw,2,-1,step,0.6,10,-0.6,-0.6,-0.5235987755982988,0,1,1:80050A00000032,1801953765607798,1789324651443646184,1801953886070411,1789324651472457622,20.143084861105308,0.42713721096515656,0.1198569021653384,1,-1976,0.7577865092155067,-0.5149808325275698,0.03202117909677327,step,1,0,0.11435718717984855,step,sweep:enc:yaw:1789324651443643239,sweep:enc:yaw:1789324651443643239,FFFFFFFFF848,"{""counts"":-1976}",1,1,0,0,0,0,0,5.792298,1,0,0,1801953880278113,1,,1801953874857760,1801953765607798,1801953880278113,1801953886070411
691,3,yaw,2,-1,step,0.6,10,-0.6,-0.6,-0.5235987755982988,0,1,1:80050A00000032,1801953765607798,1789324651472209072,1801953912910282,1789324651501057407,20.169791320106015,0.45384366996586323,0.14656336116604507,1,-1939,0.7435971869275646,-0.5313067631903825,0.026706459000706673,step,1,0,0.14292458700947464,step,sweep:enc:yaw:1789324651472205744,sweep:enc:yaw:1789324651472205744,FFFFFFFFF86D,"{""counts"":-1939}",1,1,0,0,0,0,0,5.92571,1,0,0,1801953906984572,1,,1801953903420648,1801953765607798,1801953906984572,1801953912910282
692,3,yaw,2,-1,step,0.6,10,-0.6,-0.6,-0.5235987755982988,0,1,1:80050A00000032,1801953765607798,1789324651500778808,1801953939782889,1789324651529610438,20.19656792609021,0.4806202759500593,0.17333996715024114,1,-1901,0.7290243694426509,-0.5442369168637267,0.026776605984196067,step,1,0,0.1714993470814079,step,sweep:enc:yaw:1789324651500775992,sweep:enc:yaw:1789324651500775992,FFFFFFFFF893,"{""counts"":-1901}",1,1,0,0,0,0,0,6.021711,1,0,0,1801953933761178,1,,1801953931990384,1801953765607798,1801953933761178,1801953939782889
693,3,yaw,2,-1,step,0.6,10,-0.6,-0.6,-0.5235987755982988,0,1,1:80050A00000032,1801953965846358,1789324651529347072,1801953978579749,1789324651558233872,20.235359793994576,0.5194121438544244,0.2121318350546062,1,-1844,0.7071651432152806,-0.5635002233267205,0.03879186790436506,step,1,0,0.20006572315469384,step,sweep:yaw:1789324651529321600;sweep:enc:yaw:1789324651529344480,sweep:enc:yaw:1789324651529344480,FFFFFFFFF8CC,"{""counts"":-1844}",1,1,0,0,0,0,0,6.026703,1,0,0,1801953972553046,1,,1801953960558616,1801953965846358,1801953972553046,1801953978579749
694,3,yaw,2,-1,step,0.6,10,-0.6,-0.6,-0.5235987755982988,0,1,1:80050A00000032,1801953965846358,1789324651557921160,1801954000462830,1789324651586718902,20.257172856945544,0.5412252068053931,0.23394489800557494,1,-1813,0.6952767921091668,-0.5450106265606213,0.021813062950968742,step,1,0,0.22863725200295448,step,sweep:enc:yaw:1789324651557918408,sweep:enc:yaw:1789324651557918408,FFFFFFFFF8EB,"{""counts"":-1813}",1,1,0,0,0,0,0,6.096721,1,0,0,1801953994366109,1,,1801953989132704,1801953965846358,1801953994366109,1801954000462830
695,3,yaw,2,-1,step,0.6,10,-0.6,-0.6,-0.5235987755982988,0,1,1:80050A00000032,1801953965846358,1789324651586484529,1801954027323438,1789324651615316959,20.284154108026996,0.5682064578868449,0.2609261490870267,1,-1777,0.681470965018196,-0.5116822436918641,0.026981251081451774,step,1,0,0.2572082681581378,step,sweep:enc:yaw:1789324651586481072,sweep:enc:yaw:1789324651586481072,FFFFFFFFF90F,"{""counts"":-1777}",1,1,0,0,0,0,0,5.976078,1,0,0,1801954021347360,1,,1801954017696137,1801953965846358,1801954021347360,1801954027323438
696,3,yaw,2,-1,step,0.6,10,-0.6,-0.6,-0.5235987755982988,0,1,1:80050A00000032,1801953965846358,1789324651615057273,1801954054132012,1789324651643916904,20.31099932314828,0.595051673008129,0.28777136420831084,1,-1739,0.6668981475332825,-0.5428459939350445,0.026845215121284127,step,1,0,0.28577886801213026,step,sweep:enc:yaw:1789324651615054393,sweep:enc:yaw:1789324651615054393,FFFFFFFFF935,"{""counts"":-1739}",1,1,0,0,0,0,0,5.939437,1,0,0,1801954048192575,1,,1801954046268881,1801953965846358,1801954048192575,1801954054132012
697,3,yaw,2,-1,step,0.6,10,-0.6,-0.6,-0.5235987755982988,0,1,1:80050A00000032,1801953965846358,1789324651643643906,1801954085938113,1789324651672466480,20.342934867134318,0.6269872169941664,0.3197069081943482,1,-1695,0.6500243588665404,-0.5283701656724397,0.031935543986037374,step,1,0,0.3143548450898379,step,sweep:enc:yaw:1789324651643640929,sweep:enc:yaw:1789324651643640929,FFFFFFFFF961,"{""counts"":-1695}",1,1,0,0,0,0,0,5.809994,1,0,0,1801954080128119,1,,1801954074855642,1801953965846358,1801954080128119,1801954085938113
698,3,yaw,2,-1,step,0.6,10,-0.6,-0.6,-0.5235987755982988,0,1,1:80050A00000032,1801953965846358,1789324651672210154,1801954112785057,1789324651701025528,20.369670096086338,0.6537224459461868,0.3464421371463686,1,-1659,0.6362185317755696,-0.5163908308302503,0.026735228952020407,step,1,0,0.34293002099730074,step,sweep:enc:yaw:1789324651672207690,sweep:enc:yaw:1789324651672207690,FFFFFFFFF985,"{""counts"":-1659}",1,1,0,0,0,0,0,5.921709,1,0,0,1801954106863348,1,,1801954103421890,1801953965846358,1801954106863348,1801954112785057
699,3,yaw,2,-1,step,0.6,10,-0.6,-0.6,-0.5235987755982988,0,1,1:80050A00000032,1801953965846358,1789324651700769554,1801954139641440,1789324651729463901,20.396486093988642,0.6805384438484907,0.37325813504867256,1,-1622,0.6220292094876275,-0.5291364632275356,0.026815997902303934,step,1,0,0.37149850907735527,step,sweep:enc:yaw:1789324651700766674,sweep:enc:yaw:1789324651700766674,FFFFFFFFF9AA,"{""counts"":-1622}",1,1,0,0,0,0,0,5.962094,0,0,0,1801954133679346,1,,1801954131981130,1801953965846358,1801954133679346,1801954139641440
700,3,yaw,2,-1,post,0.6,10,0.0,0.0,0.0,0,1,1:00000A,1801954165632971,1789324651729749348,1801954177419044,1789324651758675061,20.434102670056745,0.718155019916594,0.01037970301695168,1,-1573,0.6032379448360284,-0.49954744997466655,0.03761657606810331,step,2,1,5.760230123996735e-07,settle,sweep:yaw:1789324651729731235;sweep:enc:yaw:1789324651729747108,sweep:enc:yaw:1789324651729747108,FFFFFFFFF9DB,"{""counts"":-1573}",1,1,1,0,0,0,0,6.123122,1,0,0,1801954171295922,1,,1801954160961116,1801954165632971,1801954171295922,1801954177419044
701,3,yaw,2,-1,post,0.6,10,0.0,0.0,0.0,0,1,1:00000A,1801954165632971,1789324651758403374,1801954199248619,1789324651787223676,20.455982007086277,0.7400343569461256,0.03225904004648328,1,-1573,0.6032379448360284,0.0,0.021879337029531598,step,2,1,0.02864087396301329,settle,sweep:enc:yaw:1789324651758400206,sweep:enc:yaw:1789324651758400206,FFFFFFFFF9DB,"{""counts"":-1573}",1,1,1,1,0,0,0,6.07336,1,0,0,1801954193175259,1,,1801954189614982,1801954165632971,1801954193175259,1801954199248619
702,3,yaw,2,-1,post,0.6,10,0.0,0.0,0.0,0,1,1:00000A,1801954165632971,1789324651786980118,1801954226172108,1789324651815811333,20.482941624941304,0.766993974801153,0.059218657901510596,1,-1573,0.6032379448360284,0.0,0.026959617855027318,step,2,1,0.05721297790296376,settle,sweep:enc:yaw:1789324651786977334,sweep:enc:yaw:1789324651786977334,FFFFFFFFF9DB,"{""counts"":-1573}",1,1,1,1,0,0,0,6.037231,1,0,0,1801954220134877,1,,1801954218191726,1801954165632971,1801954220134877,1801954226172108
703,3,yaw,2,-1,post,0.6,10,0.0,0.0,0.0,0,1,1:00000A,1801954165632971,1789324651815552895,1801954257940609,1789324651844415854,20.51499048410915,0.799042833968997,0.09126751706935465,1,-1573,0.6032379448360284,0.0,0.03204885916784406,step,2,1,0.08578309789299965,settle,sweep:enc:yaw:1789324651815549375,sweep:enc:yaw:1789324651815549375,FFFFFFFFF9DB,"{""counts"":-1573}",1,1,1,1,0,0,0,5.756873,1,0,0,1801954252183736,1,,1801954246764439,1801954165632971,1801954252183736,1801954257940609
704,3,yaw,2,-1,post,0.6,10,0.0,0.0,0.0,0,1,1:00000A,1801954165632971,1789324651844134151,1801954284800384,1789324651872951797,20.541616654023528,0.8256690038833767,0.11789368698373437,1,-1573,0.6032379448360284,0.0,0.026626169914379716,step,2,1,0.11435670708306134,settle,sweep:enc:yaw:1789324651844131303,sweep:enc:yaw:1789324651844131303,FFFFFFFFF9DB,"{""counts"":-1573}",1,1,1,1,0,0,0,5.990478,1,0,0,1801954278809906,1,,1801954275345759,1801954165632971,1801954278809906,1801954284800384
705,3,yaw,2,-1,post,0.6,10,0.0,0.0,0.0,0,1,1:00000A,1801954165632971,1789324651872691311,1801954311646880,1789324651901526270,20.56849902193062,0.8525513717904687,0.14477605489082634,1,-1573,0.6032379448360284,0.0,0.026882367907091975,step,2,1,0.142928970977664,settle,sweep:enc:yaw:1789324651872688271,sweep:enc:yaw:1789324651872688271,FFFFFFFFF9DB,"{""counts"":-1573}",1,1,1,1,0,0,0,5.954606,1,0,0,1801954305692274,1,,1801954303902887,1801954165632971,1801954305692274,1801954311646880
706,3,yaw,2,-1,post,0.6,10,0.0,0.0,0.0,0,1,1:00000A,1801954165632971,1789324651901264664,1801954343644218,1789324651930165224,20.600531368982047,0.8845837188418955,0.1768084019422531,1,-1573,0.6032379448360284,0.0,0.03203234705142677,step,2,1,0.1714970429893583,settle,sweep:enc:yaw:1789324651901261432,sweep:enc:yaw:1789324651901261432,FFFFFFFFF9DB,"{""counts"":-1573}",1,1,1,1,0,0,0,5.919597,1,0,0,1801954337724621,1,,1801954332476240,1801954165632971,1801954337724621,1801954343644218
707,3,yaw,2,-1,post,0.6,10,0.0,0.0,0.0,0,1,1:00000A,1801954364719151,1789324651929867137,1801954376364741,1789324651958755857,20.6332526919432,0.9173050418030471,0.2095297249034047,1,-1573,0.6032379448360284,0.0,0.0327213229611516,step,2,1,0.20008380408398807,settle,sweep:yaw:1789324651929836160;sweep:enc:yaw:1789324651929863841,sweep:enc:yaw:1789324651929863841,FFFFFFFFF9DB,"{""counts"":-1573}",1,1,1,1,0,0,0,5.918797,1,0,0,1801954370445944,1,,1801954361078649,1801954364719151,1801954370445944,1801954376364741
708,3,yaw,2,-1,post,0.6,10,0.0,0.0,0.0,0,1,1:00000A,1801954364719151,1789324651958435017,1801954398237517,1789324651987271223,20.655205950140953,0.9392583000008017,0.23148298310115933,1,-1573,0.6032379448360284,0.0,0.02195325819775462,step,2,1,0.22865315596573055,settle,sweep:enc:yaw:1789324651958431529,sweep:enc:yaw:1789324651958431529,FFFFFFFFF9DB,"{""counts"":-1573}",1,1,1,1,0,0,0,5.838315,1,0,0,1801954392399202,1,,1801954389646625,1801954364719151,1801954392399202,1801954398237517
709,3,yaw,2,-1,post,0.6,10,0.0,0.0,0.0,0,1,1:00000A,1801954364719151,1789324651986993809,1801954424975786,1789324652015854368,20.682144608115777,0.966196957975626,0.25842164107598364,1,-1573,0.6032379448360284,0.0,0.02693865797482431,step,2,1,0.25722238002344966,settle,sweep:enc:yaw:1789324651986990449,sweep:enc:yaw:1789324651986990449,FFFFFFFFF9DB,"{""counts"":-1573}",1,1,1,1,0,0,0,5.637926,1,0,0,1801954419337860,1,,1801954418205385,1801954364719151,1801954419337860,1801954424975786
710,3,yaw,2,-1,post,0.6,10,0.0,0.0,0.0,0,1,1:00000A,1801954364719151,1789324652015555641,1801954456979876,1789324652044389863,20.71378686511889,0.9978392149787396,0.29006389807909727,1,-1573,0.6032379448360284,0.0,0.03164225700311363,step,2,1,0.28577800397761166,settle,sweep:enc:yaw:1789324652015552825,sweep:enc:yaw:1789324652015552825,FFFFFFFFF9DB,"{""counts"":-1573}",1,1,1,1,0,0,0,5.999759,1,0,0,1801954450980117,1,,1801954446767377,1801954364719151,1801954450980117,1801954456979876
711,3,yaw,2,-1,post,0.6,10,0.0,0.0,0.0,0,1,1:00000A,1801954364719151,1789324652044119329,1801954483805635,1789324652072951503,20.740681938128546,1.0247342879883945,0.31695897108875215,1,-1573,0.6032379448360284,0.0,0.02689507300965488,step,2,1,0.3143552930559963,settle,sweep:enc:yaw:1789324652044116481,sweep:enc:yaw:1789324652044116481,FFFFFFFFF9DB,"{""counts"":-1573}",1,1,1,1,0,0,0,5.930445,1,0,0,1801954477875190,1,,1801954475330937,1801954364719151,1801954477875190,1801954483805635
712,3,yaw,2,-1,post,0.6,10,0.0,0.0,0.0,0,1,1:00000A,1801954364719151,1789324652072688585,1801954510649602,1789324652101510775,20.76745313499123,1.0515054848510772,0.34373016795143485,1,-1573,0.6032379448360284,0.0,0.0267711968626827,step,2,1,0.342926373006776,settle,sweep:enc:yaw:1789324652072685705,sweep:enc:yaw:1789324652072685705,FFFFFFFFF9DB,"{""counts"":-1573}",1,1,1,1,0,0,0,6.003215,1,0,0,1801954504646387,1,,1801954503900161,1801954364719151,1801954504646387,1801954510649602
713,3,yaw,2,-1,post,0.6,10,0.0,0.0,0.0,0,1,1:00000A,1801954364719151,1789324652101258417,1801954542428726,1789324652130180386,20.799441449111328,1.0834937989711761,0.3757184820715338,1,-1573,0.6032379448360284,0.0,0.03198831412009895,step,2,1,0.3714943169616163,settle,sweep:enc:yaw:1789324652101255697,sweep:enc:yaw:1789324652101255697,FFFFFFFFF9DB,"{""counts"":-1573}",1,1,1,1,0,0,0,5.794025,0,0,0,1801954536634701,1,,1801954532470121,1801954364719151,1801954536634701,1801954542428726
714,3,yaw,2,-1,rest,0.6,10,0.0,0.0,0.0,0,1,1:00000A,1801954563279175,1789324652130425320,1801954575254660,1789324652159368217,20.831970415078104,1.1160227649379522,0.007570580113679171,1,-1573,0.6032379448360284,0.0,0.03252896596677601,step,3,1,6.400514394044876e-07,rest,sweep:yaw:1789324652130406983;sweep:enc:yaw:1789324652130422888,sweep:enc:yaw:1789324652130422888,FFFFFFFFF9DB,"{""counts"":-1573}",1,1,0,0,0,0,0,6.090993,1,0,0,1801954569163667,1,,1801954561637088,1801954563279175,1801954569163667,1801954575254660
715,3,yaw,2,-1,rest,0.6,10,0.0,0.0,0.0,0,1,1:00000A,1801954563279175,1789324652159081490,1801954597152909,1789324652187907552,20.853683348046616,1.1377356979064643,0.029283513082191348,1,-1573,0.6032379448360284,0.0,0.021712932968512177,step,3,1,0.028637098148465157,rest,sweep:enc:yaw:1789324652159078834,sweep:enc:yaw:1789324652159078834,FFFFFFFFF9DB,"{""counts"":-1573}",1,1,0,0,0,0,0,6.276309,1,0,0,1801954590876600,1,,1801954590293226,1801954563279175,1801954590876600,1801954597152909
716,3,yaw,2,-1,rest,0.6,10,0.0,0.0,0.0,0,1,1:00000A,1801954563279175,1789324652187655898,1801954628986691,1789324652216517385,20.88588424306363,1.1699365929234773,0.0614844080992043,1,-1573,0.6032379448360284,0.0,0.032200895017012954,step,3,1,0.05720971408300102,rest,sweep:enc:yaw:1789324652187652890,sweep:enc:yaw:1789324652187652890,FFFFFFFFF9DB,"{""counts"":-1573}",1,1,0,0,0,0,0,5.909196,1,0,0,1801954623077495,1,,1801954618867506,1801954563279175,1801954623077495,1801954628986691
717,3,yaw,2,-1,rest,0.6,10,0.0,0.0,0.0,0,1,1:00000A,1801954563279175,1789324652216233763,1801954655765249,1789324652245086322,20.912668272154406,1.1967206220142543,0.08826843718998134,1,-1573,0.6032379448360284,0.0,0.02678402909077704,step,3,1,0.08578274608589709,rest,sweep:enc:yaw:1789324652216230723,sweep:enc:yaw:1789324652216230723,FFFFFFFFF9DB,"{""counts"":-1573}",1,1,0,0,0,0,0,5.903725,1,0,0,1801954649861524,1,,1801954647445467,1801954563279175,1801954649861524,1801954655765249
718,3,yaw,2,-1,rest,0.6,10,0.0,0.0,0.0,0,1,1:00000A,1801954563279175,1789324652244827948,1801954682659969,1789324652273609593,20.93943342100829,1.2234857708681375,0.11503358604386449,1,-1573,0.6032379448360284,0.0,0.026765148853883147,step,3,1,0.11435609799809754,rest,sweep:enc:yaw:1789324652244824235,sweep:enc:yaw:1789324652244824235,FFFFFFFFF9DB,"{""counts"":-1573}",1,1,0,0,0,0,0,6.033296,1,0,0,1801954676626673,1,,1801954676039524,1801954563279175,1801954676626673,1801954682659969
719,3,yaw,2,-1,rest,0.6,10,0.0,0.0,0.0,0,1,1:00000A,1801954563279175,1789324652273366163,1801954714432470,1789324652284014448,20.971449384000152,1.255501733860001,0.14704954903572798,1,-1573,0.6032379448360284,0.0,0.03201596299186349,step,3,1,0.14292567502707243,rest,sweep:enc:yaw:1789324652273363187,sweep:enc:yaw:1789324652273363187,FFFFFFFFF9DB,"{""counts"":-1573}",1,1,0,0,0,0,0,5.789834,0,0,0,1801954708642636,1,,1801954704577803,1801954563279175,1801954708642636,1801954714432470
720,3,yaw,3,1,pre,0.6,10,0.0,0.0,0.0,0,1,1:00000A,1801954563279175,1789324652284487772,1801954725382682,1789324652313424749,20.982684114947915,0.0043811919167637825,0.004217251902446151,1,-1573,0.6032379448360284,,0.011234730947762728,step,0,0,6.719492375850677e-07,settle,sweep:enc:yaw:1789324652284485660,sweep:enc:yaw:1789324652284485660,FFFFFFFFF9DB,"{""counts"":-1573}",1,1,1,0,0,0,0,5.505315,1,0,0,1801954719877367,0,short_encoder_dt,1801954715699572,1801954563279175,1801954719877367,1801954725382682
721,3,yaw,3,1,pre,0.6,10,0.0,0.0,0.0,0,1,1:00000A,1801954563279175,1789324652313160198,1801954752263226,1789324652341990453,21.00904099899344,0.030738075962290168,0.030574135947972536,1,-1573,0.6032379448360284,0.0,0.026356884045526385,step,0,0,0.028640330070629716,settle,sweep:enc:yaw:1789324652313157190,sweep:enc:yaw:1789324652313157190,FFFFFFFFF9DB,"{""counts"":-1573}",1,1,1,1,0,0,0,6.028975,1,0,0,1801954746234251,1,,1801954744371806,1801954563279175,1801954746234251,1801954752263226
722,3,yaw,3,1,pre,0.6,10,0.0,0.0,0.0,0,1,1:00000A,1801954778355335,1789324652341732975,1801954790014621,1789324652370591678,21.046715880045667,0.068412957014516,0.06824901700019836,1,-1573,0.6032379448360284,0.0,0.03767488105222583,step,0,0,0.05721403402276337,settle,sweep:yaw:1789324652341706350;sweep:enc:yaw:1789324652341730031,sweep:enc:yaw:1789324652341730031,FFFFFFFFF9DB,"{""counts"":-1573}",1,1,1,1,0,0,0,6.105489,1,0,0,1801954783909132,1,,1801954772944519,1801954778355335,1801954783909132,1801954790014621
723,3,yaw,3,1,pre,0.6,10,0.0,0.0,0.0,0,1,1:00000A,1801954778355335,1789324652370302519,1801954811907174,1789324652399135109,21.06855304003693,0.09025011700578034,0.09008617699146271,1,-1573,0.6032379448360284,0.0,0.021837159991264343,step,0,0,0.08578396192751825,settle,sweep:enc:yaw:1789324652370299159,sweep:enc:yaw:1789324652370299159,FFFFFFFFF9DB,"{""counts"":-1573}",1,1,1,1,0,0,0,6.160882,1,0,0,1801954805746292,1,,1801954801514127,1801954778355335,1801954805746292,1801954811907174
724,3,yaw,3,1,pre,0.6,10,0.0,0.0,0.0,0,1,1:00000A,1801954778355335,1789324652398869695,1801954838747557,1789324652427676685,21.095587346935645,0.11728442390449345,0.11712048389017582,1,-1573,0.6032379448360284,0.0,0.027034306898713112,step,0,0,0.11435260996222496,settle,sweep:enc:yaw:1789324652398866335,sweep:enc:yaw:1789324652398866335,FFFFFFFFF9DB,"{""counts"":-1573}",1,1,1,1,0,0,0,5.966958,1,0,0,1801954832780599,1,,1801954830081463,1801954778355335,1801954832780599,1801954838747557
725,3,yaw,3,1,pre,0.6,10,0.0,0.0,0.0,0,1,1:00000A,1801954778355335,1789324652427431367,1801954865584036,1789324652456278614,21.122332751983777,0.1440298289526254,0.14386588893830776,1,-1573,0.6032379448360284,0.0,0.026745405048131943,step,0,0,0.14292567502707243,settle,sweep:enc:yaw:1789324652427428423,sweep:enc:yaw:1789324652427428423,FFFFFFFFF9DB,"{""counts"":-1573}",1,1,1,1,0,0,0,6.058032,1,0,0,1801954859526004,1,,1801954858643039,1801954778355335,1801954859526004,1801954865584036
726,3,yaw,3,1,pre,0.6,10,0.0,0.0,0.0,0,1,1:00000A,1801954778355335,1789324652456012687,1801954897384921,1789324652484860286,21.154366923030466,0.17606399999931455,0.17590005998499691,1,-1573,0.6032379448360284,0.0,0.03203417104668915,step,0,0,0.1714989310130477,settle,sweep:enc:yaw:1789324652456010287,sweep:enc:yaw:1789324652456010287,FFFFFFFFF9DB,"{""counts"":-1573}",1,1,1,1,0,0,0,5.824746,1,0,0,1801954891560175,1,,1801954887224295,1801954778355335,1801954891560175,1801954897384921
727,3,yaw,3,1,pre,0.6,10,0.0,0.0,0.0,0,1,1:00000A,1801954778355335,1789324652484574167,1801954924284186,1789324652513374309,21.181056294124573,0.20275337109342217,0.20258943107910454,1,-1573,0.6032379448360284,0.0,0.026689371094107628,step,0,0,0.2000644109211862,settle,sweep:enc:yaw:1789324652484571575,sweep:enc:yaw:1789324652484571575,FFFFFFFFF9DB,"{""counts"":-1573}",1,1,1,1,0,0,0,6.03464,1,0,0,1801954918249546,1,,1801954915785807,1801954778355335,1801954918249546,1801954924284186
728,3,yaw,3,1,pre,0.6,10,0.0,0.0,0.0,0,1,1:00000A,1801954778355335,1789324652513138176,1801954951283869,1789324652541937997,21.20792173407972,0.2296188110485673,0.22945487103424966,1,-1573,0.6032379448360284,0.0,0.02686543995514512,step,0,0,0.22863565105944872,settle,sweep:enc:yaw:1789324652513135231,sweep:enc:yaw:1789324652513135231,FFFFFFFFF9DB,"{""counts"":-1573}",1,1,1,1,0,0,0,6.168883,1,0,0,1801954945114986,1,,1801954944349816,1801954778355335,1801954945114986,1801954951283869
729,3,yaw,3,1,pre,0.6,10,0.0,0.0,0.0,0,1,1:00000A,1801954778355335,1789324652541708424,1801954983021072,1789324652570618264,21.240077059017494,0.261774135986343,0.2616101959720254,1,-1573,0.6032379448360284,0.0,0.03215532493777573,step,0,0,0.2572085880674422,settle,sweep:enc:yaw:1789324652541705960,sweep:enc:yaw:1789324652541705960,FFFFFFFFF9DB,"{""counts"":-1573}",1,1,1,1,0,0,0,5.750761,1,0,0,1801954977270311,1,,1801954972920160,1801954778355335,1801954977270311,1801954983021072
730,3,yaw,3,1,pre,0.6,10,0.0,0.0,0.0,0,1,1:00000A,1801955003908770,1789324652570306257,1801955015824349,1789324652591336773,21.272618730086833,0.29431580705568194,0.2941518670413643,1,-1573,0.6032379448360284,0.0,0.03254167106933892,step,0,0,0.2857831879518926,settle,sweep:yaw:1789324652570276496;sweep:enc:yaw:1789324652570303249,sweep:enc:yaw:1789324652570303249,FFFFFFFFF9DB,"{""counts"":-1573}",1,1,1,1,0,0,0,6.012367,0,0,0,1801955009811982,1,,1801955001517833,1801955003908770,1801955009811982,1801955015824349
731,3,yaw,3,1,step,0.6,10,0.6,0.6,0.5235987755982988,0,1,1:00050A00000032,1801955026435162,1789324652591573963,1801955039617076,1789324652620518908,21.296478050062433,0.3181751270312816,0.01093277195468545,1,-1580,0.6059224112148283,0.11251227535173511,0.023859319975599647,step,1,0,3.1990930438041687e-07,step,sweep:yaw:1789324652591555979;sweep:enc:yaw:1789324652591572075,sweep:enc:yaw:1789324652591572075,FFFFFFFFF9D4,"{""counts"":-1580}",1,1,0,0,0,0,0,5.945774,1,0,0,1801955033671302,1,,1801955022785699,1801955026435162,1801955033671302,1801955039617076
732,3,yaw,3,1,step,0.6,10,0.6,0.6,0.5235987755982988,0,1,1:00050A00000032,1801955026435162,1789324652620247926,1801955061503485,1789324652649058852,21.318094853078946,0.3397919300477952,0.032549574971199036,1,-1610,0.6174272671239706,0.5322181962038266,0.021616803016513586,step,1,0,0.028638154035434127,step,sweep:enc:yaw:1789324652620244758,sweep:enc:yaw:1789324652620244758,FFFFFFFFF9B6,"{""counts"":-1610}",1,1,0,0,0,0,0,6.21538,1,0,0,1801955055288105,1,,1801955051459534,1801955026435162,1801955055288105,1801955061503485
733,3,yaw,3,1,step,0.6,10,0.6,0.6,0.5235987755982988,0,1,1:00050A00000032,1801955026435162,1789324652648836318,1801955088321979,1789324652677664685,21.345138536999002,0.3668356139678508,0.05959325889125466,1,-1645,0.6308495990179699,0.4963203953158656,0.027043683920055628,step,1,0,0.05720993783324957,step,sweep:enc:yaw:1789324652648832606,sweep:enc:yaw:1789324652648832606,FFFFFFFFF993,"{""counts"":-1645}",1,1,0,0,0,0,0,5.99019,1,0,0,1801955082331789,1,,1801955080047926,1801955026435162,1801955082331789,1801955088321979
734,3,yaw,3,1,step,0.6,10,0.6,0.6,0.5235987755982988,0,1,1:00050A00000032,1801955026435162,1789324652677395750,1801955115225820,1789324652706219125,21.371994792018086,0.3936918689869344,0.08644951391033828,1,-1683,0.6454224165028836,0.5426228442706726,0.02685625501908362,step,1,0,0.08578693796880543,step,sweep:enc:yaw:1789324652677392614,sweep:enc:yaw:1789324652677392614,FFFFFFFFF96D,"{""counts"":-1683}",1,1,0,0,0,0,0,6.037776,1,0,0,1801955109188044,1,,1801955108607326,1801955026435162,1801955109188044,1801955115225820
735,3,yaw,3,1,step,0.6,10,0.6,0.6,0.5235987755982988,0,1,1:00050A00000032,1801955026435162,1789324652705960110,1801955147147348,1789324652734789789,21.404068004107103,0.42576508107595146,0.11852272599935532,1,-1725,0.6615292147756827,0.5021885001132976,0.032073212089017034,step,1,0,0.11435616295784712,step,sweep:enc:yaw:1789324652705956878,sweep:enc:yaw:1789324652705956878,FFFFFFFFF943,"{""counts"":-1725}",1,1,0,0,0,0,0,5.886092,1,0,0,1801955141261256,1,,1801955137171814,1801955026435162,1801955141261256,1801955147147348
736,3,yaw,3,1,step,0.6,10,0.6,0.6,0.5235987755982988,0,1,1:00050A00000032,1801955026435162,1789324652734525718,1801955173825999,1789324652763337796,21.430829889141023,0.45252696610987186,0.14528461103327572,1,-1764,0.6764855274575677,0.558866188346899,0.026761885033920407,step,1,0,0.1429244268219918,step,sweep:enc:yaw:1789324652734522582,sweep:enc:yaw:1789324652734522582,FFFFFFFFF91C,"{""counts"":-1764}",1,1,0,0,0,0,0,5.802858,1,0,0,1801955168023141,1,,1801955165737486,1801955026435162,1801955168023141,1801955173825999
737,3,yaw,3,1,step,0.6,10,0.6,0.6,0.5235987755982988,0,1,1:00050A00000032,1801955026435162,1789324652763093983,1801955205768360,1789324652791985582,21.462588276946917,0.4842853539157659,0.17704299883916974,1,-1806,0.692592325730367,0.5071667482380832,0.03175838780589402,step,1,0,0.1714967549778521,step,sweep:enc:yaw:1789324652763090879,sweep:enc:yaw:1789324652763090879,FFFFFFFFF8F2,"{""counts"":-1806}",1,1,0,0,0,0,0,5.986831,1,0,0,1801955199781529,1,,1801955194305591,1801955026435162,1801955199781529,1801955205768360
738,3,yaw,3,1,step,0.6,10,0.6,0.6,0.5235987755982988,0,1,1:00050A00000032,1801955226650585,1789324652791685479,1801955239618829,1789324652820523446,21.49635340110399,0.518050478072837,0.21080812299624085,1,-1856,0.7117670855789375,0.567886549428101,0.033765124157071114,step,1,0,0.200069627026096,step,sweep:yaw:1789324652791657223;sweep:enc:yaw:1789324652791682471,sweep:enc:yaw:1789324652791682471,FFFFFFFFF8C0,"{""counts"":-1856}",1,1,0,0,0,0,0,6.072176,1,0,0,1801955233546653,1,,1801955222897023,1801955226650585,1801955233546653,1801955239618829
739,3,yaw,3,1,step,0.6,10,0.6,0.6,0.5235987755982988,0,1,1:00050A00000032,1801955226650585,1789324652820242831,1801955261509719,1789324652849059101,21.5181418240536,0.5398389010224491,0.232596545945853,1,-1888,0.7240389318820226,0.5632278357853128,0.02178842294961214,step,1,0,0.22864128299988806,step,sweep:enc:yaw:1789324652820239727,sweep:enc:yaw:1789324652820239727,FFFFFFFFF8A0,"{""counts"":-1888}",1,1,0,0,0,0,0,6.174643,1,0,0,1801955255335076,1,,1801955251454567,1801955226650585,1801955255335076,1801955261509719
740,3,yaw,3,1,step,0.6,10,0.6,0.6,0.5235987755982988,0,1,1:00050A00000032,1801955226650585,1789324652848819576,1801955288345846,1789324652877608453,21.54517763503827,0.5668747120071203,0.2596323569305241,1,-1926,0.7386117493669362,0.5390190622791426,0.027035810984671116,step,1,0,0.25720890797674656,step,sweep:enc:yaw:1789324652848815800,sweep:enc:yaw:1789324652848815800,FFFFFFFFF87A,"{""counts"":-1926}",1,1,0,0,0,0,0,5.974959,1,0,0,1801955282370887,1,,1801955280031152,1801955226650585,1801955282370887,1801955288345846
741,3,yaw,3,1,step,0.6,10,0.6,0.6,0.5235987755982988,0,1,1:00050A00000032,1801955226650585,1789324652877371487,1801955315275735,1789324652906232943,21.572009281953797,0.5937063589226454,0.2864640038460493,1,-1962,0.752417576457907,0.5145352103967393,0.026831646915525198,step,1,0,0.2857819718774408,step,sweep:enc:yaw:1789324652877368575,sweep:enc:yaw:1789324652877368575,FFFFFFFFF856,"{""counts"":-1962}",1,1,0,0,0,0,0,6.073201,1,0,0,1801955309202534,1,,1801955308583255,1801955226650585,1801955309202534,1801955315275735
742,3,yaw,3,1,step,0.6,10,0.6,0.6,0.5235987755982988,0,1,1:00050A00000032,1801955226650585,1789324652905954792,1801955346997002,1789324652934829751,21.604050333146006,0.6257474101148546,0.31850505503825843,1,-2006,0.769291365124649,0.5266303082729371,0.032041051192209125,step,1,0,0.3143534678965807,step,sweep:enc:yaw:1789324652905951592,sweep:enc:yaw:1789324652905951592,FFFFFFFFF82A,"{""counts"":-2006}",1,1,0,0,0,0,0,5.753417,1,0,0,1801955341243585,1,,1801955337166336,1801955226650585,1801955341243585,1801955346997002
743,3,yaw,3,1,step,0.6,10,0.6,0.6,0.5235987755982988,0,1,1:00050A00000032,1801955226650585,1789324652934532528,1801955373846729,1789324652963329854,21.63072143192403,0.6524185088928789,0.34517615381628275,1,-2042,0.7830971922156198,0.5176324832311036,0.026671098778024316,step,1,0,0.34292889991775155,step,sweep:enc:yaw:1789324652934529232,sweep:enc:yaw:1789324652934529232,FFFFFFFFF806,"{""counts"":-2042}",1,1,0,0,0,0,0,5.932045,1,0,0,1801955367914684,1,,1801955365743976,1801955226650585,1801955367914684,1801955373846729
744,3,yaw,3,1,step,0.6,10,0.6,0.6,0.5235987755982988,0,1,1:00050A00000032,1801955226650585,1789324652963089208,1801955400686568,1789324652991810116,21.657505366019905,0.6792024429887533,0.3719600879121572,1,-2081,0.7980535048975048,0.5584061186959374,0.02678393409587443,step,1,0,0.3714960450306535,step,sweep:enc:yaw:1789324652963086072,sweep:enc:yaw:1789324652963086072,FFFFFFFFF7DF,"{""counts"":-2081}",1,1,0,0,0,0,0,5.98795,0,0,0,1801955394698618,1,,1801955394300784,1801955226650585,1801955394698618,1801955400686568
745,3,yaw,3,1,post,0.6,10,0.0,0.0,0.0,0,1,1:00000A,1801955426762549,1789324652992105099,1801955438439307,1789324653021094589,21.695327481953427,0.7170245589222759,0.009252924006432295,1,-2130,0.8168447695491039,0.49683271778414606,0.03782211593352258,step,2,1,6.081536412239075e-07,settle,sweep:yaw:1789324652992086763;sweep:enc:yaw:1789324652992102891,sweep:enc:yaw:1789324652992102891,FFFFFFFFF7AE,"{""counts"":-2130}",1,1,1,0,0,0,0,5.918573,1,0,0,1801955432520734,1,,1801955423316867,1801955426762549,1801955432520734,1801955438439307
746,3,yaw,3,1,post,0.6,10,0.0,0.0,0.0,0,1,1:00000A,1801955426762549,1789324653020768725,1801955460379061,1789324653049573027,21.716974332928658,0.7386714098975062,0.03089977498166263,1,-2130,0.8168447695491039,0.0,0.021646850975230336,step,2,1,0.02864404208958149,settle,sweep:enc:yaw:1789324653020765429,sweep:enc:yaw:1789324653020765429,FFFFFFFFF7AE,"{""counts"":-2130}",1,1,1,1,0,0,0,6.211476,1,0,0,1801955454167585,1,,1801955451980237,1801955426762549,1801955454167585,1801955460379061
747,3,yaw,3,1,post,0.6,10,0.0,0.0,0.0,0,1,1:00000A,1801955426762549,1789324653049327581,1801955487195220,1789324653078158796,21.744030594127253,0.7657276710961014,0.0579560361802578,1,-2130,0.8168447695491039,0.0,0.027056261198595166,step,2,1,0.05721144215203822,settle,sweep:enc:yaw:1789324653049324861,sweep:enc:yaw:1789324653049324861,FFFFFFFFF7AE,"{""counts"":-2130}",1,1,1,1,0,0,0,5.971374,1,0,0,1801955481223846,1,,1801955480539285,1801955426762549,1801955481223846,1801955487195220
748,3,yaw,3,1,post,0.6,10,0.0,0.0,0.0,0,1,1:00000A,1801955426762549,1789324653077895589,1801955519006249,1789324653106710163,21.77596965804696,0.7976667350158095,0.08989510009996593,1,-2130,0.8168447695491039,0.0,0.03193906391970813,step,2,1,0.08578492212109268,settle,sweep:enc:yaw:1789324653077892741,sweep:enc:yaw:1789324653077892741,FFFFFFFFF7AE,"{""counts"":-2130}",1,1,1,1,0,0,0,5.843339,1,0,0,1801955513162910,1,,1801955509107325,1801955426762549,1801955513162910,1801955519006249
749,3,yaw,3,1,post,0.6,10,0.0,0.0,0.0,0,1,1:00000A,1801955426762549,1789324653106469518,1801955545852936,1789324653135312732,21.802649269113317,0.8243463460821658,0.11657471116632223,1,-2130,0.8168447695491039,0.0,0.0266796110663563,step,2,1,0.11435286607593298,settle,sweep:enc:yaw:1789324653106466894,sweep:enc:yaw:1789324653106466894,FFFFFFFFF7AE,"{""counts"":-2130}",1,1,1,1,0,0,0,6.010415,1,0,0,1801955539842521,1,,1801955537681254,1801955426762549,1801955539842521,1801955545852936
750,3,yaw,3,1,post,0.6,10,0.0,0.0,0.0,0,1,1:00000A,1801955426762549,1789324653135052310,1801955572704807,1789324653163863140,21.82949368399568,0.8511907609645277,0.14341912604868412,1,-2130,0.8168447695491039,0.0,0.02684441488236189,step,2,1,0.14293018612079322,settle,sweep:enc:yaw:1789324653135049334,sweep:enc:yaw:1789324653135049334,FFFFFFFFF7AE,"{""counts"":-2130}",1,1,1,1,0,0,0,6.017871,1,0,0,1801955566686936,1,,1801955566263950,1801955426762549,1801955566686936,1801955572704807
751,3,yaw,3,1,post,0.6,10,0.0,0.0,0.0,0,1,1:00000A,1801955426762549,1789324653163613374,1801955604658976,1789324653192440524,21.861511598108336,0.883208675077185,0.17543704016134143,1,-2130,0.8168447695491039,0.0,0.03201791411265731,step,2,1,0.1714968190062791,settle,sweep:enc:yaw:1789324653163610174,sweep:enc:yaw:1789324653163610174,FFFFFFFFF7AE,"{""counts"":-2130}",1,1,1,1,0,0,0,5.954126,1,0,0,1801955598704850,1,,1801955594825142,1801955426762549,1801955598704850,1801955604658976
752,3,yaw,3,1,post,0.6,10,0.0,0.0,0.0,0,1,1:00000A,1801955625537105,1789324653192186246,1801955637273897,1789324653221070294,21.894192920066416,0.915889997035265,0.20811836211942136,1,-2130,0.8168447695491039,0.0,0.032681321958079934,step,2,1,0.2000667150132358,settle,sweep:yaw:1789324653192161926;sweep:enc:yaw:1789324653192183558,sweep:enc:yaw:1789324653192183558,FFFFFFFFF7AE,"{""counts"":-2130}",1,1,1,1,0,0,0,5.887725,1,0,0,1801955631386172,1,,1801955623397982,1801955625537105,1801955631386172,1801955637273897
753,3,yaw,3,1,post,0.6,10,0.0,0.0,0.0,0,1,1:00000A,1801955625537105,1789324653220757646,1801955659191666,1789324653249585021,21.915775386150926,0.9374724631197751,0.22970082820393145,1,-2130,0.8168447695491039,0.0,0.021582466084510088,step,2,1,0.2286419551819563,settle,sweep:enc:yaw:1789324653220754382,sweep:enc:yaw:1789324653220754382,FFFFFFFFF7AE,"{""counts"":-2130}",1,1,1,1,0,0,0,6.223028,1,0,0,1801955652968638,1,,1801955651969350,1801955625537105,1801955652968638,1801955659191666
754,3,yaw,3,1,post,0.6,10,0.0,0.0,0.0,0,1,1:00000A,1801955625537105,1789324653249327735,1801955691180204,1789324653278133828,21.94799061701633,0.9696876939851791,0.26191605906933546,1,-2130,0.8168447695491039,0.0,0.03221523086540401,step,2,1,0.257210347102955,settle,sweep:enc:yaw:1789324653249324822,sweep:enc:yaw:1789324653249324822,FFFFFFFFF7AE,"{""counts"":-2130}",1,1,1,1,0,0,0,5.996335,1,0,0,1801955685183869,1,,1801955680539311,1801955625537105,1801955685183869,1801955691180204
755,3,yaw,3,1,post,0.6,10,0.0,0.0,0.0,0,1,1:00000A,1801955625537105,1789324653277893151,1801955718021547,1789324653306714797,21.974866264965385,0.9965633419342339,0.2887917070183903,1,-2130,0.8168447695491039,0.0,0.026875647949054837,step,2,1,0.2857794112060219,settle,sweep:enc:yaw:1789324653277890623,sweep:enc:yaw:1789324653277890623,FFFFFFFFF7AE,"{""counts"":-2130}",1,1,1,1,0,0,0,5.96203,1,0,0,1801955712059517,1,,1801955709104887,1801955625537105,1801955712059517,1801955718021547
756,3,yaw,3,1,post,0.6,10,0.0,0.0,0.0,0,1,1:00000A,1801955625537105,1789324653306466791,1801955744875242,1789324653335274197,22.001670231111348,1.0233673080801964,0.3155956731643528,1,-2130,0.8168447695491039,0.0,0.026803966145962477,step,2,1,0.31435036309994757,settle,sweep:enc:yaw:1789324653306464231,sweep:enc:yaw:1789324653306464231,FFFFFFFFF7AE,"{""counts"":-2130}",1,1,1,1,0,0,0,6.011759,1,0,0,1801955738863483,1,,1801955737678367,1801955625537105,1801955738863483,1801955744875242
757,3,yaw,3,1,post,0.6,10,0.0,0.0,0.0,0,1,1:00000A,1801955625537105,1789324653335039055,1801955776671679,1789324653363866269,22.03365009604022,1.0553471730090678,0.34757553809322417,1,-2130,0.8168447695491039,0.0,0.03197986492887139,step,2,1,0.3429257641546428,settle,sweep:enc:yaw:1789324653335036047,sweep:enc:yaw:1789324653335036047,FFFFFFFFF7AE,"{""counts"":-2130}",1,1,1,1,0,0,0,5.828331,1,0,0,1801955770843348,1,,1801955766250535,1801955625537105,1801955770843348,1801955776671679
758,3,yaw,3,1,post,0.6,10,0.0,0.0,0.0,0,1,1:00000A,1801955625537105,1789324653363613143,1801955803513438,1789324653392513287,22.060337420087308,1.0820344970561564,0.3742628621403128,1,-2130,0.8168447695491039,0.0,0.026687324047088623,step,2,1,0.3714970680885017,settle,sweep:enc:yaw:1789324653363610231,sweep:enc:yaw:1789324653363610231,FFFFFFFFF7AE,"{""counts"":-2130}",1,1,1,1,0,0,0,5.982766,0,0,0,1801955797530672,1,,1801955794824911,1801955625537105,1801955797530672,1801955803513438
759,3,yaw,3,1,rest,0.6,10,0.0,0.0,0.0,0,1,1:00000A,1801955829491881,1789324653392767085,1801955841271201,1789324653421675582,22.097985164029524,1.1196822409983724,0.011243979912251234,1,-2130,0.8168447695491039,0.0,0.03764774394221604,step,3,1,5.760230123996735e-07,rest,sweep:yaw:1789324653392749165;sweep:enc:yaw:1789324653392764941,sweep:enc:yaw:1789324653392764941,FFFFFFFFF7AE,"{""counts"":-2130}",1,1,0,0,0,0,0,6.092785,1,0,0,1801955835178416,1,,1801955823978853,1801955829491881,1801955835178416,1801955841271201
760,3,yaw,3,1,rest,0.6,10,0.0,0.0,0.0,0,1,1:00000A,1801955829491881,1789324653421417623,1801955863192555,1789324653450222021,22.119770227000117,1.141467303968966,0.033029042882844806,1,-2130,0.8168447695491039,0.0,0.02178506297059357,step,3,1,0.028639017837122083,rest,sweep:enc:yaw:1789324653421414775,sweep:enc:yaw:1789324653421414775,FFFFFFFFF7AE,"{""counts"":-2130}",1,1,0,0,0,0,0,6.229076,1,0,0,1801955856963479,1,,1801955852629359,1801955829491881,1801955856963479,1801955863192555
761,3,yaw,3,1,rest,0.6,10,0.0,0.0,0.0,0,1,1:00000A,1801955829491881,1789324653449990656,1801955890025354,1789324653478848719,22.146830294979736,1.168527371948585,0.06008911086246371,1,-2130,0.8168447695491039,0.0,0.027060067979618907,step,3,1,0.05721112200990319,rest,sweep:enc:yaw:1789324653449987520,sweep:enc:yaw:1789324653449987520,FFFFFFFFF7AE,"{""counts"":-2130}",1,1,0,0,0,0,0,6.001807,1,0,0,1801955884023547,1,,1801955881202392,1801955829491881,1801955884023547,1801955890025354
762,3,yaw,3,1,rest,0.6,10,0.0,0.0,0.0,0,1,1:00000A,1801955829491881,1789324653478575048,1801955916908650,1789324653507419223,22.173651220975444,1.1953482979442924,0.08691003685817122,1,-2130,0.8168447695491039,0.0,0.026820925995707512,step,3,1,0.08578309789299965,rest,sweep:enc:yaw:1789324653478572040,sweep:enc:yaw:1789324653478572040,FFFFFFFFF7AE,"{""counts"":-2130}",1,1,0,0,0,0,0,6.064177,1,0,0,1801955910844473,1,,1801955909786528,1801955829491881,1801955910844473,1801955916908650
763,3,yaw,3,1,rest,0.6,10,0.0,0.0,0.0,0,1,1:00000A,1801955829491881,1789324653507142704,1801955948684574,1789324653535927677,22.20564561500214,1.227342691970989,0.1189044308848679,1,-2130,0.8168447695491039,0.0,0.03199439402669668,step,3,1,0.11435091495513916,rest,sweep:enc:yaw:1789324653507139856,sweep:enc:yaw:1789324653507139856,FFFFFFFFF7AE,"{""counts"":-2130}",1,1,0,0,0,0,0,5.845707,1,0,0,1801955942838867,1,,1801955938354216,1801955829491881,1801955942838867,1801955948684574
764,3,yaw,3,1,rest,0.6,10,0.0,0.0,0.0,0,1,1:00000A,1801955829491881,1789324653535697528,1801955975558174,1789324653546333397,22.232324074022472,1.2540211509913206,0.1455828899051994,1,-2130,0.8168447695491039,0.0,0.026678459020331502,step,3,1,0.14292199490591884,rest,sweep:enc:yaw:1789324653535694712,sweep:enc:yaw:1789324653535694712,FFFFFFFFF7AE,"{""counts"":-2130}",1,1,0,0,0,0,0,6.040848,0,0,0,1801955969517326,1,,1801955966909232,1801955829491881,1801955969517326,1801955975558174
765,3,yaw,3,-1,pre,0.6,10,0.0,0.0,0.0,0,1,1:00000A,1801955829491881,1789324653546809633,1801955987505818,1789324653575718161,22.243822140153497,0.0031906680669635534,0.003030280116945505,1,-2130,0.8168447695491039,,0.011498066131025553,step,0,0,5.760230123996735e-07,settle,sweep:enc:yaw:1789324653546807520,sweep:enc:yaw:1789324653546807520,FFFFFFFFF7AE,"{""counts"":-2130}",1,1,1,0,0,0,0,6.490426,1,0,0,1801955981015392,0,short_encoder_dt,1801955978021433,1801955829491881,1801955981015392,1801955987505818
766,3,yaw,3,-1,pre,0.6,10,0.0,0.0,0.0,0,1,1:00000A,1801955829491881,1789324653575472139,1801956014339705,1789324653604300569,22.271128294058144,0.03049682197161019,0.03033643402159214,1,-2130,0.8168447695491039,0.0,0.027306153904646635,step,0,0,0.028638792922720313,settle,sweep:enc:yaw:1789324653575469323,sweep:enc:yaw:1789324653575469323,FFFFFFFFF7AE,"{""counts"":-2130}",1,1,1,1,0,0,0,6.018159,1,0,0,1801956008321546,1,,1801956006683747,1801955829491881,1801956008321546,1801956014339705
767,3,yaw,3,-1,pre,0.6,10,0.0,0.0,0.0,0,1,1:00000A,1801956040294243,1789324653604049651,1801956052152221,1789324653632882786,22.308791622053832,0.06816014996729791,0.06799976201727986,1,-2130,0.8168447695491039,0.0,0.03766332799568772,step,0,0,0.05721310595981777,settle,sweep:yaw:1789324653604024595;sweep:enc:yaw:1789324653604046835,sweep:enc:yaw:1789324653604046835,FFFFFFFFF7AE,"{""counts"":-2130}",1,1,1,1,0,0,0,6.167347,1,0,0,1801956045984874,1,,1801956035261227,1801956040294243,1801956045984874,1801956052152221
768,3,yaw,3,-1,pre,0.6,10,0.0,0.0,0.0,0,1,1:00000A,1801956040294243,1789324653632612283,1801956074029030,1789324653661434441,22.33063470199704,0.0900032299105078,0.08984284196048975,1,-2130,0.8168447695491039,0.0,0.021843079943209887,step,0,0,0.08578741806559265,settle,sweep:enc:yaw:1789324653632609563,sweep:enc:yaw:1789324653632609563,FFFFFFFFF7AE,"{""counts"":-2130}",1,1,1,1,0,0,0,6.201076,1,0,0,1801956067827954,1,,1801956063823891,1801956040294243,1801956067827954,1801956074029030
769,3,yaw,3,-1,pre,0.6,10,0.0,0.0,0.0,0,1,1:00000A,1801956040294243,1789324653661184515,1801956100847301,1789324653690010002,22.357653202023357,0.11702172993682325,0.1168613419868052,1,-2130,0.8168447695491039,0.0,0.02701850002631545,step,0,0,0.11435315408743918,settle,sweep:enc:yaw:1789324653661181347,sweep:enc:yaw:1789324653661181347,FFFFFFFFF7AE,"{""counts"":-2130}",1,1,1,1,0,0,0,6.000847,1,0,0,1801956094846454,1,,1801956092396251,1801956040294243,1801956094846454,1801956100847301
770,3,yaw,3,-1,pre,0.6,10,0.0,0.0,0.0,0,1,1:00000A,1801956040294243,1789324653689760556,1801956127706980,1789324653718572730,22.384452016092837,0.14382054400630295,0.1436601560562849,1,-2130,0.8168447695491039,0.0,0.026798814069479704,step,0,0,0.14292852208018303,settle,sweep:enc:yaw:1789324653689757964,sweep:enc:yaw:1789324653689757964,FFFFFFFFF7AE,"{""counts"":-2130}",1,1,1,1,0,0,0,6.061712,1,0,0,1801956121645268,1,,1801956120972260,1801956040294243,1801956121645268,1801956127706980
771,3,yaw,3,-1,pre,0.6,10,0.0,0.0,0.0,0,1,1:00000A,1801956040294243,1789324653718328660,1801956159500313,1789324653747144450,22.416446344926953,0.1758148728404194,0.17565448489040136,1,-2130,0.8168447695491039,0.0,0.03199432883411646,step,0,0,0.17149589001201093,settle,sweep:enc:yaw:1789324653718325684,sweep:enc:yaw:1789324653718325684,FFFFFFFFF7AE,"{""counts"":-2130}",1,1,1,1,0,0,0,5.860716,1,0,0,1801956153639597,1,,1801956149540492,1801956040294243,1801956153639597,1801956159500313
772,3,yaw,3,-1,pre,0.6,10,0.0,0.0,0.0,0,1,1:00000A,1801956040294243,1789324653746901180,1801956186353272,1789324653775757323,22.443111876025796,0.20248040393926203,0.20232001598924398,1,-2130,0.8168447695491039,0.0,0.02666553109884262,step,0,0,0.2000680270139128,settle,sweep:enc:yaw:1789324653746898716,sweep:enc:yaw:1789324653746898716,FFFFFFFFF7AE,"{""counts"":-2130}",1,1,1,1,0,0,0,6.048144,1,0,0,1801956180305128,1,,1801956178113012,1801956040294243,1801956180305128,1801956186353272
773,3,yaw,3,-1,pre,0.6,10,0.0,0.0,0.0,0,1,1:00000A,1801956040294243,1789324653775481348,1801956213193911,1789324653804292946,22.469975332031026,0.22934385994449258,0.22918347199447453,1,-2130,0.8168447695491039,0.0,0.026863456005230546,step,0,0,0.2286393630784005,settle,sweep:enc:yaw:1789324653775478180,sweep:enc:yaw:1789324653775478180,FFFFFFFFF7AE,"{""counts"":-2130}",1,1,1,1,0,0,0,6.025327,1,0,0,1801956207168584,1,,1801956206692924,1801956040294243,1801956207168584,1801956213193911
774,3,yaw,3,-1,pre,0.6,10,0.0,0.0,0.0,0,1,1:00000A,1801956239153441,1789324653804048460,1801956250993243,1789324653832897979,22.507847113069147,0.26721564098261297,0.2670552530325949,1,-2130,0.8168447695491039,0.0,0.03787178103812039,step,0,0,0.25721351499669254,settle,sweep:yaw:1789324653804024108;sweep:enc:yaw:1789324653804045740,sweep:enc:yaw:1789324653804045740,FFFFFFFFF7AE,"{""counts"":-2130}",1,1,1,1,0,0,0,5.952878,1,0,0,1801956245040365,1,,1801956235260004,1801956239153441,1801956245040365,1801956250993243
775,3,yaw,3,-1,pre,0.6,10,0.0,0.0,0.0,0,1,1:00000A,1801956239153441,1789324653832618293,1801956272858468,1789324653853560999,22.529483339982107,0.2888518678955734,0.28869147994555533,1,-2130,0.8168447695491039,0.0,0.02163622691296041,step,0,0,0.2857874750625342,settle,sweep:enc:yaw:1789324653832615733,sweep:enc:yaw:1789324653832615733,FFFFFFFFF7AE,"{""counts"":-2130}",1,1,1,1,0,0,0,6.181876,0,0,0,1801956266676592,1,,1801956263830061,1801956239153441,1801956266676592,1801956272858468
776,3,yaw,3,-1,step,0.6,10,-0.6,-0.6,-0.5235987755982988,0,1,1:80050A00000032,1801956288571546,1789324653853786317,1801956301762516,1789324653882697085,22.558447133982554,0.3178156618960202,0.010686942841857672,1,-2123,0.8141603031703041,-0.09268351994073741,0.028963794000446796,step,1,0,5.438923835754395e-07,step,sweep:yaw:1789324653853770060;sweep:enc:yaw:1789324653853784332,sweep:enc:yaw:1789324653853784332,FFFFFFFFF7B5,"{""counts"":-2123}",1,1,0,0,0,0,0,6.12213,1,0,0,1801956295640386,1,,1801956284998117,1801956288571546,1801956295640386,1801956301762516
777,3,yaw,3,-1,step,0.6,10,-0.6,-0.6,-0.5235987755982988,0,1,1:80050A00000032,1801956288571546,1789324653882447703,1801956323651837,1789324653911242276,22.580230755964294,0.33959928387776017,0.03247056482359767,1,-2094,0.8030389424581331,-0.5105377205633378,0.021783621981739998,step,1,0,0.028638505842536688,step,sweep:enc:yaw:1789324653882444951,sweep:enc:yaw:1789324653882444951,FFFFFFFFF7D2,"{""counts"":-2094}",1,1,0,0,0,0,0,6.227829,1,0,0,1801956317424008,1,,1801956313659471,1801956288571546,1801956317424008,1801956323651837
778,3,yaw,3,-1,step,0.6,10,-0.6,-0.6,-0.5235987755982988,0,1,1:80050A00000032,1801956288571546,1789324653911015871,1801956350523772,1789324653939838285,22.607251176144928,0.36661970405839384,0.059490985004231334,1,-2056,0.7884661249732196,-0.5393260869924718,0.027020420180633664,step,1,0,0.05720920185558498,step,sweep:enc:yaw:1789324653911013375,sweep:enc:yaw:1789324653911013375,FFFFFFFFF7F8,"{""counts"":-2056}",1,1,0,0,0,0,0,6.079344,1,0,0,1801956344444428,1,,1801956342227607,1801956288571546,1801956344444428,1801956350523772
779,3,yaw,3,-1,step,0.6,10,-0.6,-0.6,-0.5235987755982988,0,1,1:80050A00000032,1801956288571546,1789324653939594535,1801956377366395,1789324653968412277,22.634153479943052,0.39352200785651803,0.08639328880235553,1,-2019,0.7742768026852774,-0.5274389284434254,0.026902303798124194,step,1,0,0.08578188298270106,step,sweep:enc:yaw:1789324653939591591,sweep:enc:yaw:1789324653939591591,FFFFFFFFF81D,"{""counts"":-2019}",1,1,0,0,0,0,0,6.019663,1,0,0,1801956371346732,1,,1801956370806175,1801956288571546,1801956371346732,1801956377366395
780,3,yaw,3,-1,step,0.6,10,-0.6,-0.6,-0.5235987755982988,0,1,1:80050A00000032,1801956288571546,1789324653968165935,1801956409204529,1789324653996998750,22.666163138113916,0.425531666027382,0.11840294697321951,1,-1975,0.7574030140185354,-0.527146793529367,0.032009658170863986,step,1,0,0.11435696296393871,step,sweep:enc:yaw:1789324653968162447,sweep:enc:yaw:1789324653968162447,FFFFFFFFF849,"{""counts"":-1975}",1,1,0,0,0,0,0,5.848139,1,0,0,1801956403356390,1,,1801956399377511,1801956288571546,1801956403356390,1801956409204529
781,3,yaw,3,-1,step,0.6,10,-0.6,-0.6,-0.5235987755982988,0,1,1:80050A00000032,1801956288571546,1789324653996731768,1801956436031632,1789324654025534341,22.692842685151845,0.4522112130653113,0.1450824940111488,1,-1939,0.7435971869275646,-0.5174685713870464,0.026679547037929296,step,1,0,0.14292429899796844,step,sweep:enc:yaw:1789324653996729047,sweep:enc:yaw:1789324653996729047,FFFFFFFFF86D,"{""counts"":-1939}",1,1,0,0,0,0,0,5.995695,1,0,0,1801956430035937,1,,1801956427943440,1801956288571546,1801956430035937,1801956436031632
782,3,yaw,3,-1,step,0.6,10,-0.6,-0.6,-0.5235987755982988,0,1,1:80050A00000032,1801956288571546,1789324654025297792,1801956467806116,1789324654054129966,22.72474936512299,0.4841178930364549,0.1769891739822924,1,-1895,0.7267233982608226,-0.5288481497292323,0.0319066799711436,step,1,0,0.17149125086143613,step,sweep:enc:yaw:1789324654025294784,sweep:enc:yaw:1789324654025294784,FFFFFFFFF899,"{""counts"":-1895}",1,1,0,0,0,0,0,5.863499,1,0,0,1801956461942617,1,,1801956456509528,1801956288571546,1801956461942617,1801956467806116
783,3,yaw,3,-1,step,0.6,10,-0.6,-0.6,-0.5235987755982988,0,1,1:80050A00000032,1801956488690902,1789324654053882120,1801956501674891,1789324654082716502,22.758332659956068,0.5177011878695339,0.2105724688153714,1,-1844,0.7071651432152806,-0.5823804704914609,0.03358329483307898,step,1,0,0.20006809080950916,step,sweep:yaw:1789324654053856519;sweep:enc:yaw:1789324654053879176,sweep:enc:yaw:1789324654053879176,FFFFFFFFF8CC,"{""counts"":-1844}",1,1,0,0,0,0,0,6.148979,1,0,0,1801956495525912,1,,1801956485093696,1801956488690902,1801956495525912,1801956501674891
784,3,yaw,3,-1,step,0.6,10,-0.6,-0.6,-0.5235987755982988,0,1,1:80050A00000032,1801956488690902,1789324654082448752,1801956523530387,1789324654111252062,22.78017276409082,0.5395412920042872,0.23241257295012474,1,-1813,0.6952767921091668,-0.5443358251756802,0.021840104134753346,step,1,0,0.22863987484015524,step,sweep:enc:yaw:1789324654082445520,sweep:enc:yaw:1789324654082445520,FFFFFFFFF8EB,"{""counts"":-1813}",1,1,0,0,0,0,0,6.164371,1,0,0,1801956517366016,1,,1801956513660360,1801956488690902,1801956517366016,1801956523530387
785,3,yaw,3,-1,step,0.6,10,-0.6,-0.6,-0.5235987755982988,0,1,1:80050A00000032,1801956488690902,1789324654111020184,1801956550382610,1789324654139844614,22.807135805953294,0.5665043338667601,0.25937561481259763,1,-1776,0.6810874698212247,-0.5262507976776459,0.026963041862472892,step,1,0,0.2572119478136301,step,sweep:enc:yaw:1789324654111017400,sweep:enc:yaw:1789324654111017400,FFFFFFFFF910,"{""counts"":-1776}",1,1,0,0,0,0,0,6.053552,1,0,0,1801956544329058,1,,1801956542231760,1801956488690902,1801956544329058,1801956550382610
786,3,yaw,3,-1,step,0.6,10,-0.6,-0.6,-0.5235987755982988,0,1,1:80050A00000032,1801956488690902,1789324654139593632,1801956577334036,1789324654168418702,22.834010078106076,0.5933786060195416,0.2862498869653791,1,-1739,0.6668981475332825,-0.5279890821703105,0.026874272152781487,step,1,0,0.2857827078551054,step,sweep:enc:yaw:1789324654139590720,sweep:enc:yaw:1789324654139590720,FFFFFFFFF935,"{""counts"":-1739}",1,1,0,0,0,0,0,6.130706,1,0,0,1801956571203330,1,,1801956570805208,1801956488690902,1801956571203330,1801956577334036
787,3,yaw,3,-1,step,0.6,10,-0.6,-0.6,-0.5235987755982988,0,1,1:80050A00000032,1801956488690902,1789324654168173001,1801956609053831,1789324654196999991,22.866168443113565,0.6255369710270315,0.31840825197286904,1,-1695,0.6500243588665404,-0.5247091592751069,0.03215836500748992,step,1,0,0.3143524120096117,step,sweep:enc:yaw:1789324654168170153,sweep:enc:yaw:1789324654168170153,FFFFFFFFF961,"{""counts"":-1695}",1,1,0,0,0,0,0,5.692136,1,0,0,1801956603361695,1,,1801956599384577,1801956488690902,1801956603361695,1801956609053831
788,3,yaw,3,-1,step,0.6,10,-0.6,-0.6,-0.5235987755982988,0,1,1:80050A00000032,1801956488690902,1789324654196735377,1801956635879077,1789324654225533950,22.892675186041743,0.6520437139552087,0.34491499490104616,1,-1659,0.6362185317755696,-0.5208420788770298,0.02650674292817712,step,1,0,0.3429245159495622,step,sweep:enc:yaw:1789324654196732496,sweep:enc:yaw:1789324654196732496,FFFFFFFFF985,"{""counts"":-1659}",1,1,0,0,0,0,0,6.010639,1,0,0,1801956629868438,1,,1801956627947017,1801956488690902,1801956629868438,1801956635879077
789,3,yaw,3,-1,step,0.6,10,-0.6,-0.6,-0.5235987755982988,0,1,1:80050A00000032,1801956488690902,1789324654225304505,1801956667673978,1789324654253986979,22.92465325910598,0.6840217870194465,0.376893067965284,1,-1616,0.619728238305799,-0.5156750200878194,0.03197807306423783,step,1,0,0.3714959479402751,step,sweep:enc:yaw:1789324654225301497,sweep:enc:yaw:1789324654225301497,FFFFFFFFF9B0,"{""counts"":-1616}",1,1,0,0,0,0,0,5.827467,0,0,0,1801956661846511,1,,1801956656516113,1801956488690902,1801956661846511,1801956667673978
790,3,yaw,3,-1,post,0.6,10,0.0,0.0,0.0,0,1,1:00000A,1801956688536747,1789324654254226185,1801956700630859,1789324654283172634,22.957334645092487,0.7167031730059534,0.009131001075729728,1,-1573,0.6032379448360284,-0.504577543822006,0.03268138598650694,step,2,1,3.1990930438041687e-07,settle,sweep:yaw:1789324654254209161;sweep:enc:yaw:1789324654254224073,sweep:enc:yaw:1789324654254224073,FFFFFFFFF9DB,"{""counts"":-1573}",1,1,1,0,0,0,0,6.102962,1,0,0,1801956694527897,1,,1801956685437985,1801956688536747,1801956694527897,1801956700630859
791,3,yaw,3,-1,post,0.6,10,0.0,0.0,0.0,0,1,1:00000A,1801956688536747,1789324654282889811,1801956722370288,1789324654311682625,22.979067899053916,0.7384364269673824,0.030864255037158728,1,-1573,0.6032379448360284,0.0,0.021733253961429,step,2,1,0.028637897921726108,settle,sweep:enc:yaw:1789324654282886387,sweep:enc:yaw:1789324654282886387,FFFFFFFFF9DB,"{""counts"":-1573}",1,1,1,1,0,0,0,6.109137,1,0,0,1801956716261151,1,,1801956714101547,1801956688536747,1801956716261151,1801956722370288
792,3,yaw,3,-1,post,0.6,10,0.0,0.0,0.0,0,1,1:00000A,1801956688536747,1789324654311453179,1801956749377267,1789324654340255497,23.005981147056445,0.7653496749699116,0.05777750303968787,1,-1573,0.6032379448360284,0.0,0.026913248002529144,step,2,1,0.0572100339923054,settle,sweep:enc:yaw:1789324654311450139,sweep:enc:yaw:1789324654311450139,FFFFFFFFF9DB,"{""counts"":-1573}",1,1,1,1,0,0,0,6.202868,1,0,0,1801956743174399,1,,1801956742664819,1801956688536747,1801956743174399,1801956749377267
793,3,yaw,3,-1,post,0.6,10,0.0,0.0,0.0,0,1,1:00000A,1801956688536747,1789324654340023011,1801956781174728,1789324654368912147,23.03808591212146,0.7974544400349259,0.08988226810470223,1,-1573,0.6032379448360284,0.0,0.03210476506501436,step,2,1,0.08578076213598251,settle,sweep:enc:yaw:1789324654340019811,sweep:enc:yaw:1789324654340019811,FFFFFFFFF9DB,"{""counts"":-1573}",1,1,1,1,0,0,0,5.895564,1,0,0,1801956775279164,1,,1801956771234587,1801956688536747,1801956775279164,1801956781174728
794,3,yaw,3,-1,post,0.6,10,0.0,0.0,0.0,0,1,1:00000A,1801956688536747,1789324654368609452,1801956808036615,1789324654397470587,23.06476520304568,0.8241337309591472,0.11656155902892351,1,-1573,0.6032379448360284,0.0,0.026679290924221277,step,2,1,0.1143507540691644,settle,sweep:enc:yaw:1789324654368605868,sweep:enc:yaw:1789324654368605868,FFFFFFFFF9DB,"{""counts"":-1573}",1,1,1,1,0,0,0,6.07816,1,0,0,1801956801958455,1,,1801956799821188,1801956688536747,1801956801958455,1801956808036615
795,3,yaw,3,-1,post,0.6,10,0.0,0.0,0.0,0,1,1:00000A,1801956688536747,1789324654397179732,1801956834845414,1789324654425969537,23.091685747960582,0.8510542758740485,0.14348210394382477,1,-1573,0.6032379448360284,0.0,0.026920544914901257,step,2,1,0.14292599400505424,settle,sweep:enc:yaw:1789324654397176308,sweep:enc:yaw:1789324654397176308,FFFFFFFFF9DB,"{""counts"":-1573}",1,1,1,1,0,0,0,5.966414,1,0,0,1801956828879000,1,,1801956828391308,1801956688536747,1801956828879000,1801956834845414
796,3,yaw,3,-1,post,0.6,10,0.0,0.0,0.0,0,1,1:00000A,1801956688536747,1789324654425736988,1801956866663291,1789324654454552074,23.12354119401425,0.8829097219277173,0.17533754999749362,1,-1573,0.6032379448360284,0.0,0.03185544605366886,step,2,1,0.17149531398899853,settle,sweep:enc:yaw:1789324654425733852,sweep:enc:yaw:1789324654425733852,FFFFFFFFF9DB,"{""counts"":-1573}",1,1,1,1,0,0,0,5.928845,1,0,0,1801956860734446,1,,1801956856948628,1801956688536747,1801956860734446,1801956866663291
797,3,yaw,3,-1,post,0.6,10,0.0,0.0,0.0,0,1,1:00000A,1801956887565645,1789324654454312996,1801956899458792,1789324654483213780,23.156115920981392,0.9154844488948584,0.20791227696463466,1,-1573,0.6032379448360284,0.0,0.03257472696714103,step,2,1,0.20006479509174824,settle,sweep:yaw:1789324654454288131;sweep:enc:yaw:1789324654454310180,sweep:enc:yaw:1789324654454310180,FFFFFFFFF9DB,"{""counts"":-1573}",1,1,1,1,0,0,0,6.149619,1,0,0,1801956893309173,1,,1801956885524572,1801956887565645,1801956893309173,1801956899458792
798,3,yaw,3,-1,post,0.6,10,0.0,0.0,0.0,0,1,1:00000A,1801956887565645,1789324654482898348,1801956921381298,1789324654511690426,23.177963705034927,0.9373322329483926,0.22976006101816893,1,-1573,0.6032379448360284,0.0,0.02184778405353427,step,2,1,0.2286410271190107,settle,sweep:enc:yaw:1789324654482894060,sweep:enc:yaw:1789324654482894060,FFFFFFFFF9DB,"{""counts"":-1573}",1,1,1,1,0,0,0,6.224341,1,0,0,1801956915156957,1,,1801956914109860,1801956887565645,1801956915156957,1801956921381298
799,3,yaw,3,-1,post,0.6,10,0.0,0.0,0.0,0,1,1:00000A,1801956887565645,1789324654511452212,1801956953166342,1789324654540270242,23.21014959202148,0.9695181199349463,0.2619459480047226,1,-1573,0.6032379448360284,0.0,0.03218588698655367,step,2,1,0.25721156294457614,settle,sweep:enc:yaw:1789324654511449396,sweep:enc:yaw:1789324654511449396,FFFFFFFFF9DB,"{""counts"":-1573}",1,1,1,1,0,0,0,5.823498,1,0,0,1801956947342844,1,,1801956942663820,1801956887565645,1801956947342844,1801956953166342
800,3,yaw,3,-1,post,0.6,10,0.0,0.0,0.0,0,1,1:00000A,1801956887565645,1789324654540025180,1801956980029542,1789324654568878859,23.23676318512298,0.9961317130364478,0.28855954110622406,1,-1573,0.6032379448360284,0.0,0.026613593101501465,step,2,1,0.28578449902124703,settle,sweep:enc:yaw:1789324654540022076,sweep:enc:yaw:1789324654540022076,FFFFFFFFF9DB,"{""counts"":-1573}",1,1,1,1,0,0,0,6.073105,1,0,0,1801956973956437,1,,1801956971236788,1801956887565645,1801956973956437,1801956980029542
801,3,yaw,3,-1,post,0.6,10,0.0,0.0,0.0,0,1,1:00000A,1801956887565645,1789324654568597252,1801957006821507,1789324654597433555,23.263628689106554,1.0229972170200199,0.3154250450897962,1,-1573,0.6032379448360284,0.0,0.026865503983572125,step,2,1,0.3143523789476603,settle,sweep:enc:yaw:1789324654568593796,sweep:enc:yaw:1789324654568593796,FFFFFFFFF9DB,"{""counts"":-1573}",1,1,1,1,0,0,0,5.999566,1,0,0,1801957000821941,1,,1801956999808700,1801956887565645,1801957000821941,1801957006821507
802,3,yaw,3,-1,post,0.6,10,0.0,0.0,0.0,0,1,1:00000A,1801956887565645,1789324654597175821,1801957038825501,1789324654625978554,23.295614409958944,1.0549829378724098,0.3474107659421861,1,-1573,0.6032379448360284,0.0,0.03198572085238993,step,2,1,0.3429266589228064,settle,sweep:enc:yaw:1789324654597172141,sweep:enc:yaw:1789324654597172141,FFFFFFFFF9DB,"{""counts"":-1573}",1,1,1,1,0,0,0,6.017839,1,0,0,1801957032807662,1,,1801957028387557,1801956887565645,1801957032807662,1801957038825501
803,3,yaw,3,-1,post,0.6,10,0.0,0.0,0.0,0,1,1:00000A,1801956887565645,1789324654625739221,1801957065645436,1789324654654609604,23.32246724097058,1.0818357688840479,0.37426359695382416,1,-1573,0.6032379448360284,0.0,0.026852831011638045,step,2,1,0.3714962350204587,settle,sweep:enc:yaw:1789324654625736277,sweep:enc:yaw:1789324654625736277,FFFFFFFFF9DB,"{""counts"":-1573}",1,1,1,1,0,0,0,5.984943,0,0,0,1801957059660493,1,,1801957056950957,1801956887565645,1801957059660493,1801957065645436
804,3,yaw,3,-1,rest,0.6,10,0.0,0.0,0.0,0,1,1:00000A,1801957086533389,1789324654654837673,1801957098418440,1789324654683764122,23.355204788967967,1.1145733168814331,0.006388345034793019,1,-1573,0.6032379448360284,0.0,0.03273754799738526,step,3,1,4.800967872142792e-07,rest,sweep:yaw:1789324654654820969;sweep:enc:yaw:1789324654654835689,sweep:enc:yaw:1789324654654835689,FFFFFFFFF9DB,"{""counts"":-1573}",1,1,0,0,0,0,0,6.020399,1,0,0,1801957092398041,1,,1801957086049473,1801957086533389,1801957092398041,1801957098418440
805,3,yaw,3,-1,rest,0.6,10,0.0,0.0,0.0,0,1,1:00000A,1801957086533389,1789324654683491699,1801957125326536,1789324654712319554,23.382047123042867,1.1414156509563327,0.033230679109692574,1,-1573,0.6032379448360284,0.0,0.026842334074899554,step,3,1,0.028637546114623547,rest,sweep:enc:yaw:1789324654683488979,sweep:enc:yaw:1789324654683488979,FFFFFFFFF9DB,"{""counts"":-1573}",1,1,0,0,0,0,0,6.086161,1,0,0,1801957119240375,1,,1801957114703435,1801957086533389,1801957119240375,1801957125326536
806,3,yaw,3,-1,rest,0.6,10,0.0,0.0,0.0,0,1,1:00000A,1801957086533389,1789324654712069436,1801957152144967,1789324654740900554,23.40897832508199,1.1683468529954553,0.060161881148815155,1,-1573,0.6032379448360284,0.0,0.02693120203912258,step,3,1,0.05720904213376343,rest,sweep:enc:yaw:1789324654712065980,sweep:enc:yaw:1789324654712065980,FFFFFFFFF9DB,"{""counts"":-1573}",1,1,0,0,0,0,0,5.97339,1,0,0,1801957146171577,1,,1801957143281012,1801957086533389,1801957146171577,1801957152144967
807,3,yaw,3,-1,rest,0.6,10,0.0,0.0,0.0,0,1,1:00000A,1801957086533389,1789324654740637732,1801957178987366,1789324654769464050,23.435806419001892,1.1951749469153583,0.0869899750687182,1,-1573,0.6032379448360284,0.0,0.02682809391990304,step,3,1,0.0857820741366595,rest,sweep:enc:yaw:1789324654740634980,sweep:enc:yaw:1789324654740634980,FFFFFFFFF9DB,"{""counts"":-1573}",1,1,0,0,0,0,0,5.987695,1,0,0,1801957172999671,1,,1801957171849308,1801957086533389,1801957172999671,1801957178987366
808,3,yaw,3,-1,rest,0.6,10,0.0,0.0,0.0,0,1,1:00000A,1801957086533389,1789324654769216716,1801957210736537,1789324654798019962,23.46770970709622,1.2270782350096852,0.11889326316304505,1,-1573,0.6032379448360284,0.0,0.031903288094326854,step,3,1,0.11435257899574935,rest,sweep:enc:yaw:1789324654769213996,sweep:enc:yaw:1789324654769213996,FFFFFFFFF9DB,"{""counts"":-1573}",1,1,0,0,0,0,0,5.833578,1,0,0,1801957204902959,1,,1801957200428452,1801957086533389,1801957204902959,1801957210736537
809,3,yaw,3,-1,rest,0.6,10,0.0,0.0,0.0,0,1,1:00000A,1801957086533389,1789324654797780532,1801957237582937,1789324654808429714,23.49441565410234,1.2537841820158064,0.14559921016916633,1,-1573,0.6032379448360284,0.0,0.026705947006121278,step,3,1,0.14292538701556623,rest,sweep:enc:yaw:1789324654797777876,sweep:enc:yaw:1789324654797777876,FFFFFFFFF9DB,"{""counts"":-1573}",1,1,0,0,0,0,0,5.974031,0,0,0,1801957231608906,1,,1801957228992332,1801957086533389,1801957231608906,1801957237582937
810,4,pitch,1,1,pre,0.25,10,0.0,0.0,0.0,0,2;3,2:00000A;3:00000A,1801957300969437,1789324654859162377,1801957311940195,1789324654888137979,23.56912098499015,0.016174400923773646,0.01599222095683217,2,-1187,0.45520879880506404,,,step,0,0,3.520399332046509e-07,settle,sweep:pitch_a:1789324654859137129;sweep:pitch_b:1789324654859146153;sweep:enc:pitch:1789324654859159817,sweep:enc:pitch:1789324654859159817,FFFFFFFFFB5D,"{""counts"":-1187}",1,1,1,0,0,0,0,5.625958,1,0,0,1801957306314237,0,first_sample,1801957290374145,1801957300969437,1801957306314237,1801957311940195
811,4,pitch,1,1,pre,0.25,10,0.0,0.0,0.0,0,2;3,2:00000A;3:00000A,1801957300969437,1789324654887831092,1801957328881430,1789324654916624353,23.585335035109892,0.0323884510435164,0.03220627107657492,2,-1187,0.45520879880506404,0.0,0.01621405011974275,step,0,0,0.02864465001039207,settle,sweep:enc:pitch:1789324654887828180,sweep:enc:pitch:1789324654887828180,FFFFFFFFFB5D,"{""counts"":-1187}",1,1,1,1,0,0,0,6.353143,1,0,0,1801957322528287,1,,1801957319042700,1801957300969437,1801957322528287,1801957328881430
812,4,pitch,1,1,pre,0.25,10,0.0,0.0,0.0,0,2;3,2:00000A;3:00000A,1801957300969437,1789324654916384923,1801957355890937,1789324654945205481,23.612552514998242,0.05960593093186617,0.05942375096492469,2,-1187,0.45520879880506404,0.0,0.02721747988834977,step,0,0,0.0572106100153178,settle,sweep:enc:pitch:1789324654916382235,sweep:enc:pitch:1789324654916382235,FFFFFFFFFB5D,"{""counts"":-1187}",1,1,1,1,0,0,0,6.14517,1,0,0,1801957349745767,1,,1801957347596691,1801957300969437,1801957349745767,1801957355890937
813,4,pitch,1,1,pre,0.25,10,0.0,0.0,0.0,0,2;3,2:00000A;3:00000A,1801957300969437,1789324654944958884,1801957382768857,1789324654973797938,23.63958173408173,0.08663515001535416,0.08645297004841268,2,-1187,0.45520879880506404,0.0,0.027029219083487988,step,0,0,0.0857814981136471,settle,sweep:enc:pitch:1789324654944956195,sweep:enc:pitch:1789324654944956195,FFFFFFFFFB5D,"{""counts"":-1187}",1,1,1,1,0,0,0,5.993871,1,0,0,1801957376774986,1,,1801957376170556,1801957300969437,1801957376774986,1801957382768857
814,4,pitch,1,1,pre,0.25,10,0.0,0.0,0.0,0,2;3,2:00000A;3:00000A,1801957300969437,1789324654973530988,1801957414779315,1789324655002432316,23.67162377713248,0.11867719306610525,0.11849501309916377,2,-1187,0.45520879880506404,0.0,0.03204204305075109,step,0,0,0.11435196991078556,settle,sweep:enc:pitch:1789324654973528204,sweep:enc:pitch:1789324654973528204,FFFFFFFFFB5D,"{""counts"":-1187}",1,1,1,1,0,0,0,5.962286,1,0,0,1801957408817029,1,,1801957404742596,1801957300969437,1801957408817029,1801957414779315
815,4,pitch,1,1,pre,0.25,10,0.0,0.0,0.0,0,2;3,2:00000A;3:00000A,1801957300969437,1789324655002130484,1801957443681091,1789324655030985155,23.70064312312752,0.147696539061144,0.14751435909420252,2,-1187,0.45520879880506404,0.0,0.029019345995038748,step,0,0,0.1429392748977989,settle,sweep:enc:pitch:1789324655002127124,sweep:enc:pitch:1789324655002127124,FFFFFFFFFB5D,"{""counts"":-1187}",1,1,1,1,0,0,0,5.844716,1,0,0,1801957437836375,1,,1801957433342092,1801957300969437,1801957437836375,1801957443681091
816,4,pitch,1,1,pre,0.25,10,0.0,0.0,0.0,0,2;3,2:00000A;3:00000A,1801957300969437,1789324655030703549,1801957470619012,1789324655059567948,23.727590132970363,0.1746435489039868,0.17446136893704534,2,-1187,0.45520879880506404,0.0,0.026947009842842817,step,0,0,0.17151249898597598,settle,sweep:enc:pitch:1789324655030700317,sweep:enc:pitch:1789324655030700317,FFFFFFFFFB5D,"{""counts"":-1187}",1,1,1,1,0,0,0,5.835627,1,0,0,1801957464783385,1,,1801957461914901,1801957300969437,1801957464783385,1801957470619012
817,4,pitch,1,1,pre,0.25,10,0.0,0.0,0.0,0,2;3,2:00000A;3:00000A,1801957497616422,1789324655059270789,1801957508565579,1789324655088172564,23.765758336987346,0.21281175292097032,0.21262957295402884,2,-1187,0.45520879880506404,0.0,0.03816820401698351,step,0,0,0.20007301797159016,settle,sweep:pitch_a:1789324655059233220;sweep:pitch_b:1789324655059245444;sweep:enc:pitch:1789324655059267876,sweep:enc:pitch:1789324655059267876,FFFFFFFFFB5D,"{""counts"":-1187}",1,1,1,1,0,0,0,5.61399,1,0,0,1801957502951589,1,,1801957490482365,1801957497616422,1801957502951589,1801957508565579
818,4,pitch,1,1,pre,0.25,10,0.0,0.0,0.0,0,2;3,2:00000A;3:00000A,1801957497616422,1789324655087833036,1801957530649721,1789324655116633242,23.787081212969497,0.23413462890312076,0.23395244893617928,2,-1187,0.45520879880506404,0.0,0.021322875982150435,step,0,0,0.2286406101193279,settle,sweep:enc:pitch:1789324655087829932,sweep:enc:pitch:1789324655087829932,FFFFFFFFFB5D,"{""counts"":-1187}",1,1,1,1,0,0,0,6.375256,1,0,0,1801957524274465,1,,1801957519044580,1801957497616422,1801957524274465,1801957530649721
819,4,pitch,1,1,pre,0.25,10,0.0,0.0,0.0,0,2;3,2:00000A;3:00000A,1801957497616422,1789324655116390484,1801957557484439,1789324655145203074,23.814333158079535,0.2613865740131587,0.2612043940462172,2,-1187,0.45520879880506404,0.0,0.027251945110037923,step,0,0,0.25721146701835096,settle,sweep:enc:pitch:1789324655116387604,sweep:enc:pitch:1789324655116387604,FFFFFFFFFB5D,"{""counts"":-1187}",1,1,1,1,0,0,0,5.958029,1,0,0,1801957551526410,1,,1801957547602092,1801957497616422,1801957551526410,1801957557484439
820,4,pitch,1,1,pre,0.25,10,0.0,0.0,0.0,0,2;3,2:00000A;3:00000A,1801957497616422,1789324655144961692,1801957584499802,1789324655165886638,23.841117986943573,0.28817140287719667,0.2879892229102552,2,-1187,0.45520879880506404,0.0,0.02678482886403799,step,0,0,0.28578088292852044,settle,sweep:enc:pitch:1789324655144958268,sweep:enc:pitch:1789324655144958268,FFFFFFFFFB5D,"{""counts"":-1187}",1,1,1,1,0,0,0,6.188563,0,0,0,1801957578311239,1,,1801957576173172,1801957497616422,1801957578311239,1801957584499802
821,4,pitch,1,1,step,0.25,10,0.25,0.25,0.20943951023931953,0,2;3,2:00020A00000032;3:80020A00000032,1801957607282457,1789324655166159029,1801957619337464,1789324655195097222,23.876565775135532,0.32361919106915593,0.016444200184196234,2,-1195,0.4582767603808353,0.08654874485136953,0.03544778819195926,step,1,0,3.2014213502407074e-07,step,sweep:pitch_a:1789324655166132564;sweep:pitch_b:1789324655166142036;sweep:enc:pitch:1789324655166156693,sweep:enc:pitch:1789324655166156693,FFFFFFFFFB55,"{""counts"":-1195}",1,1,0,0,0,0,0,5.578437,1,0,0,1801957613759027,1,,1801957597370765,1801957607282457,1801957613759027,1801957619337464
822,4,pitch,1,1,step,0.25,10,0.25,0.25,0.20943951023931953,0,2;3,2:00020A00000032;3:80020A00000032,1801957607282457,1789324655194817567,1801957636468687,1789324655223619756,23.892744591925293,0.3397980078589171,0.03262301697395742,2,-1203,0.4613447219566066,0.1896283032089739,0.016178816789761186,step,1,0,0.028639466036111116,step,sweep:enc:pitch:1789324655194815007,sweep:enc:pitch:1789324655194815007,FFFFFFFFFB4D,"{""counts"":-1203}",1,1,0,0,0,0,0,6.530843,1,0,0,1801957629937844,1,,1801957626029207,1801957607282457,1801957629937844,1801957636468687
823,4,pitch,1,1,step,0.25,10,0.25,0.25,0.20943951023931953,0,2;3,2:00020A00000032;3:80020A00000032,1801957607282457,1789324655223386919,1801957663348207,1789324655252179444,23.920171004952863,0.36722442088648677,0.06004943000152707,2,-1218,0.46709714991117773,0.2097404406762444,0.02742641302756965,step,1,0,0.05720709008164704,step,sweep:enc:pitch:1789324655223384295,sweep:enc:pitch:1789324655223384295,FFFFFFFFFB3E,"{""counts"":-1218}",1,1,0,0,0,0,0,5.98395,1,0,0,1801957657364257,1,,1801957654598527,1801957607282457,1801957657364257,1801957663348207
824,4,pitch,1,1,step,0.25,10,0.25,0.25,0.20943951023931953,0,2;3,2:00020A00000032;3:80020A00000032,1801957607282457,1789324655251952047,1801957690334546,1789324655280779293,23.947017916012555,0.39407133194617927,0.08689634106121957,2,-1233,0.4728495778657489,0.21426777709290165,0.026846911059692502,step,1,0,0.08577887411229312,step,sweep:enc:pitch:1789324655251949775,sweep:enc:pitch:1789324655251949775,FFFFFFFFFB2F,"{""counts"":-1233}",1,1,0,0,0,0,0,6.123378,1,0,0,1801957684211168,1,,1801957683163847,1801957607282457,1801957684211168,1801957690334546
825,4,pitch,1,1,step,0.25,10,0.25,0.25,0.20943951023931953,0,2;3,2:00020A00000032;3:80020A00000032,1801957607282457,1789324655280532759,1801957722298634,1789324655309375718,23.97910744813271,0.4261608640663326,0.11898587318137288,2,-1251,0.47975249141123427,0.21511418488866427,0.03208953212015331,step,1,0,0.11435433803126216,step,sweep:enc:pitch:1789324655280529911,sweep:enc:pitch:1789324655280529911,FFFFFFFFFB1D,"{""counts"":-1251}",1,1,0,0,0,0,0,5.997934,1,0,0,1801957716300700,1,,1801957711744399,1801957607282457,1801957716300700,1801957722298634
826,4,pitch,1,1,step,0.25,10,0.25,0.25,0.20943951023931953,0,2;3,2:00020A00000032;3:80020A00000032,1801957607282457,1789324655309106687,1801957749153450,1789324655337929037,24.005930934101343,0.45298435003496706,0.14580935915000737,2,-1265,0.485121424168834,0.2001579050492471,0.026823485968634486,step,1,0,0.14292356208898127,step,sweep:enc:pitch:1789324655309103679,sweep:enc:pitch:1789324655309103679,FFFFFFFFFB0F,"{""counts"":-1265}",1,1,0,0,0,0,0,6.029264,1,0,0,1801957743124186,1,,1801957740318263,1801957607282457,1801957743124186,1801957749153450
827,4,pitch,1,1,step,0.25,10,0.25,0.25,0.20943951023931953,0,2;3,2:00020A00000032;3:80020A00000032,1801957607282457,1789324655337675719,1801957776176013,1789324655366486581,24.03286008699797,0.47991350293159485,0.17273851204663515,2,-1278,0.49010686172946233,0.18513161478809856,0.026929152896627784,step,1,0,0.17149672214873135,step,sweep:enc:pitch:1789324655337672839,sweep:enc:pitch:1789324655337672839,FFFFFFFFFB02,"{""counts"":-1278}",1,1,0,0,0,0,0,6.122674,1,0,0,1801957770053339,1,,1801957768887295,1801957607282457,1801957770053339,1801957776176013
828,4,pitch,1,1,step,0.25,10,0.25,0.25,0.20943951023931953,0,2;3,2:00020A00000032;3:80020A00000032,1801957809039803,1789324655366246575,1801957822221973,1789324655395133759,24.079062178963795,0.5261155948974192,0.21894060401245952,2,-1310,0.5023787080325475,0.2656123517559035,0.046202091965824366,step,1,0,0.20006623398512602,step,sweep:pitch_a:1789324655366213071;sweep:pitch_b:1789324655366225359;sweep:enc:pitch:1789324655366243983,sweep:enc:pitch:1789324655366243983,FFFFFFFFFAE2,"{""counts"":-1310}",1,1,0,0,0,0,0,5.966542,1,0,0,1801957816255431,1,,1801957797458311,1801957809039803,1801957816255431,1801957822221973
829,4,pitch,1,1,step,0.25,10,0.25,0.25,0.20943951023931953,0,2;3,2:00020A00000032;3:80020A00000032,1801957809039803,1789324655394830648,1801957834113072,1789324655423681798,24.0905056190677,0.5375590350013226,0.23038404411636293,2,-1315,0.5042961840174045,,0.011443440103903413,step,1,0,0.2286422431934625,step,sweep:enc:pitch:1789324655394828152,sweep:enc:pitch:1789324655394828152,FFFFFFFFFADD,"{""counts"":-1315}",1,1,0,0,0,0,0,6.414201,1,0,0,1801957827698871,0,short_encoder_dt,1801957826042224,1801957809039803,1801957827698871,1801957834113072
830,4,pitch,1,1,step,0.25,10,0.25,0.25,0.20943951023931953,0,2;3,2:00020A00000032;3:80020A00000032,1801957809039803,1789324655423401984,1801957865938693,1789324655452208909,24.122854293091223,0.5699077090248466,0.26273271813988686,2,-1333,0.51119909756289,0.21339092725920242,0.03234867402352393,step,1,0,0.2572071470785886,step,sweep:enc:pitch:1789324655423399264,sweep:enc:pitch:1789324655423399264,FFFFFFFFFACB,"{""counts"":-1333}",1,1,0,0,0,0,0,5.891148,1,0,0,1801957860047545,1,,1801957854613528,1801957809039803,1801957860047545,1801957865938693
831,4,pitch,1,1,step,0.25,10,0.25,0.25,0.20943951023931953,0,2;3,2:00020A00000032;3:80020A00000032,1801957809039803,1789324655451966024,1801957892942024,1789324655480774837,24.14967102697119,0.5967244429048151,0.2895494520198554,2,-1349,0.5173350207144325,0.22880948809824808,0.026816733879968524,step,1,0,0.28578456304967403,step,sweep:enc:pitch:1789324655451963656,sweep:enc:pitch:1789324655451963656,FFFFFFFFFABB,"{""counts"":-1349}",1,1,0,0,0,0,0,6.077745,1,0,0,1801957886864279,1,,1801957883177760,1801957809039803,1801957886864279,1801957892942024
832,4,pitch,1,1,step,0.25,10,0.25,0.25,0.20943951023931953,0,2;3,2:00020A00000032;3:80020A00000032,1801957809039803,1789324655480537520,1801957920060270,1789324655509383934,24.176548595074564,0.6236020110081881,0.31642702012322843,2,-1363,0.5227039534720322,0.19975515407310862,0.02687756810337305,step,1,0,0.3143587470985949,step,sweep:enc:pitch:1789324655480534960,sweep:enc:pitch:1789324655480534960,FFFFFFFFFAAD,"{""counts"":-1363}",1,1,0,0,0,0,0,6.318423,1,0,0,1801957913741847,1,,1801957911749256,1801957809039803,1801957913741847,1801957920060270
833,4,pitch,1,1,step,0.25,10,0.25,0.25,0.20943951023931953,0,2;3,2:00020A00000032;3:80020A00000032,1801957809039803,1789324655509113208,1801957946829483,1789324655537922886,24.203759578987956,0.65081299492158,0.34363800403662026,2,-1379,0.5288398766235748,0.22549435077659072,0.02721098391339183,step,1,0,0.342926274985075,step,sweep:enc:pitch:1789324655509110456,sweep:enc:pitch:1789324655509110456,FFFFFFFFFA9D,"{""counts"":-1379}",1,1,0,0,0,0,0,5.876652,1,0,0,1801957940952831,1,,1801957940324720,1801957809039803,1801957940952831,1801957946829483
834,4,pitch,1,1,step,0.25,10,0.25,0.25,0.20943951023931953,0,2;3,2:00020A00000032;3:80020A00000032,1801957809039803,1789324655537676832,1801957978782083,1789324655566350282,24.235676306998357,0.6827297229319811,0.3755547320470214,2,-1397,0.5357427901690601,0.21627885988926526,0.03191672801040113,step,1,0,0.3714984750840813,step,sweep:enc:pitch:1789324655537674144,sweep:enc:pitch:1789324655537674144,FFFFFFFFFA8B,"{""counts"":-1397}",1,1,0,0,0,0,0,5.912524,0,0,0,1801957972869559,1,,1801957968888408,1801957809039803,1801957972869559,1801957978782083
835,4,pitch,1,1,post,0.25,10,0.0,0.0,0.0,0,2;3,2:00000A;3:00000A,1801958005690180,1789324655566608880,1801958017788932,1789324655595540065,24.274562064092606,0.7216154800262302,0.013983949087560177,2,-1419,0.5441796845024313,0.2169661841203776,0.03888575709424913,step,2,1,6.400514394044876e-07,settle,sweep:pitch_a:1789324655566584688;sweep:pitch_b:1789324655566593168;sweep:enc:pitch:1789324655566606640,sweep:enc:pitch:1789324655566606640,FFFFFFFFFA75,"{""counts"":-1419}",1,1,1,0,0,0,0,6.033616,1,0,0,1801958011755316,1,,1801957997820648,1801958005690180,1801958011755316,1801958017788932
836,4,pitch,1,1,post,0.25,10,0.0,0.0,0.0,0,2;3,2:00000A;3:00000A,1801958005690180,1789324655595263866,1801958034678646,1789324655624164362,24.291155226994306,0.7382086429279298,0.03057711198925972,2,-1419,0.5441796845024313,0.0,0.016593162901699543,step,2,1,0.02863892214372754,settle,sweep:enc:pitch:1789324655595261082,sweep:enc:pitch:1789324655595261082,FFFFFFFFFA75,"{""counts"":-1419}",1,1,1,1,0,0,0,6.330167,1,0,0,1801958028348479,1,,1801958026475634,1801958005690180,1801958028348479,1801958034678646
837,4,pitch,1,1,post,0.25,10,0.0,0.0,0.0,0,2;3,2:00000A;3:00000A,1801958005690180,1789324655623864291,1801958066666351,1789324655652645968,24.32345487596467,0.7705082918982953,0.06287676095962524,2,-1419,0.5441796845024313,0.0,0.032299648970365524,step,2,1,0.057214546017348766,settle,sweep:enc:pitch:1789324655623859907,sweep:enc:pitch:1789324655623859907,FFFFFFFFFA75,"{""counts"":-1419}",1,1,1,1,0,0,0,6.018223,1,0,0,1801958060648128,1,,1801958055075515,1801958005690180,1801958060648128,1801958066666351
838,4,pitch,1,1,post,0.25,10,0.0,0.0,0.0,0,2;3,2:00000A;3:00000A,1801958005690180,1789324655652405195,1801958093662738,1789324655681221817,24.350321338977665,0.7973747549112886,0.08974322397261858,2,-1418,0.5437961893054598,-0.01427412297577028,0.026866463012993336,step,2,1,0.08578341803513467,settle,sweep:enc:pitch:1789324655652402443,sweep:enc:pitch:1789324655652402443,FFFFFFFFFA76,"{""counts"":-1418}",1,1,1,1,0,0,0,6.148147,1,0,0,1801958087514591,1,,1801958083616803,1801958005690180,1801958087514591,1801958093662738
839,4,pitch,1,1,post,0.25,10,0.0,0.0,0.0,0,2;3,2:00000A;3:00000A,1801958005690180,1789324655680978611,1801958120532049,1789324655709811041,24.377270428929478,0.8243238448631018,0.1166923139244318,2,-1419,0.5441796845024313,0.014230357969681563,0.02694908995181322,step,2,1,0.1143527701497078,settle,sweep:enc:pitch:1789324655680975891,sweep:enc:pitch:1789324655680975891,FFFFFFFFFA75,"{""counts"":-1419}",1,1,1,1,0,0,0,6.068368,1,0,0,1801958114463681,1,,1801958112190187,1801958005690180,1801958114463681,1801958120532049
840,4,pitch,1,1,post,0.25,10,0.0,0.0,0.0,0,2;3,2:00000A;3:00000A,1801958005690180,1789324655709557019,1801958147552404,1789324655738389001,24.404177116928622,0.851230532862246,0.143599001923576,2,-1419,0.5441796845024313,0.0,0.026906687999144197,step,2,1,0.14292919402942061,settle,sweep:enc:pitch:1789324655709553915,sweep:enc:pitch:1789324655709553915,FFFFFFFFFA75,"{""counts"":-1419}",1,1,1,1,0,0,0,6.182035,1,0,0,1801958141370369,1,,1801958140768531,1801958005690180,1801958141370369,1801958147552404
841,4,pitch,1,1,post,0.25,10,0.0,0.0,0.0,0,2;3,2:00000A;3:00000A,1801958005690180,1789324655738126915,1801958179507981,1789324655766946673,24.436459294054657,0.8835127099882811,0.1758811790496111,2,-1418,0.5437961893054598,-0.011879471309330232,0.032282177126035094,step,2,1,0.1714988979510963,settle,sweep:enc:pitch:1789324655738124547,sweep:enc:pitch:1789324655738124547,FFFFFFFFFA76,"{""counts"":-1418}",1,1,1,1,0,0,0,5.855435,1,0,0,1801958173652546,1,,1801958169338491,1801958005690180,1801958173652546,1801958179507981
842,4,pitch,1,1,post,0.25,10,0.0,0.0,0.0,0,2;3,2:00000A;3:00000A,1801958206550193,1789324655766699659,1801958218342601,1789324655795556890,24.47516277502291,0.922216190956533,0.21458466001786292,2,-1419,0.5441796845024313,0.009908545365364651,0.038703480968251824,step,2,1,0.20007407502271235,settle,sweep:pitch_a:1789324655766669802;sweep:pitch_b:1789324655766679947;sweep:enc:pitch:1789324655766696587,sweep:enc:pitch:1789324655766696587,FFFFFFFFFA75,"{""counts"":-1419}",1,1,1,1,0,0,0,5.986574,1,0,0,1801958212356027,1,,1801958197911235,1801958206550193,1801958212356027,1801958218342601
843,4,pitch,1,1,post,0.25,10,0.0,0.0,0.0,0,2;3,2:00000A;3:00000A,1801958206550193,1789324655795264691,1801958235422624,1789324655824061344,24.49170819297433,0.9387616089079529,0.23113007796928287,2,-1419,0.5441796845024313,0.0,0.01654541795141995,step,2,1,0.22863977798260748,settle,sweep:enc:pitch:1789324655795262547,sweep:enc:pitch:1789324655795262547,FFFFFFFFFA75,"{""counts"":-1419}",1,1,1,1,0,0,0,6.521179,1,0,0,1801958228901445,1,,1801958226476395,1801958206550193,1801958228901445,1801958235422624
844,4,pitch,1,1,post,0.25,10,0.0,0.0,0.0,0,2;3,2:00000A;3:00000A,1801958206550193,1789324655823832923,1801958262257663,1789324655852664969,24.519130700966343,0.9661841168999672,0.25855258596129715,2,-1419,0.5441796845024313,0.0,0.02742250799201429,step,2,1,0.2572084900457412,settle,sweep:enc:pitch:1789324655823830459,sweep:enc:pitch:1789324655823830459,FFFFFFFFFA75,"{""counts"":-1419}",1,1,1,1,0,0,0,5.93371,1,0,0,1801958256323953,1,,1801958255044499,1801958206550193,1801958256323953,1801958262257663
845,4,pitch,1,1,post,0.25,10,0.0,0.0,0.0,0,2;3,2:00000A;3:00000A,1801958206550193,1789324655852415171,1801958294240312,1789324655881228913,24.551084710052237,0.9981381259858608,0.2905065950471908,2,-1419,0.5441796845024313,0.0,0.03195400908589363,step,2,1,0.28578693093732,settle,sweep:enc:pitch:1789324655852412483,sweep:enc:pitch:1789324655852412483,FFFFFFFFFA75,"{""counts"":-1419}",1,1,1,1,0,0,0,5.96235,1,0,0,1801958288277962,1,,1801958283626811,1801958206550193,1801958288277962,1801958294240312
846,4,pitch,1,1,post,0.25,10,0.0,0.0,0.0,0,2;3,2:00000A;3:00000A,1801958206550193,1789324655880979659,1801958321254427,1789324655909855099,24.577906852122396,1.0249602680560201,0.3173287371173501,2,-1419,0.5441796845024313,0.0,0.026822142070159316,step,2,1,0.31435157894156873,settle,sweep:enc:pitch:1789324655880977163,sweep:enc:pitch:1789324655880977163,FFFFFFFFFA75,"{""counts"":-1419}",1,1,1,1,0,0,0,6.154323,1,0,0,1801958315100104,1,,1801958312191427,1801958206550193,1801958315100104,1801958321254427
847,4,pitch,1,1,post,0.25,10,0.0,0.0,0.0,0,2;3,2:00000A;3:00000A,1801958206550193,1789324655909558739,1801958348232253,1789324655938350241,24.604933672118932,1.051987088052556,0.3443555571138859,2,-1419,0.5441796845024313,0.0,0.027026819996535778,step,2,1,0.3429256349336356,settle,sweep:enc:pitch:1789324655909555859,sweep:enc:pitch:1789324655909555859,FFFFFFFFFA75,"{""counts"":-1419}",1,1,1,1,0,0,0,6.105329,1,0,0,1801958342126924,1,,1801958340770379,1801958206550193,1801958342126924,1801958348232253
848,4,pitch,1,1,post,0.25,10,0.0,0.0,0.0,0,2;3,2:00000A;3:00000A,1801958206550193,1789324655938119419,1801958380229815,1789324655967028811,24.637048803968355,1.084102219901979,0.37647068896330893,2,-1419,0.5441796845024313,0.0,0.03211513184942305,step,2,1,0.37149757891893387,settle,sweep:enc:pitch:1789324655938116923,sweep:enc:pitch:1789324655938116923,FFFFFFFFFA75,"{""counts"":-1419}",1,1,1,1,0,0,0,5.987759,0,0,0,1801958374242056,1,,1801958369331155,1801958206550193,1801958374242056,1801958380229815
849,4,pitch,1,1,rest,0.25,10,0.0,0.0,0.0,0,2;3,2:00000A;3:00000A,1801958406964883,1789324655967293426,1801958419023826,1789324655996250435,24.67551141604781,1.1225648319814354,0.014248691033571959,2,-1419,0.5441796845024313,0.0,0.03846261207945645,step,3,1,5.760230123996735e-07,rest,sweep:pitch_a:1789324655967269233;sweep:pitch_b:1789324655967277681;sweep:enc:pitch:1789324655967291282,sweep:enc:pitch:1789324655967291282,FFFFFFFFFA75,"{""counts"":-1419}",1,1,0,0,0,0,0,6.319158,1,0,0,1801958412704668,1,,1801958398505194,1801958406964883,1801958412704668,1801958419023826
850,4,pitch,1,1,rest,0.25,10,0.0,0.0,0.0,0,2;3,2:00000A;3:00000A,1801958406964883,1789324655995959196,1801958436147434,1789324656024765290,24.692442699102685,1.1394961150363088,0.031179974088445306,2,-1419,0.5441796845024313,0.0,0.016931283054873347,step,3,1,0.028641897020861506,rest,sweep:enc:pitch:1789324655995956700,sweep:enc:pitch:1789324655995956700,FFFFFFFFFA75,"{""counts"":-1419}",1,1,0,0,0,0,0,6.511483,1,0,0,1801958429635951,1,,1801958427170804,1801958406964883,1801958429635951,1801958436147434
851,4,pitch,1,1,rest,0.25,10,0.0,0.0,0.0,0,2;3,2:00000A;3:00000A,1801958406964883,1789324656024522724,1801958462989577,1789324656053349010,24.719843863043934,1.166897278977558,0.05858113802969456,2,-1419,0.5441796845024313,0.0,0.02740116394124925,step,3,1,0.057210064958781004,rest,sweep:enc:pitch:1789324656024520164,sweep:enc:pitch:1789324656024520164,FFFFFFFFFA75,"{""counts"":-1419}",1,1,0,0,0,0,0,5.952462,1,0,0,1801958457037115,1,,1801958455734332,1801958406964883,1801958457037115,1801958462989577
852,4,pitch,1,1,rest,0.25,10,0.0,0.0,0.0,0,2;3,2:00000A;3:00000A,1801958406964883,1789324656053094892,1801958494924929,1789324656081956123,24.751870224950835,1.198923640884459,0.09060749993659556,2,-1419,0.5441796845024313,0.0,0.032026361906901,step,3,1,0.0857820410747081,rest,sweep:enc:pitch:1789324656053091756,sweep:enc:pitch:1789324656053091756,FFFFFFFFFA75,"{""counts"":-1419}",1,1,0,0,0,0,0,5.861452,1,0,0,1801958489063477,1,,1801958484306500,1801958406964883,1801958489063477,1801958494924929
853,4,pitch,1,1,rest,0.25,10,0.0,0.0,0.0,0,2;3,2:00000A;3:00000A,1801958406964883,1789324656081670100,1801958521945924,1789324656110471137,24.778610446024686,1.22566386195831,0.11734772101044655,2,-1419,0.5441796845024313,0.0,0.02674022107385099,step,3,1,0.114353601122275,rest,sweep:enc:pitch:1789324656081667188,sweep:enc:pitch:1789324656081667188,FFFFFFFFFA75,"{""counts"":-1419}",1,1,0,0,0,0,0,6.142226,1,0,0,1801958515803698,1,,1801958512881708,1801958406964883,1801958515803698,1801958521945924
854,4,pitch,1,1,rest,0.25,10,0.0,0.0,0.0,0,2;3,2:00000A;3:00000A,1801958406964883,1789324656110231068,1801958548764610,1789324656120901338,24.805622095940635,1.2526755118742585,0.14435937092639506,2,-1419,0.5441796845024313,0.0,0.02701164991594851,step,3,1,0.14292340097017586,rest,sweep:enc:pitch:1789324656110228380,sweep:enc:pitch:1789324656110228380,FFFFFFFFFA75,"{""counts"":-1419}",1,1,0,0,0,0,0,5.949262,0,0,0,1801958542815348,1,,1801958541442644,1801958406964883,1801958542815348,1801958548764610
855,4,pitch,1,-1,pre,0.25,10,0.0,0.0,0.0,0,2;3,2:00000A;3:00000A,1801958406964883,1789324656121360677,1801958559849514,1789324656150254932,24.817030816106126,0.0018546360079199076,0.0016929041594266891,2,-1419,0.5441796845024313,,0.011408720165491104,step,0,0,5.119945853948593e-07,settle,sweep:enc:pitch:1789324656121358757,sweep:enc:pitch:1789324656121358757,FFFFFFFFFA75,"{""counts"":-1419}",1,1,1,0,0,0,0,5.625446,1,0,0,1801958554224068,0,short_encoder_dt,1801958552572413,1801958406964883,1801958554224068,1801958559849514
856,4,pitch,1,-1,pre,0.25,10,0.0,0.0,0.0,0,2;3,2:00000A;3:00000A,1801958406964883,1789324656150019823,1801958591823203,1789324656178917023,24.848637647926807,0.0334614678286016,0.03329973598010838,2,-1419,0.5441796845024313,0.0,0.03160683182068169,step,0,0,0.028637993149459362,settle,sweep:enc:pitch:1789324656150016911,sweep:enc:pitch:1789324656150016911,FFFFFFFFFA75,"{""counts"":-1419}",1,1,1,1,0,0,0,5.992303,1,0,0,1801958585830900,1,,1801958581231399,1801958406964883,1801958585830900,1801958591823203
857,4,pitch,1,-1,pre,0.25,10,0.0,0.0,0.0,0,2;3,2:00000A;3:00000A,1801958618747716,1789324656178627672,1801958629763338,1789324656207464230,24.887011457933113,0.07183527783490717,0.07167354598641396,2,-1419,0.5441796845024313,0.0,0.038373810006305575,step,0,0,0.05721803312189877,settle,sweep:pitch_a:1789324656178592599;sweep:pitch_b:1789324656178604887;sweep:enc:pitch:1789324656178625016,sweep:enc:pitch:1789324656178625016,FFFFFFFFFA75,"{""counts"":-1419}",1,1,1,1,0,0,0,5.558628,1,0,0,1801958624204710,1,,1801958609839312,1801958618747716,1801958624204710,1801958629763338
858,4,pitch,1,-1,pre,0.25,10,0.0,0.0,0.0,0,2;3,2:00000A;3:00000A,1801958618747716,1789324656207167295,1801958646693501,1789324656235987949,24.903147330041975,0.08797114994376898,0.08780941809527576,2,-1419,0.5441796845024313,0.0,0.016135872108861804,step,0,0,0.08578181709162891,settle,sweep:enc:pitch:1789324656207164831,sweep:enc:pitch:1789324656207164831,FFFFFFFFFA75,"{""counts"":-1419}",1,1,1,1,0,0,0,6.352919,1,0,0,1801958640340582,1,,1801958638379031,1801958618747716,1801958640340582,1801958646693501
859,4,pitch,1,-1,pre,0.25,10,0.0,0.0,0.0,0,2;3,2:00000A;3:00000A,1801958618747716,1789324656235745767,1801958673723296,1789324656264558165,24.930353097151965,0.1151769170537591,0.11501518520526588,2,-1419,0.5441796845024313,0.0,0.02720576710999012,step,0,0,0.11435760115273297,settle,sweep:enc:pitch:1789324656235743015,sweep:enc:pitch:1789324656235743015,FFFFFFFFFA75,"{""counts"":-1419}",1,1,1,1,0,0,0,6.176947,1,0,0,1801958667546349,1,,1801958666957471,1801958618747716,1801958667546349,1801958673723296
860,4,pitch,1,-1,pre,0.25,10,0.0,0.0,0.0,0,2;3,2:00000A;3:00000A,1801958618747716,1789324656264316655,1801958705519413,1789324656293129533,24.962517607025802,0.14734142692759633,0.1471796950791031,2,-1419,0.5441796845024313,0.0,0.03216450987383723,step,0,0,0.14292884105816483,settle,sweep:enc:pitch:1789324656264313615,sweep:enc:pitch:1789324656264313615,FFFFFFFFFA75,"{""counts"":-1419}",1,1,1,1,0,0,0,5.808554,1,0,0,1801958699710859,1,,1801958695528231,1801958618747716,1801958699710859,1801958705519413
861,4,pitch,1,-1,pre,0.25,10,0.0,0.0,0.0,0,2;3,2:00000A;3:00000A,1801958618747716,1789324656292875223,1801958732546008,1789324656321683076,24.98920156992972,0.17402538983151317,0.17386365798301995,2,-1419,0.5441796845024313,0.0,0.026683962903916836,step,0,0,0.17148337699472904,settle,sweep:enc:pitch:1789324656292872887,sweep:enc:pitch:1789324656292872887,FFFFFFFFFA75,"{""counts"":-1419}",1,1,1,1,0,0,0,6.151186,1,0,0,1801958726394822,1,,1801958724086959,1801958618747716,1801958726394822,1801958732546008
862,4,pitch,1,-1,pre,0.25,10,0.0,0.0,0.0,0,2;3,2:00000A;3:00000A,1801958618747716,1789324656321449951,1801958759520762,1789324656350262125,25.016207684064284,0.20103150396607816,0.20086977211758494,2,-1419,0.5441796845024313,0.0,0.027006114134564996,step,0,0,0.20006815320812166,settle,sweep:enc:pitch:1789324656321447295,sweep:enc:pitch:1789324656321447295,FFFFFFFFFA75,"{""counts"":-1419}",1,1,1,1,0,0,0,6.119826,1,0,0,1801958753400936,1,,1801958752661559,1801958618747716,1801958753400936,1801958759520762
863,4,pitch,1,-1,pre,0.25,10,0.0,0.0,0.0,0,2;3,2:00000A;3:00000A,1801958618747716,1789324656350027975,1801958791488403,1789324656378815508,25.048292479943484,0.23311629984527826,0.23295456799678504,2,-1419,0.5441796845024313,0.0,0.0320847958792001,step,0,0,0.22864060918800533,settle,sweep:enc:pitch:1789324656350025031,sweep:enc:pitch:1789324656350025031,FFFFFFFFFA75,"{""counts"":-1419}",1,1,1,1,0,0,0,6.002671,1,0,0,1801958785485732,1,,1801958781239487,1801958618747716,1801958785485732,1801958791488403
864,4,pitch,1,-1,pre,0.25,10,0.0,0.0,0.0,0,2;3,2:00000A;3:00000A,1801958618747716,1789324656378588047,1801958818351154,1789324656407441725,25.07513241493143,0.2599562348332256,0.2597945029847324,2,-1419,0.5441796845024313,0.0,0.026839934987947345,step,0,0,0.2572063449770212,settle,sweep:enc:pitch:1789324656378585455,sweep:enc:pitch:1789324656378585455,FFFFFFFFFA75,"{""counts"":-1419}",1,1,1,1,0,0,0,6.025487,1,0,0,1801958812325667,1,,1801958809799655,1801958618747716,1801958812325667,1801958818351154
865,4,pitch,1,-1,pre,0.25,10,0.0,0.0,0.0,0,2;3,2:00000A;3:00000A,1801958845245970,1789324656407177143,1801958856349115,1789324656428187755,25.113467215094715,0.29829103499650955,0.29812930314801633,2,-1419,0.5441796845024313,0.0,0.038334800163283944,step,0,0,0.28578452905640006,settle,sweep:pitch_a:1789324656407144598;sweep:pitch_b:1789324656407155191;sweep:enc:pitch:1789324656407174295,sweep:enc:pitch:1789324656407174295,FFFFFFFFFA75,"{""counts"":-1419}",1,1,1,1,0,0,0,5.688648,0,0,0,1801958850660467,1,,1801958838388847,1801958845245970,1801958850660467,1801958856349115
866,4,pitch,1,-1,step,0.25,10,-0.25,-0.25,-0.20943951023931953,0,2;3,2:80020A00000032;3:00020A00000032,1801958868380793,1789324656428433873,1801958880364854,1789324656457356769,25.13745175395161,0.32227557385340333,0.015054150018841028,2,-1410,0.5407282277296885,-0.14390340349406736,0.023984538856893778,step,1,0,4.800967872142792e-07,step,sweep:pitch_a:1789324656428406736;sweep:pitch_b:1789324656428416625;sweep:enc:pitch:1789324656428431825,sweep:enc:pitch:1789324656428431825,FFFFFFFFFA7E,"{""counts"":-1410}",1,1,0,0,0,0,0,5.719848,1,0,0,1801958874645006,1,,1801958859645673,1801958868380793,1801958874645006,1801958880364854
867,4,pitch,1,-1,step,0.25,10,-0.25,-0.25,-0.20943951023931953,0,2;3,2:80020A00000032;3:00020A00000032,1801958868380793,1789324656457090363,1801958897453741,1789324656485920329,25.153763662092388,0.33858748199418187,0.03136605815961957,2,-1402,0.5376602661539173,-0.18808109690745495,0.01631190814077854,step,1,0,0.028638249030336738,step,sweep:enc:pitch:1789324656457087963,sweep:enc:pitch:1789324656457087963,FFFFFFFFFA86,"{""counts"":-1402}",1,1,0,0,0,0,0,6.496827,1,0,0,1801958890956914,1,,1801958888302131,1801958868380793,1801958890956914,1801958897453741
868,4,pitch,1,-1,step,0.25,10,-0.25,-0.25,-0.20943951023931953,0,2;3,2:80020A00000032;3:00020A00000032,1801958868380793,1789324656485668355,1801958924191497,1789324656514506546,25.18112015305087,0.3659439729526639,0.0587225491181016,2,-1388,0.5322913333963175,-0.1962580933990398,0.027356490958482027,step,1,0,0.057209297083318233,step,sweep:enc:pitch:1789324656485665763,sweep:enc:pitch:1789324656485665763,FFFFFFFFFA94,"{""counts"":-1388}",1,1,0,0,0,0,0,5.878092,1,0,0,1801958918313405,1,,1801958916880091,1801958868380793,1801958918313405,1801958924191497
869,4,pitch,1,-1,step,0.25,10,-0.25,-0.25,-0.20943951023931953,0,2;3,2:80020A00000032;3:00020A00000032,1801958868380793,1789324656514239851,1801958956168962,1789324656543053497,25.2130018400494,0.3978256599511951,0.09060423611663282,2,-1370,0.5253884198508321,-0.21651657096449944,0.03188168699853122,step,1,0,0.0857806010171771,step,sweep:enc:pitch:1789324656514237483,sweep:enc:pitch:1789324656514237483,FFFFFFFFFAA6,"{""counts"":-1370}",1,1,0,0,0,0,0,5.97387,1,0,0,1801958950195092,1,,1801958945451587,1801958868380793,1801958950195092,1801958956168962
870,4,pitch,1,-1,step,0.25,10,-0.25,-0.25,-0.20943951023931953,0,2;3,2:80020A00000032;3:00020A00000032,1801958868380793,1789324656542809683,1801958983142596,1789324656571638561,25.239840175025165,0.4246639949269593,0.11744257109239697,2,-1355,0.519635991896261,-0.21433624551469804,0.026838334975764155,step,1,0,0.11435292917303741,step,sweep:enc:pitch:1789324656542806707,sweep:enc:pitch:1789324656542806707,FFFFFFFFFAB5,"{""counts"":-1355}",1,1,0,0,0,0,0,6.109169,1,0,0,1801958977033427,1,,1801958974021387,1801958868380793,1801958977033427,1801958983142596
871,4,pitch,1,-1,step,0.25,10,-0.25,-0.25,-0.20943951023931953,0,2;3,2:80020A00000032;3:00020A00000032,1801958868380793,1789324656571384475,1801959010008900,1789324656600217546,25.26678129611537,0.4516051160171628,0.1443836921826005,2,-1340,0.5138835639416898,-0.21351850709222836,0.026941121090203524,step,1,0,0.14292468107305467,step,sweep:enc:pitch:1789324656571381851,sweep:enc:pitch:1789324656571381851,FFFFFFFFFAC4,"{""counts"":-1340}",1,1,0,0,0,0,0,6.034352,1,0,0,1801959003974548,1,,1801959002596115,1801958868380793,1801959003974548,1801959010008900
872,4,pitch,1,-1,step,0.25,10,-0.25,-0.25,-0.20943951023931953,0,2;3,2:80020A00000032;3:00020A00000032,1801958868380793,1789324656599958627,1801959041957020,1789324656628808146,25.298786986153573,0.483610806055367,0.1763893822208047,2,-1322,0.5069806503962044,-0.21567769784827454,0.03200569003820419,step,1,0,0.17149723414331675,step,sweep:enc:pitch:1789324656599955843,sweep:enc:pitch:1789324656599955843,FFFFFFFFFAD6,"{""counts"":-1322}",1,1,0,0,0,0,0,5.976782,1,0,0,1801959035980238,1,,1801959031170363,1801958868380793,1801959035980238,1801959041957020
873,4,pitch,1,-1,step,0.25,10,-0.25,-0.25,-0.20943951023931953,0,2;3,2:80020A00000032;3:00020A00000032,1801959069897461,1789324656628530220,1801959081912659,1789324656657368346,25.339015239151195,0.5238390590529889,0.21661763521842659,2,-1291,0.4950922992900907,-0.295522430636412,0.040228252997621894,step,1,0,0.2000728901475668,step,sweep:pitch_a:1789324656628497227;sweep:pitch_b:1789324656628508779;sweep:enc:pitch:1789324656628527403,sweep:enc:pitch:1789324656628527403,FFFFFFFFFAF5,"{""counts"":-1291}",1,1,0,0,0,0,0,5.704168,1,0,0,1801959076208491,1,,1801959059741795,1801959069897461,1801959076208491,1801959081912659
874,4,pitch,1,-1,step,0.25,10,-0.25,-0.25,-0.20943951023931953,0,2;3,2:80020A00000032;3:00020A00000032,1801959069897461,1789324656657090547,1801959098889927,1789324656685904129,25.355331979924813,0.5401557998266071,0.2329343759920448,2,-1285,0.4927913281082622,-0.14101904380002253,0.01631674077361822,step,1,0,0.22863920219242573,step,sweep:enc:pitch:1789324656657088275,sweep:enc:pitch:1789324656657088275,FFFFFFFFFAFB,"{""counts"":-1285}",1,1,0,0,0,0,0,6.364695,1,0,0,1801959092525232,1,,1801959088302315,1801959069897461,1801959092525232,1801959098889927
875,4,pitch,1,-1,step,0.25,10,-0.25,-0.25,-0.20943951023931953,0,2;3,2:80020A00000032;3:00020A00000032,1801959069897461,1789324656685667899,1801959125858313,1789324656714473929,25.38252593902871,0.5673497589305043,0.260128335095942,2,-1271,0.4874223953506625,-0.19743108155333908,0.027193959103897214,step,1,0,0.2572131301276386,step,sweep:enc:pitch:1789324656685665211,sweep:enc:pitch:1789324656685665211,FFFFFFFFFB09,"{""counts"":-1271}",1,1,0,0,0,0,0,6.139122,1,0,0,1801959119719191,1,,1801959116879635,1801959069897461,1801959119719191,1801959125858313
876,4,pitch,1,-1,step,0.25,10,-0.25,-0.25,-0.20943951023931953,0,2;3,2:80020A00000032;3:00020A00000032,1801959069897461,1789324656714239299,1801959152681351,1789324656743077170,25.409500437090173,0.5943242569919676,0.28710283315740526,2,-1257,0.48205346259306275,-0.199037355407551,0.026974498061463237,step,1,0,0.28578507411293685,step,sweep:enc:pitch:1789324656714236579,sweep:enc:pitch:1789324656714236579,FFFFFFFFFB17,"{""counts"":-1257}",1,1,0,0,0,0,0,5.987662,1,0,0,1801959146693689,1,,1801959145451035,1801959069897461,1801959146693689,1801959152681351
877,4,pitch,1,-1,step,0.25,10,-0.25,-0.25,-0.20943951023931953,0,2;3,2:80020A00000032;3:00020A00000032,1801959069897461,1789324656742817996,1801959184722818,1789324656771645466,25.44144785311073,0.6262716730125248,0.31905024917796254,2,-1240,0.47553404424454876,-0.2040671566150742,0.031947416020557284,step,1,0,0.31435244204476476,step,sweep:enc:pitch:1789324656742815372,sweep:enc:pitch:1789324656742815372,FFFFFFFFFB28,"{""counts"":-1240}",1,1,0,0,0,0,0,6.081713,1,0,0,1801959178641105,1,,1801959174029700,1801959069897461,1801959178641105,1801959184722818
878,4,pitch,1,-1,step,0.25,10,-0.25,-0.25,-0.20943951023931953,0,2;3,2:80020A00000032;3:00020A00000032,1801959069897461,1789324656771388756,1801959211730309,1789324656800209154,25.468334125122055,0.6531579450238496,0.3459365211892873,2,-1224,0.4693981210930062,-0.2282176996854764,0.026886272011324763,step,1,0,0.3429225941654295,step,sweep:enc:pitch:1789324656771386164,sweep:enc:pitch:1789324656771386164,FFFFFFFFFB38,"{""counts"":-1224}",1,1,0,0,0,0,0,6.202932,1,0,0,1801959205527377,1,,1801959202600492,1801959069897461,1801959205527377,1801959211730309
879,4,pitch,1,-1,step,0.25,10,-0.25,-0.25,-0.20943951023931953,0,2;3,2:80020A00000032;3:00020A00000032,1801959069897461,1789324656799957660,1801959238720039,1789324656828623270,25.49535153596662,0.680175355868414,0.37295393203385174,2,-1209,0.46364569313843507,-0.2129155894199412,0.027017410844564438,step,1,0,0.3714986981358379,step,sweep:enc:pitch:1789324656799954971,sweep:enc:pitch:1789324656799954971,FFFFFFFFFB47,"{""counts"":-1209}",1,1,0,0,0,0,0,6.175251,0,0,0,1801959232544788,1,,1801959231169364,1801959069897461,1801959232544788,1801959238720039
880,4,pitch,1,-1,post,0.25,10,0.0,0.0,0.0,0,2;3,2:00000A;3:00000A,1801959270594782,1789324656828885580,1801959282640413,1789324656857844445,25.5395358200185,0.7243596399202943,0.016679181018844247,2,-1187,0.45520879880506404,-0.19094785656059526,0.04418428405188024,step,2,1,2.8801150619983673e-07,settle,sweep:pitch_a:1789324656828862988;sweep:pitch_b:1789324656828871020;sweep:enc:pitch:1789324656828883500,sweep:enc:pitch:1789324656828883500,FFFFFFFFFB5D,"{""counts"":-1187}",1,1,1,0,0,0,0,5.911341,1,0,0,1801959276729072,1,,1801959260097348,1801959270594782,1801959276729072,1801959282640413
881,4,pitch,1,-1,post,0.25,10,0.0,0.0,0.0,0,2;3,2:00000A;3:00000A,1801959270594782,1789324656857551862,1801959299591984,1789324656886386437,25.55605995701626,0.7408837769180536,0.03320331801660359,2,-1187,0.45520879880506404,0.0,0.016524136997759342,step,2,1,0.02864058595150709,settle,sweep:enc:pitch:1789324656857549526,sweep:enc:pitch:1789324656857549526,FFFFFFFFFB5D,"{""counts"":-1187}",1,1,1,1,0,0,0,6.338775,1,0,0,1801959293253209,1,,1801959288763470,1801959270594782,1801959293253209,1801959299591984
882,4,pitch,1,-1,post,0.25,10,0.0,0.0,0.0,0,2;3,2:00000A;3:00000A,1801959270594782,1789324656886127166,1801959326437775,1789324656914916780,25.583258972968906,0.7680827928707004,0.06040233396925032,2,-1187,0.45520879880506404,0.0,0.027199015952646732,step,2,1,0.05721387406811118,settle,sweep:enc:pitch:1789324656886124062,sweep:enc:pitch:1789324656886124062,FFFFFFFFFB5D,"{""counts"":-1187}",1,1,1,1,0,0,0,5.98555,1,0,0,1801959320452225,1,,1801959317338806,1801959270594782,1801959320452225,1801959326437775
883,4,pitch,1,-1,post,0.25,10,0.0,0.0,0.0,0,2;3,2:00000A;3:00000A,1801959270594782,1789324656914687206,1801959353438578,1789324656943476275,25.610085275024176,0.7949090949259698,0.0872286360245198,2,-1187,0.45520879880506404,0.0,0.02682630205526948,step,2,1,0.08578396192751825,settle,sweep:enc:pitch:1789324656914684102,sweep:enc:pitch:1789324656914684102,FFFFFFFFFB5D,"{""counts"":-1187}",1,1,1,1,0,0,0,6.160051,1,0,0,1801959347278527,1,,1801959345898782,1801959270594782,1801959347278527,1801959353438578
884,4,pitch,1,-1,post,0.25,10,0.0,0.0,0.0,0,2;3,2:00000A;3:00000A,1801959270594782,1789324656943250318,1801959385429643,1789324656972106013,25.642222392139956,0.8270462120417506,0.11936575314030051,2,-1187,0.45520879880506404,0.0,0.03213711711578071,step,2,1,0.11435293010435998,settle,sweep:enc:pitch:1789324656943247662,sweep:enc:pitch:1789324656943247662,FFFFFFFFFB5D,"{""counts"":-1187}",1,1,1,1,0,0,0,6.013999,1,0,0,1801959379415644,1,,1801959374461894,1801959270594782,1801959379415644,1801959385429643
885,4,pitch,1,-1,post,0.25,10,0.0,0.0,0.0,0,2;3,2:00000A;3:00000A,1801959270594782,1789324656971836886,1801959412266474,1789324657000650244,25.669118840014562,0.8539426599163562,0.14626220101490617,2,-1187,0.45520879880506404,0.0,0.026896447874605656,step,2,1,0.14292477793060243,settle,sweep:enc:pitch:1789324656971833782,sweep:enc:pitch:1789324656971833782,FFFFFFFFFB5D,"{""counts"":-1187}",1,1,1,1,0,0,0,5.954382,1,0,0,1801959406312092,1,,1801959403048430,1801959270594782,1801959406312092,1801959412266474
886,4,pitch,1,-1,post,0.25,10,0.0,0.0,0.0,0,2;3,2:00000A;3:00000A,1801959270594782,1789324657000405662,1801959439260460,1789324657029233484,25.695939670084044,0.8807634899858385,0.1730830310843885,2,-1187,0.45520879880506404,0.0,0.026820830069482327,step,2,1,0.17149825813248754,settle,sweep:enc:pitch:1789324657000403294,sweep:enc:pitch:1789324657000403294,FFFFFFFFFB5D,"{""counts"":-1187}",1,1,1,1,0,0,0,6.127538,1,0,0,1801959433132922,1,,1801959431617238,1801959270594782,1801959433132922,1801959439260460
887,4,pitch,1,-1,post,0.25,10,0.0,0.0,0.0,0,2;3,2:00000A;3:00000A,1801959471138147,1789324657028975238,1801959483184450,1789324657057846645,25.740094705019146,0.9249185249209404,0.21723806601949036,2,-1187,0.45520879880506404,0.0,0.04415503493510187,step,2,1,0.200067417928949,settle,sweep:pitch_a:1789324657028943973;sweep:pitch_b:1789324657028954182;sweep:enc:pitch:1789324657028972518,sweep:enc:pitch:1789324657028972518,FFFFFFFFFB5D,"{""counts"":-1187}",1,1,1,1,0,0,0,5.896493,1,0,0,1801959477287957,1,,1801959460186782,1801959471138147,1801959477287957,1801959483184450
888,4,pitch,1,-1,post,0.25,10,0.0,0.0,0.0,0,2;3,2:00000A;3:00000A,1801959471138147,1789324657057544846,1801959500150549,1789324657086420989,25.756576729007065,0.9414005489088595,0.23372009000740945,2,-1187,0.45520879880506404,0.0,0.016482023987919092,step,2,1,0.22863625711761415,settle,sweep:enc:pitch:1789324657057542094,sweep:enc:pitch:1789324657057542094,FFFFFFFFFB5D,"{""counts"":-1187}",1,1,1,1,0,0,0,6.380568,1,0,0,1801959493769981,1,,1801959488756646,1801959471138147,1801959493769981,1801959500150549
889,4,pitch,1,-1,post,0.25,10,0.0,0.0,0.0,0,2;3,2:00000A;3:00000A,1801959471138147,1789324657086130646,1801959527174936,1789324657114931204,25.783839490031824,0.9686633099336177,0.2609828510321677,2,-1187,0.45520879880506404,0.0,0.02726276102475822,step,2,1,0.2572106011211872,settle,sweep:enc:pitch:1789324657086127094,sweep:enc:pitch:1789324657086127094,FFFFFFFFFB5D,"{""counts"":-1187}",1,1,1,1,0,0,0,6.142194,1,0,0,1801959521032742,1,,1801959517342382,1801959471138147,1801959521032742,1801959527174936
890,4,pitch,1,-1,post,0.25,10,0.0,0.0,0.0,0,2;3,2:00000A;3:00000A,1801959471138147,1789324657114688126,1801959554158811,1789324657143500748,25.810824484098703,0.9956483040004969,0.2879678450990468,2,-1187,0.45520879880506404,0.0,0.026984994066879153,step,2,1,0.28578164894133806,settle,sweep:enc:pitch:1789324657114685438,sweep:enc:pitch:1789324657114685438,FFFFFFFFFB5D,"{""counts"":-1187}",1,1,1,1,0,0,0,6.141075,1,0,0,1801959548017736,1,,1801959545899766,1801959471138147,1801959548017736,1801959554158811
891,4,pitch,1,-1,post,0.25,10,0.0,0.0,0.0,0,2;3,2:00000A;3:00000A,1801959471138147,1789324657143259206,1801959581028026,1789324657172074548,25.83781123906374,1.022635058965534,0.31495460006408393,2,-1187,0.45520879880506404,0.0,0.026986754965037107,step,2,1,0.3143511610105634,settle,sweep:enc:pitch:1789324657143256358,sweep:enc:pitch:1789324657143256358,FFFFFFFFFB5D,"{""counts"":-1187}",1,1,1,1,0,0,0,6.023535,1,0,0,1801959575004491,1,,1801959574470782,1801959471138147,1801959575004491,1801959581028026
892,4,pitch,1,-1,post,0.25,10,0.0,0.0,0.0,0,2;3,2:00000A;3:00000A,1801959471138147,1789324657171828910,1801959612991155,1789324657200658620,25.86991478712298,1.054738607024774,0.3470581481233239,2,-1187,0.45520879880506404,0.0,0.032103548059239984,step,2,1,0.34292128100059927,settle,sweep:enc:pitch:1789324657171826350,sweep:enc:pitch:1789324657171826350,FFFFFFFFFB5D,"{""counts"":-1187}",1,1,1,1,0,0,0,5.883116,1,0,0,1801959607108039,1,,1801959603040518,1801959471138147,1801959607108039,1801959612991155
893,4,pitch,1,-1,post,0.25,10,0.0,0.0,0.0,0,2;3,2:00000A;3:00000A,1801959471138147,1789324657200401494,1801959640019510,1789324657229267237,25.89671632112004,1.0815401410218328,0.3738596821203828,2,-1187,0.45520879880506404,0.0,0.02680153399705887,step,2,1,0.37149287294596434,settle,sweep:enc:pitch:1789324657200399030,sweep:enc:pitch:1789324657200399030,FFFFFFFFFB5D,"{""counts"":-1187}",1,1,1,1,0,0,0,6.109937,0,0,0,1801959633909573,1,,1801959631613102,1801959471138147,1801959633909573,1801959640019510
894,4,pitch,1,-1,rest,0.25,10,0.0,0.0,0.0,0,2;3,2:00000A;3:00000A,1801959671848395,1789324657229503626,1801959683914027,1789324657258462396,25.94047889811918,1.1253027180209756,0.01700293319299817,2,-1187,0.45520879880506404,0.0,0.043762576999142766,step,3,1,4.800967872142792e-07,rest,sweep:pitch_a:1789324657229480938;sweep:pitch_b:1789324657229488618;sweep:enc:pitch:1789324657229501610,sweep:enc:pitch:1789324657229501610,FFFFFFFFFB5D,"{""counts"":-1187}",1,1,0,0,0,0,0,6.241877,1,0,0,1801959677672150,1,,1801959660715394,1801959671848395,1801959677672150,1801959683914027
895,4,pitch,1,-1,rest,0.25,10,0.0,0.0,0.0,0,2;3,2:00000A;3:00000A,1801959671848395,1789324657258167797,1801959700854590,1789324657287018147,25.95737728406675,1.1422011039685458,0.033901319140568376,2,-1187,0.45520879880506404,0.0,0.016898385947570205,step,3,1,0.02863879408687353,rest,sweep:enc:pitch:1789324657258165333,sweep:enc:pitch:1789324657258165333,FFFFFFFFFB5D,"{""counts"":-1187}",1,1,0,0,0,0,0,6.284054,1,0,0,1801959694570536,1,,1801959689379565,1801959671848395,1801959694570536,1801959700854590
896,4,pitch,1,-1,rest,0.25,10,0.0,0.0,0.0,0,2;3,2:00000A;3:00000A,1801959671848395,1789324657286743965,1801959727887393,1789324657315568139,25.98450765805319,1.1693314779549837,0.06103169312700629,2,-1187,0.45520879880506404,0.0,0.027130373986437917,step,3,1,0.057214258005842566,rest,sweep:enc:pitch:1789324657286741437,sweep:enc:pitch:1789324657286741437,FFFFFFFFFB5D,"{""counts"":-1187}",1,1,0,0,0,0,0,6.186483,1,0,0,1801959721700910,1,,1801959717955701,1801959671848395,1801959721700910,1801959727887393
897,4,pitch,1,-1,rest,0.25,10,0.0,0.0,0.0,0,2;3,2:00000A;3:00000A,1801959671848395,1789324657315310469,1801959754729536,1789324657344150227,26.011572557967156,1.1963963778689504,0.08809659304097295,2,-1187,0.45520879880506404,0.0,0.027064899913966656,step,3,1,0.0857840261887759,rest,sweep:enc:pitch:1789324657315307652,sweep:enc:pitch:1789324657315307652,FFFFFFFFFB5D,"{""counts"":-1187}",1,1,0,0,0,0,0,5.963726,1,0,0,1801959748765810,1,,1801959746522045,1801959671848395,1801959748765810,1801959754729536
898,4,pitch,1,-1,rest,0.25,10,0.0,0.0,0.0,0,2;3,2:00000A;3:00000A,1801959671848395,1789324657343887277,1801959781776036,1789324657372711867,26.038403691956773,1.2232275118585676,0.11492772703059018,2,-1187,0.45520879880506404,0.0,0.02683113398961723,step,3,1,0.11435465817339718,rest,sweep:enc:pitch:1789324657343884461,sweep:enc:pitch:1789324657343884461,FFFFFFFFFB5D,"{""counts"":-1187}",1,1,0,0,0,0,0,6.179092,1,0,0,1801959775596944,1,,1801959775098885,1801959671848395,1801959775596944,1801959781776036
899,4,pitch,1,-1,rest,0.25,10,0.0,0.0,0.0,0,2;3,2:00000A;3:00000A,1801959671848395,1789324657372451540,1801959813551928,1789324657383167571,26.070573129924014,1.2553969498258084,0.147097164997831,2,-1187,0.45520879880506404,0.0,0.03216943796724081,step,3,1,0.14292586618103087,rest,sweep:enc:pitch:1789324657372448660,sweep:enc:pitch:1789324657372448660,FFFFFFFFFB5D,"{""counts"":-1187}",1,1,0,0,0,0,0,5.785546,0,0,0,1801959807766382,1,,1801959803663116,1801959671848395,1801959807766382,1801959813551928
900,4,pitch,2,1,pre,0.25,10,0.0,0.0,0.0,0,2;3,2:00000A;3:00000A,1801959671848395,1789324657383625278,1801959824652128,1789324657412510894,26.081833173986524,0.004390311893075705,0.0042316848412156105,2,-1187,0.45520879880506404,,0.011260044062510133,step,0,0,4.4796615839004517e-07,settle,sweep:enc:pitch:1789324657383623326,sweep:enc:pitch:1789324657383623326,FFFFFFFFFB5D,"{""counts"":-1187}",1,1,1,0,0,0,0,5.625702,1,0,0,1801959819026426,0,short_encoder_dt,1801959814837014,1801959671848395,1801959819026426,1801959824652128
901,4,pitch,2,1,pre,0.25,10,0.0,0.0,0.0,0,2;3,2:00000A;3:00000A,1801959671848395,1789324657412288744,1801959851515711,1789324657441140535,26.10829495615326,0.030852094059810042,0.03069346700794995,2,-1187,0.45520879880506404,0.0,0.026461782166734338,step,0,0,0.028644873993471265,settle,sweep:enc:pitch:1789324657412286248,sweep:enc:pitch:1789324657412286248,FFFFFFFFFB5D,"{""counts"":-1187}",1,1,1,1,0,0,0,6.027503,1,0,0,1801959845488208,1,,1801959843500480,1801959671848395,1801959845488208,1801959851515711
902,4,pitch,2,1,pre,0.25,10,0.0,0.0,0.0,0,2;3,2:00000A;3:00000A,1801959883374421,1789324657440881649,1801959895442133,1789324657469719135,26.151975482935086,0.07453262084163725,0.07437399378977716,2,-1187,0.45520879880506404,0.0,0.04368052678182721,step,0,0,0.0572191858664155,settle,sweep:pitch_a:1789324657440846640;sweep:pitch_b:1789324657440857840;sweep:enc:pitch:1789324657440878897,sweep:enc:pitch:1789324657440878897,FFFFFFFFFB5D,"{""counts"":-1187}",1,1,1,1,0,0,0,6.273398,1,0,0,1801959889168735,1,,1801959872093449,1801959883374421,1801959889168735,1801959895442133
903,4,pitch,2,1,pre,0.25,10,0.0,0.0,0.0,0,2;3,2:00000A;3:00000A,1801959883374421,1789324657469439705,1801959912397384,1789324657498275271,26.168836685130373,0.091393823036924,0.09123519598506391,2,-1187,0.45520879880506404,0.0,0.01686120219528675,step,0,0,0.08578495378606021,settle,sweep:enc:pitch:1789324657469436825,sweep:enc:pitch:1789324657469436825,FFFFFFFFFB5D,"{""counts"":-1187}",1,1,1,1,0,0,0,6.367447,1,0,0,1801959906029937,1,,1801959900651281,1801959883374421,1801959906029937,1801959912397384
904,4,pitch,2,1,pre,0.25,10,0.0,0.0,0.0,0,2;3,2:00000A;3:00000A,1801959883374421,1789324657498003840,1801959939400619,1789324657526829966,26.195967345964164,0.1185244838707149,0.11836585681885481,2,-1187,0.45520879880506404,0.0,0.0271306608337909,step,0,0,0.11435347399674356,settle,sweep:enc:pitch:1789324657498000480,sweep:enc:pitch:1789324657498000480,FFFFFFFFFB5D,"{""counts"":-1187}",1,1,1,1,0,0,0,6.240021,1,0,0,1801959933160598,1,,1801959929215480,1801959883374421,1801959933160598,1801959939400619
905,4,pitch,2,1,pre,0.25,10,0.0,0.0,0.0,0,2;3,2:00000A;3:00000A,1801959883374421,1789324657526579560,1801959966429518,1789324657555404758,26.223036949988455,0.14559408789500594,0.14543546084314585,2,-1187,0.45520879880506404,0.0,0.02706960402429104,step,0,0,0.14292455394752324,settle,sweep:enc:pitch:1789324657526576872,sweep:enc:pitch:1789324657526576872,FFFFFFFFFB5D,"{""counts"":-1187}",1,1,1,1,0,0,0,6.199316,1,0,0,1801959960230202,1,,1801959957790912,1801959883374421,1801959960230202,1801959966429518
906,4,pitch,2,1,pre,0.25,10,0.0,0.0,0.0,0,2;3,2:00000A;3:00000A,1801959883374421,1789324657555146288,1801959993236748,1789324657583947102,26.25008479412645,0.17264193203300238,0.17248330498114228,2,-1187,0.45520879880506404,0.0,0.027047844137996435,step,0,0,0.1714961777906865,settle,sweep:enc:pitch:1789324657555143696,sweep:enc:pitch:1789324657555143696,FFFFFFFFFB5D,"{""counts"":-1187}",1,1,1,1,0,0,0,5.958702,1,0,0,1801959987278046,1,,1801959986358088,1801959883374421,1801959987278046,1801959993236748
907,4,pitch,2,1,pre,0.25,10,0.0,0.0,0.0,0,2;3,2:00000A;3:00000A,1801959883374421,1789324657583715448,1801960025237734,1789324657612544006,26.281992081087083,0.20454921899363399,0.2043905919417739,2,-1187,0.45520879880506404,0.0,0.03190728696063161,step,0,0,0.20006808987818658,settle,sweep:enc:pitch:1789324657583712568,sweep:enc:pitch:1789324657583712568,FFFFFFFFFB5D,"{""counts"":-1187}",1,1,1,1,0,0,0,6.052401,1,0,0,1801960019185333,1,,1801960014927056,1801959883374421,1801960019185333,1801960025237734
908,4,pitch,2,1,pre,0.25,10,0.0,0.0,0.0,0,2;3,2:00000A;3:00000A,1801959883374421,1789324657612295744,1801960052251272,1789324657641190992,26.308864241000265,0.23142137890681624,0.23126275185495615,2,-1187,0.45520879880506404,0.0,0.02687215991318226,step,0,0,0.22863968182355165,settle,sweep:enc:pitch:1789324657612292832,sweep:enc:pitch:1789324657612292832,FFFFFFFFFB5D,"{""counts"":-1187}",1,1,1,1,0,0,0,6.193779,1,0,0,1801960046057493,1,,1801960043507288,1801959883374421,1801960046057493,1801960052251272
909,4,pitch,2,1,pre,0.25,10,0.0,0.0,0.0,0,2;3,2:00000A;3:00000A,1801960079099015,1789324657640888041,1801960091210728,1789324657669729527,26.347587627125904,0.2701447650324553,0.26998613798059523,2,-1187,0.45520879880506404,0.0,0.03872338612563908,step,0,0,0.25722215394489467,settle,sweep:pitch_a:1789324657640851976;sweep:pitch_b:1789324657640863304;sweep:enc:pitch:1789324657640885321,sweep:enc:pitch:1789324657640885321,FFFFFFFFFB5D,"{""counts"":-1187}",1,1,1,1,0,0,0,6.429849,1,0,0,1801960084780879,1,,1801960072099809,1801960079099015,1801960084780879,1801960091210728
910,4,pitch,2,1,pre,0.25,10,0.0,0.0,0.0,0,2;3,2:00000A;3:00000A,1801960079099015,1789324657669435344,1801960108185660,1789324657690471141,26.364586943062022,0.2871440809685737,0.2869854539167136,2,-1187,0.45520879880506404,0.0,0.016999315936118364,step,0,0,0.2857844019308686,settle,sweep:enc:pitch:1789324657669432816,sweep:enc:pitch:1789324657669432816,FFFFFFFFFB5D,"{""counts"":-1187}",1,1,1,1,0,0,0,6.405465,0,0,0,1801960101780195,1,,1801960100646952,1801960079099015,1801960101780195,1801960108185660
911,4,pitch,2,1,step,0.25,10,0.25,0.25,0.20943951023931953,0,2;3,2:00020A00000032;3:80020A00000032,1801960130936249,1789324657690739435,1801960144075986,1789324657719686012,26.400420340010896,0.3229774779174477,0.015720533905550838,2,-1195,0.4582767603808353,0.085617380349079,0.035833396948874,step,1,0,3.520399332046509e-07,step,sweep:pitch_a:1789324657690712107;sweep:pitch_b:1789324657690722955;sweep:enc:pitch:1789324657690737323,sweep:enc:pitch:1789324657690737323,FFFFFFFFFB55,"{""counts"":-1195}",1,1,0,0,0,0,0,6.462394,1,0,0,1801960137613592,1,,1801960121951267,1801960130936249,1801960137613592,1801960144075986
912,4,pitch,2,1,step,0.25,10,0.25,0.25,0.20943951023931953,0,2;3,2:00020A00000032;3:80020A00000032,1801960130936249,1789324657719395445,1801960160967908,1789324657748206115,26.417409704066813,0.33996684197336435,0.032709897961467505,2,-1203,0.4613447219566066,0.1805813075565258,0.016989364055916667,step,1,0,0.028641480952501297,step,sweep:enc:pitch:1789324657719392533,sweep:enc:pitch:1789324657719392533,FFFFFFFFFB4D,"{""counts"":-1203}",1,1,0,0,0,0,0,6.364952,1,0,0,1801960154602956,1,,1801960150607021,1801960130936249,1801960154602956,1801960160967908
913,4,pitch,2,1,step,0.25,10,0.25,0.25,0.20943951023931953,0,2;3,2:00020A00000032;3:80020A00000032,1801960130936249,1789324657747970429,1801960188049736,1789324657776857645,26.444538061972708,0.36709519987925887,0.05983825586736202,2,-1218,0.46709714991117773,0.21204482683860665,0.027128357905894518,step,1,0,0.05721118487417698,step,sweep:enc:pitch:1789324657747968189,sweep:enc:pitch:1789324657747968189,FFFFFFFFFB3E,"{""counts"":-1218}",1,1,0,0,0,0,0,6.318422,1,0,0,1801960181731314,1,,1801960179182197,1801960130936249,1801960181731314,1801960188049736
914,4,pitch,2,1,step,0.25,10,0.25,0.25,0.20943951023931953,0,2;3,2:00020A00000032;3:80020A00000032,1801960130936249,1789324657776559398,1801960215037994,1789324657805349811,26.47171506099403,0.3942721989005804,0.08701525488868356,2,-1233,0.4728495778657489,0.2116653111720731,0.027176999021321535,step,1,0,0.08578316099010408,step,sweep:enc:pitch:1789324657776556709,sweep:enc:pitch:1789324657776556709,FFFFFFFFFB2F,"{""counts"":-1233}",1,1,0,0,0,0,0,6.129681,1,0,0,1801960208908313,1,,1801960207771166,1801960130936249,1801960208908313,1801960215037994
915,4,pitch,2,1,step,0.25,10,0.25,0.25,0.20943951023931953,0,2;3,2:00020A00000032;3:80020A00000032,1801960130936249,1789324657805112269,1801960246839327,1789324657833910970,26.503794256132096,0.4263513940386474,0.11909445002675056,2,-1251,0.47975249141123427,0.21518350182339824,0.03207919513806701,step,1,0,0.11435459298081696,step,sweep:enc:pitch:1789324657805109805,sweep:enc:pitch:1789324657805109805,FFFFFFFFFB1D,"{""counts"":-1251}",1,1,0,0,0,0,0,5.851819,1,0,0,1801960240987508,1,,1801960236323845,1801960130936249,1801960240987508,1801960246839327
916,4,pitch,2,1,step,0.25,10,0.25,0.25,0.20943951023931953,0,2;3,2:00020A00000032;3:80020A00000032,1801960130936249,1789324657833676629,1801960273843586,1789324657862493603,26.530409096973017,0.4529662348795682,0.14570929086767137,2,-1265,0.485121424168834,0.20172702852856897,0.026614840840920806,step,1,0,0.14292349689640105,step,sweep:enc:pitch:1789324657833673685,sweep:enc:pitch:1789324657833673685,FFFFFFFFFB0F,"{""counts"":-1265}",1,1,0,0,0,0,0,6.241237,1,0,0,1801960267602349,1,,1801960264888205,1801960130936249,1801960267602349,1801960273843586
917,4,pitch,2,1,step,0.25,10,0.25,0.25,0.20943951023931953,0,2;3,2:00020A00000032;3:80020A00000032,1801960130936249,1789324657862250813,1801960300890342,1789324657891091019,26.557475310051814,0.4800324479583651,0.17277550394646823,2,-1279,0.4904903569264338,0.19836290884023483,0.027066213078796864,step,1,0,0.17149432096630335,step,sweep:enc:pitch:1789324657862248061,sweep:enc:pitch:1789324657862248061,FFFFFFFFFB01,"{""counts"":-1279}",1,1,0,0,0,0,0,6.22178,1,0,0,1801960294668562,1,,1801960293462613,1801960130936249,1801960294668562,1801960300890342
918,4,pitch,2,1,step,0.25,10,0.25,0.25,0.20943951023931953,0,2;3,2:00020A00000032;3:80020A00000032,1801960333787765,1789324657890831557,1801960345634638,1789324657919688564,26.60279994015582,0.5253570780623704,0.21810013405047357,2,-1310,0.5023787080325475,0.2622933949782663,0.04532463010400534,step,1,0,0.20006700092926621,step,sweep:pitch_a:1789324657890797572;sweep:pitch_b:1789324657890808165;sweep:enc:pitch:1789324657890828613,sweep:enc:pitch:1789324657890828613,FFFFFFFFFAE2,"{""counts"":-1310}",1,1,0,0,0,0,0,5.641446,1,0,0,1801960339993192,1,,1801960322043325,1801960333787765,1801960339993192,1801960345634638
919,4,pitch,2,1,step,0.25,10,0.25,0.25,0.20943951023931953,0,2;3,2:00020A00000032;3:80020A00000032,1801960333787765,1789324657919401869,1801960356747671,1789324657948210043,26.613855083007365,0.5364122209139168,0.22915527690201998,2,-1314,0.5039126888204332,,0.011055142851546407,step,1,0,0.2286416010465473,step,sweep:enc:pitch:1789324657919399117,sweep:enc:pitch:1789324657919399117,FFFFFFFFFADE,"{""counts"":-1314}",1,1,0,0,0,0,0,5.699336,1,0,0,1801960351048335,0,short_encoder_dt,1801960350613573,1801960333787765,1801960351048335,1801960356747671
920,4,pitch,2,1,step,0.25,10,0.25,0.25,0.20943951023931953,0,2;3,2:00020A00000032;3:80020A00000032,1801960333787765,1789324657947969493,1801960388719248,1789324657976837316,26.645461148116738,0.568018286023289,0.2607613420113921,2,-1332,0.5108156023659185,0.21840471193101527,0.03160606510937214,step,1,0,0.2572118809912354,step,sweep:enc:pitch:1789324657947967253,sweep:enc:pitch:1789324657947967253,FFFFFFFFFACC,"{""counts"":-1332}",1,1,0,0,0,0,0,6.064848,1,0,0,1801960382654400,1,,1801960379181261,1801960333787765,1801960382654400,1801960388719248
921,4,pitch,2,1,step,0.25,10,0.25,0.25,0.20943951023931953,0,2;3,2:00020A00000032;3:80020A00000032,1801960333787765,1789324657976549117,1801960415606800,1789324658005321898,26.67231452302076,0.5948716609273106,0.28761471691541374,2,-1347,0.5165680303204897,0.214216200947975,0.02685337490402162,step,1,0,0.28578094486147165,step,sweep:enc:pitch:1789324657976545981,sweep:enc:pitch:1789324657976545981,FFFFFFFFFABD,"{""counts"":-1347}",1,1,0,0,0,0,0,6.099025,1,0,0,1801960409507775,1,,1801960407760661,1801960333787765,1801960409507775,1801960415606800
922,4,pitch,2,1,step,0.25,10,0.25,0.25,0.20943951023931953,0,2;3,2:00020A00000032;3:80020A00000032,1801960333787765,1789324658005073156,1801960447561768,1789324658034111959,26.704402870032936,0.6269600079394877,0.31970306392759085,2,-1365,0.523470943865975,0.21512212962748653,0.03208834701217711,step,1,0,0.31431231182068586,step,sweep:enc:pitch:1789324658005070436,sweep:enc:pitch:1789324658005070436,FFFFFFFFFAAB,"{""counts"":-1365}",1,1,0,0,0,0,0,5.965646,1,0,0,1801960441596122,1,,1801960436284764,1801960333787765,1801960441596122,1801960447561768
923,4,pitch,2,1,step,0.25,10,0.25,0.25,0.20943951023931953,0,2;3,2:00020A00000032;3:80020A00000032,1801960333787765,1789324658033777519,1801960474657005,1789324658062763041,26.73139112815261,0.6539482660591602,0.3466913220472634,2,-1380,0.5292233718205462,0.2131455809064643,0.026988258119672537,step,1,0,0.3429884819779545,step,sweep:enc:pitch:1789324658033774287,sweep:enc:pitch:1789324658033774287,FFFFFFFFFA9C,"{""counts"":-1380}",1,1,0,0,0,0,0,6.072625,1,0,0,1801960468584380,1,,1801960464989255,1801960333787765,1801960468584380,1801960474657005
924,4,pitch,2,1,step,0.25,10,0.25,0.25,0.20943951023931953,0,2;3,2:00020A00000032;3:80020A00000032,1801960333787765,1789324658062313974,1801960501733585,1789324658090980640,26.75861564814113,0.6811727860476822,0.3739158420357853,2,-1396,0.5353592949720888,0.2253822346226672,0.027224519988521934,step,1,0,0.3715198489371687,step,sweep:enc:pitch:1789324658062311222,sweep:enc:pitch:1789324658062311222,FFFFFFFFFA8C,"{""counts"":-1396}",1,1,0,0,0,0,0,5.924685,0,0,0,1801960495808900,1,,1801960493525614,1801960333787765,1801960495808900,1801960501733585
925,4,pitch,2,1,post,0.25,10,0.0,0.0,0.0,0,2;3,2:00000A;3:00000A,1801960533354690,1789324658091267591,1801960544390184,1789324658120187575,26.801583615131676,0.7241407530382276,0.016351300990208983,2,-1419,0.5441796845024313,0.20527826071648447,0.04296796699054539,step,2,1,5.438923835754395e-07,settle,sweep:pitch_a:1789324658091242534;sweep:pitch_b:1789324658091251367;sweep:enc:pitch:1789324658091265063,sweep:enc:pitch:1789324658091265063,FFFFFFFFFA75,"{""counts"":-1419}",1,1,1,0,0,0,0,5.613317,1,0,0,1801960538776867,1,,1801960522479391,1801960533354690,1801960538776867,1801960544390184
926,4,pitch,2,1,post,0.25,10,0.0,0.0,0.0,0,2;3,2:00000A;3:00000A,1801960533354690,1789324658119890704,1801960561445054,1789324658148757055,26.817822112934664,0.7403792508412153,0.03258979879319668,2,-1419,0.5441796845024313,0.0,0.016238497802987695,step,2,1,0.028607143787667155,settle,sweep:enc:pitch:1789324658119888176,sweep:enc:pitch:1789324658119888176,FFFFFFFFFA75,"{""counts"":-1419}",1,1,1,1,0,0,0,6.429689,1,0,0,1801960555015365,1,,1801960551102312,1801960533354690,1801960555015365,1801960561445054
927,4,pitch,2,1,post,0.25,10,0.0,0.0,0.0,0,2;3,2:00000A;3:00000A,1801960533354690,1789324658148492441,1801960588289405,1789324658177379272,26.845108330016956,0.7676654679235071,0.05987601587548852,2,-1419,0.5441796845024313,0.0,0.02728621708229184,step,2,1,0.057210256811231375,settle,sweep:enc:pitch:1789324658148490009,sweep:enc:pitch:1789324658148490009,FFFFFFFFFA75,"{""counts"":-1419}",1,1,1,1,0,0,0,5.987823,1,0,0,1801960582301582,1,,1801960579703985,1801960533354690,1801960582301582,1801960588289405
928,4,pitch,2,1,post,0.25,10,0.0,0.0,0.0,0,2;3,2:00000A;3:00000A,1801960533354690,1789324658177105730,1801960615243294,1789324658205868142,26.871951848967,0.7945089868735522,0.08671953482553363,2,-1419,0.5441796845024313,0.0,0.02684351895004511,step,2,1,0.08578226482495666,settle,sweep:enc:pitch:1789324658177102850,sweep:enc:pitch:1789324658177102850,FFFFFFFFFA75,"{""counts"":-1419}",1,1,1,1,0,0,0,6.098193,1,0,0,1801960609145101,1,,1801960608317338,1801960533354690,1801960609145101,1801960615243294
929,4,pitch,2,1,post,0.25,10,0.0,0.0,0.0,0,2;3,2:00000A;3:00000A,1801960533354690,1789324658205633512,1801960647303769,1789324658234477047,26.904025189112872,0.8265823270194232,0.11879287497140467,2,-1419,0.5441796845024313,0.0,0.03207334014587104,step,2,1,0.1143567687831819,settle,sweep:enc:pitch:1789324658205630856,sweep:enc:pitch:1789324658205630856,FFFFFFFFFA75,"{""counts"":-1419}",1,1,1,1,0,0,0,6.085328,1,0,0,1801960641218441,1,,1801960636845248,1801960533354690,1801960641218441,1801960647303769
930,4,pitch,2,1,post,0.25,10,0.0,0.0,0.0,0,2;3,2:00000A;3:00000A,1801960533354690,1789324658234213233,1801960674114743,1789324658263032126,26.93103786301799,0.8535950009245425,0.14580554887652397,2,-1419,0.5441796845024313,0.0,0.0270126739051193,step,2,1,0.14292864897288382,settle,sweep:enc:pitch:1789324658234210384,sweep:enc:pitch:1789324658234210384,FFFFFFFFFA75,"{""counts"":-1419}",1,1,1,1,0,0,0,5.883628,1,0,0,1801960668231115,1,,1801960665424873,1801960533354690,1801960668231115,1801960674114743
931,4,pitch,2,1,post,0.25,10,0.0,0.0,0.0,0,2;3,2:00000A;3:00000A,1801960533354690,1789324658262783192,1801960701120602,1789324658291584902,26.957737538963556,0.8802946768701077,0.17250522482208908,2,-1419,0.5441796845024313,0.0,0.026699675945565104,step,2,1,0.17149665695615113,settle,sweep:enc:pitch:1789324658262780760,sweep:enc:pitch:1789324658262780760,FFFFFFFFFA75,"{""counts"":-1419}",1,1,1,1,0,0,0,6.189811,1,0,0,1801960694930791,1,,1801960693994960,1801960533354690,1801960694930791,1801960701120602
932,4,pitch,2,1,post,0.25,10,0.0,0.0,0.0,0,2;3,2:00000A;3:00000A,1801960732930735,1789324658291343936,1801960744067960,1789324658320183214,27.0010484890081,0.9236056269146502,0.21581617486663163,2,-1419,0.5441796845024313,0.0,0.04331095004454255,step,2,1,0.20006661699153483,settle,sweep:pitch_a:1789324658291315167;sweep:pitch_b:1789324658291323744;sweep:enc:pitch:1789324658291340928,sweep:enc:pitch:1789324658291340928,FFFFFFFFFA75,"{""counts"":-1419}",1,1,1,1,0,0,0,5.826219,1,0,0,1801960738241741,1,,1801960722555672,1801960732930735,1801960738241741,1801960744067960
933,4,pitch,2,1,post,0.25,10,0.0,0.0,0.0,0,2;3,2:00000A;3:00000A,1801960732930735,1789324658319915400,1801960761005899,1789324658348767095,27.01745604793541,0.9400131858419627,0.23222373379394412,2,-1419,0.5441796845024313,0.0,0.016407558927312493,step,2,1,0.2286402559839189,settle,sweep:enc:pitch:1789324658319912936,sweep:enc:pitch:1789324658319912936,FFFFFFFFFA75,"{""counts"":-1419}",1,1,1,1,0,0,0,6.356599,1,0,0,1801960754649300,1,,1801960751127040,1801960732930735,1801960754649300,1801960761005899
934,4,pitch,2,1,post,0.25,10,0.0,0.0,0.0,0,2;3,2:00000A;3:00000A,1801960732930735,1789324658348499600,1801960787980141,1789324658377313630,27.044700887985528,0.9672580258920789,0.2594685738440603,2,-1419,0.5441796845024313,0.0,0.02724484005011618,step,2,1,0.25721207191236317,settle,sweep:enc:pitch:1789324658348496624,sweep:enc:pitch:1789324658348496624,FFFFFFFFFA75,"{""counts"":-1419}",1,1,1,1,0,0,0,6.086001,1,0,0,1801960781894140,1,,1801960779711176,1801960732930735,1801960781894140,1801960787980141
935,4,pitch,2,1,post,0.25,10,0.0,0.0,0.0,0,2;3,2:00000A;3:00000A,1801960732930735,1789324658377067704,1801960815045297,1789324658405864741,27.07163224904798,0.9941893869545311,0.2863999349065125,2,-1419,0.5441796845024313,0.0,0.026931361062452197,step,2,1,0.2857829600106925,settle,sweep:enc:pitch:1789324658377064856,sweep:enc:pitch:1789324658377064856,FFFFFFFFFA75,"{""counts"":-1419}",1,1,1,1,0,0,0,6.219796,1,0,0,1801960808825501,1,,1801960808279280,1801960732930735,1801960808825501,1801960815045297
936,4,pitch,2,1,post,0.25,10,0.0,0.0,0.0,0,2;3,2:00000A;3:00000A,1801960732930735,1789324658405631008,1801960846914823,1789324658434457934,27.10391407296993,1.0264712108764797,0.31868175882846117,2,-1419,0.5441796845024313,0.0,0.03228182392194867,step,2,1,0.3143506159540266,settle,sweep:enc:pitch:1789324658405628256,sweep:enc:pitch:1789324658405628256,FFFFFFFFFA75,"{""counts"":-1419}",1,1,1,1,0,0,0,5.807498,1,0,0,1801960841107325,1,,1801960836842744,1801960732930735,1801960841107325,1801960846914823
937,4,pitch,2,1,post,0.25,10,0.0,0.0,0.0,0,2;3,2:00000A;3:00000A,1801960732930735,1789324658434211560,1801960873841288,1789324658463043286,27.130530579015613,1.053087716922164,0.3452982648741454,2,-1419,0.5441796845024313,0.0,0.02661650604568422,step,2,1,0.3429241278208792,settle,sweep:enc:pitch:1789324658434208872,sweep:enc:pitch:1789324658434208872,FFFFFFFFFA75,"{""counts"":-1419}",1,1,1,1,0,0,0,6.117457,1,0,0,1801960867723831,1,,1801960865423296,1801960732930735,1801960867723831,1801960873841288
938,4,pitch,2,1,post,0.25,10,0.0,0.0,0.0,0,2;3,2:00000A;3:00000A,1801960732930735,1789324658462786608,1801960900804618,1789324658491643134,27.15757295000367,1.08013008791022,0.37234063586220145,2,-1419,0.5441796845024313,0.0,0.027042370988056064,step,2,1,0.3714996560011059,settle,sweep:enc:pitch:1789324658462783792,sweep:enc:pitch:1789324658462783792,FFFFFFFFFA75,"{""counts"":-1419}",1,1,1,1,0,0,0,6.038416,0,0,0,1801960894766202,1,,1801960893998376,1801960732930735,1801960894766202,1801960900804618
939,4,pitch,2,1,rest,0.25,10,0.0,0.0,0.0,0,2;3,2:00000A;3:00000A,1801960932650528,1789324658491881732,1801960944684286,1789324658520874390,27.20145834609866,1.1240154840052128,0.015605811029672623,2,-1419,0.5441796845024313,0.0,0.04388539609499276,step,3,1,4.798639565706253e-07,rest,sweep:pitch_a:1789324658491858020;sweep:pitch_b:1789324658491866212;sweep:enc:pitch:1789324658491879748,sweep:enc:pitch:1789324658491879748,FFFFFFFFFA75,"{""counts"":-1419}",1,1,0,0,0,0,0,6.032688,1,0,0,1801960938651598,1,,1801960923093564,1801960932650528,1801960938651598,1801960944684286
940,4,pitch,2,1,rest,0.25,10,0.0,0.0,0.0,0,2;3,2:00000A;3:00000A,1801960932650528,1789324658520548942,1801960961627569,1789324658549364604,27.218061813153327,1.1406189510598779,0.03220927808433771,2,-1419,0.5441796845024313,0.0,0.01660346705466509,step,3,1,0.028640905860811472,rest,sweep:enc:pitch:1789324658520546446,sweep:enc:pitch:1789324658520546446,FFFFFFFFFA75,"{""counts"":-1419}",1,1,0,0,0,0,0,6.372504,1,0,0,1801960955255065,1,,1801960951760422,1801960932650528,1801960955255065,1801960961627569
941,4,pitch,2,1,rest,0.25,10,0.0,0.0,0.0,0,2;3,2:00000A;3:00000A,1801960932650528,1789324658549117142,1801960988745462,1789324658577954692,27.245289917103946,1.1678470550104976,0.05943738203495741,2,-1419,0.5441796845024313,0.0,0.027228103950619698,step,3,1,0.057210000930354,rest,sweep:enc:pitch:1789324658549114166,sweep:enc:pitch:1789324658549114166,FFFFFFFFFA75,"{""counts"":-1419}",1,1,0,0,0,0,0,6.262293,1,0,0,1801960982483169,1,,1801960980328750,1801960932650528,1801960982483169,1801960988745462
942,4,pitch,2,1,rest,0.25,10,0.0,0.0,0.0,0,2;3,2:00000A;3:00000A,1801960932650528,1789324658577692702,1801961015505811,1789324658606498988,27.272431554971263,1.1949886928778142,0.08657901990227401,2,-1419,0.5441796845024313,0.0,0.027141637867316604,step,3,1,0.08578351303003728,rest,sweep:enc:pitch:1789324658577689790,sweep:enc:pitch:1789324658577689790,FFFFFFFFFA75,"{""counts"":-1419}",1,1,0,0,0,0,0,5.881004,1,0,0,1801961009624807,1,,1801961008904310,1801960932650528,1801961009624807,1801961015505811
943,4,pitch,2,1,rest,0.25,10,0.0,0.0,0.0,0,2;3,2:00000A;3:00000A,1801960932650528,1789324658606253862,1801961047494156,1789324658635072372,27.3042670651339,1.2268242030404508,0.11841453006491065,2,-1419,0.5441796845024313,0.0,0.03183551016263664,step,3,1,0.11435552104376256,rest,sweep:enc:pitch:1789324658606250982,sweep:enc:pitch:1789324658606250982,FFFFFFFFFA75,"{""counts"":-1419}",1,1,0,0,0,0,0,6.033839,1,0,0,1801961041460317,1,,1801961037465470,1801960932650528,1801961041460317,1801961047494156
944,4,pitch,2,1,rest,0.25,10,0.0,0.0,0.0,0,2;3,2:00000A;3:00000A,1801960932650528,1789324658634830446,1801961074502639,1789324658645496908,27.331141208065674,1.253698345972225,0.1452886729966849,2,-1419,0.5441796845024313,0.0,0.02687414293177426,step,3,1,0.14292436093091965,rest,sweep:enc:pitch:1789324658634827246,sweep:enc:pitch:1789324658634827246,FFFFFFFFFA75,"{""counts"":-1419}",1,1,0,0,0,0,0,6.168179,0,0,0,1801961068334460,1,,1801961066042214,1801960932650528,1801961068334460,1801961074502639
945,4,pitch,2,-1,pre,0.25,10,0.0,0.0,0.0,0,2;3,2:00000A;3:00000A,1801960932650528,1789324658645948054,1801961085409587,1789324658674866567,27.342767948983237,0.0030021830461919308,0.002844675909727812,2,-1419,0.5441796845024313,,0.011626740917563438,step,0,0,5.760230123996735e-07,settle,sweep:enc:pitch:1789324658645946006,sweep:enc:pitch:1789324658645946006,FFFFFFFFFA75,"{""counts"":-1419}",1,1,1,0,0,0,0,5.448386,1,0,0,1801961079961201,0,short_encoder_dt,1801961077159886,1801960932650528,1801961079961201,1801961085409587
946,4,pitch,2,-1,pre,0.25,10,0.0,0.0,0.0,0,2;3,2:00000A;3:00000A,1801960932650528,1789324658674616769,1801961112459446,1789324658703448559,27.36916758492589,0.029401818988844752,0.029244311852380633,2,-1419,0.5441796845024313,0.0,0.02639963594265282,step,0,0,0.02864279388450086,settle,sweep:enc:pitch:1789324658674614177,sweep:enc:pitch:1789324658674614177,FFFFFFFFFA75,"{""counts"":-1419}",1,1,1,1,0,0,0,6.098609,1,0,0,1801961106360837,1,,1801961105828537,1801960932650528,1801961106360837,1801961112459446
947,4,pitch,2,-1,pre,0.25,10,0.0,0.0,0.0,0,2;3,2:00000A;3:00000A,1801961144344173,1789324658703185672,1801961156408204,1789324658732072632,27.412947315024212,0.07318154908716679,0.07302404195070267,2,-1419,0.5441796845024313,0.0,0.043779730098322034,step,0,0,0.057209265884011984,settle,sweep:pitch_a:1789324658703153960;sweep:pitch_b:1789324658703163112;sweep:enc:pitch:1789324658703182504,sweep:enc:pitch:1789324658703182504,FFFFFFFFFA75,"{""counts"":-1419}",1,1,1,1,0,0,0,6.267637,1,0,0,1801961150140567,1,,1801961134397440,1801961144344173,1801961150140567,1801961156408204
948,4,pitch,2,-1,pre,0.25,10,0.0,0.0,0.0,0,2;3,2:00000A;3:00000A,1801961144344173,1789324658731760432,1801961173296638,1789324658760558686,27.429757667006925,0.08999190106987953,0.08983439393341541,2,-1419,0.5441796845024313,0.0,0.016810351982712746,step,0,0,0.08578399405814707,settle,sweep:enc:pitch:1789324658731757648,sweep:enc:pitch:1789324658731757648,FFFFFFFFFA75,"{""counts"":-1419}",1,1,1,1,0,0,0,6.345719,1,0,0,1801961166950919,1,,1801961162972040,1801961144344173,1801961166950919,1801961173296638
949,4,pitch,2,-1,pre,0.25,10,0.0,0.0,0.0,0,2;3,2:00000A;3:00000A,1801961144344173,1789324658760325688,1801961200254432,1789324658789176199,27.456888040993363,0.11712227505631745,0.11696476791985333,2,-1419,0.5441796845024313,0.0,0.027130373986437917,step,0,0,0.11435664189048111,settle,sweep:enc:pitch:1789324658760322936,sweep:enc:pitch:1789324658760322936,FFFFFFFFFA75,"{""counts"":-1419}",1,1,1,1,0,0,0,6.173139,1,0,0,1801961194081293,1,,1801961191537296,1801961144344173,1801961194081293,1801961200254432
950,4,pitch,2,-1,pre,0.25,10,0.0,0.0,0.0,0,2;3,2:00000A;3:00000A,1801961144344173,1789324658788893920,1801961227363781,1789324658817745839,27.483902380103245,0.14413661416620016,0.14397910702973604,2,-1419,0.5441796845024313,0.0,0.027014339109882712,step,0,0,0.14290999295189977,settle,sweep:enc:pitch:1789324658788890752,sweep:enc:pitch:1789324658788890752,FFFFFFFFFA75,"{""counts"":-1419}",1,1,1,1,0,0,0,6.268149,1,0,0,1801961221095632,1,,1801961220105528,1801961144344173,1801961221095632,1801961227363781
951,4,pitch,2,-1,pre,0.25,10,0.0,0.0,0.0,0,2;3,2:00000A;3:00000A,1801961144344173,1789324658817478440,1801961259116088,1789324658846281142,27.516154155135155,0.1763883891981095,0.1762308820616454,2,-1419,0.5441796845024313,0.0,0.03225177503190935,step,0,0,0.17150113685056567,settle,sweep:enc:pitch:1789324658817475464,sweep:enc:pitch:1789324658817475464,FFFFFFFFFA75,"{""counts"":-1419}",1,1,1,1,0,0,0,5.768681,1,0,0,1801961253347407,1,,1801961248690144,1801961144344173,1801961253347407,1801961259116088
952,4,pitch,2,-1,pre,0.25,10,0.0,0.0,0.0,0,2;3,2:00000A;3:00000A,1801961144344173,1789324658846037424,1801961286104699,1789324658874840093,27.542755716014653,0.20298995007760823,0.2028324429411441,2,-1418,0.5437961893054598,-0.01441626672617555,0.02660156087949872,step,0,0,0.2000687289983034,settle,sweep:enc:pitch:1789324658846035056,sweep:enc:pitch:1789324658846035056,FFFFFFFFFA76,"{""counts"":-1418}",1,1,1,1,0,0,0,6.155731,1,0,0,1801961279948968,1,,1801961277249256,1801961144344173,1801961279948968,1801961286104699
953,4,pitch,2,-1,pre,0.25,10,0.0,0.0,0.0,0,2;3,2:00000A;3:00000A,1801961144344173,1789324658874611768,1801961313125630,1789324658903462726,27.569714598124847,0.2299488321878016,0.22979132505133748,2,-1419,0.5441796845024313,0.014225189138181956,0.026958882110193372,step,0,0,0.22864566487260163,settle,sweep:enc:pitch:1789324658874609112,sweep:enc:pitch:1789324658874609112,FFFFFFFFFA75,"{""counts"":-1419}",1,1,1,1,0,0,0,6.21778,1,0,0,1801961306907850,1,,1801961305823568,1801961144344173,1801961306907850,1801961313125630
954,4,pitch,2,-1,pre,0.25,10,0.0,0.0,0.0,0,2;3,2:00000A;3:00000A,1801961345018548,1789324658903197216,1801961357064019,1789324658932043630,27.613376213004813,0.2736104470677674,0.27345293993130326,2,-1419,0.5441796845024313,0.0,0.04366161487996578,step,0,0,0.25721620093099773,settle,sweep:pitch_a:1789324658903163103;sweep:pitch_b:1789324658903174175;sweep:enc:pitch:1789324658903194272,sweep:enc:pitch:1789324658903194272,FFFFFFFFFA75,"{""counts"":-1419}",1,1,1,1,0,0,0,6.494554,1,0,0,1801961350569465,1,,1801961334408952,1801961345018548,1801961350569465,1801961357064019
955,4,pitch,2,-1,pre,0.25,10,0.0,0.0,0.0,0,2;3,2:00000A;3:00000A,1801961345018548,1789324658931756328,1801961373988198,1789324658952753403,27.630438219057396,0.29067245312035084,0.2905149459838867,2,-1419,0.5441796845024313,0.0,0.017062006052583456,step,0,0,0.28578174486756325,settle,sweep:enc:pitch:1789324658931753416,sweep:enc:pitch:1789324658931753416,FFFFFFFFFA75,"{""counts"":-1419}",1,1,1,1,0,0,0,6.356727,0,0,0,1801961367631471,1,,1801961362967936,1801961345018548,1801961367631471,1801961373988198
956,4,pitch,2,-1,step,0.25,10,-0.25,-0.25,-0.20943951023931953,0,2;3,2:80020A00000032;3:00020A00000032,1801961396950696,1789324658953019266,1801961409872572,1789324658981954002,27.66640537814237,0.32663961220532656,0.019423598190769553,2,-1410,0.5407282277296885,-0.09596133974852833,0.03596715908497572,step,1,0,6.721820682287216e-07,step,sweep:pitch_a:1789324658952992897;sweep:pitch_b:1789324658953002625;sweep:enc:pitch:1789324658953017154,sweep:enc:pitch:1789324658953017154,FFFFFFFFFA7E,"{""counts"":-1410}",1,1,0,0,0,0,0,6.273942,1,0,0,1801961403598630,1,,1801961384230970,1801961396950696,1801961403598630,1801961409872572
957,4,pitch,2,-1,step,0.25,10,-0.25,-0.25,-0.20943951023931953,0,2;3,2:80020A00000032;3:00020A00000032,1801961396950696,1789324658981681708,1801961420820512,1789324659010486681,27.678069015964866,0.33830325002782047,0.031087236013263464,2,-1405,0.5388107517448315,,0.01166363782249391,step,1,0,0.028640778036788106,step,sweep:enc:pitch:1789324658981679244,sweep:enc:pitch:1789324658981679244,FFFFFFFFFA83,"{""counts"":-1405}",1,1,0,0,0,0,0,5.558244,1,0,0,1801961415262268,0,short_encoder_dt,1801961412893316,1801961396950696,1801961415262268,1801961420820512
958,4,pitch,2,-1,step,0.25,10,-0.25,-0.25,-0.20943951023931953,0,2;3,2:80020A00000032;3:00020A00000032,1801961396950696,1789324659010248851,1801961452773561,1789324659039102210,27.70965709607117,0.36989133013412356,0.06267531611956656,2,-1388,0.5322913333963175,-0.20638855943679552,0.031588080106303096,step,1,0,0.05721160210669041,step,sweep:enc:pitch:1789324659010246131,sweep:enc:pitch:1789324659010246131,FFFFFFFFFA94,"{""counts"":-1388}",1,1,0,0,0,0,0,5.923213,1,0,0,1801961446850348,1,,1801961441460427,1801961396950696,1801961446850348,1801961452773561
959,4,pitch,2,-1,step,0.25,10,-0.25,-0.25,-0.20943951023931953,0,2;3,2:80020A00000032;3:00020A00000032,1801961396950696,1789324659038829660,1801961479852317,1789324659067639753,27.73641241993755,0.3966466540005058,0.0894306399859488,2,-1373,0.5265389054417463,-0.21500124548292476,0.02675532386638224,step,1,0,0.08578226598910987,step,sweep:enc:pitch:1789324659038826779,sweep:enc:pitch:1789324659038826779,FFFFFFFFFAA3,"{""counts"":-1373}",1,1,0,0,0,0,0,6.246645,1,0,0,1801961473605672,1,,1801961470041204,1801961396950696,1801961473605672,1801961479852317
960,4,pitch,2,-1,step,0.25,10,-0.25,-0.25,-0.20943951023931953,0,2;3,2:80020A00000032;3:00020A00000032,1801961396950696,1789324659067389891,1801961506685947,1789324659096247122,27.763476744061336,0.4237109781242907,0.1164949641097337,2,-1358,0.5207864774871752,-0.212546521696276,0.0270643241237849,step,1,0,0.1143525131046772,step,sweep:enc:pitch:1789324659067387011,sweep:enc:pitch:1789324659067387011,FFFFFFFFFAB2,"{""counts"":-1358}",1,1,0,0,0,0,0,6.015951,1,0,0,1801961500669996,1,,1801961498601467,1801961396950696,1801961500669996,1801961506685947
961,4,pitch,2,-1,step,0.25,10,-0.25,-0.25,-0.20943951023931953,0,2;3,2:80020A00000032;3:00020A00000032,1801961396950696,1789324659095976107,1801961533710174,1789324659124848826,27.790435242000967,0.45066947606392205,0.14345346204936504,2,-1343,0.515034049532604,-0.21338087780160161,0.026958497939631343,step,1,0,0.14292948110960424,step,sweep:enc:pitch:1789324659095973227,sweep:enc:pitch:1789324659095973227,FFFFFFFFFAC1,"{""counts"":-1343}",1,1,0,0,0,0,0,6.08168,1,0,0,1801961527628494,1,,1801961527187715,1801961396950696,1801961527628494,1801961533710174
962,4,pitch,2,-1,step,0.25,10,-0.25,-0.25,-0.20943951023931953,0,2;3,2:80020A00000032;3:00020A00000032,1801961396950696,1789324659124551219,1801961565682103,1789324659153413058,27.82245139614679,0.482685630209744,0.17546961619518697,2,-1324,0.5077476407901472,-0.22758538421791216,0.03201615414582193,step,1,0,0.17149889701977372,step,sweep:enc:pitch:1789324659124548755,sweep:enc:pitch:1789324659124548755,FFFFFFFFFAD4,"{""counts"":-1324}",1,1,0,0,0,0,0,6.037455,1,0,0,1801961559644648,1,,1801961555762795,1801961396950696,1801961559644648,1801961565682103
963,4,pitch,2,-1,step,0.25,10,-0.25,-0.25,-0.20943951023931953,0,2;3,2:80020A00000032;3:00020A00000032,1801961593673329,1789324659153120571,1801961605450474,1789324659182005642,27.862843397073448,0.5230776311364025,0.21586161712184548,2,-1291,0.4950922992900907,-0.31331306223317296,0.04039200092665851,step,1,0,0.20006648916751146,step,sweep:pitch_a:1789324659153083898;sweep:pitch_b:1789324659153095482;sweep:enc:pitch:1789324659153117179,sweep:enc:pitch:1789324659153117179,FFFFFFFFFAF5,"{""counts"":-1291}",1,1,0,0,0,0,0,5.413825,1,0,0,1801961600036649,1,,1801961584332083,1801961593673329,1801961600036649,1801961605450474
964,4,pitch,2,-1,step,0.25,10,-0.25,-0.25,-0.20943951023931953,0,2;3,2:80020A00000032;3:00020A00000032,1801961593673329,1789324659181678915,1801961621538120,1789324659210481584,27.878791871946305,0.5390261060092598,0.23181009199470282,2,-1285,0.4927913281082622,-0.14427531160013915,0.015948474872857332,step,1,0,0.2286394250113517,step,sweep:enc:pitch:1789324659181676098,sweep:enc:pitch:1789324659181676098,FFFFFFFFFAFB,"{""counts"":-1285}",1,1,0,0,0,0,0,5.552996,1,0,0,1801961615985124,1,,1801961612890491,1801961593673329,1801961615985124,1801961621538120
965,4,pitch,2,-1,step,0.25,10,-0.25,-0.25,-0.20943951023931953,0,2;3,2:80020A00000032;3:00020A00000032,1801961593673329,1789324659210249834,1801961648572940,1789324659239100761,27.90516065992415,0.5653948939871043,0.2581788799725473,2,-1272,0.4878058905476339,-0.18906585940988854,0.026368787977844477,step,1,0,0.257210505194962,step,sweep:enc:pitch:1789324659210247178,sweep:enc:pitch:1789324659210247178,FFFFFFFFFB08,"{""counts"":-1272}",1,1,0,0,0,0,0,6.219028,1,0,0,1801961642353912,1,,1801961641461570,1801961593673329,1801961642353912,1801961648572940
966,4,pitch,2,-1,step,0.25,10,-0.25,-0.25,-0.20943951023931953,0,2;3,2:80020A00000032;3:00020A00000032,1801961593673329,1789324659238834899,1801961680581381,1789324659267642592,27.937367473961785,0.5976017080247402,0.2903856940101832,2,-1255,0.4812864721991199,-0.2024235722569639,0.03220681403763592,step,1,0,0.28578529600054026,step,sweep:enc:pitch:1789324659238832050,sweep:enc:pitch:1789324659238832050,FFFFFFFFFB19,"{""counts"":-1255}",1,1,0,0,0,0,0,6.020655,1,0,0,1801961674560726,1,,1801961670046443,1801961593673329,1801961674560726,1801961680581381
967,4,pitch,2,-1,step,0.25,10,-0.25,-0.25,-0.20943951023931953,0,2;3,2:80020A00000032;3:00020A00000032,1801961593673329,1789324659267394010,1801961707376899,1789324659296207432,27.964208465069532,0.6244426991324872,0.3172266851179302,2,-1240,0.47553404424454876,-0.21431503521905565,0.02684099110774696,step,1,0,0.3143521200399846,step,sweep:enc:pitch:1789324659267391386,sweep:enc:pitch:1789324659267391386,FFFFFFFFFB28,"{""counts"":-1240}",1,1,0,0,0,0,0,5.975182,1,0,0,1801961701401717,1,,1801961698605586,1801961593673329,1801961701401717,1801961707376899
968,4,pitch,2,-1,step,0.25,10,-0.25,-0.25,-0.20943951023931953,0,2;3,2:80020A00000032;3:00020A00000032,1801961593673329,1789324659295964450,1801961734411526,1789324659324779952,27.99098558211699,0.6512198161799461,0.34400380216538906,2,-1225,0.4697816162899776,-0.21482626170605795,0.026777117047458887,step,1,0,0.3429246721789241,step,sweep:enc:pitch:1789324659295961858,sweep:enc:pitch:1789324659295961858,FFFFFFFFFB37,"{""counts"":-1225}",1,1,0,0,0,0,0,6.232692,1,0,0,1801961728178834,1,,1801961727176026,1801961593673329,1801961728178834,1801961734411526
969,4,pitch,2,-1,step,0.25,10,-0.25,-0.25,-0.20943951023931953,0,2;3,2:80020A00000032;3:00020A00000032,1801961593673329,1789324659324535626,1801961766343262,1789324659353233685,28.023117802105844,0.6833520361687988,0.3761360221542418,2,-1207,0.4628787027444922,-0.2148284042584091,0.03213221998885274,step,1,0,0.37149469600990415,step,sweep:enc:pitch:1789324659324532810,sweep:enc:pitch:1789324659324532810,FFFFFFFFFB49,"{""counts"":-1207}",1,1,0,0,0,0,0,6.032208,0,0,0,1801961760311054,1,,1801961755747202,1801961593673329,1801961760311054,1801961766343262
970,4,pitch,2,-1,post,0.25,10,0.0,0.0,0.0,0,2;3,2:00000A;3:00000A,1801961793260318,1789324659353507259,1801961804257316,1789324659382467820,28.061376569094136,0.7216108031570911,0.013899851124733686,2,-1187,0.45520879880506404,-0.20047441523076964,0.038258766988292336,step,2,1,3.2014213502407074e-07,settle,sweep:pitch_a:1789324659353483483;sweep:pitch_b:1789324659353491739;sweep:enc:pitch:1789324659353505307,sweep:enc:pitch:1789324659353505307,FFFFFFFFFB5D,"{""counts"":-1187}",1,1,1,0,0,0,0,5.687495,1,0,0,1801961798569821,1,,1801961784719059,1801961793260318,1801961798569821,1801961804257316
971,4,pitch,2,-1,post,0.25,10,0.0,0.0,0.0,0,2;3,2:00000A;3:00000A,1801961793260318,1789324659382167845,1801961821236376,1789324659410964306,28.07761199492961,0.7378462289925665,0.030135276960209012,2,-1187,0.45520879880506404,0.0,0.016235425835475326,step,2,1,0.028640393167734146,settle,sweep:enc:pitch:1789324659382165605,sweep:enc:pitch:1789324659382165605,FFFFFFFFFB5D,"{""counts"":-1187}",1,1,1,1,0,0,0,6.431129,1,0,0,1801961814805247,1,,1801961813379453,1801961793260318,1801961814805247,1801961821236376
972,4,pitch,2,-1,post,0.25,10,0.0,0.0,0.0,0,2;3,2:00000A;3:00000A,1801961793260318,1789324659410728749,1801961853214737,1789324659439553115,28.1100160300266,0.7702502640895545,0.0625393120571971,2,-1187,0.45520879880506404,0.0,0.03240403509698808,step,2,1,0.05720587307587266,settle,sweep:enc:pitch:1789324659410726221,sweep:enc:pitch:1789324659410726221,FFFFFFFFFB5D,"{""counts"":-1187}",1,1,1,1,0,0,0,6.005455,1,0,0,1801961847209282,1,,1801961841940293,1801961793260318,1801961847209282,1801961853214737
973,4,pitch,2,-1,post,0.25,10,0.0,0.0,0.0,0,2;3,2:00000A;3:00000A,1801961793260318,1789324659439305813,1801961880077648,1789324659468137155,28.136854493059218,0.7970887271221727,0.08937777508981526,2,-1187,0.45520879880506404,0.0,0.026838463032618165,step,2,1,0.08578021707944572,settle,sweep:enc:pitch:1789324659439302965,sweep:enc:pitch:1789324659439302965,FFFFFFFFFB5D,"{""counts"":-1187}",1,1,1,1,0,0,0,6.029903,1,0,0,1801961874047745,1,,1801961870517357,1801961793260318,1801961874047745,1801961880077648
974,4,pitch,2,-1,post,0.25,10,0.0,0.0,0.0,0,2;3,2:00000A;3:00000A,1801961793260318,1789324659467882973,1801961907107091,1789324659496685642,28.163722140016034,0.823956374078989,0.11624542204663157,2,-1187,0.45520879880506404,0.0,0.026867646956816316,step,2,1,0.11435590498149395,settle,sweep:enc:pitch:1789324659467880829,sweep:enc:pitch:1789324659467880829,FFFFFFFFFB5D,"{""counts"":-1187}",1,1,1,1,0,0,0,6.191699,1,0,0,1801961900915392,1,,1801961899094709,1801961793260318,1801961900915392,1801961907107091
975,4,pitch,2,-1,post,0.25,10,0.0,0.0,0.0,0,2;3,2:00000A;3:00000A,1801961793260318,1789324659496448964,1801961939026283,1789324659525288627,28.19589436100796,0.8561285950709134,0.14841764303855598,2,-1187,0.45520879880506404,0.0,0.032172220991924405,step,2,1,0.14292557700537145,settle,sweep:enc:pitch:1789324659496446244,sweep:enc:pitch:1789324659496446244,FFFFFFFFFB5D,"{""counts"":-1187}",1,1,1,1,0,0,0,5.93867,1,0,0,1801961933087613,1,,1801961927660700,1801961793260318,1801961933087613,1801961939026283
976,4,pitch,2,-1,post,0.25,10,0.0,0.0,0.0,0,2;3,2:00000A;3:00000A,1801961793260318,1789324659525026060,1801961966079630,1789324659553847098,28.222731416113675,0.8829656501766294,0.17525469814427197,2,-1187,0.45520879880506404,0.0,0.02683705510571599,step,2,1,0.17149755312129855,settle,sweep:enc:pitch:1789324659525023244,sweep:enc:pitch:1789324659525023244,FFFFFFFFFB5D,"{""counts"":-1187}",1,1,1,1,0,0,0,6.154962,1,0,0,1801961959924668,1,,1801961956237700,1801961793260318,1801961959924668,1801961966079630
977,4,pitch,2,-1,post,0.25,10,0.0,0.0,0.0,0,2;3,2:00000A;3:00000A,1801961992785706,1789324659553597620,1801962003842417,1789324659582491044,28.26087709213607,0.9211113261990249,0.21340037416666746,2,-1187,0.45520879880506404,0.0,0.03814567602239549,step,2,1,0.20006888802163303,settle,sweep:pitch_a:1789324659553565555;sweep:pitch_b:1789324659553575668;sweep:enc:pitch:1789324659553594964,sweep:enc:pitch:1789324659553594964,FFFFFFFFFB5D,"{""counts"":-1187}",1,1,1,1,0,0,0,5.772073,1,0,0,1801961998070344,1,,1801961984809228,1801961992785706,1801961998070344,1801962003842417
978,4,pitch,2,-1,post,0.25,10,0.0,0.0,0.0,0,2;3,2:00000A;3:00000A,1801961992785706,1789324659582187580,1801962020989929,1789324659611021259,28.27727444213815,0.9375086762011051,0.22979772416874766,2,-1187,0.45520879880506404,0.0,0.016397350002080202,step,2,1,0.22865964914672077,settle,sweep:enc:pitch:1789324659582184668,sweep:enc:pitch:1789324659582184668,FFFFFFFFFB5D,"{""counts"":-1187}",1,1,1,1,0,0,0,6.522235,1,0,0,1801962014467694,1,,1801962013399188,1801961992785706,1801962014467694,1801962020989929
979,4,pitch,2,-1,post,0.25,10,0.0,0.0,0.0,0,2;3,2:00000A;3:00000A,1801961992785706,1789324659610754756,1801962052727548,1789324659639616307,28.309791088104248,0.9700253221672028,0.2623143701348454,2,-1187,0.45520879880506404,0.0,0.03251664596609771,step,2,1,0.2572170961648226,settle,sweep:enc:pitch:1789324659610751140,sweep:enc:pitch:1789324659610751140,FFFFFFFFFB5D,"{""counts"":-1187}",1,1,1,1,0,0,0,5.743208,1,0,0,1801962046984340,1,,1801962041966204,1801961992785706,1801962046984340,1801962052727548
980,4,pitch,2,-1,post,0.25,10,0.0,0.0,0.0,0,2;3,2:00000A;3:00000A,1801961992785706,1789324659639312492,1801962079792576,1789324659668117273,28.33634480694309,0.9965790410060436,0.2888680889736861,2,-1187,0.45520879880506404,0.0,0.026553718838840723,step,2,1,0.2857843041419983,settle,sweep:enc:pitch:1789324659639309292,sweep:enc:pitch:1789324659639309292,FFFFFFFFFB5D,"{""counts"":-1187}",1,1,1,1,0,0,0,6.254517,1,0,0,1801962073538059,1,,1801962070524068,1801961992785706,1801962073538059,1801962079792576
981,4,pitch,2,-1,post,0.25,10,0.0,0.0,0.0,0,2;3,2:00000A;3:00000A,1801961992785706,1789324659667881075,1801962106802243,1789324659696729794,28.363429356133565,1.02366359019652,0.31595263816416264,2,-1187,0.45520879880506404,0.0,0.027084549190476537,step,2,1,0.31435548001900315,settle,sweep:enc:pitch:1789324659667878451,sweep:enc:pitch:1789324659667878451,FFFFFFFFFB5D,"{""counts"":-1187}",1,1,1,1,0,0,0,6.179635,1,0,0,1801962100622608,1,,1801962099092683,1801961992785706,1801962100622608,1801962106802243
982,4,pitch,2,-1,post,0.25,10,0.0,0.0,0.0,0,2;3,2:00000A;3:00000A,1801961992785706,1789324659696458715,1801962138754075,1789324659725317258,28.395666347118095,1.0559005811810493,0.3481896291486919,2,-1187,0.45520879880506404,0.0,0.03223699098452926,step,2,1,0.34292588802054524,settle,sweep:enc:pitch:1789324659696455483,sweep:enc:pitch:1789324659696455483,FFFFFFFFFB5D,"{""counts"":-1187}",1,1,1,1,0,0,0,5.894476,1,0,0,1801962132859599,1,,1801962127670291,1801961992785706,1801962132859599,1801962138754075
983,4,pitch,2,-1,post,0.25,10,0.0,0.0,0.0,0,2;3,2:00000A;3:00000A,1801961992785706,1789324659725041828,1801962165610426,1789324659753891762,28.422430568141863,1.0826648022048175,0.3749538501724601,2,-1187,0.45520879880506404,0.0,0.026764221023768187,step,2,1,0.37149735214188695,settle,sweep:enc:pitch:1789324659725038628,sweep:enc:pitch:1789324659725038628,FFFFFFFFFB5D,"{""counts"":-1187}",1,1,1,1,0,0,0,5.986606,0,0,0,1801962159623820,1,,1801962156253276,1801961992785706,1801962159623820,1801962165610426
984,4,pitch,2,-1,rest,0.25,10,0.0,0.0,0.0,0,2;3,2:00000A;3:00000A,1801962192462073,1789324659754156056,1801962204542649,1789324659783125482,28.461446695961058,1.121680930024013,0.013319196878001094,2,-1187,0.45520879880506404,0.0,0.03901612781919539,step,3,1,3.520399332046509e-07,rest,sweep:pitch_a:1789324659754132792;sweep:pitch_b:1789324659754140760;sweep:enc:pitch:1789324659754153912,sweep:enc:pitch:1789324659754153912,FFFFFFFFFB5D,"{""counts"":-1187}",1,1,0,0,0,0,0,5.902701,1,0,0,1801962198639948,1,,1801962185367856,1801962192462073,1801962198639948,1801962204542649
985,4,pitch,2,-1,rest,0.25,10,0.0,0.0,0.0,0,2;3,2:00000A;3:00000A,1801962192462073,1789324659782812994,1801962221471947,1789324659811654545,28.477885391097516,1.1381196251604706,0.029757892014458776,2,-1187,0.45520879880506404,0.0,0.01643869513645768,step,3,1,0.028639561962336302,rest,sweep:enc:pitch:1789324659782810338,sweep:enc:pitch:1789324659782810338,FFFFFFFFFB5D,"{""counts"":-1187}",1,1,0,0,0,0,0,6.393304,1,0,0,1801962215078643,1,,1801962214024570,1801962192462073,1801962215078643,1801962221471947
986,4,pitch,2,-1,rest,0.25,10,0.0,0.0,0.0,0,2;3,2:00000A;3:00000A,1801962192462073,1789324659811392714,1801962253518342,1789324659840217240,28.510309843113646,1.1705440771766007,0.062182344030588865,2,-1187,0.45520879880506404,0.0,0.03242445201613009,step,3,1,0.05721064191311598,rest,sweep:enc:pitch:1789324659811389674,sweep:enc:pitch:1789324659811389674,FFFFFFFFFB5D,"{""counts"":-1187}",1,1,0,0,0,0,0,6.015247,1,0,0,1801962247503095,1,,1801962242604258,1801962192462073,1801962247503095,1801962253518342
987,4,pitch,2,-1,rest,0.25,10,0.0,0.0,0.0,0,2;3,2:00000A;3:00000A,1801962192462073,1789324659839967922,1801962280463047,1789324659868787104,28.537209523143247,1.1974437572062016,0.08908202406018972,2,-1187,0.45520879880506404,0.0,0.02689968002960086,step,3,1,0.08578549697995186,rest,sweep:enc:pitch:1789324659839964850,sweep:enc:pitch:1789324659839964850,FFFFFFFFFB5D,"{""counts"":-1187}",1,1,0,0,0,0,0,6.060272,1,0,0,1801962274402775,1,,1801962271179466,1801962192462073,1801962274402775,1801962280463047
988,4,pitch,2,-1,rest,0.25,10,0.0,0.0,0.0,0,2;3,2:00000A;3:00000A,1801962192462073,1789324659868536282,1801962307339495,1789324659897372584,28.564080402022228,1.2243146360851824,0.1159529029391706,2,-1187,0.45520879880506404,0.0,0.026870878878980875,step,3,1,0.11435590498149395,rest,sweep:enc:pitch:1789324659868533498,sweep:enc:pitch:1789324659868533498,FFFFFFFFFB5D,"{""counts"":-1187}",1,1,0,0,0,0,0,6.065841,1,0,0,1801962301273654,1,,1801962299747858,1801962192462073,1801962301273654,1801962307339495
989,4,pitch,2,-1,rest,0.25,10,0.0,0.0,0.0,0,2;3,2:00000A;3:00000A,1801962192462073,1789324659897118498,1801962339299263,1789324659912962107,28.596115852938965,1.2563500870019197,0.14798835385590792,2,-1187,0.45520879880506404,0.0,0.03203545091673732,step,3,1,0.142928744899109,rest,sweep:enc:pitch:1789324659897115778,sweep:enc:pitch:1789324659897115778,FFFFFFFFFB5D,"{""counts"":-1187}",1,1,0,0,0,0,0,5.990158,0,0,0,1801962333309105,1,,1801962328330202,1801962192462073,1801962333309105,1801962339299263
990,4,pitch,3,1,pre,0.25,10,0.0,0.0,0.0,0,2;3,2:00000A;3:00000A,1801962192462073,1789324659913534633,1801962356233938,1789324659942501978,28.61270965496078,0.005398623878136277,0.005205402849242091,2,-1187,0.45520879880506404,0.0,0.016593802021816373,step,0,0,4.4796615839004517e-07,settle,sweep:enc:pitch:1789324659913532489,sweep:enc:pitch:1789324659913532489,FFFFFFFFFB5D,"{""counts"":-1187}",1,1,1,1,0,0,0,6.331031,1,0,0,1801962349902907,1,,1801962344746401,1801962192462073,1801962349902907,1801962356233938
991,4,pitch,3,1,pre,0.25,10,0.0,0.0,0.0,0,2;3,2:00000A;3:00000A,1801962192462073,1789324659942213235,1801962383277046,1789324659971016608,28.63993049506098,0.03261946397833526,0.032426242949441075,2,-1187,0.45520879880506404,0.0,0.027220840100198984,step,0,0,0.028639528900384903,settle,sweep:enc:pitch:1789324659942210099,sweep:enc:pitch:1789324659942210099,FFFFFFFFFB5D,"{""counts"":-1187}",1,1,1,1,0,0,0,6.153299,1,0,0,1801962377123747,1,,1801962373424683,1801962192462073,1801962377123747,1801962383277046
992,4,pitch,3,1,pre,0.25,10,0.0,0.0,0.0,0,2;3,2:00000A;3:00000A,1801962410222519,1789324659970766555,1801962422268693,1789324659999655786,28.678905406035483,0.07159437495283782,0.07140115392394364,2,-1187,0.45520879880506404,0.0,0.038974910974502563,step,0,0,0.057210544822737575,settle,sweep:pitch_a:1789324659970735930;sweep:pitch_b:1789324659970745626;sweep:enc:pitch:1789324659970763898,sweep:enc:pitch:1789324659970763898,FFFFFFFFFB5D,"{""counts"":-1187}",1,1,1,1,0,0,0,6.170035,1,0,0,1801962416098658,1,,1801962401978290,1801962410222519,1801962416098658,1801962422268693
993,4,pitch,3,1,pre,0.25,10,0.0,0.0,0.0,0,2;3,2:00000A;3:00000A,1801962410222519,1789324659999334850,1801962439178312,1789324660028231154,28.695665932958946,0.08835490187630057,0.08816168084740639,2,-1187,0.45520879880506404,0.0,0.01676052692346275,step,0,0,0.0857797369826585,settle,sweep:enc:pitch:1789324659999332482,sweep:enc:pitch:1789324659999332482,FFFFFFFFFB5D,"{""counts"":-1187}",1,1,1,1,0,0,0,6.319127,1,0,0,1801962432859185,1,,1801962430546554,1801962410222519,1801962432859185,1801962439178312
994,4,pitch,3,1,pre,0.25,10,0.0,0.0,0.0,0,2;3,2:00000A;3:00000A,1801962410222519,1789324660027923946,1801962466205963,1789324660056731512,28.722925781970844,0.11561475088819861,0.11542152985930443,2,-1187,0.45520879880506404,0.0,0.02725984901189804,step,0,0,0.11435641697607934,settle,sweep:enc:pitch:1789324660027921034,sweep:enc:pitch:1789324660027921034,FFFFFFFFFB5D,"{""counts"":-1187}",1,1,1,1,0,0,0,6.086929,1,0,0,1801962460119034,1,,1801962459135554,1801962410222519,1801962460119034,1801962466205963
995,4,pitch,3,1,pre,0.25,10,0.0,0.0,0.0,0,2;3,2:00000A;3:00000A,1801962410222519,1789324660056480658,1801962497942846,1789324660085278399,28.75507819512859,0.1477671640459448,0.14757394301705062,2,-1187,0.45520879880506404,0.0,0.032152413157746196,step,0,0,0.14292704802937806,settle,sweep:enc:pitch:1789324660056478130,sweep:enc:pitch:1789324660056478130,FFFFFFFFFB5D,"{""counts"":-1187}",1,1,1,1,0,0,0,5.671399,1,0,0,1801962492271447,1,,1801962487692234,1801962410222519,1801962492271447,1801962497942846
996,4,pitch,3,1,pre,0.25,10,0.0,0.0,0.0,0,2;3,2:00000A;3:00000A,1801962410222519,1789324660085043801,1801962525014306,1789324660113875527,28.78156333696097,0.1742523058783263,0.1740590848494321,2,-1187,0.45520879880506404,0.0,0.026485141832381487,step,0,0,0.17149662389419973,settle,sweep:enc:pitch:1789324660085041081,sweep:enc:pitch:1789324660085041081,FFFFFFFFFB5D,"{""counts"":-1187}",1,1,1,1,0,0,0,6.257717,1,0,0,1801962518756589,1,,1801962516255377,1801962410222519,1801962518756589,1801962525014306
997,4,pitch,3,1,pre,0.25,10,0.0,0.0,0.0,0,2;3,2:00000A;3:00000A,1801962410222519,1789324660113615713,1801962552068998,1789324660142450991,28.808714607032016,0.20140357594937086,0.20121035492047668,2,-1187,0.45520879880506404,0.0,0.027151270071044564,step,0,0,0.20006511197425425,settle,sweep:enc:pitch:1789324660113613473,sweep:enc:pitch:1789324660113613473,FFFFFFFFFB5D,"{""counts"":-1187}",1,1,1,1,0,0,0,6.161139,1,0,0,1801962545907859,1,,1801962544827289,1801962410222519,1801962545907859,1801962552068998
998,4,pitch,3,1,pre,0.25,10,0.0,0.0,0.0,0,2;3,2:00000A;3:00000A,1801962410222519,1789324660142195433,1801962584028510,1789324660171048344,28.840964942006394,0.2336539109237492,0.23346068989485502,2,-1187,0.45520879880506404,0.0,0.03225033497437835,step,0,0,0.22864102385938168,settle,sweep:enc:pitch:1789324660142193065,sweep:enc:pitch:1789324660142193065,FFFFFFFFFB5D,"{""counts"":-1187}",1,1,1,1,0,0,0,5.870316,1,0,0,1801962578158194,1,,1801962573407201,1801962410222519,1801962578158194,1801962584028510
999,4,pitch,3,1,pre,0.25,10,0.0,0.0,0.0,0,2;3,2:00000A;3:00000A,1801962610874941,1789324660170775089,1801962622804249,1789324660199626784,28.879298078129068,0.27198704704642296,0.2717938260175288,2,-1187,0.45520879880506404,0.0,0.03833313612267375,step,0,0,0.25721335085108876,settle,sweep:pitch_a:1789324660170743633;sweep:pitch_b:1789324660170754641;sweep:enc:pitch:1789324660170772337,sweep:enc:pitch:1789324660170772337,FFFFFFFFFB5D,"{""counts"":-1187}",1,1,1,1,0,0,0,6.312919,1,0,0,1801962616491330,1,,1801962601986793,1801962610874941,1801962616491330,1801962622804249
1000,4,pitch,3,1,pre,0.25,10,0.0,0.0,0.0,0,2;3,2:00000A;3:00000A,1801962610874941,1789324660199333209,1801962639890575,1789324660220333292,28.896169519983232,0.28885848890058696,0.2886652678716928,2,-1187,0.45520879880506404,0.0,0.016871441854164004,step,0,0,0.2857813269365579,settle,sweep:enc:pitch:1789324660199330617,sweep:enc:pitch:1789324660199330617,FFFFFFFFFB5D,"{""counts"":-1187}",1,1,1,1,0,0,0,6.527803,0,0,0,1801962633362772,1,,1801962630544817,1801962610874941,1801962633362772,1801962639890575
1001,4,pitch,3,1,step,0.25,10,0.25,0.25,0.20943951023931953,0,2;3,2:00020A00000032;3:80020A00000032,1801962662671853,1789324660220568114,1801962675781893,1789324660249510883,28.932332364143804,0.32502133306115866,0.017800230998545885,2,-1195,0.4582767603808353,0.08483739725085747,0.036162844160571694,step,1,0,5.119945853948593e-07,step,sweep:pitch_a:1789324660220543057;sweep:pitch_b:1789324660220552082;sweep:enc:pitch:1789324660220566130,sweep:enc:pitch:1789324660220566130,FFFFFFFFFB55,"{""counts"":-1195}",1,1,0,0,0,0,0,6.256277,1,0,0,1801962669525616,1,,1801962651779850,1801962662671853,1801962669525616,1801962675781893
1002,4,pitch,3,1,step,0.25,10,0.25,0.25,0.20943951023931953,0,2;3,2:00020A00000032;3:80020A00000032,1801962662671853,1789324660249232444,1801962686760554,1789324660278120747,28.943993186112493,0.3366821550298482,0.029461052967235446,2,-1200,0.46019423636569234,,0.011660821968689561,step,1,0,0.028638408984988928,step,sweep:enc:pitch:1789324660249229564,sweep:enc:pitch:1789324660249229564,FFFFFFFFFB50,"{""counts"":-1200}",1,1,0,0,0,0,0,5.574116,1,0,0,1801962681186438,0,short_encoder_dt,1801962680444020,1801962662671853,1801962681186438,1801962686760554
1003,4,pitch,3,1,step,0.25,10,0.25,0.25,0.20943951023931953,0,2;3,2:00020A00000032;3:80020A00000032,1801962662671853,1789324660277812964,1801962718739619,1789324660306631890,28.975610706023872,0.36829967494122684,0.06107857287861407,2,-1217,0.46671365471420634,0.20619638626898637,0.03161751991137862,step,1,0,0.05721246497705579,step,sweep:enc:pitch:1789324660277809892,sweep:enc:pitch:1789324660277809892,FFFFFFFFFB3F,"{""counts"":-1217}",1,1,0,0,0,0,0,5.935661,1,0,0,1801962712803958,1,,1801962709024540,1801962662671853,1801962712803958,1801962718739619
1004,4,pitch,3,1,step,0.25,10,0.25,0.25,0.20943951023931953,0,2;3,2:00020A00000032;3:80020A00000032,1801962662671853,1789324660306385068,1801962745570209,1789324660335203769,29.00241662398912,0.39510559290647507,0.0878844908438623,2,-1233,0.4728495778657489,0.2289018103949019,0.026805917965248227,step,1,0,0.08578559290617704,step,sweep:enc:pitch:1789324660306382156,sweep:enc:pitch:1789324660306382156,FFFFFFFFFB2F,"{""counts"":-1233}",1,1,0,0,0,0,0,5.960333,1,0,0,1801962739609876,1,,1801962737596644,1801962662671853,1801962739609876,1801962745570209
1005,4,pitch,3,1,step,0.25,10,0.25,0.25,0.20943951023931953,0,2;3,2:00020A00000032;3:80020A00000032,1801962662671853,1789324660334946099,1801962777554874,1789324660363776609,29.03435059892945,0.42703956784680486,0.11981846578419209,2,-1251,0.47975249141123427,0.2161620518079514,0.03193397494032979,step,1,0,0.11435286398045719,step,sweep:enc:pitch:1789324660334943347,sweep:enc:pitch:1789324660334943347,FFFFFFFFFB1D,"{""counts"":-1251}",1,1,0,0,0,0,0,6.011023,1,0,0,1801962771543851,1,,1801962766157739,1801962662671853,1801962771543851,1801962777554874
1006,4,pitch,3,1,step,0.25,10,0.25,0.25,0.20943951023931953,0,2;3,2:00020A00000032;3:80020A00000032,1801962662671853,1789324660363521211,1801962804600670,1789324660392352681,29.061241830931976,0.4539307998493314,0.1467096977867186,2,-1265,0.485121424168834,0.19965365503132487,0.02689123200252652,step,1,0,0.14292781590484083,step,sweep:enc:pitch:1789324660363518619,sweep:enc:pitch:1789324660363518619,FFFFFFFFFB0F,"{""counts"":-1265}",1,1,0,0,0,0,0,6.165587,1,0,0,1801962798435083,1,,1801962794732915,1801962662671853,1801962798435083,1801962804600670
1007,4,pitch,3,1,step,0.25,10,0.25,0.25,0.20943951023931953,0,2;3,2:00020A00000032;3:80020A00000032,1801962662671853,1789324660392094627,1801962831584480,1789324660420919249,29.088329004123807,0.4810179730411619,0.17379687097854912,2,-1278,0.49010686172946233,0.184051599822602,0.027087173191830516,step,1,0,0.1714989917818457,step,sweep:enc:pitch:1789324660392091843,sweep:enc:pitch:1789324660392091843,FFFFFFFFFB02,"{""counts"":-1278}",1,1,0,0,0,0,0,6.062224,1,0,0,1801962825522256,1,,1801962823306235,1801962662671853,1801962825522256,1801962831584480
1008,4,pitch,3,1,step,0.25,10,0.25,0.25,0.20943951023931953,0,2;3,2:00020A00000032;3:80020A00000032,1801962859345012,1789324660420657163,1801962872443596,1789324660449513241,29.128769806120545,0.5214587750378996,0.21423767297528684,2,-1310,0.5023787080325475,0.303452100284141,0.04044080199673772,step,1,0,0.20006731990724802,step,sweep:pitch_a:1789324660420624138;sweep:pitch_b:1789324660420635210;sweep:enc:pitch:1789324660420654987,sweep:enc:pitch:1789324660420654987,FFFFFFFFFAE2,"{""counts"":-1310}",1,1,0,0,0,0,0,6.480538,1,0,0,1801962865963058,1,,1801962851868963,1801962859345012,1801962865963058,1801962872443596
1009,4,pitch,3,1,step,0.25,10,0.25,0.25,0.20943951023931953,0,2;3,2:00020A00000032;3:80020A00000032,1801962859345012,1789324660449226706,1801962889383295,1789324660478039744,29.145836292067543,0.5385252609848976,0.23130415892228484,2,-1318,0.5054466696083187,0.17976527712261278,0.017066485946998,step,1,0,0.22863551881164312,step,sweep:enc:pitch:1789324660449224402,sweep:enc:pitch:1789324660449224402,FFFFFFFFFADA,"{""counts"":-1318}",1,1,0,0,0,0,0,6.353751,1,0,0,1801962883029544,1,,1801962880438474,1801962859345012,1801962883029544,1801962889383295
1010,4,pitch,3,1,step,0.25,10,0.25,0.25,0.20943951023931953,0,2;3,2:00020A00000032;3:80020A00000032,1801962859345012,1789324660477795578,1801962916487748,1789324660506622824,29.173117741011083,0.5658067099284381,0.2585856078658253,2,-1333,0.51119909756289,0.21085492806763959,0.027281448943540454,step,1,0,0.2572088709566742,step,sweep:enc:pitch:1789324660477793114,sweep:enc:pitch:1789324660477793114,FFFFFFFFFACB,"{""counts"":-1333}",1,1,0,0,0,0,0,6.176755,1,0,0,1801962910310993,1,,1801962909007218,1801962859345012,1801962910310993,1801962916487748
1011,4,pitch,3,1,step,0.25,10,0.25,0.25,0.20943951023931953,0,2;3,2:00020A00000032;3:80020A00000032,1801962859345012,1789324660506376546,1801962948201847,1789324660535194320,29.205350572010502,0.5980395409278572,0.2908184388652444,2,-1351,0.5181020111083753,0.21415784253048514,0.03223283099941909,step,1,0,0.28578433487564325,step,sweep:enc:pitch:1789324660506373922,sweep:enc:pitch:1789324660506373922,FFFFFFFFFAB9,"{""counts"":-1351}",1,1,0,0,0,0,0,5.658023,1,0,0,1801962942543824,1,,1801962937588154,1801962859345012,1801962942543824,1801962948201847
1012,4,pitch,3,1,step,0.25,10,0.25,0.25,0.20943951023931953,0,2;3,2:00020A00000032;3:80020A00000032,1801962859345012,1789324660534940362,1801962975245530,1789324660563758199,29.23187603498809,0.6245650039054453,0.31734390184283257,2,-1366,0.5238544390629465,0.21686437516402748,0.026525462977588177,step,1,0,0.3143499109428376,step,sweep:enc:pitch:1789324660534937610,sweep:enc:pitch:1789324660534937610,FFFFFFFFFAAA,"{""counts"":-1366}",1,1,0,0,0,0,0,6.176243,1,0,0,1801962969069287,1,,1801962966152098,1801962859345012,1801962969069287,1801962975245530
1013,4,pitch,3,1,step,0.25,10,0.25,0.25,0.20943951023931953,0,2;3,2:00020A00000032;3:80020A00000032,1801962859345012,1789324660563517842,1801963002222748,1789324660592312831,29.258931463118643,0.6516204320359975,0.34439932997338474,2,-1382,0.529990362214489,0.22679083553712429,0.027055428130552173,step,1,0,0.34292201488278806,step,sweep:enc:pitch:1789324660563515474,sweep:enc:pitch:1789324660563515474,FFFFFFFFFA9A,"{""counts"":-1382}",1,1,0,0,0,0,0,6.098033,1,0,0,1801962996124715,1,,1801962994729610,1801962859345012,1801962996124715,1801963002222748
1014,4,pitch,3,1,step,0.25,10,0.25,0.25,0.20943951023931953,0,2;3,2:00020A00000032;3:80020A00000032,1801962859345012,1789324660592080345,1801963034256374,1789324660620777860,29.29117309395224,0.6838620628695935,0.37664096080698073,2,-1400,0.5368932757599744,0.21409939159443675,0.03224163083359599,step,1,0,0.37149498192593455,step,sweep:enc:pitch:1789324660592078073,sweep:enc:pitch:1789324660592078073,FFFFFFFFFA88,"{""counts"":-1400}",1,1,0,0,0,0,0,5.890028,0,0,0,1801963028366346,1,,1801963023292113,1801962859345012,1801963028366346,1801963034256374
1015,4,pitch,3,1,post,0.25,10,0.0,0.0,0.0,0,2;3,2:00000A;3:00000A,1801963061096597,1789324660621074251,1801963072037209,1789324660650029564,29.32927905698307,0.7219680259004235,0.014238066971302032,2,-1419,0.5441796845024313,0.1912143969845809,0.038105963030830026,step,2,1,8.959323167800903e-07,settle,sweep:pitch_a:1789324660621050314;sweep:pitch_b:1789324660621058251;sweep:enc:pitch:1789324660621072427,sweep:enc:pitch:1789324660621072427,FFFFFFFFFA75,"{""counts"":-1419}",1,1,1,0,0,0,0,5.5649,1,0,0,1801963066472309,1,,1801963052286051,1801963061096597,1801963066472309,1801963072037209
1016,4,pitch,3,1,post,0.25,10,0.0,0.0,0.0,0,2;3,2:00000A;3:00000A,1801963061096597,1789324660649731349,1801963089098159,1789324660678540066,29.34538635192439,0.7380753208417445,0.030345361912623048,2,-1418,0.5437961893054598,-0.02380878964273804,0.016107294941321015,step,2,1,0.028638889081776142,settle,sweep:enc:pitch:1789324660649728693,sweep:enc:pitch:1789324660649728693,FFFFFFFFFA76,"{""counts"":-1418}",1,1,1,1,0,0,0,6.518555,1,0,0,1801963082579604,1,,1801963080942797,1801963061096597,1801963082579604,1801963089098159
1017,4,pitch,3,1,post,0.25,10,0.0,0.0,0.0,0,2;3,2:00000A;3:00000A,1801963061096597,1789324660678298493,1801963121051431,1789324660707097834,29.377849396085367,0.7705383650027215,0.06280840607360005,2,-1419,0.5441796845024313,0.011813285133389936,0.032463044160977006,step,2,1,0.057207697071135044,settle,sweep:enc:pitch:1789324660678295708,sweep:enc:pitch:1789324660678295708,FFFFFFFFFA75,"{""counts"":-1419}",1,1,1,1,0,0,0,6.008783,1,0,0,1801963115042648,1,,1801963109510069,1801963061096597,1801963115042648,1801963121051431
1018,4,pitch,3,1,post,0.25,10,0.0,0.0,0.0,0,2;3,2:00000A;3:00000A,1801963061096597,1789324660706864740,1801963147937159,1789324660735754260,29.404686226975173,0.7973751958925277,0.0896452369634062,2,-1419,0.5441796845024313,0.0,0.02683683088980615,step,2,1,0.08578015305101871,settle,sweep:enc:pitch:1789324660706862404,sweep:enc:pitch:1789324660706862404,FFFFFFFFFA75,"{""counts"":-1419}",1,1,1,1,0,0,0,6.05768,1,0,0,1801963141879479,1,,1801963138076476,1801963061096597,1801963141879479,1801963147937159
1019,4,pitch,3,1,post,0.25,10,0.0,0.0,0.0,0,2;3,2:00000A;3:00000A,1801963061096597,1789324660735460365,1801963174970282,1789324660764297019,29.431714101927355,0.8244030708447099,0.11667311191558838,2,-1419,0.5441796845024313,0.0,0.027027874952182174,step,2,1,0.11435577692463994,settle,sweep:enc:pitch:1789324660735457068,sweep:enc:pitch:1789324660735457068,FFFFFFFFFA75,"{""counts"":-1419}",1,1,1,1,0,0,0,6.062928,1,0,0,1801963168907354,1,,1801963166671845,1801963061096597,1801963168907354,1801963174970282
1020,4,pitch,3,1,post,0.25,10,0.0,0.0,0.0,0,2;3,2:00000A;3:00000A,1801963061096597,1789324660764027988,1801963201782184,1789324660792850882,29.458742073038593,0.8514310419559479,0.14370108302682638,2,-1419,0.5441796845024313,0.0,0.027027971111238003,step,2,1,0.14293156005442142,settle,sweep:enc:pitch:1789324660764025012,sweep:enc:pitch:1789324660764025012,FFFFFFFFFA75,"{""counts"":-1419}",1,1,1,1,0,0,0,5.846859,1,0,0,1801963195935325,1,,1801963195239596,1801963061096597,1801963195935325,1801963201782184
1021,4,pitch,3,1,post,0.25,10,0.0,0.0,0.0,0,2;3,2:00000A;3:00000A,1801963061096597,1789324660792586556,1801963233745344,1789324660821431690,29.490509900962934,0.8831988698802888,0.17546891095116735,2,-1419,0.5441796845024313,0.0,0.03176782792434096,step,2,1,0.17149803205393255,settle,sweep:enc:pitch:1789324660792584060,sweep:enc:pitch:1789324660792584060,FFFFFFFFFA75,"{""counts"":-1419}",1,1,1,1,0,0,0,6.042191,1,0,0,1801963227703153,1,,1801963223798164,1801963061096597,1801963227703153,1801963233745344
1022,4,pitch,3,1,post,0.25,10,0.0,0.0,0.0,0,2;3,2:00000A;3:00000A,1801963260788612,1789324660821163620,1801963271689287,1789324660850087668,29.528895261930302,0.9215842308476567,0.21385427191853523,2,-1419,0.5441796845024313,0.0,0.03838536096736789,step,2,1,0.20006805611774325,settle,sweep:pitch_a:1789324660821130627;sweep:pitch_b:1789324660821141091;sweep:enc:pitch:1789324660821159812,sweep:enc:pitch:1789324660821159812,FFFFFFFFFA75,"{""counts"":-1419}",1,1,1,1,0,0,0,5.600773,1,0,0,1801963266088514,1,,1801963252374780,1801963260788612,1801963266088514,1801963271689287
1023,4,pitch,3,1,post,0.25,10,0.0,0.0,0.0,0,2;3,2:00000A;3:00000A,1801963260788612,1789324660849738636,1801963288637466,1789324660878536281,29.54508748697117,0.9377764558885247,0.23004649695940316,2,-1419,0.5441796845024313,0.0,0.016192225040867925,step,2,1,0.22863731207326055,settle,sweep:enc:pitch:1789324660849736043,sweep:enc:pitch:1789324660849736043,FFFFFFFFFA75,"{""counts"":-1419}",1,1,1,1,0,0,0,6.356727,1,0,0,1801963282280739,1,,1801963280950212,1801963260788612,1801963282280739,1801963288637466
1024,4,pitch,3,1,post,0.25,10,0.0,0.0,0.0,0,2;3,2:00000A;3:00000A,1801963260788612,1789324660878300467,1801963320596915,1789324660907103872,29.577413632068783,0.970102600986138,0.2623726420570165,2,-1419,0.5441796845024313,0.0,0.032326145097613335,step,2,1,0.257211399031803,settle,sweep:enc:pitch:1789324660878297683,sweep:enc:pitch:1789324660878297683,FFFFFFFFFA75,"{""counts"":-1419}",1,1,1,1,0,0,0,5.990031,1,0,0,1801963314606884,1,,1801963309512075,1801963260788612,1801963314606884,1801963320596915
1025,4,pitch,3,1,post,0.25,10,0.0,0.0,0.0,0,2;3,2:00000A;3:00000A,1801963260788612,1789324660906869947,1801963347613750,1789324660935729865,29.604192381026223,0.9968813499435782,0.28915139101445675,2,-1419,0.5441796845024313,0.0,0.026778748957440257,step,2,1,0.2857830231077969,settle,sweep:enc:pitch:1789324660906867515,sweep:enc:pitch:1789324660906867515,FFFFFFFFFA75,"{""counts"":-1419}",1,1,1,1,0,0,0,6.228117,1,0,0,1801963341385633,1,,1801963338081715,1801963260788612,1801963341385633,1801963347613750
1026,4,pitch,3,1,post,0.25,10,0.0,0.0,0.0,0,2;3,2:00000A;3:00000A,1801963260788612,1789324660935459075,1801963374501237,1789324660964260432,29.631288897944614,1.0239778668619692,0.31624790793284774,2,-1419,0.5441796845024313,0.0,0.02709651691839099,step,2,1,0.3143555431161076,settle,sweep:enc:pitch:1789324660935456451,sweep:enc:pitch:1789324660935456451,FFFFFFFFFA75,"{""counts"":-1419}",1,1,1,1,0,0,0,6.019087,1,0,0,1801963368482150,1,,1801963366670651,1801963260788612,1801963368482150,1801963374501237
1027,4,pitch,3,1,post,0.25,10,0.0,0.0,0.0,0,2;3,2:00000A;3:00000A,1801963260788612,1789324660964016202,1801963406468750,1789324660992864409,29.663329468108714,1.0560184370260686,0.3482884780969471,2,-1419,0.5441796845024313,0.0,0.032040570164099336,step,2,1,0.34292358299717307,settle,sweep:enc:pitch:1789324660964013674,sweep:enc:pitch:1789324660964013674,FFFFFFFFFA75,"{""counts"":-1419}",1,1,1,1,0,0,0,5.94603,1,0,0,1801963400522720,1,,1801963395227746,1801963260788612,1801963400522720,1801963406468750
1028,4,pitch,3,1,post,0.25,10,0.0,0.0,0.0,0,2;3,2:00000A;3:00000A,1801963260788612,1789324660992588658,1801963433485329,1789324661021451105,29.69009976903908,1.0827887379564345,0.375058779027313,2,-1419,0.5441796845024313,0.0,0.02677030093036592,step,2,1,0.37149392697028816,settle,sweep:enc:pitch:1789324660992585618,sweep:enc:pitch:1789324660992585618,FFFFFFFFFA75,"{""counts"":-1419}",1,1,1,1,0,0,0,6.192308,0,0,0,1801963427293021,1,,1801963423800170,1801963260788612,1801963427293021,1801963433485329
1029,4,pitch,3,1,rest,0.25,10,0.0,0.0,0.0,0,2;3,2:00000A;3:00000A,1801963460391217,1789324661021733128,1801963472440655,1789324661050735994,29.72937983996235,1.1220688088797033,0.013677604962140322,2,-1419,0.5441796845024313,0.0,0.039280070923268795,step,3,1,3.83937731385231e-07,rest,sweep:pitch_a:1789324661021709287;sweep:pitch_b:1789324661021717319;sweep:enc:pitch:1789324661021730888,sweep:enc:pitch:1789324661021730888,FFFFFFFFFA75,"{""counts"":-1419}",1,1,0,0,0,0,0,5.867563,1,0,0,1801963466573092,1,,1801963452944896,1801963460391217,1801963466573092,1801963472440655
1030,4,pitch,3,1,rest,0.25,10,0.0,0.0,0.0,0,2;3,2:00000A;3:00000A,1801963460391217,1789324661050410226,1801963489360354,1789324661079203871,29.745902409078553,1.1385913779959083,0.0302001740783453,2,-1419,0.5441796845024313,0.0,0.016522569116204977,step,3,1,0.02865776908583939,rest,sweep:enc:pitch:1789324661050407634,sweep:enc:pitch:1789324661050407634,FFFFFFFFFA75,"{""counts"":-1419}",1,1,0,0,0,0,0,6.264693,1,0,0,1801963483095661,1,,1801963481622026,1801963460391217,1801963483095661,1801963489360354
1031,4,pitch,3,1,rest,0.25,10,0.0,0.0,0.0,0,2;3,2:00000A;3:00000A,1801963460391217,1789324661078958937,1801963521441501,1789324661107870665,29.778320524143055,1.17100949306041,0.06261828914284706,2,-1419,0.5441796845024313,0.0,0.03241811506450176,step,3,1,0.05720779299736023,rest,sweep:enc:pitch:1789324661078956025,sweep:enc:pitch:1789324661078956025,FFFFFFFFFA75,"{""counts"":-1419}",1,1,0,0,0,0,0,5.927725,1,0,0,1801963515513776,1,,1801963510170545,1801963460391217,1801963515513776,1801963521441501
1032,4,pitch,3,1,rest,0.25,10,0.0,0.0,0.0,0,2;3,2:00000A;3:00000A,1801963460391217,1789324661107565090,1801963548296860,1789324661136438705,29.805328910937533,1.1980178798548877,0.08962667593732476,2,-1419,0.5441796845024313,0.0,0.0270083867944777,step,3,1,0.0857955131214112,rest,sweep:enc:pitch:1789324661107562274,sweep:enc:pitch:1789324661107562274,FFFFFFFFFA75,"{""counts"":-1419}",1,1,0,0,0,0,0,5.774697,1,0,0,1801963542522163,1,,1801963538776666,1801963460391217,1801963542522163,1801963548296860
1033,4,pitch,3,1,rest,0.25,10,0.0,0.0,0.0,0,2;3,2:00000A;3:00000A,1801963460391217,1789324661136141994,1801963575212604,1789324661164984312,29.832340913126245,1.2250298820436,0.11663867812603712,2,-1419,0.5441796845024313,0.0,0.02701200218871236,step,3,1,0.11436691205017269,rest,sweep:enc:pitch:1789324661136137417,sweep:enc:pitch:1789324661136137417,FFFFFFFFFA75,"{""counts"":-1419}",1,1,0,0,0,0,0,5.678439,1,0,0,1801963569534165,1,,1801963567353538,1801963460391217,1801963569534165,1801963575212604
1034,4,pitch,3,1,rest,0.25,10,0.0,0.0,0.0,0,2;3,2:00000A;3:00000A,1801963460391217,1789324661164690609,1801963607184501,1789324661180581675,29.8641582459677,1.256847214885056,0.14845601096749306,2,-1419,0.5441796845024313,0.0,0.031817332841455936,step,3,1,0.1429332559928298,rest,sweep:enc:pitch:1789324661164687441,sweep:enc:pitch:1789324661164687441,FFFFFFFFFA75,"{""counts"":-1419}",1,1,0,0,0,0,0,5.833003,0,0,0,1801963601351498,1,,1801963595902057,1801963460391217,1801963601351498,1801963607184501
1035,4,pitch,3,-1,pre,0.25,10,0.0,0.0,0.0,0,2;3,2:00000A;3:00000A,1801963460391217,1789324661181114263,1801963624148521,1789324661209986278,29.88064702297561,0.005726792849600315,0.005561060970649123,2,-1419,0.5441796845024313,0.0,0.01648877700790763,step,0,0,6.719492375850677e-07,settle,sweep:enc:pitch:1789324661181112279,sweep:enc:pitch:1789324661181112279,FFFFFFFFFA75,"{""counts"":-1419}",1,1,1,1,0,0,0,6.308246,1,0,0,1801963617840275,1,,1801963612326031,1801963460391217,1801963617840275,1801963624148521
1036,4,pitch,3,-1,pre,0.25,10,0.0,0.0,0.0,0,2;3,2:00000A;3:00000A,1801963460391217,1789324661209766529,1801963651122250,1789324661238575310,29.907835924997926,0.03291569487191737,0.032749962992966175,2,-1419,0.5441796845024313,0.0,0.027188902022317052,step,0,0,0.028638025978580117,settle,sweep:enc:pitch:1789324661209764129,sweep:enc:pitch:1789324661209764129,FFFFFFFFFA75,"{""counts"":-1419}",1,1,1,1,0,0,0,6.093073,1,0,0,1801963645029177,1,,1801963640978297,1801963460391217,1801963645029177,1801963651122250
1037,4,pitch,3,-1,pre,0.25,10,0.0,0.0,0.0,0,2;3,2:00000A;3:00000A,1801963678047915,1789324661238342313,1801963689921157,1789324661267184983,29.946766803972423,0.07184657384641469,0.0716808419674635,2,-1419,0.5441796845024313,0.0,0.03893087897449732,step,0,0,0.05720936111174524,settle,sweep:pitch_a:1789324661238311624;sweep:pitch_b:1789324661238321320;sweep:enc:pitch:1789324661238339721,sweep:enc:pitch:1789324661238339721,FFFFFFFFFA75,"{""counts"":-1419}",1,1,1,1,0,0,0,5.961101,1,0,0,1801963683960056,1,,1801963669554113,1801963678047915,1801963683960056,1801963689921157
1038,4,pitch,3,-1,pre,0.25,10,0.0,0.0,0.0,0,2;3,2:00000A;3:00000A,1801963678047915,1789324661266913489,1801963706877817,1789324661295755263,29.96329932496883,0.08837909484282136,0.08821336296387017,2,-1419,0.5441796845024313,0.0,0.016532520996406674,step,0,0,0.08578309696167707,settle,sweep:enc:pitch:1789324661266910833,sweep:enc:pitch:1789324661266910833,FFFFFFFFFA75,"{""counts"":-1419}",1,1,1,1,0,0,0,6.38524,1,0,0,1801963700492577,1,,1801963698125097,1801963678047915,1801963700492577,1801963706877817
1039,4,pitch,3,-1,pre,0.25,10,0.0,0.0,0.0,0,2;3,2:00000A;3:00000A,1801963678047915,1789324661295496761,1801963733869339,1789324661324328775,29.990595430135727,0.11567520000971854,0.11550946813076735,2,-1419,0.5441796845024313,0.0,0.027296105166897178,step,0,0,0.11435894505120814,settle,sweep:enc:pitch:1789324661295493849,sweep:enc:pitch:1789324661295493849,FFFFFFFFFA75,"{""counts"":-1419}",1,1,1,1,0,0,0,6.080657,1,0,0,1801963727788682,1,,1801963726708497,1801963678047915,1801963727788682,1801963733869339
1040,4,pitch,3,-1,pre,0.25,10,0.0,0.0,0.0,0,2;3,2:00000A;3:00000A,1801963678047915,1789324661324067264,1801963765876212,1789324661352877582,30.022660864982754,0.1477406348567456,0.1475749029777944,2,-1419,0.5441796845024313,0.0,0.03206543484702706,step,0,0,0.14292900101281703,settle,sweep:enc:pitch:1789324661324064768,sweep:enc:pitch:1789324661324064768,FFFFFFFFFA75,"{""counts"":-1419}",1,1,1,1,0,0,0,6.022095,1,0,0,1801963759854117,1,,1801963755278968,1801963678047915,1801963759854117,1801963765876212
1041,4,pitch,3,-1,pre,0.25,10,0.0,0.0,0.0,0,2;3,2:00000A;3:00000A,1801963678047915,1789324661352629160,1801963792851734,1789324661381419413,30.049522591987625,0.17460236186161637,0.17443662998266518,2,-1419,0.5441796845024313,0.0,0.026861727004870772,step,0,0,0.17149870400317013,settle,sweep:enc:pitch:1789324661352626632,sweep:enc:pitch:1789324661352626632,FFFFFFFFFA75,"{""counts"":-1419}",1,1,1,1,0,0,0,6.13589,1,0,0,1801963786715844,1,,1801963783840928,1801963678047915,1801963786715844,1801963792851734
1042,4,pitch,3,-1,pre,0.25,10,0.0,0.0,0.0,0,2;3,2:00000A;3:00000A,1801963678047915,1789324661381195247,1801963819903130,1789324661410044638,30.076474240981042,0.201554010855034,0.2013882789760828,2,-1419,0.5441796845024313,0.0,0.02695164899341762,step,0,0,0.20006732014007866,settle,sweep:enc:pitch:1789324661381192559,sweep:enc:pitch:1789324661381192559,FFFFFFFFFA75,"{""counts"":-1419}",1,1,1,1,0,0,0,6.235637,1,0,0,1801963813667493,1,,1801963812407015,1801963678047915,1801963813667493,1801963819903130
1043,4,pitch,3,-1,pre,0.25,10,0.0,0.0,0.0,0,2;3,2:00000A;3:00000A,1801963678047915,1789324661409780248,1801963851685422,1789324661438614246,30.10877405013889,0.23385382001288235,0.23368808813393116,2,-1419,0.5441796845024313,0.0,0.03229980915784836,step,0,0,0.2286421440076083,settle,sweep:enc:pitch:1789324661409777367,sweep:enc:pitch:1789324661409777367,FFFFFFFFFA75,"{""counts"":-1419}",1,1,1,1,0,0,0,5.71812,1,0,0,1801963845967302,1,,1801963840991856,1801963678047915,1801963845967302,1801963851685422
1044,4,pitch,3,-1,pre,0.25,10,0.0,0.0,0.0,0,2;3,2:00000A;3:00000A,1801963878591118,1789324661438354687,1801963890620780,1789324661467188109,30.147324375109747,0.27240414498373866,0.27223841310478747,2,-1419,0.5441796845024313,0.0,0.03855032497085631,step,0,0,0.2572132560890168,settle,sweep:pitch_a:1789324661438323167;sweep:pitch_b:1789324661438333439;sweep:enc:pitch:1789324661438352031,sweep:enc:pitch:1789324661438352031,FFFFFFFFFA75,"{""counts"":-1419}",1,1,1,1,0,0,0,6.103153,1,0,0,1801963884517627,1,,1801963869566487,1801963878591118,1801963884517627,1801963890620780
1045,4,pitch,3,-1,pre,0.25,10,0.0,0.0,0.0,0,2;3,2:00000A;3:00000A,1801963878591118,1789324661466906375,1801963907575008,1789324661487862073,30.163996835937724,0.2890766058117151,0.28891087393276393,2,-1419,0.5441796845024313,0.0,0.016672460827976465,step,0,0,0.28577646310441196,settle,sweep:enc:pitch:1789324661466903975,sweep:enc:pitch:1789324661466903975,FFFFFFFFFA75,"{""counts"":-1419}",1,1,1,1,0,0,0,6.38492,0,0,0,1801963901190088,1,,1801963898118143,1801963878591118,1801963901190088,1801963907575008
1046,4,pitch,3,-1,step,0.25,10,-0.25,-0.25,-0.20943951023931953,0,2;3,2:80020A00000032;3:00020A00000032,1801963930593635,1789324661488096543,1801963943435381,1789324661517076272,30.20040374994278,0.32548351981677115,0.018342868890613317,2,-1410,0.5407282277296885,-0.09480223378074286,0.036406914005056024,step,1,0,6.079208105802536e-07,step,sweep:pitch_a:1789324661488071646;sweep:pitch_b:1789324661488080830;sweep:enc:pitch:1789324661488094431,sweep:enc:pitch:1789324661488094431,FFFFFFFFFA7E,"{""counts"":-1410}",1,1,0,0,0,0,0,5.838379,1,0,0,1801963937597002,1,,1801963919308247,1801963930593635,1801963937597002,1801963943435381
1047,4,pitch,3,-1,step,0.25,10,-0.25,-0.25,-0.20943951023931953,0,2;3,2:80020A00000032;3:00020A00000032,1801963930593635,1789324661516764585,1801963954586846,1789324661545567318,30.2116679539904,0.33674772386439145,0.029607072938233614,2,-1405,0.5388107517448315,,0.011264204047620296,step,1,0,0.02864468190819025,step,sweep:enc:pitch:1789324661516762121,sweep:enc:pitch:1789324661516762121,FFFFFFFFFA83,"{""counts"":-1405}",1,1,0,0,0,0,0,5.72564,1,0,0,1801963948861206,0,short_encoder_dt,1801963947976161,1801963930593635,1801963948861206,1801963954586846
1048,4,pitch,3,-1,step,0.25,10,-0.25,-0.25,-0.20943951023931953,0,2;3,2:80020A00000032;3:00020A00000032,1801963930593635,1789324661545329968,1801963986410355,1789324661574141918,30.243325795046985,0.36840556492097676,0.061264913994818926,2,-1388,0.5322913333963175,-0.20593376335616723,0.03165784105658531,step,1,0,0.05721160187385976,step,sweep:enc:pitch:1789324661545327600,sweep:enc:pitch:1789324661545327600,FFFFFFFFFA94,"{""counts"":-1388}",1,1,0,0,0,0,0,5.891308,1,0,0,1801963980519047,1,,1801963976541736,1801963930593635,1801963980519047,1801963986410355
1049,4,pitch,3,-1,step,0.25,10,-0.25,-0.25,-0.20943951023931953,0,2;3,2:80020A00000032;3:00020A00000032,1801963930593635,1789324661573904216,1801964013394421,1789324661602702661,30.270023006014526,0.3951027758885175,0.08796212496235967,2,-1373,0.5265389054417463,-0.21546924738936873,0.02669721096754074,step,1,0,0.08578434493392706,step,sweep:enc:pitch:1789324661573901368,sweep:enc:pitch:1789324661573901368,FFFFFFFFFAA3,"{""counts"":-1373}",1,1,0,0,0,0,0,6.178163,1,0,0,1801964007216258,1,,1801964005115984,1801963930593635,1801964007216258,1801964013394421
1050,4,pitch,3,-1,step,0.25,10,-0.25,-0.25,-0.20943951023931953,0,2;3,2:80020A00000032;3:00020A00000032,1801963930593635,1789324661602471168,1801964040461145,1789324661631303694,30.296963455155492,0.42204322502948344,0.1149025741033256,2,-1358,0.5207864774871752,-0.2135238326752277,0.02694044914096594,step,1,0,0.11435564910061657,step,sweep:enc:pitch:1789324661602469024,sweep:enc:pitch:1789324661602469024,FFFFFFFFFAB2,"{""counts"":-1358}",1,1,0,0,0,0,0,6.304438,1,0,0,1801964034156707,1,,1801964033682936,1801963930593635,1801964034156707,1801964040461145
1051,4,pitch,3,-1,step,0.25,10,-0.25,-0.25,-0.20943951023931953,0,2;3,2:80020A00000032;3:00020A00000032,1801963930593635,1789324661631048296,1801964072358832,1789324661659889622,30.329301824094728,0.45438159396871924,0.1472409430425614,2,-1340,0.5138835639416898,-0.21345892733353697,0.032338368939235806,step,1,0,0.1429289688821882,step,sweep:enc:pitch:1789324661631045384,sweep:enc:pitch:1789324661631045384,FFFFFFFFFAC4,"{""counts"":-1340}",1,1,0,0,0,0,0,5.863756,1,0,0,1801964066495076,1,,1801964062259936,1801963930593635,1801964066495076,1801964072358832
1052,4,pitch,3,-1,step,0.25,10,-0.25,-0.25,-0.20943951023931953,0,2;3,2:80020A00000032;3:00020A00000032,1801963930593635,1789324661659615663,1801964099229679,1789324661688429245,30.35598172293976,0.4810614928137511,0.17392084188759327,2,-1324,0.5077476407901472,-0.22998299908041564,0.026679898845031857,step,1,0,0.17149716801941395,step,sweep:enc:pitch:1789324661659613103,sweep:enc:pitch:1789324661659613103,FFFFFFFFFAD4,"{""counts"":-1324}",1,1,0,0,0,0,0,6.054704,1,0,0,1801964093174975,1,,1801964090827047,1801963930593635,1801964093174975,1801964099229679
1053,4,pitch,3,-1,step,0.25,10,-0.25,-0.25,-0.20943951023931953,0,2;3,2:80020A00000032;3:00020A00000032,1801964127113831,1789324661688185111,1801964140222110,1789324661717045158,30.396777285961434,0.5218570558354259,0.21471640490926802,2,-1292,0.4954757944870621,-0.30081325992645547,0.04079556302167475,step,1,0,0.20006824797019362,step,sweep:pitch_a:1789324661688153110;sweep:pitch_b:1789324661688163574;sweep:enc:pitch:1789324661688182711,sweep:enc:pitch:1789324661688182711,FFFFFFFFFAF4,"{""counts"":-1292}",1,1,0,0,0,0,0,6.251572,1,0,0,1801964133970538,1,,1801964119396815,1801964127113831,1801964133970538,1801964140222110
1054,4,pitch,3,-1,step,0.25,10,-0.25,-0.25,-0.20943951023931953,0,2;3,2:80020A00000032;3:00020A00000032,1801964127113831,1789324661716752447,1801964157170578,1789324661745598701,30.413549972930923,0.5386297428049147,0.23148909187875688,2,-1284,0.4924078329112908,-0.18291413780941546,0.01677268696948886,step,1,0,0.22863936005160213,step,sweep:enc:pitch:1789324661716750111,sweep:enc:pitch:1789324661716750111,FFFFFFFFFAFC,"{""counts"":-1284}",1,1,0,0,0,0,0,6.427353,1,0,0,1801964150743225,1,,1801964147964023,1801964127113831,1801964150743225,1801964157170578
1055,4,pitch,3,-1,step,0.25,10,-0.25,-0.25,-0.20943951023931953,0,2;3,2:80020A00000032;3:00020A00000032,1801964127113831,1789324661745331879,1801964184229237,1789324661774205973,30.440854877931997,0.5659346478059888,0.25879399687983096,2,-1271,0.4874223953506625,-0.18258395553590806,0.027304905001074076,step,1,0,0.2572068879380822,step,sweep:enc:pitch:1789324661745329030,sweep:enc:pitch:1789324661745329030,FFFFFFFFFB09,"{""counts"":-1271}",1,1,0,0,0,0,0,6.181107,1,0,0,1801964178048130,1,,1801964176543519,1801964127113831,1801964178048130,1801964184229237
1056,4,pitch,3,-1,step,0.25,10,-0.25,-0.25,-0.20943951023931953,0,2;3,2:80020A00000032;3:00020A00000032,1801964127113831,1789324661773907790,1801964216208494,1789324661802700443,30.472962426021695,0.5980421958956867,0.2909015449695289,2,-1254,0.4809029770021485,-0.2030493991724587,0.03210754808969796,step,1,0,0.2857822231017053,step,sweep:enc:pitch:1789324661773904494,sweep:enc:pitch:1789324661773904494,FFFFFFFFFB1A,"{""counts"":-1254}",1,1,0,0,0,0,0,6.052816,1,0,0,1801964210155678,1,,1801964205119398,1801964127113831,1801964210155678,1801964216208494
1057,4,pitch,3,-1,step,0.25,10,-0.25,-0.25,-0.20943951023931953,0,2;3,2:80020A00000032;3:00020A00000032,1801964127113831,1789324661802469878,1801964242996075,1789324661831270563,30.499838170129806,0.6249179400037974,0.3177772890776396,2,-1239,0.47515054904757736,-0.214037904641128,0.026875744108110666,step,1,0,0.314353303052485,step,sweep:enc:pitch:1789324661802467222,sweep:enc:pitch:1789324661802467222,FFFFFFFFFB29,"{""counts"":-1239}",1,1,0,0,0,0,0,5.964653,1,0,0,1801964237031422,1,,1801964233681454,1801964127113831,1801964237031422,1801964242996075
1058,4,pitch,3,-1,step,0.25,10,-0.25,-0.25,-0.20943951023931953,0,2;3,2:80020A00000032;3:00020A00000032,1801964127113831,1789324661831039518,1801964269994638,1789324661859916333,30.526600694051012,0.651680463925004,0.3445398129988462,2,-1224,0.4693981210930062,-0.2149434026292614,0.026762523921206594,step,1,0,0.34292316692881286,step,sweep:enc:pitch:1789324661831037117,sweep:enc:pitch:1789324661831037117,FFFFFFFFFB38,"{""counts"":-1224}",1,1,0,0,0,0,0,6.200692,1,0,0,1801964263793946,1,,1801964262251286,1801964127113831,1801964263793946,1801964269994638
1059,4,pitch,3,-1,step,0.25,10,-0.25,-0.25,-0.20943951023931953,0,2;3,2:80020A00000032;3:00020A00000032,1801964127113831,1789324661859652838,1801964302025032,1789324661888308400,30.55877333204262,0.6838531019166112,0.37671245099045336,2,-1206,0.4624952075475208,-0.21455851855499505,0.03217263799160719,step,1,0,0.3715008390136063,step,sweep:enc:pitch:1789324661859650118,sweep:enc:pitch:1789324661859650118,FFFFFFFFFB4A,"{""counts"":-1206}",1,1,0,0,0,0,0,6.058448,0,0,0,1801964295966584,1,,1801964290864414,1801964127113831,1801964295966584,1801964302025032
1060,4,pitch,3,-1,post,0.25,10,0.0,0.0,0.0,0,2;3,2:00000A;3:00000A,1801964328879207,1789324661888571350,1801964340802562,1789324661917529543,30.597345065092668,0.7224248349666595,0.014802688034251332,2,-1187,0.45520879880506404,-0.188905402124462,0.03857173305004835,step,2,1,5.438923835754395e-07,settle,sweep:pitch_a:1789324661888547990;sweep:pitch_b:1789324661888556118;sweep:enc:pitch:1789324661888569398,sweep:enc:pitch:1789324661888569398,FFFFFFFFFB5D,"{""counts"":-1187}",1,1,1,0,0,0,0,6.264245,1,0,0,1801964334538317,1,,1801964319783118,1801964328879207,1801964334538317,1801964340802562
1061,4,pitch,3,-1,post,0.25,10,0.0,0.0,0.0,0,2;3,2:00000A;3:00000A,1801964328879207,1789324661917238624,1801964357736117,1789324661946106415,30.614160056924447,0.739239826798439,0.03161767986603081,2,-1187,0.45520879880506404,0.0,0.01681499183177948,step,2,1,0.02864612196572125,settle,sweep:enc:pitch:1789324661917236096,sweep:enc:pitch:1789324661917236096,FFFFFFFFFB5D,"{""counts"":-1187}",1,1,1,1,0,0,0,6.382808,1,0,0,1801964351353309,1,,1801964348450232,1801964328879207,1801964351353309,1801964357736117
1062,4,pitch,3,-1,post,0.25,10,0.0,0.0,0.0,0,2;3,2:00000A;3:00000A,1801964328879207,1789324661945849225,1801964384782905,1789324661974714424,30.641341120004654,0.7664208898786455,0.058798742946237326,2,-1187,0.45520879880506404,0.0,0.027181063080206513,step,2,1,0.05721185705624521,settle,sweep:enc:pitch:1789324661945846377,sweep:enc:pitch:1789324661945846377,FFFFFFFFFB5D,"{""counts"":-1187}",1,1,1,1,0,0,0,6.248533,1,0,0,1801964378534372,1,,1801964377060865,1801964328879207,1801964378534372,1801964384782905
1063,4,pitch,3,-1,post,0.25,10,0.0,0.0,0.0,0,2;3,2:00000A;3:00000A,1801964328879207,1789324661974391632,1801964416768274,1789324662003197213,30.673686624970287,0.7987663948442787,0.09114424791187048,2,-1187,0.45520879880506404,0.0,0.032345504965633154,step,2,1,0.08578424900770187,settle,sweep:enc:pitch:1789324661974388880,sweep:enc:pitch:1789324661974388880,FFFFFFFFFB5D,"{""counts"":-1187}",1,1,1,1,0,0,0,5.888397,1,0,0,1801964410879877,1,,1801964405603176,1801964328879207,1801964410879877,1801964416768274
1064,4,pitch,3,-1,post,0.25,10,0.0,0.0,0.0,0,2;3,2:00000A;3:00000A,1801964328879207,1789324662002950263,1801964443750067,1789324662031751141,30.700444830115885,0.8255245999898762,0.11790245305746794,2,-1187,0.45520879880506404,0.0,0.026758205145597458,step,2,1,0.11436083307489753,settle,sweep:enc:pitch:1789324662002947703,sweep:enc:pitch:1789324662002947703,FFFFFFFFFB5D,"{""counts"":-1187}",1,1,1,1,0,0,0,6.111985,1,0,0,1801964437638082,1,,1801964434161967,1801964328879207,1801964437638082,1801964443750067
1065,4,pitch,3,-1,post,0.25,10,0.0,0.0,0.0,0,2;3,2:00000A;3:00000A,1801964328879207,1789324662031512639,1801964470627571,1789324662060339309,30.727391870925203,0.8524716407991946,0.14484949386678636,2,-1187,0.45520879880506404,0.0,0.026947040809318423,step,2,1,0.14292125590145588,settle,sweep:enc:pitch:1789324662031509951,sweep:enc:pitch:1789324662031509951,FFFFFFFFFB5D,"{""counts"":-1187}",1,1,1,1,0,0,0,6.042448,1,0,0,1801964464585123,1,,1801964462724343,1801964328879207,1801964464585123,1801964470627571
1066,4,pitch,3,-1,post,0.25,10,0.0,0.0,0.0,0,2;3,2:00000A;3:00000A,1801964328879207,1789324662060093511,1801964502602539,1789324662088955157,30.759359640069306,0.8844394099432975,0.1768172630108893,2,-1187,0.45520879880506404,0.0,0.03196776914410293,step,2,1,0.17149630398489535,settle,sweep:enc:pitch:1789324662060091015,sweep:enc:pitch:1789324662060091015,FFFFFFFFFB5D,"{""counts"":-1187}",1,1,1,1,0,0,0,6.049647,1,0,0,1801964496552892,1,,1801964491305151,1801964328879207,1801964496552892,1801964502602539
1067,4,pitch,3,-1,post,0.25,10,0.0,0.0,0.0,0,2;3,2:00000A;3:00000A,1801964529439338,1789324662088669679,1801964541528169,1789324662117503708,30.797941357130185,0.9230211270041764,0.21539898007176816,2,-1187,0.45520879880506404,0.0,0.03858171706087887,step,2,1,0.20007285592146218,settle,sweep:pitch_a:1789324662088637230;sweep:pitch_b:1789324662088648014;sweep:enc:pitch:1789324662088667086,sweep:enc:pitch:1789324662088667086,FFFFFFFFFB5D,"{""counts"":-1187}",1,1,1,1,0,0,0,6.39356,1,0,0,1801964535134609,1,,1801964519881255,1801964529439338,1801964535134609,1801964541528169
1068,4,pitch,3,-1,post,0.25,10,0.0,0.0,0.0,0,2;3,2:00000A;3:00000A,1801964529439338,1789324662117225302,1801964558475325,1789324662146114949,30.81493040197529,0.9400101718492806,0.23238802491687238,2,-1187,0.45520879880506404,0.0,0.016989044845104218,step,2,1,0.22863625502213836,settle,sweep:enc:pitch:1789324662117222806,sweep:enc:pitch:1789324662117222806,FFFFFFFFFB5D,"{""counts"":-1187}",1,1,1,1,0,0,0,6.351671,1,0,0,1801964552123654,1,,1801964548436942,1801964529439338,1801964552123654,1801964558475325
1069,4,pitch,3,-1,post,0.25,10,0.0,0.0,0.0,0,2;3,2:00000A;3:00000A,1801964529439338,1789324662145827070,1801964585527424,1789324662174616139,30.842243978986517,0.9673237488605082,0.2597016019281,2,-1187,0.45520879880506404,0.0,0.027313577011227608,step,2,1,0.25721872691065073,settle,sweep:enc:pitch:1789324662145823838,sweep:enc:pitch:1789324662145823838,FFFFFFFFFB5D,"{""counts"":-1187}",1,1,1,1,0,0,0,6.090193,1,0,0,1801964579437231,1,,1801964577038646,1801964529439338,1801964579437231,1801964585527424
1070,4,pitch,3,-1,post,0.25,10,0.0,0.0,0.0,0,2;3,2:00000A;3:00000A,1801964529439338,1789324662174368485,1801964612345502,1789324662203208435,30.86921786912717,0.9942976390011609,0.28667549206875265,2,-1187,0.45520879880506404,0.0,0.026973890140652657,step,2,1,0.2857797269243747,settle,sweep:enc:pitch:1789324662174365925,sweep:enc:pitch:1789324662174365925,FFFFFFFFFB5D,"{""counts"":-1187}",1,1,1,1,0,0,0,5.934381,1,0,0,1801964606411121,1,,1801964605580061,1801964529439338,1801964606411121,1801964612345502
1071,4,pitch,3,-1,post,0.25,10,0.0,0.0,0.0,0,2;3,2:00000A;3:00000A,1801964529439338,1789324662202953869,1801964644265621,1789324662231794075,30.90117354108952,1.0262533109635115,0.31863116403110325,2,-1187,0.45520879880506404,0.0,0.03195567196235061,step,2,1,0.3143622309435159,settle,sweep:enc:pitch:1789324662202950893,sweep:enc:pitch:1789324662202950893,FFFFFFFFFB5D,"{""counts"":-1187}",1,1,1,1,0,0,0,5.898828,1,0,0,1801964638366793,1,,1801964634165669,1801964529439338,1801964638366793,1801964644265621
1072,4,pitch,3,-1,post,0.25,10,0.0,0.0,0.0,0,2;3,2:00000A;3:00000A,1801964529439338,1789324662231518965,1801964671349818,1789324662260327970,30.92790870508179,1.0529884749557823,0.3453663280233741,2,-1187,0.45520879880506404,0.0,0.026735163992270827,step,2,1,0.34292662190273404,settle,sweep:enc:pitch:1789324662231516629,sweep:enc:pitch:1789324662231516629,FFFFFFFFFB5D,"{""counts"":-1187}",1,1,1,1,0,0,0,6.247861,1,0,0,1801964665101957,1,,1801964662730733,1801964529439338,1801964665101957,1801964671349818
1073,4,pitch,3,-1,post,0.25,10,0.0,0.0,0.0,0,2;3,2:00000A;3:00000A,1801964529439338,1789324662260077724,1801964698313787,1789324662288959083,30.955038151005283,1.0801179208792746,0.3724957739468664,2,-1187,0.45520879880506404,0.0,0.027129445923492312,step,2,1,0.3714902140200138,settle,sweep:enc:pitch:1789324662260075100,sweep:enc:pitch:1789324662260075100,FFFFFFFFFB5D,"{""counts"":-1187}",1,1,1,1,0,0,0,6.082384,0,0,0,1801964692231403,1,,1801964691289492,1801964529439338,1801964692231403,1801964698313787
1074,4,pitch,3,-1,rest,0.25,10,0.0,0.0,0.0,0,2;3,2:00000A;3:00000A,1801964730159313,1789324662289185425,1801964742099341,1789324662318183842,30.998551346128806,1.123631116002798,0.015391887165606022,2,-1187,0.45520879880506404,0.0,0.043513195123523474,step,3,1,3.520399332046509e-07,rest,sweep:pitch_a:1789324662289163568;sweep:pitch_b:1789324662289170960;sweep:enc:pitch:1789324662289183504,sweep:enc:pitch:1789324662289183504,FFFFFFFFFB5D,"{""counts"":-1187}",1,1,0,0,0,0,0,6.354743,1,0,0,1801964735744598,1,,1801964720397193,1801964730159313,1801964735744598,1801964742099341
1075,4,pitch,3,-1,rest,0.25,10,0.0,0.0,0.0,0,2;3,2:00000A;3:00000A,1801964730159313,1789324662317856539,1801964759206436,1789324662346690440,31.015514564933255,1.140594334807247,0.032355105970054865,2,-1187,0.45520879880506404,0.0,0.016963218804448843,step,3,1,0.02864183415658772,rest,sweep:enc:pitch:1789324662317853851,sweep:enc:pitch:1789324662317853851,FFFFFFFFFB5D,"{""counts"":-1187}",1,1,0,0,0,0,0,6.498619,1,0,0,1801964752707817,1,,1801964749068147,1801964730159313,1801964752707817,1801964759206436
1076,4,pitch,3,-1,rest,0.25,10,0.0,0.0,0.0,0,2;3,2:00000A;3:00000A,1801964730159313,1789324662346421570,1801964786058755,1789324662375247280,31.042839183006436,1.1679189528804272,0.05967972404323518,2,-1187,0.45520879880506404,0.0,0.027324618073180318,step,3,1,0.057207569014281034,rest,sweep:enc:pitch:1789324662346418882,sweep:enc:pitch:1789324662346418882,FFFFFFFFFB5D,"{""counts"":-1187}",1,1,0,0,0,0,0,6.02632,1,0,0,1801964780032435,1,,1801964777633338,1801964730159313,1801964780032435,1801964786058755
1077,4,pitch,3,-1,rest,0.25,10,0.0,0.0,0.0,0,2;3,2:00000A;3:00000A,1801964730159313,1789324662374995850,1801964813028836,1789324662403805431,31.069641805021092,1.194721574895084,0.08648234605789185,2,-1187,0.45520879880506404,0.0,0.026802622014656663,step,3,1,0.08578268112614751,rest,sweep:enc:pitch:1789324662374993002,sweep:enc:pitch:1789324662374993002,FFFFFFFFFB5D,"{""counts"":-1187}",1,1,0,0,0,0,0,6.193779,1,0,0,1801964806835057,1,,1801964806207362,1801964730159313,1801964806835057,1801964813028836
1078,4,pitch,3,-1,rest,0.25,10,0.0,0.0,0.0,0,2;3,2:00000A;3:00000A,1801964730159313,1789324662403565457,1801964845031197,1789324662432418400,31.10177994496189,1.2268597148358822,0.11862048599869013,2,-1187,0.45520879880506404,0.0,0.03213813994079828,step,3,1,0.11435964913107455,rest,sweep:enc:pitch:1789324662403562545,sweep:enc:pitch:1789324662403562545,FFFFFFFFFB5D,"{""counts"":-1187}",1,1,0,0,0,0,0,6.058,1,0,0,1801964838973197,1,,1801964834777001,1801964730159313,1801964838973197,1801964845031197
1079,4,pitch,3,-1,rest,0.25,10,0.0,0.0,0.0,0,2;3,2:00000A;3:00000A,1801964730159313,1789324662432143129,1801964872094913,1789324662442853976,31.128719785949215,1.253799555823207,0.14556032698601484,2,-1187,0.45520879880506404,0.0,0.026939840987324715,step,3,1,0.14292829716578126,rest,sweep:enc:pitch:1789324662432139897,sweep:enc:pitch:1789324662432139897,FFFFFFFFFB5D,"{""counts"":-1187}",1,1,0,0,0,0,0,6.181875,0,0,0,1801964865913038,1,,1801964863354705,1801964730159313,1801964865913038,1801964872094913
1080,5,pitch,1,1,pre,0.45,10,0.0,0.0,0.0,0,2;3,2:00000A;3:00000A,1801964730159313,1789324662443320835,1801964883995004,1789324662472221651,31.14036252698861,0.0032278208527714014,0.0030673688743263483,2,-1187,0.45520879880506404,,0.011642741039395332,step,0,0,6.719492375850677e-07,settle,sweep:enc:pitch:1789324662443318595,sweep:enc:pitch:1789324662443318595,FFFFFFFFFB5D,"{""counts"":-1187}",1,1,1,0,0,0,0,6.439225,1,0,0,1801964877555779,0,short_encoder_dt,1801964874532507,1801964730159313,1801964877555779,1801964883995004
1081,5,pitch,1,1,pre,0.45,10,0.0,0.0,0.0,0,2;3,2:00000A;3:00000A,1801964730159313,1789324662471988717,1801964910837115,1789324662500816027,31.16764775197953,0.030513045843690634,0.03035259386524558,2,-1187,0.45520879880506404,0.0,0.027285224990919232,step,0,0,0.02864237781614065,settle,sweep:enc:pitch:1789324662471986157,sweep:enc:pitch:1789324662471986157,FFFFFFFFFB5D,"{""counts"":-1187}",1,1,1,1,0,0,0,5.996111,1,0,0,1801964904841004,1,,1801964903200261,1801964730159313,1801964904841004,1801964910837115
1082,5,pitch,1,1,pre,0.45,10,0.0,0.0,0.0,0,2;3,2:00000A;3:00000A,1801964942733906,1789324662500556373,1801964953764952,1789324662529452196,31.210912397131324,0.07377769099548459,0.07361723901703954,2,-1187,0.45520879880506404,0.0,0.04326464515179396,step,0,0,0.057209169026464224,settle,sweep:pitch_a:1789324662500524116;sweep:pitch_b:1789324662500534292;sweep:enc:pitch:1789324662500553685,sweep:enc:pitch:1789324662500553685,FFFFFFFFFB5D,"{""counts"":-1187}",1,1,1,1,0,0,0,5.659303,1,0,0,1801964948105649,1,,1801964931767949,1801964942733906,1801964948105649,1801964953764952
1083,5,pitch,1,1,pre,0.45,10,0.0,0.0,0.0,0,2;3,2:00000A;3:00000A,1801964942733906,1789324662529130492,1801964970850318,1789324662557960426,31.227166704135016,0.09003199799917638,0.08987154602073133,2,-1187,0.45520879880506404,0.0,0.016254307003691792,step,0,0,0.08578415284864604,settle,sweep:enc:pitch:1789324662529128220,sweep:enc:pitch:1789324662529128220,FFFFFFFFFB5D,"{""counts"":-1187}",1,1,1,1,0,0,0,6.490362,1,0,0,1801964964359956,1,,1801964960342228,1801964942733906,1801964964359956,1801964970850318
1084,5,pitch,1,1,pre,0.45,10,0.0,0.0,0.0,0,2;3,2:00000A;3:00000A,1801964942733906,1789324662557707300,1801964997699469,1789324662586513010,31.254420151934028,0.11728544579818845,0.1171249938197434,2,-1187,0.45520879880506404,0.0,0.027253447799012065,step,0,0,0.11435788893140852,settle,sweep:enc:pitch:1789324662557704452,sweep:enc:pitch:1789324662557704452,FFFFFFFFFB5D,"{""counts"":-1187}",1,1,1,1,0,0,0,6.086065,1,0,0,1801964991613404,1,,1801964988918876,1801964942733906,1801964991613404,1801964997699469
1085,5,pitch,1,1,pre,0.45,10,0.0,0.0,0.0,0,2;3,2:00000A;3:00000A,1801964942733906,1789324662586270540,1801965024736656,1789324662615111962,31.281271767104045,0.14413706096820533,0.14397660898976028,2,-1187,0.45520879880506404,0.0,0.026851615170016885,step,0,0,0.14292487199418247,settle,sweep:enc:pitch:1789324662586267468,sweep:enc:pitch:1789324662586267468,FFFFFFFFFB5D,"{""counts"":-1187}",1,1,1,1,0,0,0,6.271637,1,0,0,1801965018465019,1,,1801965017482148,1801964942733906,1801965018465019,1801965024736656
1086,5,pitch,1,1,pre,0.45,10,0.0,0.0,0.0,0,2;3,2:00000A;3:00000A,1801964942733906,1789324662614848916,1801965056546021,1789324662643654049,31.313420980004594,0.1762862738687545,0.17612582189030945,2,-1187,0.45520879880506404,0.0,0.03214921290054917,step,0,0,0.17149995197542012,settle,sweep:enc:pitch:1789324662614846068,sweep:enc:pitch:1789324662614846068,FFFFFFFFFB5D,"{""counts"":-1187}",1,1,1,1,0,0,0,5.931789,1,0,0,1801965050614232,1,,1801965046060716,1801964942733906,1801965050614232,1801965056546021
1087,5,pitch,1,1,pre,0.45,10,0.0,0.0,0.0,0,2;3,2:00000A;3:00000A,1801964942733906,1789324662643408443,1801965083556424,1789324662672237257,31.340169104048982,0.20303439791314304,0.20287394593469799,2,-1187,0.45520879880506404,0.0,0.026748124044388533,step,0,0,0.20006712689064443,settle,sweep:enc:pitch:1789324662643405499,sweep:enc:pitch:1789324662643405499,FFFFFFFFFB5D,"{""counts"":-1187}",1,1,1,1,0,0,0,6.194068,1,0,0,1801965077362356,1,,1801965074620147,1801964942733906,1801965077362356,1801965083556424
1088,5,pitch,1,1,pre,0.45,10,0.0,0.0,0.0,0,2;3,2:00000A;3:00000A,1801964942733906,1789324662671987171,1801965110580778,1789324662701136280,31.367171091027558,0.23003638489171863,0.22987593291327357,2,-1187,0.45520879880506404,0.0,0.027001986978575587,step,0,0,0.22863910300657153,settle,sweep:enc:pitch:1789324662671984131,sweep:enc:pitch:1789324662671984131,FFFFFFFFFB5D,"{""counts"":-1187}",1,1,1,1,0,0,0,6.216435,1,0,0,1801965104364343,1,,1801965103198907,1801964942733906,1801965104364343,1801965110580778
1089,5,pitch,1,1,pre,0.45,10,0.0,0.0,0.0,0,2;3,2:00000A;3:00000A,1801965142441952,1789324662700612268,1801965153441670,1789324662729399225,31.41047621704638,0.2733415109105408,0.27318105893209577,2,-1187,0.45520879880506404,0.0,0.04330512601882219,step,0,0,0.25721805496141315,settle,sweep:pitch_a:1789324662700539082;sweep:pitch_b:1789324662700587499;sweep:enc:pitch:1789324662700609228,sweep:enc:pitch:1789324662700609228,FFFFFFFFFB5D,"{""counts"":-1187}",1,1,1,1,0,0,0,5.772201,1,0,0,1801965147669469,1,,1801965131824004,1801965142441952,1801965147669469,1801965153441670
1090,5,pitch,1,1,pre,0.45,10,0.0,0.0,0.0,0,2;3,2:00000A;3:00000A,1801965142441952,1789324662729121778,1801965170367449,1789324662750100741,31.42678265296854,0.28964794683270156,0.2894874948542565,2,-1187,0.45520879880506404,0.0,0.016306435922160745,step,0,0,0.28578273486346006,settle,sweep:enc:pitch:1789324662729119314,sweep:enc:pitch:1789324662729119314,FFFFFFFFFB5D,"{""counts"":-1187}",1,1,1,1,0,0,0,6.391544,0,0,0,1801965163975905,1,,1801965160333514,1801965142441952,1801965163975905,1801965170367449
1091,5,pitch,1,1,step,0.45,10,0.45,0.45,0.41887902047863906,0,2;3,2:00040A00000032;3:80040A00000032,1801965193523968,1789324662750352299,1801965206328464,1789324662779314908,31.463429539930075,0.3262948337942362,0.019115621922537684,2,-1200,0.46019423636569234,0.13603986515583516,0.03664688696153462,step,1,0,3.83937731385231e-07,step,sweep:pitch_a:1789324662750326122;sweep:pitch_b:1789324662750335627;sweep:enc:pitch:1789324662750350027,sweep:enc:pitch:1789324662750350027,FFFFFFFFFB50,"{""counts"":-1200}",1,1,0,0,0,0,0,5.705672,1,0,0,1801965200622792,1,,1801965181564067,1801965193523968,1801965200622792,1801965206328464
1092,5,pitch,1,1,step,0.45,10,0.45,0.45,0.41887902047863906,0,2;3,2:00040A00000032;3:80040A00000032,1801965193523968,1789324662779023509,1801965217256884,1789324662807832354,31.47455857298337,0.33742386684753,0.03024465497583151,2,-1212,0.46479617872934925,,0.011129033053293824,step,1,0,0.028645128943026066,step,sweep:enc:pitch:1789324662779020821,sweep:enc:pitch:1789324662779020821,FFFFFFFFFB44,"{""counts"":-1212}",1,1,0,0,0,0,0,5.505059,1,0,0,1801965211751825,0,short_encoder_dt,1801965210235117,1801965193523968,1801965211751825,1801965217256884
1093,5,pitch,1,1,step,0.45,10,0.45,0.45,0.41887902047863906,0,2;3,2:00040A00000032;3:80040A00000032,1801965193523968,1789324662807583004,1801965249246765,1789324662836407754,31.50590565497987,0.3687709488440305,0.061591736972332,2,-1248,0.47860200582032003,0.4404182530454358,0.03134708199650049,step,1,0,0.0572138091083616,step,sweep:enc:pitch:1789324662807580348,sweep:enc:pitch:1789324662807580348,FFFFFFFFFB20,"{""counts"":-1248}",1,1,0,0,0,0,0,6.147858,1,0,0,1801965243098907,1,,1801965238794580,1801965193523968,1801965243098907,1801965249246765
1094,5,pitch,1,1,step,0.45,10,0.45,0.45,0.41887902047863906,0,2;3,2:00040A00000032;3:80040A00000032,1801965193523968,1789324662836157668,1801965276281392,1789324662864967634,31.532820374937728,0.3956856688018888,0.08850645693019032,2,-1276,0.48933987133551954,0.3989588422993924,0.026914719957858324,step,1,0,0.08578469604253769,step,sweep:enc:pitch:1789324662836154916,sweep:enc:pitch:1789324662836154916,FFFFFFFFFB04,"{""counts"":-1276}",1,1,0,0,0,0,0,6.267765,1,0,0,1801965270013627,1,,1801965267369276,1801965193523968,1801965270013627,1801965276281392
1095,5,pitch,1,1,step,0.45,10,0.45,0.45,0.41887902047863906,0,2;3,2:00040A00000032;3:80040A00000032,1801965193523968,1789324662864720012,1801965303162096,1789324662893564346,31.559847546042874,0.42271283990703523,0.11553362803533673,2,-1303,0.4996942416537476,0.3831096594588258,0.027027171105146408,step,1,0,0.11435395199805498,step,sweep:enc:pitch:1789324662864717516,sweep:enc:pitch:1789324662864717516,FFFFFFFFFAE9,"{""counts"":-1303}",1,1,0,0,0,0,0,6.121298,1,0,0,1801965297040798,1,,1801965295931716,1801965193523968,1801965297040798,1801965303162096
1096,5,pitch,1,1,step,0.45,10,0.45,0.45,0.41887902047863906,0,2;3,2:00040A00000032;3:80040A00000032,1801965193523968,1789324662893305812,1801965335075303,1789324662922120449,31.592021143063903,0.45488643692806363,0.14770722505636513,2,-1339,0.5135000687447184,0.4291042460048051,0.0321735970210284,step,1,0,0.14292980008758605,step,sweep:enc:pitch:1789324662893302612,sweep:enc:pitch:1789324662893302612,FFFFFFFFFAC5,"{""counts"":-1339}",1,1,0,0,0,0,0,5.860908,1,0,0,1801965329214395,1,,1801965324517420,1801965193523968,1801965329214395,1801965335075303
1097,5,pitch,1,1,step,0.45,10,0.45,0.45,0.41887902047863906,0,2;3,2:00040A00000032;3:80040A00000032,1801965193523968,1789324662921867867,1801965362146155,1789324662950770443,31.618631344055757,0.4814966379199177,0.1743174260482192,2,-1368,0.5246214294568893,0.41793599062161624,0.02661020099185407,step,1,0,0.17149499105289578,step,sweep:enc:pitch:1789324662921865051,sweep:enc:pitch:1789324662921865051,FFFFFFFFFAA8,"{""counts"":-1368}",1,1,0,0,0,0,0,6.321559,1,0,0,1801965355824596,1,,1801965353079411,1801965193523968,1801965355824596,1801965362146155
1098,5,pitch,1,1,step,0.45,10,0.45,0.45,0.41887902047863906,0,2;3,2:00040A00000032;3:80040A00000032,1801965389813949,1789324662950451747,1801965401915677,1789324662979298705,31.658778380136937,0.5216436740010977,0.21446446212939918,2,-1425,0.5464806556842596,0.5444792034751842,0.040147036081179976,step,1,0,0.20006581512279809,step,sweep:pitch_a:1789324662950414786;sweep:pitch_b:1789324662950426787;sweep:enc:pitch:1789324662950448355,sweep:enc:pitch:1789324662950448355,FFFFFFFFFA6F,"{""counts"":-1425}",1,1,0,0,0,0,0,5.944045,1,0,0,1801965395971632,1,,1801965381663483,1801965389813949,1801965395971632,1801965401915677
1099,5,pitch,1,1,step,0.45,10,0.45,0.45,0.41887902047863906,0,2;3,2:00040A00000032;3:80040A00000032,1801965389813949,1789324662979009482,1801965418069085,1789324663007844824,31.675174033967778,0.5380393278319389,0.23086011596024036,2,-1441,0.5526165788358023,0.3742408332628141,0.016395653830841184,step,1,0,0.22864003106951714,step,sweep:enc:pitch:1789324662979007018,sweep:enc:pitch:1789324662979007018,FFFFFFFFFA5F,"{""counts"":-1441}",1,1,0,0,0,0,0,5.701799,1,0,0,1801965412367286,1,,1801965410221090,1801965389813949,1801965412367286,1801965418069085
1100,5,pitch,1,1,step,0.45,10,0.45,0.45,0.41887902047863906,0,2;3,2:00040A00000032;3:80040A00000032,1801965389813949,1789324663007564818,1801965449875378,1789324663036431488,31.706805794034153,0.569671087898314,0.2624918760266155,2,-1473,0.5648884251388874,0.387959641744064,0.031631760066375136,step,1,0,0.25718394201248884,step,sweep:enc:pitch:1789324663007561554,sweep:enc:pitch:1789324663007561554,FFFFFFFFFA3F,"{""counts"":-1473}",1,1,0,0,0,0,0,5.876332,1,0,0,1801965443999046,1,,1801965438776426,1801965389813949,1801965443999046,1801965449875378
1101,5,pitch,1,1,step,0.45,10,0.45,0.45,0.41887902047863906,0,2;3,2:00040A00000032;3:80040A00000032,1801965389813949,1789324663036164538,1801965476891796,1789324663064985320,31.733438587980345,0.5963038818445057,0.28912466997280717,2,-1502,0.5760097858510582,0.4175814499462658,0.02663279394619167,step,1,0,0.28578586992807686,step,sweep:enc:pitch:1789324663036161626,sweep:enc:pitch:1789324663036161626,FFFFFFFFFA22,"{""counts"":-1502}",1,1,0,0,0,0,0,6.259956,1,0,0,1801965470631840,1,,1801965467376082,1801965389813949,1801965470631840,1801965476891796
1102,5,pitch,1,1,step,0.45,10,0.45,0.45,0.41887902047863906,0,2;3,2:00040A00000032;3:80040A00000032,1801965389813949,1789324663064725345,1801965503725395,1789324663093570896,31.760462558129802,0.6233278519939631,0.3161486401222646,2,-1530,0.5867476513662577,0.39734596566726466,0.027023970149457455,step,1,0,0.314354038098827,step,sweep:enc:pitch:1789324663064722561,sweep:enc:pitch:1789324663064722561,FFFFFFFFFA06,"{""counts"":-1530}",1,1,0,0,0,0,0,6.069585,1,0,0,1801965497655810,1,,1801965495936889,1801965389813949,1801965497655810,1801965503725395
1103,5,pitch,1,1,step,0.45,10,0.45,0.45,0.41887902047863906,0,2;3,2:00040A00000032;3:80040A00000032,1801965389813949,1789324663093303145,1801965535756045,1789324663122149335,31.79249563999474,0.6553609338589013,0.34818172198720276,2,-1567,0.6009369736542,0.44295838744985616,0.03203308186493814,step,1,0,0.3429243811406195,step,sweep:enc:pitch:1789324663093300041,sweep:enc:pitch:1789324663093300041,FFFFFFFFF9E1,"{""counts"":-1567}",1,1,0,0,0,0,0,6.067153,1,0,0,1801965529688892,1,,1801965524514785,1801965389813949,1801965529688892,1801965535756045
1104,5,pitch,1,1,step,0.45,10,0.45,0.45,0.41887902047863906,0,2;3,2:00040A00000032;3:80040A00000032,1801965389813949,1789324663121880945,1801965562775087,1789324663150555259,31.819372728001326,0.6822380218654871,0.3750588099937886,2,-1595,0.6116748391693995,0.3995174444704854,0.026877088006585836,step,1,0,0.37150086904875934,step,sweep:enc:pitch:1789324663121877937,sweep:enc:pitch:1789324663121877937,FFFFFFFFF9C5,"{""counts"":-1595}",1,1,0,0,0,0,0,6.209107,0,0,0,1801965556565980,1,,1801965553092521,1801965389813949,1801965556565980,1801965562775087
1105,5,pitch,1,1,post,0.45,10,0.0,0.0,0.0,0,2;3,2:00000A;3:00000A,1801965589584141,1789324663150810689,1801965601626379,1789324663179768594,31.858427609084174,0.7212929029483348,0.013648580992594361,2,-1626,0.6235631902755131,0.3044011600213222,0.039054881082847714,step,2,1,6.400514394044876e-07,settle,sweep:pitch_a:1789324663150786273;sweep:pitch_b:1789324663150794721;sweep:enc:pitch:1789324663150808641,sweep:enc:pitch:1789324663150808641,FFFFFFFFF9A6,"{""counts"":-1626}",1,1,1,0,0,0,0,6.005518,1,0,0,1801965595620861,1,,1801965582022489,1801965589584141,1801965595620861,1801965601626379
1106,5,pitch,1,1,post,0.45,10,0.0,0.0,0.0,0,2;3,2:00000A;3:00000A,1801965589584141,1789324663179474475,1801965618686849,1789324663208287416,31.875004227040336,0.7378695209044963,0.03022519894875586,2,-1626,0.6235631902755131,0.0,0.0165766179561615,step,2,1,0.028643400873988867,settle,sweep:enc:pitch:1789324663179471467,sweep:enc:pitch:1789324663179471467,FFFFFFFFF9A6,"{""counts"":-1626}",1,1,1,1,0,0,0,6.48937,1,0,0,1801965612197479,1,,1801965610685987,1801965589584141,1801965612197479,1801965618686849
1107,5,pitch,1,1,post,0.45,10,0.0,0.0,0.0,0,2;3,2:00000A;3:00000A,1801965589584141,1789324663208040786,1801965650705179,1789324663236920897,31.90745187900029,0.770317172864452,0.06267285090871155,2,-1626,0.6235631902755131,0.0,0.03244765195995569,step,2,1,0.0572105769533664,settle,sweep:enc:pitch:1789324663208038130,sweep:enc:pitch:1789324663208038130,FFFFFFFFF9A6,"{""counts"":-1626}",1,1,1,1,0,0,0,6.060048,1,0,0,1801965644645131,1,,1801965639252490,1801965589584141,1801965644645131,1801965650705179
1108,5,pitch,1,1,post,0.45,10,0.0,0.0,0.0,0,2;3,2:00000A;3:00000A,1801965589584141,1789324663236625466,1801965677524153,1789324663265423847,31.934407528024167,0.7972728218883276,0.08962849993258715,2,-1626,0.6235631902755131,0.0,0.026955649023875594,step,2,1,0.08578219986520708,settle,sweep:enc:pitch:1789324663236622682,sweep:enc:pitch:1789324663236622682,FFFFFFFFF9A6,"{""counts"":-1626}",1,1,1,1,0,0,0,5.923373,1,0,0,1801965671600780,1,,1801965667837042,1801965589584141,1801965671600780,1801965677524153
1109,5,pitch,1,1,post,0.45,10,0.0,0.0,0.0,0,2;3,2:00000A;3:00000A,1801965589584141,1789324663265181186,1801965704502331,1789324663293984367,31.961113922996446,0.8239792168606073,0.11633489490486681,2,-1626,0.6235631902755131,0.0,0.026706394972279668,step,2,1,0.11435292800888419,settle,sweep:enc:pitch:1789324663265178626,sweep:enc:pitch:1789324663265178626,FFFFFFFFF9A6,"{""counts"":-1626}",1,1,1,1,0,0,0,6.195156,1,0,0,1801965698307175,1,,1801965696392954,1801965589584141,1801965698307175,1801965704502331
1110,5,pitch,1,1,post,0.45,10,0.0,0.0,0.0,0,2;3,2:00000A;3:00000A,1801965589584141,1789324663293749097,1801965736506964,1789324663322571639,31.99318690993823,0.8560522038023919,0.14840788184665143,2,-1626,0.6235631902755131,0.0,0.03207298694178462,step,2,1,0.14292403985746205,settle,sweep:enc:pitch:1789324663293746249,sweep:enc:pitch:1789324663293746249,FFFFFFFFF9A6,"{""counts"":-1626}",1,1,1,1,0,0,0,6.126802,1,0,0,1801965730380162,1,,1801965724960801,1801965589584141,1801965730380162,1801965736506964
1111,5,pitch,1,1,post,0.45,10,0.0,0.0,0.0,0,2;3,2:00000A;3:00000A,1801965589584141,1789324663322326033,1801965763328978,1789324663351175391,32.020175968063995,0.883041261928156,0.17539693997241557,2,-1626,0.6235631902755131,0.0,0.02698905812576413,step,2,1,0.17149790283292532,settle,sweep:enc:pitch:1789324663322323377,sweep:enc:pitch:1789324663322323377,FFFFFFFFF9A6,"{""counts"":-1626}",1,1,1,1,0,0,0,5.959758,1,0,0,1801965757369220,1,,1801965753537769,1801965589584141,1801965757369220,1801965763328978
1112,5,pitch,1,1,post,0.45,10,0.0,0.0,0.0,0,2;3,2:00000A;3:00000A,1801965790177296,1789324663350906777,1801965802320401,1789324663379757191,32.05879720696248,0.9216625008266419,0.21401817887090147,2,-1626,0.6235631902755131,0.0,0.0386212388984859,step,2,1,0.200071862898767,settle,sweep:pitch_a:1789324663350873304;sweep:pitch_b:1789324663350884344;sweep:enc:pitch:1789324663350903929,sweep:enc:pitch:1789324663350903929,FFFFFFFFF9A6,"{""counts"":-1626}",1,1,1,1,0,0,0,6.329942,1,0,0,1801965795990459,1,,1801965782118385,1801965790177296,1801965795990459,1801965802320401
1113,5,pitch,1,1,post,0.45,10,0.0,0.0,0.0,0,2;3,2:00000A;3:00000A,1801965790177296,1789324663379466944,1801965819250916,1789324663408290702,32.075646694982424,0.9385119888465852,0.2308676668908447,2,-1626,0.6235631902755131,0.0,0.016849488019943237,step,2,1,0.22863967902958393,settle,sweep:enc:pitch:1789324663379464128,sweep:enc:pitch:1789324663379464128,FFFFFFFFF9A6,"{""counts"":-1626}",1,1,1,1,0,0,0,6.410969,1,0,0,1801965812839947,1,,1801965810678488,1801965790177296,1801965812839947,1801965819250916
1114,5,pitch,1,1,post,0.45,10,0.0,0.0,0.0,0,2;3,2:00000A;3:00000A,1801965790177296,1789324663408046536,1801965846274919,1789324663436879830,32.10289633600041,0.9657616298645735,0.258117307908833,2,-1626,0.6235631902755131,0.0,0.027249641017988324,step,2,1,0.2572092218324542,settle,sweep:enc:pitch:1789324663408043720,sweep:enc:pitch:1789324663408043720,FFFFFFFFF9A6,"{""counts"":-1626}",1,1,1,1,0,0,0,6.185331,1,0,0,1801965840089588,1,,1801965839258240,1801965790177296,1801965840089588,1801965846274919
1115,5,pitch,1,1,post,0.45,10,0.0,0.0,0.0,0,2;3,2:00000A;3:00000A,1801965790177296,1789324663436607983,1801965878291008,1789324663465452925,32.13504353212193,0.9979088259860873,0.29026450403034687,2,-1626,0.6235631902755131,0.0,0.032147196121513844,step,2,1,0.2857834699098021,settle,sweep:enc:pitch:1789324663436605679,sweep:enc:pitch:1789324663436605679,FFFFFFFFF9A6,"{""counts"":-1626}",1,1,1,1,0,0,0,6.054224,1,0,0,1801965872236784,1,,1801965867819751,1801965790177296,1801965872236784,1801965878291008
1116,5,pitch,1,1,post,0.45,10,0.0,0.0,0.0,0,2;3,2:00000A;3:00000A,1801965790177296,1789324663465187831,1801965905090046,1789324663494005925,32.16197812510654,1.024843418970704,0.3171990970149636,2,-1626,0.6235631902755131,0.0,0.026934592984616756,step,2,1,0.31435515685006976,settle,sweep:enc:pitch:1789324663465185047,sweep:enc:pitch:1789324663465185047,FFFFFFFFF9A6,"{""counts"":-1626}",1,1,1,1,0,0,0,5.918669,1,0,0,1801965899171377,1,,1801965896399439,1801965790177296,1801965899171377,1801965905090046
1117,5,pitch,1,1,post,0.45,10,0.0,0.0,0.0,0,2;3,2:00000A;3:00000A,1801965790177296,1789324663493748862,1801965932145825,1789324663522602669,32.188762665959075,1.0516279598232359,0.3439836378674954,2,-1626,0.6235631902755131,0.0,0.02678454085253179,step,2,1,0.3429208928719163,settle,sweep:enc:pitch:1789324663493746206,sweep:enc:pitch:1789324663493746206,FFFFFFFFF9A6,"{""counts"":-1626}",1,1,1,1,0,0,0,6.189907,1,0,0,1801965925955918,1,,1801965924960534,1801965790177296,1801965925955918,1801965932145825
1118,5,pitch,1,1,post,0.45,10,0.0,0.0,0.0,0,2;3,2:00000A;3:00000A,1801965790177296,1789324663522325062,1801965964118138,1789324663551181557,32.22090483899228,1.0837701328564435,0.3761258109007031,2,-1626,0.6235631902755131,0.0,0.032142173033207655,step,2,1,0.37149683688767254,settle,sweep:enc:pitch:1789324663522322758,sweep:enc:pitch:1789324663522322758,FFFFFFFFF9A6,"{""counts"":-1626}",1,1,1,1,0,0,0,6.020047,0,0,0,1801965958098091,1,,1801965953536766,1801965790177296,1801965958098091,1801965964118138
1119,5,pitch,1,1,rest,0.45,10,0.0,0.0,0.0,0,2;3,2:00000A;3:00000A,1801965991045882,1789324663551439867,1801966002943701,1789324663580397804,32.25931973592378,1.1221850297879428,0.01390941790305078,2,-1626,0.6235631902755131,0.0,0.03841489693149924,step,3,1,5.760230123996735e-07,rest,sweep:pitch_a:1789324663551415834;sweep:pitch_b:1789324663551423898;sweep:enc:pitch:1789324663551437627,sweep:enc:pitch:1789324663551437627,FFFFFFFFF9A6,"{""counts"":-1626}",1,1,0,0,0,0,0,6.430713,1,0,0,1801965996512988,1,,1801965982651667,1801965991045882,1801965996512988,1801966002943701
1120,5,pitch,1,1,rest,0.45,10,0.0,0.0,0.0,0,2;3,2:00000A;3:00000A,1801965991045882,1789324663580111333,1801966020030252,1789324663608934482,32.27637546998449,1.1392407638486475,0.03096515196375549,2,-1626,0.6235631902755131,0.0,0.017055734060704708,step,3,1,0.028650088934227824,rest,sweep:enc:pitch:1789324663580108517,sweep:enc:pitch:1789324663580108517,FFFFFFFFF9A6,"{""counts"":-1626}",1,1,0,0,0,0,0,6.46153,1,0,0,1801966013568722,1,,1801966011322941,1801965991045882,1801966013568722,1801966020030252
1121,5,pitch,1,1,rest,0.45,10,0.0,0.0,0.0,0,2;3,2:00000A;3:00000A,1801965991045882,1789324663608670988,1801966046852138,1789324663637470713,32.30369487195276,1.166560165816918,0.05828455393202603,2,-1626,0.6235631902755131,0.0,0.02731940196827054,step,3,1,0.05721076810732484,rest,sweep:enc:pitch:1789324663608668428,sweep:enc:pitch:1789324663608668428,FFFFFFFFF9A6,"{""counts"":-1626}",1,1,0,0,0,0,0,5.964014,1,0,0,1801966040888124,1,,1801966039882788,1801965991045882,1801966040888124,1801966046852138
1122,5,pitch,1,1,rest,0.45,10,0.0,0.0,0.0,0,2;3,2:00000A;3:00000A,1801965991045882,1789324663637237684,1801966078812578,1789324663666029984,32.33562238304876,1.1984876769129187,0.0902120650280267,2,-1626,0.6235631902755131,0.0,0.03192751109600067,step,3,1,0.08578156004659832,rest,sweep:enc:pitch:1789324663637235252,sweep:enc:pitch:1789324663637235252,FFFFFFFFF9A6,"{""counts"":-1626}",1,1,0,0,0,0,0,5.996943,1,0,0,1801966072815635,1,,1801966068449420,1801965991045882,1801966072815635,1801966078812578
1123,5,pitch,1,1,rest,0.45,10,0.0,0.0,0.0,0,2;3,2:00000A;3:00000A,1801965991045882,1789324663665807611,1801966105846757,1789324663694671818,32.36236929195002,1.225234585814178,0.116958973929286,2,-1626,0.6235631902755131,0.0,0.026746908901259303,step,3,1,0.11435347213409841,rest,sweep:enc:pitch:1789324663665805051,sweep:enc:pitch:1789324663665805051,FFFFFFFFF9A6,"{""counts"":-1626}",1,1,0,0,0,0,0,6.284213,1,0,0,1801966099562544,1,,1801966097019187,1801965991045882,1801966099562544,1801966105846757
1124,5,pitch,1,1,rest,0.45,10,0.0,0.0,0.0,0,2;3,2:00000A;3:00000A,1801965991045882,1789324663694404067,1801966132841831,1789324663705090882,32.38954097800888,1.252406271873042,0.14413065998815,2,-1626,0.6235631902755131,0.0,0.027171686058863997,step,3,1,0.14293207111768425,rest,sweep:enc:pitch:1789324663694401091,sweep:enc:pitch:1789324663694401091,FFFFFFFFF9A6,"{""counts"":-1626}",1,1,0,0,0,0,0,6.107601,0,0,0,1801966126734230,1,,1801966125615835,1801965991045882,1801966126734230,1801966132841831
1125,5,pitch,1,-1,pre,0.45,10,0.0,0.0,0.0,0,2;3,2:00000A;3:00000A,1801965991045882,1789324663705583213,1801966144813092,1789324663734452604,32.40112512605265,0.001764842076227069,0.001599655020982027,2,-1626,0.6235631902755131,,0.011584148043766618,step,0,0,4.810281097888947e-07,settle,sweep:enc:pitch:1789324663705581069,sweep:enc:pitch:1789324663705581069,FFFFFFFFF9A6,"{""counts"":-1626}",1,1,1,0,0,0,0,6.494714,1,0,0,1801966138318378,0,short_encoder_dt,1801966136794981,1801965991045882,1801966138318378,1801966144813092
1126,5,pitch,1,-1,pre,0.45,10,0.0,0.0,0.0,0,2;3,2:00000A;3:00000A,1801965991045882,1789324663734220983,1801966176794685,1789324663763046852,32.433645450975746,0.034285166999325156,0.034119979944080114,2,-1626,0.6235631902755131,0.0,0.03252032492309809,step,0,0,0.028643402038142085,settle,sweep:enc:pitch:1789324663734218134,sweep:enc:pitch:1789324663734218134,FFFFFFFFF9A6,"{""counts"":-1626}",1,1,1,1,0,0,0,5.955982,1,0,0,1801966170838703,1,,1801966165432783,1801965991045882,1801966170838703,1801966176794685
1127,5,pitch,1,-1,pre,0.45,10,0.0,0.0,0.0,0,2;3,2:00000A;3:00000A,1801966203574842,1789324663762793982,1801966214634721,1789324663791744623,32.47176271001808,0.07240242604166269,0.07223723898641765,2,-1626,0.6235631902755131,0.0,0.03811725904233754,step,0,0,0.05721313692629337,settle,sweep:pitch_a:1789324663762760541;sweep:pitch_b:1789324663762771006;sweep:enc:pitch:1789324663762790782,sweep:enc:pitch:1789324663762790782,FFFFFFFFF9A6,"{""counts"":-1626}",1,1,1,1,0,0,0,5.678759,1,0,0,1801966208955962,1,,1801966194005398,1801966203574842,1801966208955962,1801966214634721
1128,5,pitch,1,-1,pre,0.45,10,0.0,0.0,0.0,0,2;3,2:00000A;3:00000A,1801966203574842,1789324663791370406,1801966231563060,1789324663820185843,32.48804882494733,0.08868854097090662,0.08852335391566157,2,-1626,0.6235631902755131,0.0,0.016286114929243922,step,0,0,0.08578482503071427,settle,sweep:enc:pitch:1789324663791367494,sweep:enc:pitch:1789324663791367494,FFFFFFFFF9A6,"{""counts"":-1626}",1,1,1,1,0,0,0,6.320983,1,0,0,1801966225242077,1,,1801966222582142,1801966203574842,1801966225242077,1801966231563060
1129,5,pitch,1,-1,pre,0.45,10,0.0,0.0,0.0,0,2;3,2:00000A;3:00000A,1801966203574842,1789324663819927053,1801966258529909,1789324663848722010,32.51527212909423,0.11591184511780739,0.11574665806256235,2,-1626,0.6235631902755131,0.0,0.027223304146900773,step,0,0,0.11435449705459177,settle,sweep:enc:pitch:1789324663819924365,sweep:enc:pitch:1789324663819924365,FFFFFFFFF9A6,"{""counts"":-1626}",1,1,1,1,0,0,0,6.064528,1,0,0,1801966252465381,1,,1801966251138789,1801966203574842,1801966252465381,1801966258529909
1130,5,pitch,1,-1,pre,0.45,10,0.0,0.0,0.0,0,2;3,2:00000A;3:00000A,1801966203574842,1789324663848491989,1801966290540814,1789324663877314466,32.54731714702211,0.14795686304569244,0.1477916759904474,2,-1626,0.6235631902755131,0.0,0.032045017927885056,step,0,0,0.14292618399485946,settle,sweep:enc:pitch:1789324663848489813,sweep:enc:pitch:1789324663848489813,FFFFFFFFF9A6,"{""counts"":-1626}",1,1,1,1,0,0,0,6.030415,1,0,0,1801966284510399,1,,1801966279703757,1801966203574842,1801966284510399,1801966290540814
1131,5,pitch,1,-1,pre,0.45,10,0.0,0.0,0.0,0,2;3,2:00000A;3:00000A,1801966203574842,1789324663877069276,1801966317562577,1789324663905913034,32.57419452210888,0.1748342381324619,0.17466905107721686,2,-1626,0.6235631902755131,0.0,0.02687737508676946,step,0,0,0.17150078411214054,settle,sweep:enc:pitch:1789324663877066620,sweep:enc:pitch:1789324663877066620,FFFFFFFFF9A6,"{""counts"":-1626}",1,1,1,1,0,0,0,6.174803,1,0,0,1801966311387774,1,,1801966308280884,1801966203574842,1801966311387774,1801966317562577
1132,5,pitch,1,-1,pre,0.45,10,0.0,0.0,0.0,0,2;3,2:00000A;3:00000A,1801966203574842,1789324663905648612,1801966344407664,1789324663934527859,32.601269277976826,0.20190899400040507,0.20174380694516003,2,-1626,0.6235631902755131,0.0,0.027074755867943168,step,0,0,0.20007112808525562,settle,sweep:enc:pitch:1789324663905646148,sweep:enc:pitch:1789324663905646148,FFFFFFFFF9A6,"{""counts"":-1626}",1,1,1,1,0,0,0,5.945134,1,0,0,1801966338462530,1,,1801966336860220,1801966203574842,1801966338462530,1801966344407664
1133,5,pitch,1,-1,pre,0.45,10,0.0,0.0,0.0,0,2;3,2:00000A;3:00000A,1801966203574842,1789324663934281933,1801966376393993,1789324663963034969,32.63321282202378,0.2338525380473584,0.23368735099211335,2,-1626,0.6235631902755131,0.0,0.03194354404695332,step,0,0,0.22871059295721352,settle,sweep:enc:pitch:1789324663934279117,sweep:enc:pitch:1789324663934279117,FFFFFFFFF9A6,"{""counts"":-1626}",1,1,1,1,0,0,0,5.987919,1,0,0,1801966370406074,1,,1801966365493541,1801966203574842,1801966370406074,1801966376393993
1134,5,pitch,1,-1,pre,0.45,10,0.0,0.0,0.0,0,2;3,2:00000A;3:00000A,1801966203574842,1789324663962786323,1801966403391531,1789324663991666786,32.66005253302865,0.26069224905222654,0.2605270619969815,2,-1626,0.6235631902755131,0.0,0.02683971100486815,step,0,0,0.2572102469857782,settle,sweep:enc:pitch:1789324663962783667,sweep:enc:pitch:1789324663962783667,FFFFFFFFF9A6,"{""counts"":-1626}",1,1,1,1,0,0,0,6.145746,1,0,0,1801966397245785,1,,1801966393997899,1801966203574842,1801966397245785,1801966403391531
1135,5,pitch,1,-1,pre,0.45,10,0.0,0.0,0.0,0,2;3,2:00000A;3:00000A,1801966430255018,1789324663991376635,1801966442238759,1789324664012528466,32.69922463200055,0.29986434802412987,0.2996991609688848,2,-1626,0.6235631902755131,0.0,0.039172098971903324,step,0,0,0.28580321511253715,settle,sweep:pitch_a:1789324663991346491;sweep:pitch_b:1789324663991356635;sweep:enc:pitch:1789324663991373595,sweep:enc:pitch:1789324663991373595,FFFFFFFFF9A6,"{""counts"":-1626}",1,1,1,1,0,0,0,5.820875,0,0,0,1801966436417884,1,,1801966422588179,1801966430255018,1801966436417884,1801966442238759
1136,5,pitch,1,-1,step,0.45,10,-0.45,-0.45,-0.41887902047863906,0,2;3,2:80040A00000032;3:00040A00000032,1801966454242244,1789324664012848250,1801966467152695,1789324664041796203,32.724153032992035,0.3247927490156144,0.017367549007758498,2,-1613,0.6185777527148848,-0.1999902666172337,0.024928400991484523,step,1,0,7.040798664093018e-07,step,sweep:pitch_a:1789324664012818809;sweep:pitch_b:1789324664012830010;sweep:enc:pitch:1789324664012846010,sweep:enc:pitch:1789324664012846010,FFFFFFFFF9B3,"{""counts"":-1613}",1,1,0,0,0,0,0,5.80641,1,0,0,1801966461346285,1,,1801966444060018,1801966454242244,1801966461346285,1801966467152695
1137,5,pitch,1,-1,step,0.45,10,-0.45,-0.45,-0.41887902047863906,0,2;3,2:80040A00000032;3:00040A00000032,1801966454242244,1789324664041488323,1801966484273263,1789324664070292656,32.74051524605602,0.3411549620795995,0.03372976207174361,2,-1597,0.6124418295633423,-0.3750056992625486,0.01636221306398511,step,1,0,0.028641449054703116,step,sweep:enc:pitch:1789324664041485635,sweep:enc:pitch:1789324664041485635,FFFFFFFFF9C3,"{""counts"":-1597}",1,1,0,0,0,0,0,6.564765,1,0,0,1801966477708498,1,,1801966472699899,1801966454242244,1801966477708498,1801966484273263
1138,5,pitch,1,-1,step,0.45,10,-0.45,-0.45,-0.41887902047863906,0,2;3,2:80040A00000032;3:00040A00000032,1801966454242244,1789324664070054091,1801966511102701,1789324664098884216,32.7678901059553,0.36852982197888196,0.06110462197102606,2,-1569,0.6017039640481427,-0.3922528025606796,0.027374859899282455,step,1,0,0.05721243307925761,step,sweep:enc:pitch:1789324664070051243,sweep:enc:pitch:1789324664070051243,FFFFFFFFF9DF,"{""counts"":-1569}",1,1,0,0,0,0,0,6.019343,1,0,0,1801966505083358,1,,1801966501265699,1801966454242244,1801966505083358,1801966511102701
1139,5,pitch,1,-1,step,0.45,10,-0.45,-0.45,-0.41887902047863906,0,2;3,2:80040A00000032;3:00040A00000032,1801966454242244,1789324664098623922,1801966538140368,1789324664127516929,32.79472661600448,0.39536633202806115,0.08794113202020526,2,-1539,0.5901991081390005,-0.4287016414600518,0.026836510049179196,step,1,0,0.08577864803373814,step,sweep:enc:pitch:1789324664098621042,sweep:enc:pitch:1789324664098621042,FFFFFFFFF9FD,"{""counts"":-1539}",1,1,0,0,0,0,0,6.2205,1,0,0,1801966531919868,1,,1801966529835466,1801966454242244,1801966531919868,1801966538140368
1140,5,pitch,1,-1,step,0.45,10,-0.45,-0.45,-0.41887902047863906,0,2;3,2:80040A00000032;3:00040A00000032,1801966454242244,1789324664127230843,1801966565017679,1789324664156090281,32.82185634900816,0.4224960650317371,0.1150708650238812,2,-1509,0.5786942522298582,-0.4240681582669262,0.027129733003675938,step,1,0,0.11436160001903772,step,sweep:enc:pitch:1789324664127227259,sweep:enc:pitch:1789324664127227259,FFFFFFFFFA1B,"{""counts"":-1509}",1,1,0,0,0,0,0,5.968078,1,0,0,1801966559049601,1,,1801966558442323,1801966454242244,1801966559049601,1801966565017679
1141,5,pitch,1,-1,step,0.45,10,-0.45,-0.45,-0.41887902047863906,0,2;3,2:80040A00000032;3:00040A00000032,1801966454242244,1789324664155803970,1801966597067337,1789324664184695473,32.854125309037045,0.4547650250606239,0.147339825052768,2,-1475,0.5656554155328302,-0.4040674594209351,0.032268960028886795,step,1,0,0.1429444239474833,step,sweep:enc:pitch:1789324664155800898,sweep:enc:pitch:1789324664155800898,FFFFFFFFFA3D,"{""counts"":-1475}",1,1,0,0,0,0,0,5.748776,1,0,0,1801966591318561,1,,1801966587015514,1801966454242244,1801966591318561,1801966597067337
1142,5,pitch,1,-1,step,0.45,10,-0.45,-0.45,-0.41887902047863906,0,2;3,2:80040A00000032;3:00040A00000032,1801966454242244,1789324664184386698,1801966624055755,1789324664213186263,32.88099273201078,0.481632448034361,0.1742072480265051,2,-1448,0.5553010452146021,-0.3853875501327181,0.02686742297373712,step,1,0,0.1715153439436108,step,sweep:enc:pitch:1789324664184383274,sweep:enc:pitch:1789324664184383274,FFFFFFFFFA58,"{""counts"":-1448}",1,1,0,0,0,0,0,5.869771,1,0,0,1801966618185984,1,,1801966615598114,1801966454242244,1801966618185984,1801966624055755
1143,5,pitch,1,-1,step,0.45,10,-0.45,-0.45,-0.41887902047863906,0,2;3,2:80040A00000032;3:00040A00000032,1801966652045221,1789324664212898000,1801966664821621,1789324664241819424,32.9216394580435,0.52227917406708,0.21485397405922413,2,-1395,0.5349757997751173,-0.5000463118019334,0.040646726032719016,step,1,0,0.20003583002835512,step,sweep:pitch_a:1789324664212858575;sweep:pitch_b:1789324664212871856;sweep:enc:pitch:1789324664212894896,sweep:enc:pitch:1789324664212894896,FFFFFFFFFA8D,"{""counts"":-1395}",1,1,0,0,0,0,0,5.988911,1,0,0,1801966658832710,1,,1801966644109544,1801966652045221,1801966658832710,1801966664821621
1144,5,pitch,1,-1,step,0.45,10,-0.45,-0.45,-0.41887902047863906,0,2;3,2:80040A00000032;3:00040A00000032,1801966652045221,1789324664241504057,1801966681918827,1789324664270322982,32.93829281395301,0.5389325299765915,0.23150732996873558,2,-1376,0.5276893910326605,-0.43753395904396686,0.016653355909511447,step,1,0,0.22865033498965204,step,sweep:enc:pitch:1789324664241500697,sweep:enc:pitch:1789324664241500697,FFFFFFFFFAA0,"{""counts"":-1376}",1,1,0,0,0,0,0,6.432761,1,0,0,1801966675486066,1,,1801966672715537,1801966652045221,1801966675486066,1801966681918827
1145,5,pitch,1,-1,step,0.45,10,-0.45,-0.45,-0.41887902047863906,0,2;3,2:80040A00000032;3:00040A00000032,1801966652045221,1789324664270062144,1801966708794091,1789324664298896846,32.96555499895476,0.5661947149783373,0.2587695149704814,2,-1346,0.5161845351235183,-0.42200784377354744,0.02726218500174582,step,1,0,0.2572159741539508,step,sweep:enc:pitch:1789324664270059104,sweep:enc:pitch:1789324664270059104,FFFFFFFFFABE,"{""counts"":-1346}",1,1,0,0,0,0,0,6.04584,1,0,0,1801966702748251,1,,1801966701273720,1801966652045221,1801966702748251,1801966708794091
1146,5,pitch,1,-1,step,0.45,10,-0.45,-0.45,-0.41887902047863906,0,2;3,2:80040A00000032;3:00040A00000032,1801966652045221,1789324664298635943,1801966740751363,1789324664327429908,32.99753771210089,0.5981774281244725,0.2907522281166166,2,-1310,0.5023787080325475,-0.431665288304006,0.03198271314613521,step,1,0,0.28578196512535214,step,sweep:enc:pitch:1789324664298632679,sweep:enc:pitch:1789324664298632679,FFFFFFFFFAE2,"{""counts"":-1310}",1,1,0,0,0,0,0,6.020399,1,0,0,1801966734730964,1,,1801966729847455,1801966652045221,1801966734730964,1801966740751363
1147,5,pitch,1,-1,step,0.45,10,-0.45,-0.45,-0.41887902047863906,0,2;3,2:80040A00000032;3:00040A00000032,1801966652045221,1789324664327193519,1801966767757573,1789324664356006460,33.0243342849426,0.6249740009661764,0.3175488009583205,2,-1282,0.491640842517348,-0.40071786711799046,0.026796572841703892,step,1,0,0.31435182900168,step,sweep:enc:pitch:1789324664327190735,sweep:enc:pitch:1789324664327190735,FFFFFFFFFAFE,"{""counts"":-1282}",1,1,0,0,0,0,0,6.230036,1,0,0,1801966761527537,1,,1801966758405095,1801966652045221,1801966761527537,1801966767757573
1148,5,pitch,1,-1,step,0.45,10,-0.45,-0.45,-0.41887902047863906,0,2;3,2:80040A00000032;3:00040A00000032,1801966652045221,1789324664355765846,1801966794671557,1789324664384606500,33.05136305605993,0.652002772083506,0.3445775720756501,2,-1255,0.4812864721991199,-0.3830869806577839,0.027028771117329597,step,1,0,0.34292754903435707,step,sweep:enc:pitch:1789324664355762998,sweep:enc:pitch:1789324664355762998,FFFFFFFFFB19,"{""counts"":-1255}",1,1,0,0,0,0,0,6.115249,1,0,0,1801966788556308,1,,1801966786977454,1801966652045221,1801966788556308,1801966794671557
1149,5,pitch,1,-1,step,0.45,10,-0.45,-0.45,-0.41887902047863906,0,2;3,2:80040A00000032;3:00040A00000032,1801966652045221,1789324664384349566,1801966826621117,1789324664413049801,33.0834826361388,0.684122352162376,0.37669715215452015,2,-1219,0.46748064510814913,-0.42982588991108805,0.03211958007887006,step,1,0,0.3714977321214974,step,sweep:enc:pitch:1789324664384346462,sweep:enc:pitch:1789324664384346462,FFFFFFFFFB3D,"{""counts"":-1219}",1,1,0,0,0,0,0,5.945229,0,0,0,1801966820675888,1,,1801966815561302,1801966652045221,1801966820675888,1801966826621117
1150,5,pitch,1,-1,post,0.45,10,0.0,0.0,0.0,0,2;3,2:00000A;3:00000A,1801966853533149,1789324664413332655,1801966865576028,1789324664442291328,33.12223088508472,0.7228706011082977,0.01493325107730925,2,-1181,0.45290782762323556,-0.3760897042148118,0.03874824894592166,step,2,1,7.359776645898819e-07,settle,sweep:pitch_a:1789324664413305967;sweep:pitch_b:1789324664413314767;sweep:enc:pitch:1789324664413330319,sweep:enc:pitch:1789324664413330319,FFFFFFFFFB63,"{""counts"":-1181}",1,1,1,0,0,0,0,6.151891,1,0,0,1801966859424137,1,,1801966844544423,1801966853533149,1801966859424137,1801966865576028
1151,5,pitch,1,-1,post,0.45,10,0.0,0.0,0.0,0,2;3,2:00000A;3:00000A,1801966853533149,1789324664441987897,1801966882534575,1789324664470785382,33.13894680305384,0.7395865190774202,0.03164916904643178,2,-1181,0.45290782762323556,0.0,0.01671591796912253,step,2,1,0.028640713077038527,settle,sweep:enc:pitch:1789324664441985305,sweep:enc:pitch:1789324664441985305,FFFFFFFFFB63,"{""counts"":-1181}",1,1,1,1,0,0,0,6.39452,1,0,0,1801966876140055,1,,1801966873199665,1801966853533149,1801966876140055,1801966882534575
1152,5,pitch,1,-1,post,0.45,10,0.0,0.0,0.0,0,2;3,2:00000A;3:00000A,1801966853533149,1789324664470557409,1801966909566738,1789324664499387054,33.166166618000716,0.7668063340242952,0.058868983993306756,2,-1181,0.45290782762323556,0.0,0.027219814946874976,step,2,1,0.05721588898450136,settle,sweep:enc:pitch:1789324664470554881,sweep:enc:pitch:1789324664470554881,FFFFFFFFFB63,"{""counts"":-1181}",1,1,1,1,0,0,0,6.206868,1,0,0,1801966903359870,1,,1801966901769113,1801966853533149,1801966903359870,1801966909566738
1153,5,pitch,1,-1,post,0.45,10,0.0,0.0,0.0,0,2;3,2:00000A;3:00000A,1801966853533149,1789324664499132136,1801966941562987,1789324664527947990,33.1983490800485,0.7989887960720807,0.09105144604109228,2,-1181,0.45290782762323556,0.0,0.03218246204778552,step,2,1,0.0857833530753851,settle,sweep:enc:pitch:1789324664499129448,sweep:enc:pitch:1789324664499129448,FFFFFFFFFB63,"{""counts"":-1181}",1,1,1,1,0,0,0,6.020655,1,0,0,1801966935542332,1,,1801966930343744,1801966853533149,1801966935542332,1801966941562987
1154,5,pitch,1,-1,post,0.45,10,0.0,0.0,0.0,0,2;3,2:00000A;3:00000A,1801966853533149,1789324664527704336,1801966968354600,1789324664556529981,33.22522424696945,0.8258639629930258,0.11792661296203732,2,-1182,0.45329132282020695,0.014269500096481995,0.02687516692094505,step,2,1,0.11435545608401299,settle,sweep:enc:pitch:1789324664527701712,sweep:enc:pitch:1789324664527701712,FFFFFFFFFB62,"{""counts"":-1182}",1,1,1,1,0,0,0,5.937101,1,0,0,1801966962417499,1,,1801966958915944,1801966853533149,1801966962417499,1801966968354600
1155,5,pitch,1,-1,post,0.45,10,0.0,0.0,0.0,0,2;3,2:00000A;3:00000A,1801966853533149,1789324664556276087,1801966995379563,1789324664585109349,33.2519695549272,0.8526092709507793,0.14467192091979086,2,-1181,0.45290782762323556,-0.014338784117840706,0.02674530795775354,step,2,1,0.14292848808690906,settle,sweep:enc:pitch:1789324664556273591,sweep:enc:pitch:1789324664556273591,FFFFFFFFFB63,"{""counts"":-1181}",1,1,1,1,0,0,0,6.216756,1,0,0,1801966989162807,1,,1801966987487855,1801966853533149,1801966989162807,1801966995379563
1156,5,pitch,1,-1,post,0.45,10,0.0,0.0,0.0,0,2;3,2:00000A;3:00000A,1801966853533149,1789324664584858015,1801967027368996,1789324664613674765,33.28416836913675,0.8848080851603299,0.17687073512934148,2,-1181,0.45290782762323556,0.0,0.03219881420955062,step,2,1,0.17148715094663203,settle,sweep:enc:pitch:1789324664584855071,sweep:enc:pitch:1789324664584855071,FFFFFFFFFB63,"{""counts"":-1181}",1,1,1,1,0,0,0,6.007375,1,0,0,1801967021361621,1,,1801967016069623,1801966853533149,1801967021361621,1801967027368996
1157,5,pitch,1,-1,post,0.45,10,0.0,0.0,0.0,0,2;3,2:00000A;3:00000A,1801967054210146,1789324664613417222,1801967066301250,1789324664642280629,33.322647843975574,0.923287559999153,0.21535020996816456,2,-1181,0.45290782762323556,0.0,0.03847947483882308,step,2,1,0.20006875903345644,settle,sweep:pitch_a:1789324664613385926;sweep:pitch_b:1789324664613395622;sweep:enc:pitch:1789324664613414278,sweep:enc:pitch:1789324664613414278,FFFFFFFFFB63,"{""counts"":-1181}",1,1,1,1,0,0,0,6.460154,1,0,0,1801967059841096,1,,1801967044628990,1801967054210146,1801967059841096,1801967066301250
1158,5,pitch,1,-1,post,0.45,10,0.0,0.0,0.0,0,2;3,2:00000A;3:00000A,1801967054210146,1789324664641981358,1801967083242069,1789324664670795579,33.3396146800369,0.9402543960604817,0.2323170460294932,2,-1181,0.45290782762323556,0.0,0.01696683606132865,step,2,1,0.22863903804682195,settle,sweep:enc:pitch:1789324664641978990,sweep:enc:pitch:1789324664641978990,FFFFFFFFFB63,"{""counts"":-1181}",1,1,1,1,0,0,0,6.434137,1,0,0,1801967076807932,1,,1801967073192998,1801967054210146,1801967076807932,1801967083242069
1159,5,pitch,1,-1,post,0.45,10,0.0,0.0,0.0,0,2;3,2:00000A;3:00000A,1801967054210146,1789324664670551125,1801967110271416,1789324664699440100,33.36688553611748,0.9675252521410584,0.25958790211007,2,-1182,0.45329132282020695,0.014062455386009438,0.027270856080576777,step,2,1,0.25720691797323525,settle,sweep:enc:pitch:1789324664670548789,sweep:enc:pitch:1789324664670548789,FFFFFFFFFB62,"{""counts"":-1182}",1,1,1,1,0,0,0,6.192628,1,0,0,1801967104078788,1,,1801967101762733,1801967054210146,1801967104078788,1801967110271416
1160,5,pitch,1,-1,post,0.45,10,0.0,0.0,0.0,0,2;3,2:00000A;3:00000A,1801967054210146,1789324664699146333,1801967137137751,1789324664727960587,33.3939541480504,0.9945938640739769,0.2866565140429884,2,-1181,0.45290782762323556,-0.014167523548003675,0.02706861193291843,step,2,1,0.2857868620194495,settle,sweep:enc:pitch:1789324664699142909,sweep:enc:pitch:1789324664699142909,FFFFFFFFFB63,"{""counts"":-1181}",1,1,1,1,0,0,0,5.990351,1,0,0,1801967131147400,1,,1801967130357845,1801967054210146,1801967131147400,1801967137137751
1161,5,pitch,1,-1,post,0.45,10,0.0,0.0,0.0,0,2;3,2:00000A;3:00000A,1801967054210146,1789324664727700133,1801967169143440,1789324664756506386,33.42600534297526,1.026645058998838,0.3187077089678496,2,-1181,0.45290782762323556,0.0,0.03205119492486119,step,2,1,0.3143541009631008,settle,sweep:enc:pitch:1789324664727697541,sweep:enc:pitch:1789324664727697541,FFFFFFFFFB63,"{""counts"":-1181}",1,1,1,1,0,0,0,5.944845,1,0,0,1801967163198595,1,,1801967158911869,1801967054210146,1801967163198595,1801967169143440
1162,5,pitch,1,-1,post,0.45,10,0.0,0.0,0.0,0,2;3,2:00000A;3:00000A,1801967054210146,1789324664756263340,1801967195928653,1789324664785089306,33.45281596411951,1.053455680143088,0.34551833011209965,2,-1181,0.45290782762323556,0.0,0.026810621144250035,step,2,1,0.3429221729747951,settle,sweep:enc:pitch:1789324664756261068,sweep:enc:pitch:1789324664756261068,FFFFFFFFFB63,"{""counts"":-1181}",1,1,1,1,0,0,0,5.919437,1,0,0,1801967190009216,1,,1801967187475108,1801967054210146,1801967190009216,1801967195928653
1163,5,pitch,1,-1,post,0.45,10,0.0,0.0,0.0,0,2;3,2:00000A;3:00000A,1801967054210146,1789324664784851220,1801967222932783,1789324664813731171,33.47953480808064,1.0801745241042227,0.3722371740732342,2,-1181,0.45290782762323556,0.0,0.026718843961134553,step,2,1,0.3714946280233562,settle,sweep:enc:pitch:1789324664784848660,sweep:enc:pitch:1789324664784848660,FFFFFFFFFB63,"{""counts"":-1181}",1,1,1,1,0,0,0,6.204723,0,0,0,1801967216728060,1,,1801967216062764,1801967054210146,1801967216728060,1801967222932783
1164,5,pitch,1,-1,rest,0.45,10,0.0,0.0,0.0,0,2;3,2:00000A;3:00000A,1801967254908424,1789324664813982281,1801967266886309,1789324664842952410,33.52330756094307,1.1239472769666463,0.015356460819020867,2,-1182,0.45329132282020695,0.00876104818394009,0.04377275286242366,step,3,1,3.83937731385231e-07,rest,sweep:pitch_a:1789324664813957352;sweep:pitch_b:1789324664813965608;sweep:enc:pitch:1789324664813980297,sweep:enc:pitch:1789324664813980297,FFFFFFFFFB62,"{""counts"":-1182}",1,1,0,0,0,0,0,6.385496,1,0,0,1801967260500813,1,,1801967245194017,1801967254908424,1801967260500813,1801967266886309
1165,5,pitch,1,-1,rest,0.45,10,0.0,0.0,0.0,0,2;3,2:00000A;3:00000A,1801967254908424,1789324664842651443,1801967283841144,1789324664871497889,33.54033123003319,1.1409709460567683,0.03238012990914285,2,-1181,0.45290782762323556,-0.022527176423672315,0.017023669090121984,step,3,1,0.028647784842178226,rest,sweep:enc:pitch:1789324664842648819,sweep:enc:pitch:1789324664842648819,FFFFFFFFFB63,"{""counts"":-1181}",1,1,0,0,0,0,0,6.316662,1,0,0,1801967277524482,1,,1801967273863019,1801967254908424,1801967277524482,1801967283841144
1166,5,pitch,1,-1,rest,0.45,10,0.0,0.0,0.0,0,2;3,2:00000A;3:00000A,1801967254908424,1789324664871226202,1801967310859707,1789324664900048136,33.567623815033585,1.168263531057164,0.05967271490953863,2,-1182,0.45329132282020695,0.014051259599112138,0.027292585000395775,step,3,1,0.057211759965866804,rest,sweep:enc:pitch:1789324664871223354,sweep:enc:pitch:1789324664871223354,FFFFFFFFFB62,"{""counts"":-1182}",1,1,0,0,0,0,0,6.04264,1,0,0,1801967304817067,1,,1801967302437938,1801967254908424,1801967304817067,1801967310859707
1167,5,pitch,1,-1,rest,0.45,10,0.0,0.0,0.0,0,2;3,2:00000A;3:00000A,1801967254908424,1789324664899785634,1801967337822844,1789324664928583727,33.59462842508219,1.195268141105771,0.08667732495814562,2,-1181,0.45290782762323556,-0.014201101081671696,0.027004610048606992,step,3,1,0.08578248787671328,rest,sweep:enc:pitch:1789324664899782722,sweep:enc:pitch:1789324664899782722,FFFFFFFFFB63,"{""counts"":-1181}",1,1,0,0,0,0,0,6.001167,1,0,0,1801967331821677,1,,1801967330997338,1801967254908424,1801967331821677,1801967337822844
1168,5,pitch,1,-1,rest,0.45,10,0.0,0.0,0.0,0,2;3,2:00000A;3:00000A,1801967254908424,1789324664928346537,1801967369843606,1789324664957192759,33.626713284058496,1.2273530000820756,0.11876218393445015,2,-1181,0.45290782762323556,0.0,0.03208485897630453,step,3,1,0.11435260693542659,rest,sweep:enc:pitch:1789324664928344041,sweep:enc:pitch:1789324664928344041,FFFFFFFFFB63,"{""counts"":-1181}",1,1,0,0,0,0,0,5.93707,1,0,0,1801967363906536,1,,1801967359558273,1801967254908424,1801967363906536,1801967369843606
1169,5,pitch,1,-1,rest,0.45,10,0.0,0.0,0.0,0,2;3,2:00000A;3:00000A,1801967254908424,1789324664956934289,1801967396675540,1789324664967647440,33.65358857996762,1.2542282959911972,0.14563747984357178,2,-1181,0.45290782762323556,0.0,0.026875295909121633,step,3,1,0.14292845502495766,rest,sweep:enc:pitch:1789324664956931473,sweep:enc:pitch:1789324664956931473,FFFFFFFFFB63,"{""counts"":-1181}",1,1,0,0,0,0,0,5.893708,0,0,0,1801967390781832,1,,1801967388145929,1801967254908424,1801967390781832,1801967396675540
1170,5,pitch,2,1,pre,0.45,10,0.0,0.0,0.0,0,2;3,2:00000A;3:00000A,1801967254908424,1789324664968177116,1801967407772060,1789324664997072268,33.66493320092559,0.002956582000479102,0.002784993965178728,2,-1181,0.45290782762323556,,0.01134462095797062,step,0,0,4.4796615839004517e-07,settle,sweep:enc:pitch:1789324664968174972,sweep:enc:pitch:1789324664968174972,FFFFFFFFFB63,"{""counts"":-1181}",1,1,1,0,0,0,0,5.645607,1,0,0,1801967402126453,0,short_encoder_dt,1801967399388916,1801967254908424,1801967402126453,1801967407772060
1171,5,pitch,2,1,pre,0.45,10,0.0,0.0,0.0,0,2;3,2:00000A;3:00000A,1801967254908424,1789324664996853414,1801967434599866,1789324665025640211,33.69142647203989,0.029449853114783764,0.02927826507948339,2,-1182,0.45329132282020695,0.014475192410813038,0.026493271114304662,step,0,0,0.0286418329924345,settle,sweep:enc:pitch:1789324664996850566,sweep:enc:pitch:1789324664996850566,FFFFFFFFFB62,"{""counts"":-1182}",1,1,1,1,0,0,0,5.980142,1,0,0,1801967428619724,1,,1801967428064990,1801967254908424,1801967428619724,1801967434599866
1172,5,pitch,2,1,pre,0.45,10,0.0,0.0,0.0,0,2;3,2:00000A;3:00000A,1801967466495568,1789324665025402797,1801967477564792,1789324665054276924,33.73466769210063,0.0726910731755197,0.07251948514021933,2,-1181,0.45290782762323556,-0.008868741363743755,0.04324122006073594,step,0,0,0.05720936111174524,settle,sweep:pitch_a:1789324665025374765;sweep:pitch_b:1789324665025384461;sweep:enc:pitch:1789324665025400173,sweep:enc:pitch:1789324665025400173,FFFFFFFFFB63,"{""counts"":-1181}",1,1,1,1,0,0,0,5.703848,1,0,0,1801967471860944,1,,1801967456614597,1801967466495568,1801967471860944,1801967477564792
1173,5,pitch,2,1,pre,0.45,10,0.0,0.0,0.0,0,2;3,2:00000A;3:00000A,1801967466495568,1789324665053982133,1801967494487274,1789324665082787746,33.7510158570949,0.08903923816978931,0.08886765013448894,2,-1181,0.45290782762323556,0.0,0.01634816499426961,step,0,0,0.08578405599109828,settle,sweep:enc:pitch:1789324665053979925,sweep:enc:pitch:1789324665053979925,FFFFFFFFFB63,"{""counts"":-1181}",1,1,1,1,0,0,0,6.278165,1,0,0,1801967488209109,1,,1801967485193869,1801967466495568,1801967488209109,1801967494487274
1174,5,pitch,2,1,pre,0.45,10,0.0,0.0,0.0,0,2;3,2:00000A;3:00000A,1801967466495568,1789324665082549884,1801967521463532,1789324665111343401,33.77816021395847,0.11618359503336251,0.11601200699806213,2,-1181,0.45290782762323556,0.0,0.027144356863573194,step,0,0,0.11435193615034223,settle,sweep:enc:pitch:1789324665082547196,sweep:enc:pitch:1789324665082547196,FFFFFFFFFB63,"{""counts"":-1181}",1,1,1,1,0,0,0,6.110066,1,0,0,1801967515353466,1,,1801967513761652,1801967466495568,1801967515353466,1801967521463532
1175,5,pitch,2,1,pre,0.45,10,0.0,0.0,0.0,0,2;3,2:00000A;3:00000A,1801967466495568,1789324665111115204,1801967553428612,1789324665139952082,33.81022878503427,0.1482521661091596,0.14808057807385921,2,-1182,0.45329132282020695,0.011958599466903847,0.03206857107579708,step,0,0,0.14292589505203068,settle,sweep:enc:pitch:1789324665111112388,sweep:enc:pitch:1789324665111112388,FFFFFFFFFB62,"{""counts"":-1182}",1,1,1,1,0,0,0,6.006575,1,0,0,1801967547422037,1,,1801967542326940,1801967466495568,1801967547422037,1801967553428612
1176,5,pitch,2,1,pre,0.45,10,0.0,0.0,0.0,0,2;3,2:00000A;3:00000A,1801967466495568,1789324665139699660,1801967580464135,1789324665168529177,33.837034543044865,0.17505792411975563,0.17488633608445525,2,-1181,0.45290782762323556,-0.01430644851825505,0.026805758010596037,step,0,0,0.17149812704883516,settle,sweep:enc:pitch:1789324665139696940,sweep:enc:pitch:1789324665139696940,FFFFFFFFFB63,"{""counts"":-1181}",1,1,1,1,0,0,0,6.23634,1,0,0,1801967574227795,1,,1801967570911428,1801967466495568,1801967574227795,1801967580464135
1177,5,pitch,2,1,pre,0.45,10,0.0,0.0,0.0,0,2;3,2:00000A;3:00000A,1801967466495568,1789324665168266867,1801967607449865,1789324665197133698,33.86414984310977,0.2021732241846621,0.20200163614936173,2,-1181,0.45290782762323556,0.0,0.027115300064906478,step,0,0,0.20006914203986526,settle,sweep:enc:pitch:1789324665168264051,sweep:enc:pitch:1789324665168264051,FFFFFFFFFB63,"{""counts"":-1181}",1,1,1,1,0,0,0,6.10677,1,0,0,1801967601343095,1,,1801967599478443,1801967466495568,1801967601343095,1801967607449865
1178,5,pitch,2,1,pre,0.45,10,0.0,0.0,0.0,0,2;3,2:00000A;3:00000A,1801967466495568,1789324665196867323,1801967639295710,1789324665225687081,33.89633518503979,0.23435856611467898,0.2341869780793786,2,-1181,0.45290782762323556,0.0,0.032185341930016875,step,0,0,0.22864275006577373,settle,sweep:enc:pitch:1789324665196864059,sweep:enc:pitch:1789324665196864059,FFFFFFFFFB63,"{""counts"":-1181}",1,1,1,1,0,0,0,5.767273,1,0,0,1801967633528437,1,,1801967628078899,1801967466495568,1801967633528437,1801967639295710
1179,5,pitch,2,1,pre,0.45,10,0.0,0.0,0.0,0,2;3,2:00000A;3:00000A,1801967666169629,1789324665225416578,1801967677249381,1789324665254310481,33.93423595814966,0.27225933922454715,0.2720877511892468,2,-1182,0.45329132282020695,0.010118400378264185,0.03790077310986817,step,0,0,0.25721194106154144,settle,sweep:pitch_a:1789324665225383841;sweep:pitch_b:1789324665225394562;sweep:enc:pitch:1789324665225413250,sweep:enc:pitch:1789324665225413250,FFFFFFFFFB62,"{""counts"":-1182}",1,1,1,1,0,0,0,5.820171,1,0,0,1801967671429210,1,,1801967656628122,1801967666169629,1801967671429210,1801967677249381
1180,5,pitch,2,1,pre,0.45,10,0.0,0.0,0.0,0,2;3,2:00000A;3:00000A,1801967666169629,1789324665253984554,1801967694185815,1789324665275072447,33.95061820396222,0.28864158503711224,0.28846999700181186,2,-1181,0.45290782762323556,-0.02340919562306021,0.01638224581256509,step,0,0,0.28578190109692514,settle,sweep:enc:pitch:1789324665253981578,sweep:enc:pitch:1789324665253981578,FFFFFFFFFB63,"{""counts"":-1181}",1,1,1,1,0,0,0,6.374359,0,0,0,1801967687811456,1,,1801967685196098,1801967666169629,1801967687811456,1801967694185815
1181,5,pitch,2,1,step,0.45,10,0.45,0.45,0.41887902047863906,0,2;3,2:00040A00000032;3:80040A00000032,1801967717174906,1789324665275355558,1801967730249425,1789324665304349719,33.987111679976806,0.32513506105169654,0.017805863870307803,2,-1195,0.4582767603808353,0.14712034434467428,0.0364934760145843,step,1,0,3.520399332046509e-07,step,sweep:pitch_a:1789324665275326053;sweep:pitch_b:1789324665275336485;sweep:enc:pitch:1789324665275353318,sweep:enc:pitch:1789324665275353318,FFFFFFFFFB55,"{""counts"":-1195}",1,1,0,0,0,0,0,5.944493,1,0,0,1801967724304932,1,,1801967706567294,1801967717174906,1801967724304932,1801967730249425
1182,5,pitch,2,1,step,0.45,10,0.45,0.45,0.41887902047863906,0,2;3,2:00040A00000032;3:80040A00000032,1801967717174906,1789324665304018512,1801967742202413,1789324665332828925,33.998520527035,0.33654390810988843,0.0292147109284997,2,-1207,0.4628787027444922,,0.011408847058191895,step,1,0,0.028643433935940266,step,sweep:enc:pitch:1789324665304015472,sweep:enc:pitch:1789324665304015472,FFFFFFFFFB49,"{""counts"":-1207}",1,1,0,0,0,0,0,6.488634,1,0,0,1801967735713779,0,short_encoder_dt,1801967735230056,1801967717174906,1801967735713779,1801967742202413
1183,5,pitch,2,1,step,0.45,10,0.45,0.45,0.41887902047863906,0,2;3,2:00040A00000032;3:80040A00000032,1801967717174906,1789324665332572663,1801967774193062,1789324665361409221,34.03103022812866,0.36905360920354724,0.061724412022158504,2,-1244,0.4770680250324344,0.43646424945782963,0.032509701093658805,step,1,0,0.057211505016312,step,sweep:enc:pitch:1789324665332570007,sweep:enc:pitch:1789324665332570007,FFFFFFFFFB24,"{""counts"":-1244}",1,1,0,0,0,0,0,5.969582,1,0,0,1801967768223480,1,,1801967763784207,1801967717174906,1801967768223480,1801967774193062
1184,5,pitch,2,1,step,0.45,10,0.45,0.45,0.41887902047863906,0,2;3,2:00040A00000032;3:80040A00000032,1801967717174906,1789324665361156447,1801967801037957,1789324665390017101,34.0578323060181,0.3958556870929897,0.08852648991160095,2,-1272,0.4878058905476339,0.4006355611491316,0.026802077889442444,step,1,0,0.08578399196267128,step,sweep:enc:pitch:1789324665361153822,sweep:enc:pitch:1789324665361153822,FFFFFFFFFB08,"{""counts"":-1272}",1,1,0,0,0,0,0,6.012399,1,0,0,1801967795025558,1,,1801967792367959,1801967717174906,1801967795025558,1801967801037957
1185,5,pitch,2,1,step,0.45,10,0.45,0.45,0.41887902047863906,0,2;3,2:00040A00000032;3:80040A00000032,1801967717174906,1789324665389728710,1801967828078792,1789324665418539667,34.08471582503989,0.4227392061147839,0.11541000893339515,2,-1300,0.49854375606283335,0.3994218728022314,0.0268835190217942,step,1,0,0.11435318388976157,step,sweep:enc:pitch:1789324665389725542,sweep:enc:pitch:1789324665389725542,FFFFFFFFFAEC,"{""counts"":-1300}",1,1,0,0,0,0,0,6.169715,1,0,0,1801967821909077,1,,1801967820940222,1801967717174906,1801967821909077,1801967828078792
1186,5,pitch,2,1,step,0.45,10,0.45,0.45,0.41887902047863906,0,2;3,2:00040A00000032;3:80040A00000032,1801967717174906,1789324665418291213,1801967860013087,1789324665447095162,34.11685755010694,0.45488093118183315,0.1475517340004444,2,-1335,0.5119660879568327,0.4175983667957995,0.032141725067049265,step,1,0,0.14292368688620627,step,sweep:enc:pitch:1789324665418288109,sweep:enc:pitch:1789324665418288109,FFFFFFFFFAC9,"{""counts"":-1335}",1,1,0,0,0,0,0,5.962285,1,0,0,1801967854050802,1,,1801967849502789,1801967717174906,1801967854050802,1801967860013087
1187,5,pitch,2,1,step,0.45,10,0.45,0.45,0.41887902047863906,0,2;3,2:00040A00000032;3:80040A00000032,1801967717174906,1789324665446860469,1801967886885918,1789324665475686530,34.143641385948285,0.48166476702317595,0.17433556984178722,2,-1365,0.523470943865975,0.4295447439751595,0.026783835841342807,step,1,0,0.17149879899807274,step,sweep:enc:pitch:1789324665446857333,sweep:enc:pitch:1789324665446857333,FFFFFFFFFAAB,"{""counts"":-1365}",1,1,0,0,0,0,0,6.05128,1,0,0,1801967880834638,1,,1801967878072045,1801967717174906,1801967880834638,1801967886885918
1188,5,pitch,2,1,step,0.45,10,0.45,0.45,0.41887902047863906,0,2;3,2:00040A00000032;3:80040A00000032,1801967914830071,1789324665475435964,1801967927886894,1789324665504323787,34.184583575930446,0.5226069570053369,0.21527775982394814,2,-1421,0.544946674896374,0.5245379165051085,0.040942189982160926,step,1,0,0.20006795786321163,step,sweep:pitch_a:1789324665475400732;sweep:pitch_b:1789324665475412060;sweep:enc:pitch:1789324665475432156,sweep:enc:pitch:1789324665475432156,FFFFFFFFFA73,"{""counts"":-1421}",1,1,0,0,0,0,0,6.110066,1,0,0,1801967921776828,1,,1801967906647540,1801967914830071,1801967921776828,1801967927886894
1189,5,pitch,2,1,step,0.45,10,0.45,0.45,0.41887902047863906,0,2;3,2:00040A00000032;3:80040A00000032,1801967914830071,1789324665504015524,1801967944830752,1789324665532834418,34.201358566991985,0.5393819480668753,0.2320527508854866,2,-1438,0.551466093244888,0.3886391548345832,0.016774991061538458,step,1,0,0.22864486183971167,step,sweep:enc:pitch:1789324665504012452,sweep:enc:pitch:1789324665504012452,FFFFFFFFFA62,"{""counts"":-1438}",1,1,0,0,0,0,0,6.278933,1,0,0,1801967938551819,1,,1801967935227100,1801967914830071,1801967938551819,1801967944830752
1190,5,pitch,2,1,step,0.45,10,0.45,0.45,0.41887902047863906,0,2;3,2:00040A00000032;3:80040A00000032,1801967914830071,1789324665532571595,1801967971852355,1789324665561395513,34.228501005098224,0.5665243861731142,0.25919518899172544,2,-1465,0.5618204635631161,0.381482690600593,0.027142438106238842,step,1,0,0.25720704486593604,step,sweep:enc:pitch:1789324665532568651,sweep:enc:pitch:1789324665532568651,FFFFFFFFFA47,"{""counts"":-1465}",1,1,0,0,0,0,0,6.158098,1,0,0,1801967965694257,1,,1801967963783139,1801967914830071,1801967965694257,1801967971852355
1191,5,pitch,2,1,step,0.45,10,0.45,0.45,0.41887902047863906,0,2;3,2:00040A00000032;3:80040A00000032,1801967914830071,1789324665561144755,1801968003799163,1789324665589999873,34.26068608998321,0.5987094710581005,0.2913802738767117,2,-1499,0.574859300260144,0.40512046942309743,0.03218508488498628,step,1,0,0.28578068502247334,step,sweep:enc:pitch:1789324665561141907,sweep:enc:pitch:1789324665561141907,FFFFFFFFFA25,"{""counts"":-1499}",1,1,0,0,0,0,0,5.919821,1,0,0,1801967997879342,1,,1801967992356491,1801967914830071,1801967997879342,1801968003799163
1192,5,pitch,2,1,step,0.45,10,0.45,0.45,0.41887902047863906,0,2;3,2:00040A00000032;3:80040A00000032,1801967914830071,1789324665589725755,1801968030674010,1789324665618567848,34.28743354207836,0.6254569231532514,0.3181277259718627,2,-1528,0.5859806609723149,0.4157914059480511,0.026747452095150948,step,1,0,0.3143536529969424,step,sweep:enc:pitch:1789324665589722906,sweep:enc:pitch:1789324665589722906,FFFFFFFFFA08,"{""counts"":-1528}",1,1,0,0,0,0,0,6.047216,1,0,0,1801968024626794,1,,1801968020937459,1801967914830071,1801968024626794,1801968030674010
1193,5,pitch,2,1,step,0.45,10,0.45,0.45,0.41887902047863906,0,2;3,2:00040A00000032;3:80040A00000032,1801967914830071,1789324665618303362,1801968057666908,1789324665647110799,34.314333798130974,0.6523571792058647,0.34502798202447593,2,-1558,0.5974855168814572,0.4276857397431592,0.02690025605261326,step,1,0,0.34292866801843047,step,sweep:enc:pitch:1789324665618300674,sweep:enc:pitch:1789324665618300674,FFFFFFFFF9EA,"{""counts"":-1558}",1,1,0,0,0,0,0,6.139858,1,0,0,1801968051527050,1,,1801968049514970,1801967914830071,1801968051527050,1801968057666908
1194,5,pitch,2,1,step,0.45,10,0.45,0.45,0.41887902047863906,0,2;3,2:00040A00000032;3:80040A00000032,1801967914830071,1789324665646861577,1801968084597821,1789324665675558388,34.341363785089925,0.6793871661648154,0.3720579689834267,2,-1587,0.6086068775936281,0.4114452858989671,0.027029986958950758,step,1,0,0.37149568391032517,step,sweep:enc:pitch:1789324665646858633,sweep:enc:pitch:1789324665646858633,FFFFFFFFF9CD,"{""counts"":-1587}",1,1,0,0,0,0,0,6.040784,0,0,0,1801968078557037,1,,1801968078073121,1801967914830071,1801968078557037,1801968084597821
1195,5,pitch,2,1,post,0.45,10,0.0,0.0,0.0,0,2;3,2:00000A;3:00000A,1801968116563989,1789324665675837851,1801968128396526,1789324665704774251,34.38515983405523,0.7231832151301205,0.015351917129009962,2,-1626,0.6235631902755131,0.34149913143382643,0.04379604896530509,step,2,1,6.721820682287216e-07,settle,sweep:pitch_a:1789324665675814618;sweep:pitch_b:1789324665675822330;sweep:enc:pitch:1789324665675835738,sweep:enc:pitch:1789324665675835738,FFFFFFFFF9A6,"{""counts"":-1626}",1,1,1,0,0,0,0,6.04344,1,0,0,1801968122353086,1,,1801968107049619,1801968116563989,1801968122353086,1801968128396526
1196,5,pitch,2,1,post,0.45,10,0.0,0.0,0.0,0,2;3,2:00000A;3:00000A,1801968116563989,1789324665704495556,1801968144523950,1789324665733339858,34.401761444984004,0.7397848260588944,0.03195352805778384,2,-1626,0.6235631902755131,0.0,0.01660161092877388,step,2,1,0.028642538003623486,settle,sweep:enc:pitch:1789324665704493444,sweep:enc:pitch:1789324665704493444,FFFFFFFFF9A6,"{""counts"":-1626}",1,1,1,1,0,0,0,5.569253,1,0,0,1801968138954697,1,,1801968135707292,1801968116563989,1801968138954697,1801968144523950
1197,5,pitch,2,1,post,0.45,10,0.0,0.0,0.0,0,2;3,2:00000A;3:00000A,1801968116563989,1789324665733080716,1801968171590577,1789324665761905721,34.42823103512637,0.7662544162012637,0.05842311820015311,2,-1626,0.6235631902755131,0.0,0.02646959014236927,step,2,1,0.05721848108805716,settle,sweep:enc:pitch:1789324665733078188,sweep:enc:pitch:1789324665733078188,FFFFFFFFF9A6,"{""counts"":-1626}",1,1,1,1,0,0,0,6.16629,1,0,0,1801968165424287,1,,1801968164292260,1801968116563989,1801968165424287,1801968171590577
1198,5,pitch,2,1,post,0.45,10,0.0,0.0,0.0,0,2;3,2:00000A;3:00000A,1801968116563989,1789324665761646227,1801968203379237,1789324665790460673,34.46036731894128,0.7983907000161707,0.09055940201506019,2,-1626,0.6235631902755131,0.0,0.032136283814907074,step,2,1,0.08578396122902632,settle,sweep:enc:pitch:1789324665761643635,sweep:enc:pitch:1789324665761643635,FFFFFFFFF9A6,"{""counts"":-1626}",1,1,1,1,0,0,0,5.818666,1,0,0,1801968197560571,1,,1801968192857835,1801968116563989,1801968197560571,1801968203379237
1199,5,pitch,2,1,post,0.45,10,0.0,0.0,0.0,0,2;3,2:00000A;3:00000A,1801968116563989,1789324665790212411,1801968230367591,1789324665819013768,34.48705576197244,0.8250791430473328,0.11724784504622221,2,-1626,0.6235631902755131,0.0,0.026688443031162024,step,2,1,0.1143551361747086,settle,sweep:enc:pitch:1789324665790209275,sweep:enc:pitch:1789324665790209275,FFFFFFFFF9A6,"{""counts"":-1626}",1,1,1,1,0,0,0,6.118577,1,0,0,1801968224249014,1,,1801968221424147,1801968116563989,1801968224249014,1801968230367591
1200,5,pitch,2,1,post,0.45,10,0.0,0.0,0.0,0,2;3,2:00000A;3:00000A,1801968116563989,1789324665818779874,1801968257384874,1789324665847647089,34.51394526497461,0.8519686460494995,0.14413734804838896,2,-1626,0.6235631902755131,0.0,0.026889503002166748,step,2,1,0.14292621612548828,settle,sweep:enc:pitch:1789324665818777122,sweep:enc:pitch:1789324665818777122,FFFFFFFFF9A6,"{""counts"":-1626}",1,1,1,1,0,0,0,6.246357,1,0,0,1801968251138517,1,,1801968249991514,1801968116563989,1801968251138517,1801968257384874
1201,5,pitch,2,1,post,0.45,10,0.0,0.0,0.0,0,2;3,2:00000A;3:00000A,1801968116563989,1789324665847363882,1801968289373827,1789324665876214264,34.54616183997132,0.8841852210462093,0.17635392304509878,2,-1626,0.6235631902755131,0.0,0.032216574996709824,step,2,1,0.17149982322007418,settle,sweep:enc:pitch:1789324665847361322,sweep:enc:pitch:1789324665847361322,FFFFFFFFF9A6,"{""counts"":-1626}",1,1,1,1,0,0,0,6.018735,1,0,0,1801968283355092,1,,1801968278575490,1801968116563989,1801968283355092,1801968289373827
1202,5,pitch,2,1,post,0.45,10,0.0,0.0,0.0,0,2;3,2:00000A;3:00000A,1801968316282851,1789324665875933777,1801968328143389,1789324665904765375,34.584632897982374,0.9226562790572643,0.21482498105615377,2,-1626,0.6235631902755131,0.0,0.03847105801105499,step,2,1,0.20007010316476226,settle,sweep:pitch_a:1789324665875901393;sweep:pitch_b:1789324665875911697;sweep:enc:pitch:1789324665875930417,sweep:enc:pitch:1789324665875930417,FFFFFFFFF9A6,"{""counts"":-1626}",1,1,1,1,0,0,0,6.317239,1,0,0,1801968321826150,1,,1801968307145513,1801968316282851,1801968321826150,1801968328143389
1203,5,pitch,2,1,post,0.45,10,0.0,0.0,0.0,0,2;3,2:00000A;3:00000A,1801968316282851,1789324665904492185,1801968345066703,1789324665933291173,34.60149678797461,0.9395201690495014,0.23168887104839087,2,-1626,0.6235631902755131,0.0,0.01686388999223709,step,2,1,0.22864015819504857,settle,sweep:enc:pitch:1789324665904489592,sweep:enc:pitch:1789324665904489592,FFFFFFFFF9A6,"{""counts"":-1626}",1,1,1,1,0,0,0,6.376663,1,0,0,1801968338690040,1,,1801968335703825,1801968316282851,1801968338690040,1801968345066703
1204,5,pitch,2,1,post,0.45,10,0.0,0.0,0.0,0,2;3,2:00000A;3:00000A,1801968316282851,1789324665933061184,1801968372103986,1789324665961913102,34.62865538499318,0.9666787660680711,0.2588474680669606,2,-1626,0.6235631902755131,0.0,0.027158597018569708,step,2,1,0.25720941415056586,settle,sweep:enc:pitch:1789324665933058336,sweep:enc:pitch:1789324665933058336,FFFFFFFFF9A6,"{""counts"":-1626}",1,1,1,1,0,0,0,6.255349,1,0,0,1801968365848637,1,,1801968364272792,1801968316282851,1801968365848637,1801968372103986
1205,5,pitch,2,1,post,0.45,10,0.0,0.0,0.0,0,2;3,2:00000A;3:00000A,1801968316282851,1789324665961646152,1801968404128844,1789324665990462389,34.66090044006705,0.9989238211419433,0.2910925231408328,2,-1626,0.6235631902755131,0.0,0.03224505507387221,step,2,1,0.2857852610759437,settle,sweep:enc:pitch:1789324665961643432,sweep:enc:pitch:1789324665961643432,FFFFFFFFF9A6,"{""counts"":-1626}",1,1,1,1,0,0,0,6.035152,1,0,0,1801968398093692,1,,1801968392857728,1801968316282851,1801968398093692,1801968404128844
1206,5,pitch,2,1,post,0.45,10,0.0,0.0,0.0,0,2;3,2:00000A;3:00000A,1801968316282851,1789324665990212271,1801968431087309,1789324666019031997,34.687837433069944,1.0258608141448349,0.3180295161437243,2,-1626,0.6235631902755131,0.0,0.02693699300289154,step,2,1,0.3143557971343398,settle,sweep:enc:pitch:1789324665990209999,sweep:enc:pitch:1789324665990209999,FFFFFFFFF9A6,"{""counts"":-1626}",1,1,1,1,0,0,0,6.056624,1,0,0,1801968425030685,1,,1801968421423879,1801968316282851,1801968425030685,1801968431087309
1207,5,pitch,2,1,post,0.45,10,0.0,0.0,0.0,0,2;3,2:00000A;3:00000A,1801968316282851,1789324666018782743,1801968458100623,1789324666047625413,34.71478741802275,1.0528107990976423,0.34497950109653175,2,-1626,0.6235631902755131,0.0,0.026949984952807426,step,2,1,0.3429266521707177,settle,sweep:enc:pitch:1789324666018779447,sweep:enc:pitch:1789324666018779447,FFFFFFFFF9A6,"{""counts"":-1626}",1,1,1,1,0,0,0,6.119953,1,0,0,1801968451980670,1,,1801968449994287,1801968316282851,1801968451980670,1801968458100623
1208,5,pitch,2,1,post,0.45,10,0.0,0.0,0.0,0,2;3,2:00000A;3:00000A,1801968316282851,1789324666047361598,1801968489897124,1789324666076238733,34.74690072610974,1.0849241071846336,0.37709280918352306,2,-1626,0.6235631902755131,0.0,0.03211330808699131,step,2,1,0.3715004841797054,settle,sweep:enc:pitch:1789324666047358558,sweep:enc:pitch:1789324666047358558,FFFFFFFFF9A6,"{""counts"":-1626}",1,1,1,1,0,0,0,5.803146,0,0,0,1801968484093978,1,,1801968478573014,1801968316282851,1801968484093978,1801968489897124
1209,5,pitch,2,1,rest,0.45,10,0.0,0.0,0.0,0,2;3,2:00000A;3:00000A,1801968516800067,1789324666076486995,1801968528830977,1789324666105440355,34.78523997310549,1.1232633541803807,0.01478351908735931,2,-1626,0.6235631902755131,0.0,0.03833924699574709,step,3,1,5.760230123996735e-07,rest,sweep:pitch_a:1789324666076463730;sweep:pitch_b:1789324666076471827;sweep:enc:pitch:1789324666076485043,sweep:enc:pitch:1789324666076485043,FFFFFFFFF9A6,"{""counts"":-1626}",1,1,0,0,0,0,0,6.397752,1,0,0,1801968522433225,1,,1801968507698763,1801968516800067,1801968522433225,1801968528830977
1210,5,pitch,2,1,rest,0.45,10,0.0,0.0,0.0,0,2;3,2:00000A;3:00000A,1801968516800067,1789324666105143772,1801968545757844,1789324666133958666,34.80222005699761,1.1402434380725026,0.03176360297948122,2,-1626,0.6235631902755131,0.0,0.01698008389212191,step,3,1,0.028640809003263712,rest,sweep:enc:pitch:1789324666105141340,sweep:enc:pitch:1789324666105141340,FFFFFFFFF9A6,"{""counts"":-1626}",1,1,0,0,0,0,0,6.344535,1,0,0,1801968539413309,1,,1801968536355348,1801968516800067,1801968539413309,1801968545757844
1211,5,pitch,2,1,rest,0.45,10,0.0,0.0,0.0,0,2;3,2:00000A;3:00000A,1801968516800067,1789324666133713764,1801968572802167,1789324666162504464,34.82938419096172,1.167407572036609,0.05892773694358766,2,-1626,0.6235631902755131,0.0,0.02716413396410644,step,3,1,0.05720872012898326,rest,sweep:enc:pitch:1789324666133710980,sweep:enc:pitch:1789324666133710980,FFFFFFFFF9A6,"{""counts"":-1626}",1,1,0,0,0,0,0,6.224724,1,0,0,1801968566577443,1,,1801968564925404,1801968516800067,1801968566577443,1801968572802167
1212,5,pitch,2,1,rest,0.45,10,0.0,0.0,0.0,0,2;3,2:00000A;3:00000A,1801968516800067,1789324666162248170,1801968604790320,1789324666191138297,34.861555516021326,1.1995788970962167,0.09109906200319529,2,-1626,0.6235631902755131,0.0,0.032171325059607625,step,3,1,0.08573656692169607,rest,sweep:enc:pitch:1789324666162245354,sweep:enc:pitch:1789324666162245354,FFFFFFFFF9A6,"{""counts"":-1626}",1,1,0,0,0,0,0,6.041552,1,0,0,1801968598748768,1,,1801968593459650,1801968516800067,1801968598748768,1801968604790320
1213,5,pitch,2,1,rest,0.45,10,0.0,0.0,0.0,0,2;3,2:00000A;3:00000A,1801968516800067,1789324666190869811,1801968631781714,1789324666219674656,34.88852415699512,1.2265475380700082,0.11806770297698677,2,-1626,0.6235631902755131,0.0,0.02696864097379148,step,3,1,0.11436051107011735,rest,sweep:enc:pitch:1789324666190866931,sweep:enc:pitch:1789324666190866931,FFFFFFFFF9A6,"{""counts"":-1626}",1,1,0,0,0,0,0,6.064305,1,0,0,1801968625717409,1,,1801968622081419,1801968516800067,1801968625717409,1801968631781714
1214,5,pitch,2,1,rest,0.45,10,0.0,0.0,0.0,0,2;3,2:00000A;3:00000A,1801968516800067,1789324666219429338,1801968658607088,1789324666230098552,34.91547423810698,1.2534976191818714,0.14501778408885002,2,-1626,0.6235631902755131,0.0,0.026950081111863256,step,3,1,0.14292803895659745,rest,sweep:enc:pitch:1789324666219426458,sweep:enc:pitch:1789324666219426458,FFFFFFFFF9A6,"{""counts"":-1626}",1,1,0,0,0,0,0,5.939598,0,0,0,1801968652667490,1,,1801968650640882,1801968516800067,1801968652667490,1801968658607088
1215,5,pitch,2,-1,pre,0.45,10,0.0,0.0,0.0,0,2;3,2:00000A;3:00000A,1801968516800067,1789324666230571971,1801968669744920,1789324666259476083,34.92687988607213,0.002502203918993473,0.002332407981157303,2,-1626,0.6235631902755131,,0.011405647965148091,step,0,0,7.359776645898819e-07,settle,sweep:enc:pitch:1789324666230569891,sweep:enc:pitch:1789324666230569891,FFFFFFFFF9A6,"{""counts"":-1626}",1,1,1,0,0,0,0,5.671782,1,0,0,1801968664073138,0,short_encoder_dt,1801968661783739,1801968516800067,1801968664073138,1801968669744920
1216,5,pitch,2,-1,pre,0.45,10,0.0,0.0,0.0,0,2;3,2:00000A;3:00000A,1801968516800067,1789324666259235245,1801968701703921,1789324666288049722,34.95851862197742,0.03414093982428312,0.03397114388644695,2,-1626,0.6235631902755131,0.0,0.03163873590528965,step,0,0,0.028639625059440732,settle,sweep:enc:pitch:1789324666259232525,sweep:enc:pitch:1789324666259232525,FFFFFFFFF9A6,"{""counts"":-1626}",1,1,1,1,0,0,0,5.992047,1,0,0,1801968695711874,1,,1801968690446949,1801968516800067,1801968695711874,1801968701703921
1217,5,pitch,2,-1,pre,0.45,10,0.0,0.0,0.0,0,2;3,2:00000A;3:00000A,1801968728544559,1789324666287808180,1801968739459506,1789324666316686659,34.99661703198217,0.07223934982903302,0.07206955389119685,2,-1626,0.6235631902755131,0.0,0.038098410004749894,step,0,0,0.05721377697773278,settle,sweep:pitch_a:1789324666287778484;sweep:pitch_b:1789324666287787732;sweep:enc:pitch:1789324666287805012,sweep:enc:pitch:1789324666287805012,FFFFFFFFF9A6,"{""counts"":-1626}",1,1,1,1,0,0,0,5.649222,1,0,0,1801968733810284,1,,1801968719019692,1801968728544559,1801968733810284,1801968739459506
1218,5,pitch,2,-1,pre,0.45,10,0.0,0.0,0.0,0,2;3,2:00000A;3:00000A,1801968728544559,1789324666316379676,1801968756591594,1789324666345193993,35.01283111399971,0.08845343184657395,0.08828363590873778,2,-1626,0.6235631902755131,0.0,0.01621408201754093,step,0,0,0.08578149601817131,settle,sweep:enc:pitch:1789324666316377308,sweep:enc:pitch:1789324666316377308,FFFFFFFFF9A6,"{""counts"":-1626}",1,1,1,1,0,0,0,6.567228,1,0,0,1801968750024366,1,,1801968747591252,1801968728544559,1801968750024366,1801968756591594
1219,5,pitch,2,-1,pre,0.45,10,0.0,0.0,0.0,0,2;3,2:00000A;3:00000A,1801968728544559,1789324666344950659,1801968783390759,1789324666373745744,35.04021157301031,0.11583389085717499,0.11566409491933882,2,-1626,0.6235631902755131,0.0,0.027380459010601044,step,0,0,0.11435334384441376,settle,sweep:enc:pitch:1789324666344948131,sweep:enc:pitch:1789324666344948131,FFFFFFFFF9A6,"{""counts"":-1626}",1,1,1,1,0,0,0,5.985934,1,0,0,1801968777404825,1,,1801968776162395,1801968728544559,1801968777404825,1801968783390759
1220,5,pitch,2,-1,pre,0.45,10,0.0,0.0,0.0,0,2;3,2:00000A;3:00000A,1801968728544559,1789324666373514826,1801968815366752,1789324666402326424,35.07214986812323,0.14777218597009778,0.1476023900322616,2,-1626,0.6235631902755131,0.0,0.03193829511292279,step,0,0,0.14292128686793149,settle,sweep:enc:pitch:1789324666373512106,sweep:enc:pitch:1789324666373512106,FFFFFFFFF9A6,"{""counts"":-1626}",1,1,1,1,0,0,0,6.023632,1,0,0,1801968809343120,1,,1801968804726530,1801968728544559,1801968809343120,1801968815366752
1221,5,pitch,2,-1,pre,0.45,10,0.0,0.0,0.0,0,2;3,2:00000A;3:00000A,1801968728544559,1789324666402081298,1801968842415875,1789324666430946400,35.09898701799102,0.17460933583788574,0.17443953990004957,2,-1626,0.6235631902755131,0.0,0.026837149867787957,step,0,0,0.17149022198282182,settle,sweep:enc:pitch:1789324666402078578,sweep:enc:pitch:1789324666402078578,FFFFFFFFF9A6,"{""counts"":-1626}",1,1,1,1,0,0,0,6.235605,1,0,0,1801968836180270,1,,1801968833292906,1801968728544559,1801968836180270,1801968842415875
1222,5,pitch,2,-1,pre,0.45,10,0.0,0.0,0.0,0,2;3,2:00000A;3:00000A,1801968728544559,1789324666430677178,1801968869399076,1789324666459468007,35.126087055075914,0.20170937292277813,0.20153957698494196,2,-1626,0.6235631902755131,0.0,0.027100037084892392,step,0,0,0.20006943005137146,settle,sweep:enc:pitch:1789324666430674490,sweep:enc:pitch:1789324666430674490,FFFFFFFFF9A6,"{""counts"":-1626}",1,1,1,1,0,0,0,6.118769,1,0,0,1801968863280307,1,,1801968861888722,1801968728544559,1801968863280307,1801968869399076
1223,5,pitch,2,-1,pre,0.45,10,0.0,0.0,0.0,0,2;3,2:00000A;3:00000A,1801968728544559,1789324666459231969,1801968901360445,1789324666488037934,35.15816128998995,0.23378360783681273,0.23361381189897656,2,-1626,0.6235631902755131,0.0,0.032074234914034605,step,0,0,0.22863980499096215,settle,sweep:enc:pitch:1789324666459229089,sweep:enc:pitch:1789324666459229089,FFFFFFFFF9A6,"{""counts"":-1626}",1,1,1,1,0,0,0,6.005903,1,0,0,1801968895354542,1,,1801968890443577,1801968728544559,1801968895354542,1801968901360445
1224,5,pitch,2,-1,pre,0.45,10,0.0,0.0,0.0,0,2;3,2:00000A;3:00000A,1801968728544559,1789324666487805448,1801968928176442,1789324666516693015,35.18498896807432,0.2606112859211862,0.26044148998335004,2,-1626,0.6235631902755131,0.0,0.026827678084373474,step,0,0,0.25721078901551664,settle,sweep:enc:pitch:1789324666487802888,sweep:enc:pitch:1789324666487802888,FFFFFFFFF9A6,"{""counts"":-1626}",1,1,1,1,0,0,0,5.994222,1,0,0,1801968922182220,1,,1801968919017216,1801968728544559,1801968922182220,1801968928176442
1225,5,pitch,2,-1,pre,0.45,10,0.0,0.0,0.0,0,2;3,2:00000A;3:00000A,1801968955151196,1789324666516402448,1801968967181082,1789324666537522791,35.22408343292773,0.29970575077459216,0.299535954836756,2,-1626,0.6235631902755131,0.0,0.03909446485340595,step,0,0,0.2857953729107976,settle,sweep:pitch_a:1789324666516368208;sweep:pitch_b:1789324666516379280;sweep:enc:pitch:1789324666516399504,sweep:enc:pitch:1789324666516399504,FFFFFFFFF9A6,"{""counts"":-1626}",1,1,1,1,0,0,0,5.904397,0,0,0,1801968961276685,1,,1801968947613992,1801968955151196,1801968961276685,1801968967181082
1226,5,pitch,2,-1,step,0.45,10,-0.45,-0.45,-0.41887902047863906,0,2;3,2:80040A00000032;3:00040A00000032,1801968979063860,1789324666537847246,1801968992153036,1789324666566798591,35.24894898501225,0.3245713028591126,0.017140472074970603,2,-1613,0.6185777527148848,-0.20049575186114146,0.02486555208452046,step,1,0,6.721820682287216e-07,step,sweep:pitch_a:1789324666537819470;sweep:pitch_b:1789324666537829230;sweep:enc:pitch:1789324666537845166,sweep:enc:pitch:1789324666537845166,FFFFFFFFF9B3,"{""counts"":-1613}",1,1,0,0,0,0,0,6.010799,1,0,0,1801968986142237,1,,1801968969059046,1801968979063860,1801968986142237,1801968992153036
1227,5,pitch,2,-1,step,0.45,10,-0.45,-0.45,-0.41887902047863906,0,2;3,2:80040A00000032;3:00040A00000032,1801968979063860,1789324666566509912,1801969009068190,1789324666595303717,35.26550509012304,0.3411274079699069,0.03369657718576491,2,-1597,0.6124418295633423,-0.3706139282446343,0.016556105110794306,step,1,0,0.028642185032367706,step,sweep:enc:pitch:1789324666566507320,sweep:enc:pitch:1789324666566507320,FFFFFFFFF9C3,"{""counts"":-1597}",1,1,0,0,0,0,0,6.369848,1,0,0,1801969002698342,1,,1801968997721456,1801968979063860,1801969002698342,1801969009068190
1228,5,pitch,2,-1,step,0.45,10,-0.45,-0.45,-0.41887902047863906,0,2;3,2:80040A00000032;3:00040A00000032,1801968979063860,1789324666595075039,1801969036100481,1789324666623870060,35.29269076115452,0.368313079001382,0.060882248217239976,2,-1569,0.6017039640481427,-0.39498254439875347,0.027185671031475067,step,1,0,0.05721268919296563,step,sweep:enc:pitch:1789324666595072223,sweep:enc:pitch:1789324666595072223,FFFFFFFFF9DF,"{""counts"":-1569}",1,1,0,0,0,0,0,6.216468,1,0,0,1801969029884013,1,,1801969026286743,1801968979063860,1801969029884013,1801969036100481
1229,5,pitch,2,-1,step,0.45,10,-0.45,-0.45,-0.41887902047863906,0,2;3,2:80040A00000032;3:00040A00000032,1801968979063860,1789324666623642791,1801969063144548,1789324666652487925,35.31969127501361,0.3953135928604752,0.08788276207633317,2,-1539,0.5901991081390005,-0.42609766499935375,0.02700051385909319,step,1,0,0.0857825840357691,step,sweep:enc:pitch:1789324666623639975,sweep:enc:pitch:1789324666623639975,FFFFFFFFF9FD,"{""counts"":-1539}",1,1,0,0,0,0,0,6.260021,1,0,0,1801969056884527,1,,1801969054854399,1801968979063860,1801969056884527,1801969063144548
1230,5,pitch,2,-1,step,0.45,10,-0.45,-0.45,-0.41887902047863906,0,2;3,2:80040A00000032;3:00040A00000032,1801968979063860,1789324666652224206,1801969089949217,1789324666681046396,35.34679582412355,0.42241814197041094,0.11498731118626893,2,-1509,0.5786942522298582,-0.42446217653275564,0.02710454910993576,step,1,0,0.11435561603866518,step,sweep:enc:pitch:1789324666652221582,sweep:enc:pitch:1789324666652221582,FFFFFFFFFA1B,"{""counts"":-1509}",1,1,0,0,0,0,0,5.960141,1,0,0,1801969083989076,1,,1801969083435782,1801968979063860,1801969083989076,1801969089949217
1231,5,pitch,2,-1,step,0.45,10,-0.45,-0.45,-0.41887902047863906,0,2;3,2:80040A00000032;3:00040A00000032,1801968979063860,1789324666680806678,1801969121876697,1789324666709593571,35.378665765048936,0.45428808289580047,0.14685725211165845,2,-1475,0.5656554155328302,-0.40912647838140365,0.03186994092538953,step,1,0,0.1429280391894281,step,sweep:enc:pitch:1789324666680803126,sweep:enc:pitch:1789324666680803126,FFFFFFFFFA3D,"{""counts"":-1475}",1,1,0,0,0,0,0,6.01768,1,0,0,1801969115859017,1,,1801969112018286,1801968979063860,1801969115859017,1801969121876697
1232,5,pitch,2,-1,step,0.45,10,-0.45,-0.45,-0.41887902047863906,0,2;3,2:80040A00000032;3:00040A00000032,1801968979063860,1789324666709356957,1801969148949116,1789324666738196523,35.40550141199492,0.48112372984178364,0.17369289905764163,2,-1448,0.5553010452146021,-0.38584388664339336,0.02683564694598317,step,1,0,0.1714964942075312,step,sweep:enc:pitch:1789324666709354205,sweep:enc:pitch:1789324666709354205,FFFFFFFFFA58,"{""counts"":-1448}",1,1,0,0,0,0,0,6.254452,1,0,0,1801969142694664,1,,1801969140568533,1801968979063860,1801969142694664,1801969148949116
1233,5,pitch,2,-1,step,0.45,10,-0.45,-0.45,-0.41887902047863906,0,2;3,2:80040A00000032;3:00040A00000032,1801969176761778,1789324666737938117,1801969189806760,1789324666766816339,35.44655432412401,0.5221766419708729,0.21474581118673086,2,-1395,0.5349757997751173,-0.4950987490381402,0.041052912129089236,step,1,0,0.20006866217590868,step,sweep:pitch_a:1789324666737904356;sweep:pitch_b:1789324666737915524;sweep:enc:pitch:1789324666737935429,sweep:enc:pitch:1789324666737935429,FFFFFFFFFA8D,"{""counts"":-1395}",1,1,0,0,0,0,0,6.059184,1,0,0,1801969183747576,1,,1801969169149757,1801969176761778,1801969183747576,1801969189806760
1234,5,pitch,2,-1,step,0.45,10,-0.45,-0.45,-0.41887902047863906,0,2;3,2:80040A00000032;3:00040A00000032,1801969176761778,1789324666766511852,1801969206692570,1789324666795316889,35.46321270405315,0.5388350219000131,0.23140419111587107,2,-1376,0.5276893910326605,-0.43740200268279383,0.01665837992914021,step,1,0,0.22864329302683473,step,sweep:enc:pitch:1789324666766509324,sweep:enc:pitch:1789324666766509324,FFFFFFFFFAA0,"{""counts"":-1376}",1,1,0,0,0,0,0,6.286614,1,0,0,1801969200405956,1,,1801969197723396,1801969176761778,1801969200405956,1801969206692570
1235,5,pitch,2,-1,step,0.45,10,-0.45,-0.45,-0.41887902047863906,0,2;3,2:80040A00000032;3:00040A00000032,1801969176761778,1789324666795077300,1801969233744477,1789324666823882881,35.49030576413497,0.5659280819818377,0.25849725119769573,2,-1346,0.5161845351235183,-0.4246421731024881,0.02709306008182466,step,1,0,0.25721213314682245,step,sweep:enc:pitch:1789324666795074836,sweep:enc:pitch:1789324666795074836,FFFFFFFFFABE,"{""counts"":-1346}",1,1,0,0,0,0,0,6.245461,1,0,0,1801969227499016,1,,1801969226289036,1801969176761778,1801969227499016,1801969233744477
1236,5,pitch,2,-1,step,0.45,10,-0.45,-0.45,-0.41887902047863906,0,2;3,2:80040A00000032;3:00040A00000032,1801969176761778,1789324666823645499,1801969265709621,1789324666852452488,35.52243372797966,0.5980560458265245,0.2906252150423825,2,-1310,0.5023787080325475,-0.42971372719762185,0.03212796384468675,step,1,0,0.28578199609182775,step,sweep:enc:pitch:1789324666823642907,sweep:enc:pitch:1789324666823642907,FFFFFFFFFAE2,"{""counts"":-1310}",1,1,0,0,0,0,0,6.082641,1,0,0,1801969259626980,1,,1801969254857075,1801969176761778,1801969259626980,1801969265709621
1237,5,pitch,2,-1,step,0.45,10,-0.45,-0.45,-0.41887902047863906,0,2;3,2:80040A00000032;3:00040A00000032,1801969176761778,1789324666852220322,1801969292652374,1789324666881062192,35.54931193613447,0.624934253981337,0.31750342319719493,2,-1282,0.491640842517348,-0.3995007945973092,0.026878208154812455,step,1,0,0.3143572360277176,step,sweep:enc:pitch:1789324666852217986,sweep:enc:pitch:1789324666852217986,FFFFFFFFFAFE,"{""counts"":-1282}",1,1,0,0,0,0,0,6.147186,1,0,0,1801969286505188,1,,1801969283431930,1801969176761778,1801969286505188,1801969292652374
1238,5,pitch,2,-1,step,0.45,10,-0.45,-0.45,-0.41887902047863906,0,2;3,2:80040A00000032;3:00040A00000032,1801969176761778,1789324666880813418,1801969319599927,1789324666909641368,35.576374595053494,0.6519969129003584,0.3445660821162164,2,-1255,0.4812864721991199,-0.3826072799871986,0.027062658919021487,step,1,0,0.3429297232069075,step,sweep:enc:pitch:1789324666880809866,sweep:enc:pitch:1789324666880809866,FFFFFFFFFB19,"{""counts"":-1255}",1,1,0,0,0,0,0,6.03208,1,0,0,1801969313567847,1,,1801969312025058,1801969176761778,1801969313567847,1801969319599927
1239,5,pitch,2,-1,step,0.45,10,-0.45,-0.45,-0.41887902047863906,0,2;3,2:80040A00000032;3:00040A00000032,1801969176761778,1789324666909364273,1801969351609040,1789324666938055356,35.608376572141424,0.6839988899882883,0.37656805920414627,2,-1219,0.46748064510814913,-0.4314054426399146,0.032001977087929845,step,1,0,0.37150083505548537,step,sweep:enc:pitch:1789324666909361681,sweep:enc:pitch:1789324666909361681,FFFFFFFFFB3D,"{""counts"":-1219}",1,1,0,0,0,0,0,6.039216,0,0,0,1801969345569824,1,,1801969340576009,1801969176761778,1801969345569824,1801969351609040
1240,5,pitch,2,-1,post,0.45,10,0.0,0.0,0.0,0,2;3,2:00000A;3:00000A,1801969378468175,1789324666938342915,1801969390349833,1789324666967309203,35.64707781304605,0.7227001308929175,0.01476777601055801,2,-1181,0.45290782762323556,-0.3765465174831241,0.03870124090462923,step,2,1,5.760230123996735e-07,settle,sweep:pitch_a:1789324666938317506;sweep:pitch_b:1789324666938326338;sweep:enc:pitch:1789324666938340770,sweep:enc:pitch:1789324666938340770,FFFFFFFFFB63,"{""counts"":-1181}",1,1,1,0,0,0,0,6.078768,1,0,0,1801969384271065,1,,1801969369554715,1801969378468175,1801969384271065,1801969390349833
1241,5,pitch,2,-1,post,0.45,10,0.0,0.0,0.0,0,2;3,2:00000A;3:00000A,1801969378468175,1789324666966997036,1801969407457184,1789324666995812249,35.66378835402429,0.7394106718711555,0.031478316988795996,2,-1181,0.45290782762323556,0.0,0.016710540978237987,step,2,1,0.028640328906476498,settle,sweep:enc:pitch:1789324666966994380,sweep:enc:pitch:1789324666966994380,FFFFFFFFFB63,"{""counts"":-1181}",1,1,1,1,0,0,0,6.475578,1,0,0,1801969400981606,1,,1801969398208580,1801969378468175,1801969400981606,1801969407457184
1242,5,pitch,2,-1,post,0.45,10,0.0,0.0,0.0,0,2;3,2:00000A;3:00000A,1801969378468175,1789324666995571571,1801969434302110,1789324667024445506,35.69113197992556,0.7667542977724224,0.05882194289006293,2,-1181,0.45290782762323556,0.0,0.027343625901266932,step,2,1,0.0572134570684284,settle,sweep:enc:pitch:1789324666995569491,sweep:enc:pitch:1789324666995569491,FFFFFFFFFB63,"{""counts"":-1181}",1,1,1,1,0,0,0,5.976878,1,0,0,1801969428325232,1,,1801969426783339,1801969378468175,1801969428325232,1801969434302110
1243,5,pitch,2,-1,post,0.45,10,0.0,0.0,0.0,0,2;3,2:00000A;3:00000A,1801969378468175,1789324667024172188,1801969466258294,1789324667052981193,35.723082948010415,0.7987052658572793,0.0907729109749198,2,-1181,0.45290782762323556,0.0,0.03195096808485687,step,2,1,0.08578168810345232,settle,sweep:enc:pitch:1789324667024169724,sweep:enc:pitch:1789324667024169724,FFFFFFFFFB63,"{""counts"":-1181}",1,1,1,1,0,0,0,5.982094,1,0,0,1801969460276200,1,,1801969455383924,1801969378468175,1801969460276200,1801969466258294
1244,5,pitch,2,-1,post,0.45,10,0.0,0.0,0.0,0,2;3,2:00000A;3:00000A,1801969378468175,1789324667052710146,1801969493330074,1789324667081532432,35.74988124915399,0.825503567000851,0.11757121211849153,2,-1181,0.45290782762323556,0.0,0.026798301143571734,step,2,1,0.11435468797571957,settle,sweep:enc:pitch:1789324667052707938,sweep:enc:pitch:1789324667052707938,FFFFFFFFFB63,"{""counts"":-1181}",1,1,1,1,0,0,0,6.255573,1,0,0,1801969487074501,1,,1801969483921914,1801969378468175,1801969487074501,1801969493330074
1245,5,pitch,2,-1,post,0.45,10,0.0,0.0,0.0,0,2;3,2:00000A;3:00000A,1801969378468175,1789324667081280330,1801969520346172,1789324667110118135,35.776998246088624,0.8526205639354885,0.14468820905312896,2,-1181,0.45290782762323556,0.0,0.027116996934637427,step,2,1,0.14292615093290806,settle,sweep:enc:pitch:1789324667081277930,sweep:enc:pitch:1789324667081277930,FFFFFFFFFB63,"{""counts"":-1181}",1,1,1,1,0,0,0,6.154674,1,0,0,1801969514191498,1,,1801969512492098,1801969378468175,1801969514191498,1801969520346172
1246,5,pitch,2,-1,post,0.45,10,0.0,0.0,0.0,0,2;3,2:00000A;3:00000A,1801969378468175,1789324667109861489,1801969552159089,1789324667138687583,35.80915171513334,0.8847740329802036,0.17684167809784412,2,-1182,0.45329132282020695,0.011927023999745602,0.032153469044715166,step,2,1,0.17150132707320154,settle,sweep:enc:pitch:1789324667109858769,sweep:enc:pitch:1789324667109858769,FFFFFFFFFB62,"{""counts"":-1182}",1,1,1,1,0,0,0,5.814122,1,0,0,1801969546344967,1,,1801969541073129,1801969378468175,1801969546344967,1801969552159089
1247,5,pitch,2,-1,post,0.45,10,0.0,0.0,0.0,0,2;3,2:00000A;3:00000A,1801969579028400,1789324667138430617,1801969591089967,1789324667167272998,35.84759269305505,0.923215010901913,0.21528265601955354,2,-1181,0.45290782762323556,-0.00997620814310287,0.03844097792170942,step,2,1,0.20006923796609044,settle,sweep:pitch_a:1789324667138398904;sweep:pitch_b:1789324667138409368;sweep:enc:pitch:1789324667138427832,sweep:enc:pitch:1789324667138427832,FFFFFFFFFB63,"{""counts"":-1181}",1,1,1,1,0,0,0,6.304022,1,0,0,1801969584785945,1,,1801969569642161,1801969579028400,1801969584785945,1801969591089967
1248,5,pitch,2,-1,post,0.45,10,0.0,0.0,0.0,0,2;3,2:00000A;3:00000A,1801969579028400,1789324667166993696,1801969607978816,1789324667196506750,35.864453446120024,0.9400757639668882,0.23214340908452868,2,-1181,0.45290782762323556,0.0,0.016860753064975142,step,2,1,0.22863993304781616,settle,sweep:enc:pitch:1789324667166991136,sweep:enc:pitch:1789324667166991136,FFFFFFFFFB63,"{""counts"":-1181}",1,1,1,1,0,0,0,6.332118,1,0,0,1801969601646698,1,,1801969598205336,1801969579028400,1801969601646698,1801969607978816
1249,5,pitch,2,-1,post,0.45,10,0.0,0.0,0.0,0,2;3,2:00000A;3:00000A,1801969579028400,1789324667196217047,1801969635249993,1789324667224523096,35.891846001148224,0.9674683189950883,0.25953596411272883,2,-1182,0.45329132282020695,0.013999979066450487,0.02739255502820015,step,2,1,0.2578461959492415,settle,sweep:enc:pitch:1789324667196214039,sweep:enc:pitch:1789324667196214039,FFFFFFFFFB62,"{""counts"":-1182}",1,1,1,1,0,0,0,6.21074,1,0,0,1801969629039253,1,,1801969627428591,1801969579028400,1801969629039253,1801969635249993
1250,5,pitch,2,-1,post,0.45,10,0.0,0.0,0.0,0,2;3,2:00000A;3:00000A,1801969579028400,1789324667224199952,1801969663169665,1789324667253002525,35.91933596692979,0.9949582847766578,0.2870259298942983,2,-1182,0.45329132282020695,0.0,0.02748996578156948,step,2,1,0.28580654109828174,settle,sweep:enc:pitch:1789324667224196144,sweep:enc:pitch:1789324667224196144,FFFFFFFFFB62,"{""counts"":-1182}",1,1,1,1,0,0,0,6.640446,1,0,0,1801969656529219,1,,1801969655411496,1801969579028400,1801969656529219,1801969663169665
1251,5,pitch,2,-1,post,0.45,10,0.0,0.0,0.0,0,2;3,2:00000A;3:00000A,1801969579028400,1789324667252713718,1801969695989005,1789324667281482434,35.95223518111743,1.0278574989642948,0.3199251440819353,2,-1181,0.45290782762323556,-0.011656667383730607,0.03289921418763697,step,2,1,0.3143535549752414,settle,sweep:enc:pitch:1789324667252711158,sweep:enc:pitch:1789324667252711158,FFFFFFFFFB63,"{""counts"":-1181}",1,1,1,1,0,0,0,6.560572,1,0,0,1801969689428433,1,,1801969683925294,1801969579028400,1801969689428433,1801969695989005
1252,5,pitch,2,-1,post,0.45,10,0.0,0.0,0.0,0,2;3,2:00000A;3:00000A,1801969579028400,1789324667281266045,1801969722988015,1789324667310154572,35.97980012395419,1.0554224418010563,0.34749008691869676,2,-1181,0.45290782762323556,0.0,0.027564942836761475,step,2,1,0.34292108309455216,settle,sweep:enc:pitch:1789324667281263549,sweep:enc:pitch:1789324667281263549,FFFFFFFFFB63,"{""counts"":-1181}",1,1,1,1,0,0,0,5.994639,1,0,0,1801969716993376,1,,1801969712477813,1801969579028400,1801969716993376,1801969722988015
1253,5,pitch,2,-1,post,0.45,10,0.0,0.0,0.0,0,2;3,2:00000A;3:00000A,1801969579028400,1789324667309861573,1801969749827757,1789324667338759636,36.006793342065066,1.0824156599119306,0.37448330502957106,2,-1182,0.45329132282020695,0.014207094367044105,0.026993218110874295,step,2,1,0.3714934419840574,settle,sweep:enc:pitch:1789324667309858917,sweep:enc:pitch:1789324667309858917,FFFFFFFFFB62,"{""counts"":-1182}",1,1,1,1,0,0,0,5.841163,0,0,0,1801969743986594,1,,1801969741073181,1801969579028400,1801969743986594,1801969749827757
1254,5,pitch,2,-1,rest,0.45,10,0.0,0.0,0.0,0,2;3,2:00000A;3:00000A,1801969776727405,1789324667339027066,1801969788778187,1789324667367888745,36.045114637119696,1.12073695496656,0.012120960047468543,2,-1181,0.45290782762323556,-0.010007365263222401,0.038321295054629445,step,3,1,7.040798664093018e-07,rest,sweep:pitch_a:1789324667339002298;sweep:pitch_b:1789324667339010874;sweep:enc:pitch:1789324667339024762,sweep:enc:pitch:1789324667339024762,FFFFFFFFFB63,"{""counts"":-1181}",1,1,0,0,0,0,0,6.470298,1,0,0,1801969782307889,1,,1801969770238866,1801969776727405,1801969782307889,1801969788778187
1255,5,pitch,2,-1,rest,0.45,10,0.0,0.0,0.0,0,2;3,2:00000A;3:00000A,1801969776727405,1789324667367658595,1801969805719454,1789324667396392847,36.06221229210496,1.137834609951824,0.029218615032732487,2,-1181,0.45290782762323556,0.0,0.017097654985263944,step,3,1,0.028634696966037154,rest,sweep:enc:pitch:1789324667367656355,sweep:enc:pitch:1789324667367656355,FFFFFFFFFB63,"{""counts"":-1181}",1,1,0,0,0,0,0,6.31391,1,0,0,1801969799405544,1,,1801969798870395,1801969776727405,1801969799405544,1801969805719454
1256,5,pitch,2,-1,rest,0.45,10,0.0,0.0,0.0,0,2;3,2:00000A;3:00000A,1801969776727405,1789324667396222891,1801969837710327,1789324667425149370,36.09461411903612,1.1702364368829876,0.061620441963896155,2,-1181,0.45290782762323556,0.0,0.03240182693116367,step,3,1,0.057203952921554446,rest,sweep:enc:pitch:1789324667396220522,sweep:enc:pitch:1789324667396220522,FFFFFFFFFB63,"{""counts"":-1181}",1,1,0,0,0,0,0,5.902956,1,0,0,1801969831807371,1,,1801969827434627,1801969776727405,1801969831807371,1801969837710327
1257,5,pitch,2,-1,rest,0.45,10,0.0,0.0,0.0,0,2;3,2:00000A;3:00000A,1801969776727405,1789324667424871412,1801969864735130,1789324667453625376,36.12153453496285,1.1971568528097123,0.08854085789062083,2,-1181,0.45290782762323556,0.0,0.026920415926724672,step,3,1,0.08578597591258585,rest,sweep:enc:pitch:1789324667424868500,sweep:enc:pitch:1789324667424868500,FFFFFFFFFB63,"{""counts"":-1181}",1,1,0,0,0,0,0,6.007343,1,0,0,1801969858727787,1,,1801969856083148,1801969776727405,1801969858727787,1801969864735130
1258,5,pitch,2,-1,rest,0.45,10,0.0,0.0,0.0,0,2;3,2:00000A;3:00000A,1801969776727405,1789324667453383258,1801969891678682,1789324667482124677,36.148494919994846,1.2241172378417104,0.11550124292261899,2,-1181,0.45290782762323556,0.0,0.026960385031998158,step,3,1,0.11434895894490182,rest,sweep:enc:pitch:1789324667453380890,sweep:enc:pitch:1789324667453380890,FFFFFFFFFB63,"{""counts"":-1181}",1,1,0,0,0,0,0,5.99051,1,0,0,1801969885688172,1,,1801969884594994,1801969776727405,1801969885688172,1801969891678682
1259,5,pitch,2,-1,rest,0.45,10,0.0,0.0,0.0,0,2;3,2:00000A;3:00000A,1801969776727405,1789324667481940321,1801969923571313,1789324667497538740,36.180586562957615,1.2562088808044791,0.14759288588538766,2,-1181,0.45290782762323556,0.0,0.032091642962768674,step,3,1,0.1429214149247855,rest,sweep:enc:pitch:1789324667481938145,sweep:enc:pitch:1789324667481938145,FFFFFFFFFB63,"{""counts"":-1181}",1,1,0,0,0,0,0,5.791498,0,0,0,1801969917779815,1,,1801969913151897,1801969776727405,1801969917779815,1801969923571313
1260,5,pitch,3,1,pre,0.45,10,0.0,0.0,0.0,0,2;3,2:00000A;3:00000A,1801969776727405,1789324667497933565,1801969940509027,1789324667526748106,36.19701946596615,0.005254716845229268,0.005102329887449741,2,-1181,0.45290782762323556,0.0,0.016432903008535504,step,0,0,3.83937731385231e-07,settle,sweep:enc:pitch:1789324667497931645,sweep:enc:pitch:1789324667497931645,FFFFFFFFFB63,"{""counts"":-1181}",1,1,1,1,0,0,0,6.296309,1,0,0,1801969934212718,1,,1801969929145301,1801969776727405,1801969934212718,1801969940509027
1261,5,pitch,3,1,pre,0.45,10,0.0,0.0,0.0,0,2;3,2:00000A;3:00000A,1801969776727405,1789324667526575078,1801969967520166,1789324667555453813,36.224223216064274,0.032458466943353415,0.03230607998557389,2,-1181,0.45290782762323556,0.0,0.027203750098124146,step,0,0,0.028634856920689344,settle,sweep:enc:pitch:1789324667526573094,sweep:enc:pitch:1789324667526573094,FFFFFFFFFB63,"{""counts"":-1181}",1,1,1,1,0,0,0,6.103698,1,0,0,1801969961416468,1,,1801969957786846,1801969776727405,1801969961416468,1801969967520166
1262,5,pitch,3,1,pre,0.45,10,0.0,0.0,0.0,0,2;3,2:00000A;3:00000A,1801969994461862,1789324667555178030,1801970005495789,1789324667583963227,36.262483390048146,0.07071864092722535,0.07056625396944582,2,-1181,0.45290782762323556,0.0,0.03826017398387194,step,0,0,0.057209776947274804,settle,sweep:pitch_a:1789324667555145710;sweep:pitch_b:1789324667555156750;sweep:enc:pitch:1789324667555175022,sweep:enc:pitch:1789324667555175022,FFFFFFFFFB63,"{""counts"":-1181}",1,1,1,1,0,0,0,5.819147,1,0,0,1801969999676642,1,,1801969986389606,1801969994461862,1801969999676642,1801970005495789
1263,5,pitch,3,1,pre,0.45,10,0.0,0.0,0.0,0,2;3,2:00000A;3:00000A,1801969994461862,1789324667583718293,1801970022413983,1789324667612467841,36.27895223000087,0.08718748087994754,0.08703509392216802,2,-1182,0.45329132282020695,0.023286108679925928,0.016468839952722192,step,0,0,0.08577874395996332,settle,sweep:enc:pitch:1789324667583716341,sweep:enc:pitch:1789324667583716341,FFFFFFFFFB62,"{""counts"":-1182}",1,1,1,1,0,0,0,6.268501,1,0,0,1801970016145482,1,,1801970014930061,1801969994461862,1801970016145482,1801970022413983
1264,5,pitch,3,1,pre,0.45,10,0.0,0.0,0.0,0,2;3,2:00000A;3:00000A,1801969994461862,1789324667612291260,1801970054390423,1789324667641046344,36.31130586308427,0.11954111396335065,0.11938872700557113,2,-1181,0.45290782762323556,-0.011853234410577585,0.03235363308340311,step,0,0,0.11434911889955401,settle,sweep:enc:pitch:1789324667612289244,sweep:enc:pitch:1789324667612289244,FFFFFFFFFB63,"{""counts"":-1181}",1,1,1,1,0,0,0,5.891308,1,0,0,1801970048499115,1,,1801970043503092,1801969994461862,1801970048499115,1801970054390423
1265,5,pitch,3,1,pre,0.45,10,0.0,0.0,0.0,0,2;3,2:00000A;3:00000A,1801969994461862,1789324667640854948,1801970081267958,1789324667669725938,36.33814307698049,0.14637832785956562,0.1462259409017861,2,-1181,0.45290782762323556,0.0,0.026837213896214962,step,0,0,0.14291114290244877,settle,sweep:enc:pitch:1789324667640852932,sweep:enc:pitch:1789324667640852932,FFFFFFFFFB63,"{""counts"":-1181}",1,1,1,1,0,0,0,5.931629,1,0,0,1801970075336329,1,,1801970072066748,1801969994461862,1801970075336329,1801970081267958
1266,5,pitch,3,1,pre,0.45,10,0.0,0.0,0.0,0,2;3,2:00000A;3:00000A,1801969994461862,1789324667669461868,1801970108260088,1789324667698207351,36.36499501205981,0.17323026293888688,0.17307787598110735,2,-1182,0.45329132282020695,0.014281845827443759,0.026851935079321265,step,0,0,0.17149332584813237,settle,sweep:enc:pitch:1789324667669458636,sweep:enc:pitch:1789324667669458636,FFFFFFFFFB62,"{""counts"":-1182}",1,1,1,1,0,0,0,6.071824,1,0,0,1801970102188264,1,,1801970100673604,1801969994461862,1801970102188264,1801970108260088
1267,5,pitch,3,1,pre,0.45,10,0.0,0.0,0.0,0,2;3,2:00000A;3:00000A,1801969994461862,1789324667698010323,1801970140282866,1789324667726779583,36.397069855127484,0.2053051060065627,0.20515271904878318,2,-1182,0.45329132282020695,0.0,0.03207484306767583,step,0,0,0.2000621019396931,settle,sweep:enc:pitch:1789324667698008083,sweep:enc:pitch:1789324667698008083,FFFFFFFFFB62,"{""counts"":-1182}",1,1,1,1,0,0,0,6.019759,1,0,0,1801970134263107,1,,1801970129222091,1801969994461862,1801970134263107,1801970140282866
1268,5,pitch,3,1,pre,0.45,10,0.0,0.0,0.0,0,2;3,2:00000A;3:00000A,1801969994461862,1789324667726580634,1801970167079663,1789324667755428520,36.42404649592936,0.2322817468084395,0.23212935985065997,2,-1182,0.45329132282020695,0.0,0.026976640801876783,step,0,0,0.22863372485153377,settle,sweep:enc:pitch:1789324667726578266,sweep:enc:pitch:1789324667726578266,FFFFFFFFFB62,"{""counts"":-1182}",1,1,1,1,0,0,0,5.839915,1,0,0,1801970161239748,1,,1801970157792402,1801969994461862,1801970161239748,1801970167079663
1269,5,pitch,3,1,pre,0.45,10,0.0,0.0,0.0,0,2;3,2:00000A;3:00000A,1801970194071857,1789324667755177250,1801970206045293,1789324667784041072,36.46314870612696,0.27138395700603724,0.2712315700482577,2,-1181,0.45290782762323556,-0.009807506916705063,0.03910221019759774,step,0,0,0.2572146609891206,settle,sweep:pitch_a:1789324667755146561;sweep:pitch_b:1789324667755158050;sweep:enc:pitch:1789324667755174402,sweep:enc:pitch:1789324667755174402,FFFFFFFFFB63,"{""counts"":-1181}",1,1,1,1,0,0,0,5.703335,1,0,0,1801970200341958,1,,1801970186388986,1801970194071857,1801970200341958,1801970206045293
1270,5,pitch,3,1,pre,0.45,10,0.0,0.0,0.0,0,2;3,2:00000A;3:00000A,1801970194071857,1789324667783749930,1801970223022049,1789324667804665627,36.47945203795098,0.2876872888300568,0.28753490187227726,2,-1181,0.45290782762323556,0.0,0.01630333182401955,step,0,0,0.28577773994766176,settle,sweep:enc:pitch:1789324667783747401,sweep:enc:pitch:1789324667783747401,FFFFFFFFFB63,"{""counts"":-1181}",1,1,1,1,0,0,0,6.376759,0,0,0,1801970216645290,1,,1801970214961505,1801970194071857,1801970216645290,1801970223022049
1271,5,pitch,3,1,step,0.45,10,0.45,0.45,0.41887902047863906,0,2;3,2:00040A00000032;3:80040A00000032,1801970245998404,1789324667804926593,1801970258935895,1789324667833768271,36.5159291930031,0.32416444388218224,0.017037332989275455,2,-1195,0.4582767603808353,0.14718617035587364,0.036477155052125454,step,1,0,4.1606836020946503e-07,step,sweep:pitch_a:1789324667804900864;sweep:pitch_b:1789324667804910305;sweep:enc:pitch:1789324667804924385,sweep:enc:pitch:1789324667804924385,FFFFFFFFFB55,"{""counts"":-1195}",1,1,0,0,0,0,0,5.81345,1,0,0,1801970253122445,1,,1801970236138329,1801970245998404,1801970253122445,1801970258935895
1272,5,pitch,3,1,step,0.45,10,0.45,0.45,0.41887902047863906,0,2;3,2:00040A00000032;3:80040A00000032,1801970245998404,1789324667833558890,1801970276025678,1789324667862340566,36.53237870405428,0.3406139549333602,0.033486844040453434,2,-1213,0.4651796739263207,0.4196424759379738,0.01644951105117798,step,1,0,0.028633096953853965,step,sweep:enc:pitch:1789324667833556874,sweep:enc:pitch:1789324667833556874,FFFFFFFFFB43,"{""counts"":-1213}",1,1,0,0,0,0,0,6.453722,1,0,0,1801970269571956,1,,1801970264770626,1801970245998404,1801970269571956,1801970276025678
1273,5,pitch,3,1,step,0.45,10,0.45,0.45,0.41887902047863906,0,2;3,2:00040A00000032;3:80040A00000032,1801970245998404,1789324667862139282,1801970302816363,1789324667891007328,36.559746843064204,0.36798209394328296,0.06085498305037618,2,-1244,0.4770680250324344,0.4343865361763687,0.027368139009922743,step,1,0,0.057206608122214675,step,sweep:enc:pitch:1789324667862137073,sweep:enc:pitch:1789324667862137073,FFFFFFFFFB24,"{""counts"":-1244}",1,1,0,0,0,0,0,5.876268,1,0,0,1801970296940095,1,,1801970293350986,1801970245998404,1801970296940095,1801970302816363
1274,5,pitch,3,1,step,0.45,10,0.45,0.45,0.41887902047863906,0,2;3,2:00040A00000032;3:80040A00000032,1801970245998404,1789324667890730777,1801970329888622,1789324667919492293,36.58654853608459,0.39478378696367145,0.08765667607076466,2,-1272,0.4878058905476339,0.4006413142270915,0.026801693020388484,step,1,0,0.08578040800057352,step,sweep:enc:pitch:1789324667890728185,sweep:enc:pitch:1789324667890728185,FFFFFFFFFB08,"{""counts"":-1272}",1,1,0,0,0,0,0,6.146834,1,0,0,1801970323741788,1,,1801970321942353,1801970245998404,1801970323741788,1801970329888622
1275,5,pitch,3,1,step,0.45,10,0.45,0.45,0.41887902047863906,0,2;3,2:00040A00000032;3:80040A00000032,1801970245998404,1789324667919280352,1801970361880167,1789324667948044972,36.61871611699462,0.4269513678736985,0.11982425698079169,2,-1305,0.5004612320476904,0.3934191239140309,0.03216758091002703,step,1,0,0.11434844695031643,step,sweep:enc:pitch:1789324667919278176,sweep:enc:pitch:1789324667919278176,FFFFFFFFFAE7,"{""counts"":-1305}",1,1,0,0,0,0,0,5.970798,1,0,0,1801970355909369,1,,1801970350492088,1801970245998404,1801970355909369,1801970361880167
1276,5,pitch,3,1,step,0.45,10,0.45,0.45,0.41887902047863906,0,2;3,2:00040A00000032;3:80040A00000032,1801970245998404,1789324667947848552,1801970388672836,1789324667976655125,36.645620501134545,0.4538557520136237,0.14672864112071693,2,-1335,0.5119660879568327,0.42762011757293716,0.02690438413992524,step,1,0,0.14291991014033556,step,sweep:enc:pitch:1789324667947846216,sweep:enc:pitch:1789324667947846216,FFFFFFFFFAC9,"{""counts"":-1335}",1,1,0,0,0,0,0,5.859083,1,0,0,1801970382813753,1,,1801970379060288,1801970245998404,1801970382813753,1801970388672836
1277,5,pitch,3,1,step,0.45,10,0.45,0.45,0.41887902047863906,0,2;3,2:00040A00000032;3:80040A00000032,1801970245998404,1789324667976426735,1801970415692103,1789324668005286109,36.67238766513765,0.4806229160167277,0.1734958051238209,2,-1365,0.523470943865975,0.42981228447691255,0.02676716400310397,step,1,0,0.17148970998823643,step,sweep:enc:pitch:1789324667976424175,sweep:enc:pitch:1789324667976424175,FFFFFFFFFAAB,"{""counts"":-1365}",1,1,0,0,0,0,0,6.111186,1,0,0,1801970409580917,1,,1801970407638439,1801970245998404,1801970409580917,1801970415692103
1278,5,pitch,3,1,step,0.45,10,0.45,0.45,0.41887902047863906,0,2;3,2:00040A00000032;3:80040A00000032,1801970448655510,1789324668005019319,1801970461734701,1789324668033798275,36.718588412040845,0.5268236629199237,0.21969655202701688,2,-1426,0.5468641508812311,0.5063382863543663,0.04620074690319598,step,1,0,0.2000646290834993,step,sweep:pitch_a:1789324668004984118;sweep:pitch_b:1789324668004996503;sweep:enc:pitch:1789324668005016183,sweep:enc:pitch:1789324668005016183,FFFFFFFFFA6E,"{""counts"":-1426}",1,1,0,0,0,0,0,5.953037,1,0,0,1801970455781664,1,,1801970436230895,1801970448655510,1801970455781664,1801970461734701
1279,5,pitch,3,1,step,0.45,10,0.45,0.45,0.41887902047863906,0,2;3,2:00040A00000032;3:80040A00000032,1801970448655510,1789324668033564030,1801970473676745,1789324668062351050,36.73000532295555,0.5382405738346279,0.23111346294172108,2,-1438,0.551466093244888,,0.011416910914704204,step,1,0,0.22863532393239439,step,sweep:enc:pitch:1789324668033562014,sweep:enc:pitch:1789324668033562014,FFFFFFFFFA62,"{""counts"":-1438}",1,1,0,0,0,0,0,6.47817,1,0,0,1801970467198575,0,short_encoder_dt,1801970464775766,1801970448655510,1801970467198575,1801970473676745
1280,5,pitch,3,1,step,0.45,10,0.45,0.45,0.41887902047863906,0,2;3,2:00040A00000032;3:80040A00000032,1801970448655510,1789324668062141253,1801970500518760,1789324668090897137,36.757351126056165,0.5655863769352436,0.2584592660423368,2,-1464,0.5614369683661447,0.36462176973080357,0.02734580310061574,step,1,0,0.2572047079447657,step,sweep:enc:pitch:1789324668062139205,sweep:enc:pitch:1789324668062139205,FFFFFFFFFA48,"{""counts"":-1464}",1,1,0,0,0,0,0,5.974382,1,0,0,1801970494544378,1,,1801970493353021,1801970448655510,1801970494544378,1801970500518760
1281,5,pitch,3,1,step,0.45,10,0.45,0.45,0.41887902047863906,0,2;3,2:00040A00000032;3:80040A00000032,1801970448655510,1789324668090705484,1801970532530305,1789324668119546682,36.78944155294448,0.5976768038235605,0.2905496929306537,2,-1499,0.574859300260144,0.4182659190141837,0.03209042688831687,step,1,0,0.285776203032583,step,sweep:enc:pitch:1789324668090703020,sweep:enc:pitch:1789324668090703020,FFFFFFFFFA25,"{""counts"":-1499}",1,1,0,0,0,0,0,5.8955,1,0,0,1801970526634805,1,,1801970521917060,1801970448655510,1801970526634805,1801970532530305
1282,5,pitch,3,1,step,0.45,10,0.45,0.45,0.41887902047863906,0,2;3,2:00040A00000032;3:80040A00000032,1801970448655510,1789324668119300276,1801970559520546,1789324668148050624,36.816293199080974,0.624528449960053,0.3174013390671462,2,-1528,0.5859806609723149,0.4141779857979199,0.02685164613649249,step,1,0,0.31434964993968606,step,sweep:enc:pitch:1789324668119297460,sweep:enc:pitch:1789324668119297460,FFFFFFFFFA08,"{""counts"":-1528}",1,1,0,0,0,0,0,6.034095,1,0,0,1801970553486451,1,,1801970550511948,1801970448655510,1801970553486451,1801970559520546
1283,5,pitch,3,1,step,0.45,10,0.45,0.45,0.41887902047863906,0,2;3,2:00040A00000032;3:80040A00000032,1801970448655510,1789324668147849627,1801970586368993,1789324668176604647,36.843258128035814,0.6514933789148927,0.3443662680219859,2,-1558,0.5974855168814572,0.4266599748291712,0.026964928954839706,step,1,0,0.34291829797439277,step,sweep:enc:pitch:1789324668147847579,sweep:enc:pitch:1789324668147847579,FFFFFFFFF9EA,"{""counts"":-1558}",1,1,0,0,0,0,0,5.917613,1,0,0,1801970580451380,1,,1801970579061395,1801970448655510,1801970580451380,1801970586368993
1284,5,pitch,3,1,step,0.45,10,0.45,0.45,0.41887902047863906,0,2;3,2:00040A00000032;3:80040A00000032,1801970448655510,1789324668176417730,1801970618337593,1789324668205065164,36.87524087307975,0.6834761239588261,0.3763490130659193,2,-1592,0.6105243535784852,0.40768347679716277,0.03198274504393339,step,1,0,0.3714907211251557,step,sweep:enc:pitch:1789324668176415746,sweep:enc:pitch:1789324668176415746,FFFFFFFFF9C8,"{""counts"":-1592}",1,1,0,0,0,0,0,5.903468,0,0,0,1801970612434125,1,,1801970607629466,1801970448655510,1801970612434125,1801970618337593
1285,5,pitch,3,1,post,0.45,10,0.0,0.0,0.0,0,2;3,2:00000A;3:00000A,1801970645337435,1789324668205262512,1801970657342840,1789324668234225217,36.91398822609335,0.7222234769724309,0.014748383080586791,2,-1626,0.6235631902755131,0.33650909501998016,0.03874735301360488,step,2,1,6.079208105802536e-07,settle,sweep:pitch_a:1789324668205241616;sweep:pitch_b:1789324668205248880;sweep:enc:pitch:1789324668205260496,sweep:enc:pitch:1789324668205260496,FFFFFFFFF9A6,"{""counts"":-1626}",1,1,1,0,0,0,0,6.161362,1,0,0,1801970651181478,1,,1801970636474248,1801970645337435,1801970651181478,1801970657342840
1286,5,pitch,3,1,post,0.45,10,0.0,0.0,0.0,0,2;3,2:00000A;3:00000A,1801970645337435,1789324668233934938,1801970674268907,1789324668262763751,36.930798130109906,0.7390333809889853,0.03155828709714115,2,-1626,0.6235631902755131,0.0,0.016809904016554356,step,2,1,0.02864228095859289,settle,sweep:enc:pitch:1789324668233931994,sweep:enc:pitch:1789324668233931994,FFFFFFFFF9A6,"{""counts"":-1626}",1,1,1,1,0,0,0,6.277525,1,0,0,1801970667991382,1,,1801970665146450,1801970645337435,1801970667991382,1801970674268907
1287,5,pitch,3,1,post,0.45,10,0.0,0.0,0.0,0,2;3,2:00000A;3:00000A,1801970645337435,1789324668262509537,1801970701274381,1789324668291257197,36.958040121011436,0.7662753718905151,0.058800277998670936,2,-1626,0.6235631902755131,0.0,0.02724199090152979,step,2,1,0.057205616030842066,settle,sweep:enc:pitch:1789324668262506593,sweep:enc:pitch:1789324668262506593,FFFFFFFFF9A6,"{""counts"":-1626}",1,1,1,1,0,0,0,6.041008,1,0,0,1801970695233373,1,,1801970693721081,1801970645337435,1801970695233373,1801970701274381
1288,5,pitch,3,1,post,0.45,10,0.0,0.0,0.0,0,2;3,2:00000A;3:00000A,1801970645337435,1789324668291054056,1801970733280390,1789324668319808020,36.990241847001016,0.7984770978800952,0.09100200398825109,2,-1626,0.6235631902755131,0.0,0.032201725989580154,step,2,1,0.08577704802155495,settle,sweep:enc:pitch:1789324668291051720,sweep:enc:pitch:1789324668291051720,FFFFFFFFF9A6,"{""counts"":-1626}",1,1,1,1,0,0,0,5.845291,1,0,0,1801970727435099,1,,1801970722265824,1801970645337435,1801970727435099,1801970733280390
1289,5,pitch,3,1,post,0.45,10,0.0,0.0,0.0,0,2;3,2:00000A;3:00000A,1801970645337435,1789324668319619023,1801970760185062,1789324668348417468,37.01702533196658,0.8252605828456581,0.11778548895381391,2,-1626,0.6235631902755131,0.0,0.02678348496556282,step,2,1,0.11434815893881023,settle,sweep:enc:pitch:1789324668319616943,sweep:enc:pitch:1789324668319616943,FFFFFFFFF9A6,"{""counts"":-1626}",1,1,1,1,0,0,0,5.966478,1,0,0,1801970754218584,1,,1801970750830759,1801970645337435,1801970754218584,1801970760185062
1290,5,pitch,3,1,post,0.45,10,0.0,0.0,0.0,0,2;3,2:00000A;3:00000A,1801970645337435,1789324668348199831,1801970787152487,1789324668376974755,37.04396370006725,0.852198950946331,0.14472385705448687,2,-1626,0.6235631902755131,0.0,0.02693836810067296,step,2,1,0.14292054995894432,settle,sweep:enc:pitch:1789324668348197303,sweep:enc:pitch:1789324668348197303,FFFFFFFFF9A6,"{""counts"":-1626}",1,1,1,1,0,0,0,5.995535,1,0,0,1801970781156952,1,,1801970779411631,1801970645337435,1801970781156952,1801970787152487
1291,5,pitch,3,1,post,0.45,10,0.0,0.0,0.0,0,2;3,2:00000A;3:00000A,1801970645337435,1789324668376763262,1801970819116095,1789324668405536554,37.076031503034756,0.8842667539138347,0.17679166002199054,2,-1626,0.6235631902755131,0.0,0.03206780296750367,step,2,1,0.17149022198282182,settle,sweep:enc:pitch:1789324668376760862,sweep:enc:pitch:1789324668376760862,FFFFFFFFF9A6,"{""counts"":-1626}",1,1,1,1,0,0,0,5.89134,1,0,0,1801970813224755,1,,1801970807974998,1801970645337435,1801970813224755,1801970819116095
1292,5,pitch,3,1,post,0.45,10,0.0,0.0,0.0,0,2;3,2:00000A;3:00000A,1801970845941629,1789324668405338277,1801970857898041,1789324668434157427,37.11442009592429,0.9226553468033671,0.21518025291152298,2,-1626,0.6235631902755131,0.0,0.03838859288953245,step,2,1,0.2000627089291811,settle,sweep:pitch_a:1789324668405311269;sweep:pitch_b:1789324668405320645;sweep:enc:pitch:1789324668405336005,sweep:enc:pitch:1789324668405336005,FFFFFFFFF9A6,"{""counts"":-1626}",1,1,1,1,0,0,0,6.284693,1,0,0,1801970851613348,1,,1801970836550045,1801970845941629,1801970851613348,1801970857898041
1293,5,pitch,3,1,post,0.45,10,0.0,0.0,0.0,0,2;3,2:00000A;3:00000A,1801970845941629,1789324668433904429,1801970874860332,1789324668462670425,37.13131979294121,0.9395550438202918,0.2320799499284476,2,-1626,0.6235631902755131,0.0,0.01689969701692462,step,2,1,0.2286340759601444,settle,sweep:enc:pitch:1789324668433902253,sweep:enc:pitch:1789324668433902253,FFFFFFFFF9A6,"{""counts"":-1626}",1,1,1,1,0,0,0,6.347287,1,0,0,1801970868513045,1,,1801970865116197,1801970845941629,1801970868513045,1801970874860332
1294,5,pitch,3,1,post,0.45,10,0.0,0.0,0.0,0,2;3,2:00000A;3:00000A,1801970845941629,1789324668462478772,1801970901886991,1789324668491242048,37.158617242006585,0.9668524928856641,0.25937739899381995,2,-1626,0.6235631902755131,0.0,0.027297449065372348,step,2,1,0.2572057000361383,settle,sweep:enc:pitch:1789324668462476468,sweep:enc:pitch:1789324668462476468,FFFFFFFFF9A6,"{""counts"":-1626}",1,1,1,1,0,0,0,6.076497,1,0,0,1801970895810494,1,,1801970893690540,1801970845941629,1801970895810494,1801970901886991
1295,5,pitch,3,1,post,0.45,10,0.0,0.0,0.0,0,2;3,2:00000A;3:00000A,1801970845941629,1789324668491049851,1801970928932530,1789324668519814247,37.185643485048786,0.9938787359278649,0.28640364203602076,2,-1626,0.6235631902755131,0.0,0.027026243042200804,step,2,1,0.28577754693105817,settle,sweep:enc:pitch:1789324668491047675,sweep:enc:pitch:1789324668491047675,FFFFFFFFF9A6,"{""counts"":-1626}",1,1,1,1,0,0,0,6.095793,1,0,0,1801970922836737,1,,1801970922261459,1801970845941629,1801970922836737,1801970928932530
1296,5,pitch,3,1,post,0.45,10,0.0,0.0,0.0,0,2;3,2:00000A;3:00000A,1801970845941629,1789324668519618659,1801970960853929,1789324668548365390,37.21778476098552,1.0260200118646026,0.3185449179727584,2,-1626,0.6235631902755131,0.0,0.03214127593673766,step,2,1,0.3143466741312295,settle,sweep:enc:pitch:1789324668519616707,sweep:enc:pitch:1789324668519616707,FFFFFFFFF9A6,"{""counts"":-1626}",1,1,1,1,0,0,0,5.875916,1,0,0,1801970954978013,1,,1801970950830395,1801970845941629,1801970954978013,1801970960853929
1297,5,pitch,3,1,post,0.45,10,0.0,0.0,0.0,0,2;3,2:00000A;3:00000A,1801970845941629,1789324668548186794,1801970987735048,1789324668576984279,37.24454062897712,1.052775879856199,0.3453007859643549,2,-1626,0.6235631902755131,0.0,0.02675586799159646,step,2,1,0.342917402042076,settle,sweep:enc:pitch:1789324668548184618,sweep:enc:pitch:1789324668548184618,FFFFFFFFF9A6,"{""counts"":-1626}",1,1,1,1,0,0,0,6.001167,1,0,0,1801970981733881,1,,1801970979398562,1801970845941629,1801970981733881,1801970987735048
1298,5,pitch,3,1,post,0.45,10,0.0,0.0,0.0,0,2;3,2:00000A;3:00000A,1801970845941629,1789324668576763153,1801971014800460,1789324668605654176,37.271450421074405,1.0796856719534844,0.37221057806164026,2,-1626,0.6235631902755131,0.0,0.02690979209728539,step,2,1,0.37149244896136224,settle,sweep:enc:pitch:1789324668576760913,sweep:enc:pitch:1789324668576760913,FFFFFFFFF9A6,"{""counts"":-1626}",1,1,1,1,0,0,0,6.156787,0,0,0,1801971008643673,1,,1801971007974889,1801970845941629,1801971008643673,1801971014800460
1299,5,pitch,3,1,rest,0.45,10,0.0,0.0,0.0,0,2;3,2:00000A;3:00000A,1801971046655969,1789324668605878022,1801971058666655,1789324668634751540,37.31506016198546,1.123295412864536,0.015209065051749349,2,-1626,0.6235631902755131,0.0,0.04360974091105163,step,3,1,5.119945853948593e-07,rest,sweep:pitch_a:1789324668605855237;sweep:pitch_b:1789324668605863365;sweep:enc:pitch:1789324668605875878,sweep:enc:pitch:1789324668605875878,FFFFFFFFF9A6,"{""counts"":-1626}",1,1,0,0,0,0,0,6.413241,1,0,0,1801971052253414,1,,1801971037089822,1801971046655969,1801971052253414,1801971058666655
1300,5,pitch,3,1,rest,0.45,10,0.0,0.0,0.0,0,2;3,2:00000A;3:00000A,1801971046655969,1789324668634520207,1801971075641586,1789324668663265786,37.33210559096187,1.1403408418409526,0.032254494028165936,2,-1626,0.6235631902755131,0.0,0.017045428976416588,step,3,1,0.028635176131501794,rest,sweep:enc:pitch:1789324668634517999,sweep:enc:pitch:1789324668634517999,FFFFFFFFF9A6,"{""counts"":-1626}",1,1,0,0,0,0,0,6.342743,1,0,0,1801971069298843,1,,1801971065731975,1801971046655969,1801971069298843,1801971075641586
1301,5,pitch,3,1,rest,0.45,10,0.0,0.0,0.0,0,2;3,2:00000A;3:00000A,1801971046655969,1789324668663085142,1801971102654389,1789324668691855874,37.35940620908514,1.1676414599642158,0.05955511215142906,2,-1626,0.6235631902755131,0.0,0.02730061812326312,step,3,1,0.057204432087019086,rest,sweep:enc:pitch:1789324668663082838,sweep:enc:pitch:1789324668663082838,FFFFFFFFF9A6,"{""counts"":-1626}",1,1,0,0,0,0,0,6.054928,1,0,0,1801971096599461,1,,1801971094296878,1801971046655969,1801971096599461,1801971102654389
1302,5,pitch,3,1,rest,0.45,10,0.0,0.0,0.0,0,2;3,2:00000A;3:00000A,1801971046655969,1789324668691664797,1801971129458194,1789324668720427721,37.38642489910126,1.1946601499803364,0.08657380216754973,2,-1626,0.6235631902755131,0.0,0.027018690016120672,step,3,1,0.08577839122153819,rest,sweep:enc:pitch:1789324668691662557,sweep:enc:pitch:1789324668691662557,FFFFFFFFF9A6,"{""counts"":-1626}",1,1,0,0,0,0,0,5.840043,1,0,0,1801971123618151,1,,1801971122876597,1801971046655969,1801971123618151,1801971129458194
1303,5,pitch,3,1,rest,0.45,10,0.0,0.0,0.0,0,2;3,2:00000A;3:00000A,1801971046655969,1789324668720229669,1801971161424458,1789324668748995792,37.41831752914004,1.2265527800191194,0.11846643220633268,2,-1626,0.6235631902755131,0.0,0.031892630038782954,step,3,1,0.11434675008058548,rest,sweep:enc:pitch:1789324668720227780,sweep:enc:pitch:1789324668720227780,FFFFFFFFF9A6,"{""counts"":-1626}",1,1,0,0,0,0,0,5.913677,1,0,0,1801971155510781,1,,1801971151441469,1801971046655969,1801971155510781,1801971161424458
1304,5,pitch,3,1,rest,0.45,10,0.0,0.0,0.0,0,2;3,2:00000A;3:00000A,1801971046655969,1789324668748814892,1801971188445100,1789324668759330278,37.44518888811581,1.2534241389948875,0.14533779118210077,2,-1626,0.6235631902755131,0.0,0.02687135897576809,step,3,1,0.14291786216199398,rest,sweep:enc:pitch:1789324668748812044,sweep:enc:pitch:1789324668748812044,FFFFFFFFF9A6,"{""counts"":-1626}",1,1,0,0,0,0,0,6.06296,0,0,0,1801971182382140,1,,1801971180026628,1801971046655969,1801971182382140,1801971188445100
1305,5,pitch,3,-1,pre,0.45,10,0.0,0.0,0.0,0,2;3,2:00000A;3:00000A,1801971046655969,1789324668759733968,1801971200428393,1789324668788586782,37.45671325805597,0.0031530349515378475,0.002998535055667162,2,-1626,0.6235631902755131,,0.011524369940161705,step,0,0,4.800967872142792e-07,settle,sweep:enc:pitch:1789324668759731856,sweep:enc:pitch:1789324668759731856,FFFFFFFFF9A6,"{""counts"":-1626}",1,1,1,0,0,0,0,6.521883,1,0,0,1801971193906510,0,short_encoder_dt,1801971190945736,1801971046655969,1801971193906510,1801971200428393
1306,5,pitch,3,-1,pre,0.45,10,0.0,0.0,0.0,0,2;3,2:00000A;3:00000A,1801971046655969,1789324668788388793,1801971227471724,1789324668817198150,37.48421720811166,0.030656985007226467,0.03050248511135578,2,-1626,0.6235631902755131,0.0,0.02750395005568862,step,0,0,0.028635081136599183,settle,sweep:enc:pitch:1789324668788386649,sweep:enc:pitch:1789324668788386649,FFFFFFFFF9A6,"{""counts"":-1626}",1,1,1,1,0,0,0,6.061264,1,0,0,1801971221410460,1,,1801971219600529,1801971046655969,1801971221410460,1801971227471724
1307,5,pitch,3,-1,pre,0.45,10,0.0,0.0,0.0,0,2;3,2:00000A;3:00000A,1801971259370819,1789324668816965441,1801971270405065,1789324668845750093,37.527447771979496,0.07388754887506366,0.07373304897919297,2,-1626,0.6235631902755131,0.0,0.04323056386783719,step,0,0,0.05720417597331107,settle,sweep:pitch_a:1789324668816935264;sweep:pitch_b:1789324668816946336;sweep:enc:pitch:1789324668816963233,sweep:enc:pitch:1789324668816963233,FFFFFFFFF9A6,"{""counts"":-1626}",1,1,1,1,0,0,0,5.764041,1,0,0,1801971264641024,1,,1801971248177145,1801971259370819,1801971264641024,1801971270405065
1308,5,pitch,3,-1,pre,0.45,10,0.0,0.0,0.0,0,2;3,2:00000A;3:00000A,1801971259370819,1789324668845521960,1801971287288795,1789324668874308340,37.54392598802224,0.09036576491780579,0.0902112650219351,2,-1626,0.6235631902755131,0.0,0.016478216042742133,step,0,0,0.08577723894268274,settle,sweep:enc:pitch:1789324668845519912,sweep:enc:pitch:1789324668845519912,FFFFFFFFF9A6,"{""counts"":-1626}",1,1,1,1,0,0,0,6.169555,1,0,0,1801971281119240,1,,1801971276733696,1801971259370819,1801971281119240,1801971287288795
1309,5,pitch,3,-1,pre,0.45,10,0.0,0.0,0.0,0,2;3,2:00000A;3:00000A,1801971259370819,1789324668874101615,1801971314261564,1789324668902958109,37.57098365505226,0.11742343194782734,0.11726893205195665,2,-1626,0.6235631902755131,0.0,0.02705766703002155,step,0,0,0.11434831912629306,settle,sweep:enc:pitch:1789324668874099119,sweep:enc:pitch:1789324668874099119,FFFFFFFFF9A6,"{""counts"":-1626}",1,1,1,1,0,0,0,6.084657,1,0,0,1801971308176907,1,,1801971305313351,1801971259370819,1801971308176907,1801971314261564
1310,5,pitch,3,-1,pre,0.45,10,0.0,0.0,0.0,0,2;3,2:00000A;3:00000A,1801971259370819,1789324668902696279,1801971341179868,1789324668931438754,37.59803735394962,0.1444771308451891,0.1443226309493184,2,-1626,0.6235631902755131,0.0,0.027053698897361755,step,0,0,0.14293274213559926,settle,sweep:enc:pitch:1789324668902693303,sweep:enc:pitch:1789324668902693303,FFFFFFFFF9A6,"{""counts"":-1626}",1,1,1,1,0,0,0,5.949262,1,0,0,1801971335230606,1,,1801971333908047,1801971259370819,1801971335230606,1801971341179868
1311,5,pitch,3,-1,pre,0.45,10,0.0,0.0,0.0,0,2;3,2:00000A;3:00000A,1801971259370819,1789324668931239486,1801971373160884,1789324668960222447,37.630044259130955,0.17648403602652252,0.17632953613065183,2,-1626,0.6235631902755131,0.0,0.03200690518133342,step,0,0,0.17149140499532223,settle,sweep:enc:pitch:1789324668931237086,sweep:enc:pitch:1789324668931237086,FFFFFFFFF9A6,"{""counts"":-1626}",1,1,1,1,0,0,0,5.923373,1,0,0,1801971367237511,1,,1801971362451254,1801971259370819,1801971367237511,1801971373160884
1312,5,pitch,3,-1,pre,0.45,10,0.0,0.0,0.0,0,2;3,2:00000A;3:00000A,1801971259370819,1789324668959807237,1801971400181783,1789324668988563505,37.65693398704752,0.20337376394309103,0.20321926404722035,2,-1626,0.6235631902755131,0.0,0.026889727916568518,step,0,0,0.20006453292444348,settle,sweep:enc:pitch:1789324668959804837,sweep:enc:pitch:1789324668959804837,FFFFFFFFF9A6,"{""counts"":-1626}",1,1,1,1,0,0,0,6.054544,1,0,0,1801971394127239,1,,1801971391019037,1801971259370819,1801971394127239,1801971400181783
1313,5,pitch,3,-1,pre,0.45,10,0.0,0.0,0.0,0,2;3,2:00000A;3:00000A,1801971259370819,1789324668988376172,1801971426976468,1789324669017234938,37.68391462811269,0.23035440500825644,0.23019990511238575,2,-1626,0.6235631902755131,0.0,0.0269806410651654,step,0,0,0.22863468411378562,settle,sweep:enc:pitch:1789324668988374060,sweep:enc:pitch:1789324668988374060,FFFFFFFFF9A6,"{""counts"":-1626}",1,1,1,1,0,0,0,5.868588,1,0,0,1801971421107880,1,,1801971419587940,1801971259370819,1801971421107880,1801971426976468
1314,5,pitch,3,-1,pre,0.45,10,0.0,0.0,0.0,0,2;3,2:00000A;3:00000A,1801971459031022,1789324669016979380,1801971470064756,1789324669045780865,37.72706810198724,0.2735078788828105,0.2733533789869398,2,-1626,0.6235631902755131,0.0,0.04315347387455404,step,0,0,0.25721328402869403,settle,sweep:pitch_a:1789324669016946772;sweep:pitch_b:1789324669016957684;sweep:enc:pitch:1789324669016976404,sweep:enc:pitch:1789324669016976404,FFFFFFFFF9A6,"{""counts"":-1626}",1,1,1,1,0,0,0,5.803402,1,0,0,1801971464261354,1,,1801971448191148,1801971459031022,1801971464261354,1801971470064756
1315,5,pitch,3,-1,pre,0.45,10,0.0,0.0,0.0,0,2;3,2:00000A;3:00000A,1801971459031022,1789324669045524731,1801971487126954,1789324669066387211,37.74343825201504,0.2898780289106071,0.2897235290147364,2,-1626,0.6235631902755131,0.0,0.016370150027796626,step,0,0,0.2857762349303812,settle,sweep:enc:pitch:1789324669045522363,sweep:enc:pitch:1789324669045522363,FFFFFFFFF9A6,"{""counts"":-1626}",1,1,1,1,0,0,0,6.49545,0,0,0,1801971480631504,1,,1801971476736467,1801971459031022,1801971480631504,1801971487126954
1316,5,pitch,3,-1,step,0.45,10,-0.45,-0.45,-0.41887902047863906,0,2;3,2:80040A00000032;3:00040A00000032,1801971509775300,1789324669066596656,1801971521804002,1789324669095440734,37.77888757409528,0.32532735099084675,0.018323027063161135,2,-1614,0.6189612479118562,-0.1298174998449996,0.035449322080239654,step,1,0,5.760230123996735e-07,step,sweep:pitch_a:1789324669066571727;sweep:pitch_b:1789324669066581296;sweep:enc:pitch:1789324669066594608,sweep:enc:pitch:1789324669066594608,FFFFFFFFF9B2,"{""counts"":-1614}",1,1,0,0,0,0,0,5.723176,1,0,0,1801971516080826,1,,1801971497808424,1801971509775300,1801971516080826,1801971521804002
1317,5,pitch,3,-1,step,0.45,10,-0.45,-0.45,-0.41887902047863906,0,2;3,2:80040A00000032;3:00040A00000032,1801971509775300,1789324669095233081,1801971532782759,1789324669124100263,37.79006128013134,0.3365010570269078,0.029496733099222183,2,-1604,0.6151262959421421,,0.011173706036061049,step,1,0,0.02863546507433057,step,sweep:enc:pitch:1789324669095231033,sweep:enc:pitch:1789324669095231033,FFFFFFFFF9BC,"{""counts"":-1604}",1,1,0,0,0,0,0,5.528227,1,0,0,1801971527254532,0,short_encoder_dt,1801971526444817,1801971509775300,1801971527254532,1801971532782759
1318,5,pitch,3,-1,step,0.45,10,-0.45,-0.45,-0.41887902047863906,0,2;3,2:80040A00000032;3:00040A00000032,1801971509775300,1789324669123837825,1801971564774464,1789324669152649454,37.82163835107349,0.36807812796905637,0.06107380404137075,2,-1572,0.602854449639057,-0.38863155881582495,0.031577070942148566,step,1,0,0.05721092806197703,step,sweep:enc:pitch:1789324669123835265,sweep:enc:pitch:1789324669123835265,FFFFFFFFF9DC,"{""counts"":-1572}",1,1,0,0,0,0,0,5.942861,1,0,0,1801971558831603,1,,1801971555049529,1801971509775300,1801971558831603,1801971564774464
1319,5,pitch,3,-1,step,0.45,10,-0.45,-0.45,-0.41887902047863906,0,2;3,2:80040A00000032;3:00040A00000032,1801971509775300,1789324669152392008,1801971591792354,1789324669181127347,37.848499245010316,0.39493902190588415,0.08793469797819853,2,-1542,0.5913495937299147,-0.42831247300256453,0.02686089393682778,step,1,0,0.08577618305571377,step,sweep:enc:pitch:1789324669152389608,sweep:enc:pitch:1789324669152389608,FFFFFFFFF9FA,"{""counts"":-1542}",1,1,0,0,0,0,0,6.099857,1,0,0,1801971585692497,1,,1801971583603776,1801971509775300,1801971585692497,1801971591792354
1320,5,pitch,3,-1,step,0.45,10,-0.45,-0.45,-0.41887902047863906,0,2;3,2:80040A00000032;3:00040A00000032,1801971509775300,1789324669180944943,1801971618817893,1789324669209699194,37.87548129493371,0.4219210718292743,0.11491674790158868,2,-1512,0.5798447378207724,-0.42638924550980795,0.02698204992339015,step,1,0,0.11434703809209168,step,sweep:enc:pitch:1789324669180942383,sweep:enc:pitch:1789324669180942383,FFFFFFFFFA18,"{""counts"":-1512}",1,1,0,0,0,0,0,6.143346,1,0,0,1801971612674547,1,,1801971612156679,1801971509775300,1801971612674547,1801971618817893
1321,5,pitch,3,-1,step,0.45,10,-0.45,-0.45,-0.41887902047863906,0,2;3,2:80040A00000032;3:00040A00000032,1801971509775300,1789324669209514134,1801971650799421,1789324669238419685,37.90768286003731,0.4541226369328797,0.14711831300519407,2,-1477,0.566422405926773,-0.416822345460986,0.03220156510360539,step,1,0,0.14291847008280456,step,sweep:enc:pitch:1789324669209512054,sweep:enc:pitch:1789324669209512054,FFFFFFFFFA3B,"{""counts"":-1477}",1,1,0,0,0,0,0,5.923309,1,0,0,1801971644876112,1,,1801971640725902,1801971509775300,1801971644876112,1801971650799421
1322,5,pitch,3,-1,step,0.45,10,-0.45,-0.45,-0.41887902047863906,0,2;3,2:80040A00000032;3:00040A00000032,1801971509775300,1789324669238132382,1801971677654332,1789324669266922699,37.93452637898736,0.4809661558829248,0.17396183195523918,2,-1450,0.5560680356085449,-0.3857307358806866,0.02684351895004511,step,1,0,0.1714973570778966,step,sweep:enc:pitch:1789324669238130334,sweep:enc:pitch:1789324669238130334,FFFFFFFFFA56,"{""counts"":-1450}",1,1,0,0,0,0,0,5.934701,1,0,0,1801971671719631,1,,1801971669344118,1801971509775300,1801971671719631,1801971677654332
1323,5,pitch,3,-1,step,0.45,10,-0.45,-0.45,-0.41887902047863906,0,2;3,2:80040A00000032;3:00040A00000032,1801971705587476,1789324669266677125,1801971718682763,1789324669295457873,37.97551135299727,0.521951129892841,0.21494680596515536,2,-1400,0.5368932757599744,-0.4678485301450053,0.040984974009916186,step,1,0,0.20006306003779173,step,sweep:pitch_a:1789324669266646564;sweep:pitch_b:1789324669266657732;sweep:enc:pitch:1789324669266674373,sweep:enc:pitch:1789324669266674373,FFFFFFFFFA88,"{""counts"":-1400}",1,1,0,0,0,0,0,5.978158,1,0,0,1801971712704605,1,,1801971697888861,1801971705587476,1801971712704605,1801971718682763
1324,5,pitch,3,-1,step,0.45,10,-0.45,-0.45,-0.41887902047863906,0,2;3,2:80040A00000032;3:00040A00000032,1801971705587476,1789324669295227724,1801971735595229,1789324669324009304,37.992144485004246,0.538584261899814,0.2315799379721284,2,-1381,0.5296068670175176,-0.4380659480969753,0.016633132006973028,step,1,0,0.22863093903288245,step,sweep:enc:pitch:1789324669295225708,sweep:enc:pitch:1789324669295225708,FFFFFFFFFA9B,"{""counts"":-1381}",1,1,0,0,0,0,0,6.257492,1,0,0,1801971729337737,1,,1801971726439492,1801971705587476,1801971729337737,1801971735595229
1325,5,pitch,3,-1,step,0.45,10,-0.45,-0.45,-0.41887902047863906,0,2;3,2:80040A00000032;3:00040A00000032,1801971705587476,1789324669323805235,1801971762574367,1789324669352697474,38.019395884126425,0.5658356610219926,0.25883133709430695,2,-1351,0.5181020111083753,-0.42217487100613005,0.027251399122178555,step,1,0,0.2572041309904307,step,sweep:enc:pitch:1789324669323803123,sweep:enc:pitch:1789324669323803123,FFFFFFFFFAB9,"{""counts"":-1351}",1,1,0,0,0,0,0,5.985231,1,0,0,1801971756589136,1,,1801971755016971,1801971705587476,1801971756589136,1801971762574367
1326,5,pitch,3,-1,step,0.45,10,-0.45,-0.45,-0.41887902047863906,0,2;3,2:80040A00000032;3:00040A00000032,1801971705587476,1789324669352421403,1801971794379955,1789324669381210120,38.05150800803676,0.5979477849323303,0.29094346100464463,2,-1315,0.5042961840174045,-0.4299256919137118,0.03211212391033769,step,1,0,0.2857967149466276,step,sweep:enc:pitch:1789324669352418459,sweep:enc:pitch:1789324669352418459,FFFFFFFFFADD,"{""counts"":-1315}",1,1,0,0,0,0,0,5.678695,1,0,0,1801971788701260,1,,1801971783633139,1801971705587476,1801971788701260,1801971794379955
1327,5,pitch,3,-1,step,0.45,10,-0.45,-0.45,-0.41887902047863906,0,2;3,2:80040A00000032;3:00040A00000032,1801971705587476,1789324669380968578,1801971821395509,1789324669409719470,38.07810332812369,0.6245431050192565,0.31753878109157085,2,-1288,0.49394181369917645,-0.389330539522932,0.026595320086926222,step,1,0,0.31435060896910727,step,sweep:enc:pitch:1789324669380966274,sweep:enc:pitch:1789324669380966274,FFFFFFFFFAF8,"{""counts"":-1288}",1,1,0,0,0,0,0,6.098929,1,0,0,1801971815296580,1,,1801971812180186,1801971705587476,1801971815296580,1801971821395509
1328,5,pitch,3,-1,step,0.45,10,-0.45,-0.45,-0.41887902047863906,0,2;3,2:80040A00000032;3:00040A00000032,1801971705587476,1789324669409519625,1801971848407543,1789324669438292565,38.10508688213304,0.6515266590286046,0.344522335100919,2,-1260,0.483203948183977,-0.3979411130008833,0.026983554009348154,step,1,0,0.3429186809808016,step,sweep:enc:pitch:1789324669409517353,sweep:enc:pitch:1789324669409517353,FFFFFFFFFB14,"{""counts"":-1260}",1,1,0,0,0,0,0,6.127409,1,0,0,1801971842280134,1,,1801971840731425,1801971705587476,1801971842280134,1801971848407543
1329,5,pitch,3,-1,step,0.45,10,-0.45,-0.45,-0.41887902047863906,0,2;3,2:80040A00000032;3:00040A00000032,1801971705587476,1789324669438097904,1801971880383888,1789324669466810139,38.1373366410844,0.6837764179799706,0.37677209405228496,2,-1224,0.4693981210930062,-0.42809086144769554,0.03224975895136595,step,1,0,0.37149123195558786,step,sweep:enc:pitch:1789324669438095792,sweep:enc:pitch:1789324669438095792,FFFFFFFFFB38,"{""counts"":-1224}",1,1,0,0,0,0,0,5.853995,0,0,0,1801971874529893,1,,1801971869309704,1801971705587476,1801971874529893,1801971880383888
1330,5,pitch,3,-1,post,0.45,10,0.0,0.0,0.0,0,2;3,2:00000A;3:00000A,1801971907367153,1789324669467063809,1801971919185674,1789324669495956784,38.17607010505162,0.7225098819471896,0.015038341050967574,2,-1187,0.45520879880506404,-0.36633238638173227,0.038733463967218995,step,2,1,5.760230123996735e-07,settle,sweep:pitch_a:1789324669467040481;sweep:pitch_b:1789324669467048513;sweep:enc:pitch:1789324669467062017,sweep:enc:pitch:1789324669467062017,FFFFFFFFFB5D,"{""counts"":-1187}",1,1,1,0,0,0,0,5.922317,1,0,0,1801971913263357,1,,1801971898275609,1801971907367153,1801971913263357,1801971919185674
1331,5,pitch,3,-1,post,0.45,10,0.0,0.0,0.0,0,2;3,2:00000A;3:00000A,1801971907367153,1789324669495703882,1801971936289121,1789324669524473526,38.19264054694213,0.7390803238376975,0.03160878294147551,2,-1187,0.45520879880506404,0.0,0.016570441890507936,step,2,1,0.028636617120355368,settle,sweep:enc:pitch:1789324669495701418,sweep:enc:pitch:1789324669495701418,FFFFFFFFFB5D,"{""counts"":-1187}",1,1,1,1,0,0,0,6.455322,1,0,0,1801971929833799,1,,1801971926915458,1801971907367153,1801971929833799,1801971936289121
1332,5,pitch,3,-1,post,0.45,10,0.0,0.0,0.0,0,2;3,2:00000A;3:00000A,1801971907367153,1789324669524270257,1801971963120191,1789324669553037885,38.220048495102674,0.7664882719982415,0.05901673110201955,2,-1187,0.45520879880506404,0.0,0.027407948160544038,step,2,1,0.05720523209311068,settle,sweep:enc:pitch:1789324669524267537,sweep:enc:pitch:1789324669524267537,FFFFFFFFFB5D,"{""counts"":-1187}",1,1,1,1,0,0,0,5.878444,1,0,0,1801971957241747,1,,1801971955481993,1801971907367153,1801971957241747,1801971963120191
1333,5,pitch,3,-1,post,0.45,10,0.0,0.0,0.0,0,2;3,2:00000A;3:00000A,1801971907367153,1789324669552847481,1801971995085815,1789324669581698247,38.25195610197261,0.7983958788681775,0.09092433797195554,2,-1187,0.45520879880506404,0.0,0.03190760686993599,step,2,1,0.08578911097720265,settle,sweep:enc:pitch:1789324669552845401,sweep:enc:pitch:1789324669552845401,FFFFFFFFFB5D,"{""counts"":-1187}",1,1,1,1,0,0,0,5.936461,1,0,0,1801971989149354,1,,1801971984059121,1801971907367153,1801971989149354,1801971995085815
1334,5,pitch,3,-1,post,0.45,10,0.0,0.0,0.0,0,2;3,2:00000A;3:00000A,1801971907367153,1789324669581439968,1801972022120633,1789324669610233421,38.278844165150076,0.8252839420456439,0.11781240114942193,2,-1187,0.45520879880506404,0.0,0.026888063177466393,step,2,1,0.11435663909651339,settle,sweep:enc:pitch:1789324669581436896,sweep:enc:pitch:1789324669581436896,FFFFFFFFFB5D,"{""counts"":-1187}",1,1,1,1,0,0,0,6.083216,1,0,0,1801972016037417,1,,1801972012651640,1801971907367153,1801972016037417,1801972022120633
1335,5,pitch,3,-1,post,0.45,10,0.0,0.0,0.0,0,2;3,2:00000A;3:00000A,1801971907367153,1789324669609988647,1801972049132604,1789324669638722450,38.30589684005827,0.8523366169538349,0.1448650760576129,2,-1187,0.45520879880506404,0.0,0.027052674908190966,step,2,1,0.14291927008889616,settle,sweep:enc:pitch:1789324669609986119,sweep:enc:pitch:1789324669609986119,FFFFFFFFFB5D,"{""counts"":-1187}",1,1,1,1,0,0,0,6.042512,1,0,0,1801972043090092,1,,1801972041200255,1801971907367153,1801972043090092,1801972049132604
1336,5,pitch,3,-1,post,0.45,10,0.0,0.0,0.0,0,2;3,2:00000A;3:00000A,1801971907367153,1789324669638545966,1801972080916783,1789324669667301530,38.33805555710569,0.884495334001258,0.17702379310503602,2,-1187,0.45520879880506404,0.0,0.032158717047423124,step,2,1,0.17149130906909704,settle,sweep:enc:pitch:1789324669638543726,sweep:enc:pitch:1789324669638543726,FFFFFFFFFB5D,"{""counts"":-1187}",1,1,1,1,0,0,0,5.667974,1,0,0,1801972075248809,1,,1801972069757574,1801971907367153,1801972075248809,1801972080916783
1337,5,pitch,3,-1,post,0.45,10,0.0,0.0,0.0,0,2;3,2:00000A;3:00000A,1801972107879056,1789324669667120501,1801972119884334,1789324669696014340,38.37658540112898,0.9230251780245453,0.21555363712832332,2,-1187,0.45520879880506404,0.0,0.038529844023287296,step,2,1,0.20006261207163334,settle,sweep:pitch_a:1789324669667097205;sweep:pitch_b:1789324669667105813;sweep:enc:pitch:1789324669667118453,sweep:enc:pitch:1789324669667118453,FFFFFFFFFB5D,"{""counts"":-1187}",1,1,1,1,0,0,0,6.105681,1,0,0,1801972113778653,1,,1801972098332269,1801972107879056,1801972113778653,1801972119884334
1338,5,pitch,3,-1,post,0.45,10,0.0,0.0,0.0,0,2;3,2:00000A;3:00000A,1801972107879056,1789324669695720733,1801972136836353,1789324669724486921,38.393344742944464,0.9397845198400319,0.23231297894380987,2,-1187,0.45520879880506404,0.0,0.01675934181548655,step,2,1,0.22864230000413954,settle,sweep:enc:pitch:1789324669695718365,sweep:enc:pitch:1789324669695718365,FFFFFFFFFB5D,"{""counts"":-1187}",1,1,1,1,0,0,0,6.298358,1,0,0,1801972130537995,1,,1801972126932501,1801972107879056,1801972130537995,1801972136836353
1339,5,pitch,3,-1,post,0.45,10,0.0,0.0,0.0,0,2;3,2:00000A;3:00000A,1801972107879056,1789324669724268612,1801972163845635,1789324669753020208,38.42046202812344,0.9669018050190061,0.25943026412278414,2,-1187,0.45520879880506404,0.0,0.02711728517897427,step,2,1,0.2572055070195347,settle,sweep:enc:pitch:1789324669724266532,sweep:enc:pitch:1789324669724266532,FFFFFFFFFB5D,"{""counts"":-1187}",1,1,1,1,0,0,0,6.190355,1,0,0,1801972157655280,1,,1801972155480412,1801972107879056,1801972157655280,1801972163845635
1340,5,pitch,3,-1,post,0.45,10,0.0,0.0,0.0,0,2;3,2:00000A;3:00000A,1801972107879056,1789324669752844972,1801972190936679,1789324669781562710,38.44746235013008,0.993902127025649,0.28643058612942696,2,-1187,0.45520879880506404,0.0,0.02700032200664282,step,2,1,0.2857909870799631,settle,sweep:enc:pitch:1789324669752843147,sweep:enc:pitch:1789324669752843147,FFFFFFFFFB5D,"{""counts"":-1187}",1,1,1,1,0,0,0,6.281077,1,0,0,1801972184655602,1,,1801972184056772,1801972107879056,1801972184655602,1801972190936679
1341,5,pitch,3,-1,post,0.45,10,0.0,0.0,0.0,0,2;3,2:00000A;3:00000A,1801972107879056,1789324669781397618,1801972222654585,1789324669810267841,38.4797002680134,1.0261400449089706,0.3186685040127486,2,-1187,0.45520879880506404,0.0,0.03223791788332164,step,2,1,0.3143472811207175,settle,sweep:enc:pitch:1789324669781395826,sweep:enc:pitch:1789324669781395826,FFFFFFFFFB5D,"{""counts"":-1187}",1,1,1,1,0,0,0,5.761065,1,0,0,1801972216893520,1,,1801972212609386,1801972107879056,1801972216893520,1801972222654585
1342,5,pitch,3,-1,post,0.45,10,0.0,0.0,0.0,0,2;3,2:00000A;3:00000A,1801972107879056,1789324669810009499,1801972249692668,1789324669838728965,38.50636624614708,1.052806023042649,0.34533448214642704,2,-1187,0.45520879880506404,0.0,0.026665978133678436,step,2,1,0.34292847313918173,settle,sweep:enc:pitch:1789324669810006619,sweep:enc:pitch:1789324669810006619,FFFFFFFFFB5D,"{""counts"":-1187}",1,1,1,1,0,0,0,6.13317,1,0,0,1801972243559498,1,,1801972241221075,1801972107879056,1801972243559498,1801972249692668
1343,5,pitch,3,-1,post,0.45,10,0.0,0.0,0.0,0,2;3,2:00000A;3:00000A,1801972107879056,1789324669838546881,1801972276703006,1789324669867366382,38.53331751096994,1.0797572878655046,0.3722857469692826,2,-1187,0.45520879880506404,0.0,0.026951264822855592,step,2,1,0.37149094394408166,settle,sweep:enc:pitch:1789324669838544801,sweep:enc:pitch:1789324669838544801,FFFFFFFFFB5D,"{""counts"":-1187}",1,1,1,1,0,0,0,6.192243,0,0,0,1801972270510763,1,,1801972269758649,1801972107879056,1801972270510763,1801972276703006
1344,5,pitch,3,-1,rest,0.45,10,0.0,0.0,0.0,0,2;3,2:00000A;3:00000A,1801972308588020,1789324669867546291,1801972320677172,1789324669896384032,38.57697768509388,1.1234174619894475,0.015452687162905931,2,-1187,0.45520879880506404,0.0,0.04366017412394285,step,3,1,5.441252142190933e-07,rest,sweep:pitch_a:1789324669867525298;sweep:pitch_b:1789324669867532818;sweep:enc:pitch:1789324669867544050,sweep:enc:pitch:1789324669867544050,FFFFFFFFFB5D,"{""counts"":-1187}",1,1,0,0,0,0,0,6.506235,1,0,0,1801972314170937,1,,1801972298758059,1801972308588020,1801972314170937,1801972320677172
1345,5,pitch,3,-1,rest,0.45,10,0.0,0.0,0.0,0,2;3,2:00000A;3:00000A,1801972308588020,1789324669896179003,1801972337551301,1789324669924930887,38.59403825108893,1.1404780279845,0.03251325315795839,2,-1187,0.45520879880506404,0.0,0.017060565995052457,step,3,1,0.0286349521484226,rest,sweep:enc:pitch:1789324669896176923,sweep:enc:pitch:1789324669896176923,FFFFFFFFFB5D,"{""counts"":-1187}",1,1,0,0,0,0,0,6.319798,1,0,0,1801972331231503,1,,1801972327390771,1801972308588020,1801972331231503,1801972337551301
1346,5,pitch,3,-1,rest,0.45,10,0.0,0.0,0.0,0,2;3,2:00000A;3:00000A,1801972308588020,1789324669924752867,1801972364577575,1789324669953476270,38.621307955123484,1.167747732019052,0.059782957192510366,2,-1187,0.45520879880506404,0.0,0.027269704034551978,step,3,1,0.057204688200727105,rest,sweep:enc:pitch:1789324669924750595,sweep:enc:pitch:1789324669924750595,FFFFFFFFFB5D,"{""counts"":-1187}",1,1,0,0,0,0,0,6.076368,1,0,0,1801972358501207,1,,1801972355964635,1801972308588020,1801972358501207,1801972364577575
1347,5,pitch,3,-1,rest,0.45,10,0.0,0.0,0.0,0,2;3,2:00000A;3:00000A,1801972308588020,1789324669953323786,1801972391434854,1789324669982049781,38.64820142602548,1.1946412029210478,0.08667642809450626,2,-1187,0.45520879880506404,0.0,0.026893470901995897,step,3,1,0.08577637514099479,rest,sweep:enc:pitch:1789324669953321610,sweep:enc:pitch:1789324669953321610,FFFFFFFFFB5D,"{""counts"":-1187}",1,1,0,0,0,0,0,6.040176,1,0,0,1801972385394678,1,,1801972384535522,1801972308588020,1801972385394678,1801972391434854
1348,5,pitch,3,-1,rest,0.45,10,0.0,0.0,0.0,0,2;3,2:00000A;3:00000A,1801972308588020,1789324669981893841,1801972423406302,1789324670010626908,38.68030772614293,1.2267475030384958,0.11878272821195424,2,-1187,0.45520879880506404,0.0,0.03210630011744797,step,3,1,0.11434764601290226,rest,sweep:enc:pitch:1789324669981891761,sweep:enc:pitch:1789324669981891761,FFFFFFFFFB5D,"{""counts"":-1187}",1,1,0,0,0,0,0,5.905324,1,0,0,1801972417500978,1,,1801972413105609,1801972308588020,1801972417500978,1801972423406302
1349,5,pitch,3,-1,rest,0.45,10,0.0,0.0,0.0,0,2;3,2:00000A;3:00000A,1801972308588020,1789324670010468184,1801972450420992,1789324670020907889,38.70708353002556,1.2535233069211245,0.14555853209458292,2,-1187,0.45520879880506404,0.0,0.02677580388262868,step,3,1,0.14292074204422534,rest,sweep:enc:pitch:1789324670010466040,sweep:enc:pitch:1789324670010466040,FFFFFFFFFB5D,"{""counts"":-1187}",1,1,0,0,0,0,0,6.14421,0,0,0,1801972444276782,1,,1801972441679984,1801972308588020,1801972444276782,1801972450420992
1350,6,pitch,1,1,pre,0.6,10,0.0,0.0,0.0,0,2;3,2:00000A;3:00000A,1801972308588020,1789324670021282522,1801972462416829,1789324670050068038,38.71871839906089,0.003598517971113324,0.0034500660840421915,2,-1187,0.45520879880506404,,0.011634869035333395,step,0,0,4.4796615839004517e-07,settle,sweep:enc:pitch:1789324670021280666,sweep:enc:pitch:1789324670021280666,FFFFFFFFFB5D,"{""counts"":-1187}",1,1,1,0,0,0,0,6.505178,1,0,0,1801972455911651,0,short_encoder_dt,1801972452494354,1801972308588020,1801972455911651,1801972462416829
1351,6,pitch,1,1,pre,0.6,10,0.0,0.0,0.0,0,2;3,2:00000A;3:00000A,1801972308588020,1789324670049923874,1801972489178970,1789324670078661646,38.74615393113345,0.031034050043672323,0.03088559815660119,2,-1187,0.45520879880506404,0.0,0.027435532072559,step,0,0,0.028634217102080584,settle,sweep:enc:pitch:1789324670049921794,sweep:enc:pitch:1789324670049921794,FFFFFFFFFB5D,"{""counts"":-1187}",1,1,1,1,0,0,0,5.831787,1,0,0,1801972483347183,1,,1801972481135674,1801972308588020,1801972483347183,1801972489178970
1352,6,pitch,1,1,pre,0.6,10,0.0,0.0,0.0,0,2;3,2:00000A;3:00000A,1801972521286357,1789324670078497226,1801972532308731,1789324670107250453,38.78951134602539,0.07439146493561566,0.07424301304854453,2,-1187,0.45520879880506404,0.0,0.043357414891943336,step,0,0,0.057204911950975657,settle,sweep:pitch_a:1789324670078474921;sweep:pitch_b:1789324670078482537;sweep:enc:pitch:1789324670078495146,sweep:enc:pitch:1789324670078495146,FFFFFFFFFB5D,"{""counts"":-1187}",1,1,1,1,0,0,0,5.604133,1,0,0,1801972526704598,1,,1801972509708962,1801972521286357,1801972526704598,1801972532308731
1353,6,pitch,1,1,pre,0.6,10,0.0,0.0,0.0,0,2;3,2:00000A;3:00000A,1801972521286357,1789324670107064497,1801972549212941,1789324670135784924,38.80574193992652,0.09062205883674324,0.0904736069496721,2,-1187,0.45520879880506404,0.0,0.016230593901127577,step,0,0,0.08577791112475097,settle,sweep:enc:pitch:1789324670107062545,sweep:enc:pitch:1789324670107062545,FFFFFFFFFB5D,"{""counts"":-1187}",1,1,1,1,0,0,0,6.277749,1,0,0,1801972542935192,1,,1801972538276297,1801972521286357,1801972542935192,1801972549212941
1354,6,pitch,1,1,pre,0.6,10,0.0,0.0,0.0,0,2;3,2:00000A;3:00000A,1801972521286357,1789324670135638648,1801972576167118,1789324670164369379,38.83289695298299,0.11777707189321518,0.11762862000614405,2,-1187,0.45520879880506404,0.0,0.027155013056471944,step,0,0,0.11434940597973764,settle,sweep:enc:pitch:1789324670135636472,sweep:enc:pitch:1789324670135636472,FFFFFFFFFB5D,"{""counts"":-1187}",1,1,1,1,0,0,0,6.076913,1,0,0,1801972570090205,1,,1801972566850384,1801972521286357,1801972570090205,1801972576167118
1355,6,pitch,1,1,pre,0.6,10,0.0,0.0,0.0,0,2;3,2:00000A;3:00000A,1801972521286357,1789324670164211679,1801972603128367,1789324670192949707,38.85991842811927,0.14479854702949524,0.1446500951424241,2,-1187,0.45520879880506404,0.0,0.02702147513628006,step,0,0,0.14291930105537176,settle,sweep:enc:pitch:1789324670164209343,sweep:enc:pitch:1789324670164209343,FFFFFFFFFB5D,"{""counts"":-1187}",1,1,1,1,0,0,0,6.016687,1,0,0,1801972597111680,1,,1801972595423447,1801972521286357,1801972597111680,1801972603128367
1356,6,pitch,1,1,pre,0.6,10,0.0,0.0,0.0,0,2;3,2:00000A;3:00000A,1801972521286357,1789324670192781895,1801972635082886,1789324670221498609,38.89197272597812,0.1768528448883444,0.17670439300127327,2,-1187,0.45520879880506404,0.0,0.03205429785884917,step,0,0,0.17149028507992625,settle,sweep:enc:pitch:1789324670192779591,sweep:enc:pitch:1789324670192779591,FFFFFFFFFB5D,"{""counts"":-1187}",1,1,1,1,0,0,0,5.916908,1,0,0,1801972629165978,1,,1801972623993663,1801972521286357,1801972629165978,1801972635082886
1357,6,pitch,1,1,pre,0.6,10,0.0,0.0,0.0,0,2;3,2:00000A;3:00000A,1801972521286357,1789324670221350190,1801972662111337,1789324670250261565,38.918782867025584,0.20366298593580723,0.2035145340487361,2,-1187,0.45520879880506404,0.0,0.02681014104746282,step,0,0,0.20006117201410234,settle,sweep:enc:pitch:1789324670221347854,sweep:enc:pitch:1789324670221347854,FFFFFFFFFB5D,"{""counts"":-1187}",1,1,1,1,0,0,0,6.135218,1,0,0,1801972655976119,1,,1801972652561958,1801972521286357,1801972655976119,1801972662111337
1358,6,pitch,1,1,pre,0.6,10,0.0,0.0,0.0,0,2;3,2:00000A;3:00000A,1801972521286357,1789324670249972534,1801972689081642,1789324670278875717,38.946027419064194,0.2309075379744172,0.23075908608734608,2,-1187,0.45520879880506404,0.0,0.02724455203860998,step,0,0,0.22863890696316957,settle,sweep:enc:pitch:1789324670249970006,sweep:enc:pitch:1789324670249970006,FFFFFFFFFB5D,"{""counts"":-1187}",1,1,1,1,0,0,0,5.860971,1,0,0,1801972683220671,1,,1801972681184238,1801972521286357,1801972683220671,1801972689081642
1359,6,pitch,1,1,pre,0.6,10,0.0,0.0,0.0,0,2;3,2:00000A;3:00000A,1801972721068130,1789324670278560286,1801972732907164,1789324670307413420,38.99013861105777,0.2750187299679965,0.27487027808092535,2,-1187,0.45520879880506404,0.0,0.04411119199357927,step,0,0,0.2572215390391648,settle,sweep:pitch_a:1789324670278523901;sweep:pitch_b:1789324670278537053;sweep:enc:pitch:1789324670278557182,sweep:enc:pitch:1789324670278557182,FFFFFFFFFB5D,"{""counts"":-1187}",1,1,1,1,0,0,0,5.575301,1,0,0,1801972727331863,1,,1801972709772054,1801972721068130,1801972727331863,1801972732907164
1360,6,pitch,1,1,pre,0.6,10,0.0,0.0,0.0,0,2;3,2:00000A;3:00000A,1801972721068130,1789324670307098692,1801972749992850,1789324670328059543,39.006420213961974,0.29130033287219703,0.2911518809851259,2,-1187,0.45520879880506404,0.0,0.016281602904200554,step,0,0,0.2857789220288396,settle,sweep:enc:pitch:1789324670307096196,sweep:enc:pitch:1789324670307096196,FFFFFFFFFB5D,"{""counts"":-1187}",1,1,1,1,0,0,0,6.379384,0,0,0,1801972743613466,1,,1801972738310268,1801972721068130,1801972743613466,1801972749992850
1361,6,pitch,1,1,step,0.6,10,0.6,0.6,0.5235987755982988,0,2;3,2:00050A00000032;3:80050A00000032,1801972767851803,1789324670328282364,1801972779894361,1789324670357152650,39.036960972007364,0.3218410909175873,0.014713052893057466,2,-1203,0.4613447219566066,0.20090932721523216,0.03054075804539025,step,1,0,4.798639565706253e-07,step,sweep:pitch_a:1789324670328256699;sweep:pitch_b:1789324670328266300;sweep:enc:pitch:1789324670328280444,sweep:enc:pitch:1789324670328280444,FFFFFFFFFB4D,"{""counts"":-1203}",1,1,0,0,0,0,0,5.740137,1,0,0,1801972774154224,1,,1801972759494164,1801972767851803,1801972774154224,1801972779894361
1362,6,pitch,1,1,step,0.6,10,0.6,0.6,0.5235987755982988,0,2;3,2:00050A00000032;3:80050A00000032,1801972767851803,1789324670356923685,1801972796846444,1789324670385746866,39.05332603305578,0.33820615196600556,0.03107811394147575,2,-1225,0.4697816162899776,0.5155431017586377,0.016365061048418283,step,1,0,0.02863315981812775,step,sweep:enc:pitch:1789324670356921317,sweep:enc:pitch:1789324670356921317,FFFFFFFFFB37,"{""counts"":-1225}",1,1,0,0,0,0,0,6.327159,1,0,0,1801972790519285,1,,1801972788135453,1801972767851803,1801972790519285,1801972796846444
1363,6,pitch,1,1,step,0.6,10,0.6,0.6,0.5235987755982988,0,2;3,2:00050A00000032;3:80050A00000032,1801972767851803,1789324670385508172,1801972823860622,1789324670414281208,39.0805942339357,0.3654743528459221,0.0583463148213923,2,-1263,0.4843544337748912,0.5344253384771958,0.02726820087991655,step,1,0,0.057206063997000456,step,sweep:enc:pitch:1789324670385505612,sweep:enc:pitch:1789324670385505612,FFFFFFFFFB11,"{""counts"":-1263}",1,1,0,0,0,0,0,6.073136,1,0,0,1801972817787486,1,,1801972816719876,1801972767851803,1801972817787486,1801972823860622
1364,6,pitch,1,1,step,0.6,10,0.6,0.6,0.5235987755982988,0,2;3,2:00050A00000032;3:80050A00000032,1801972767851803,1789324670414072755,1801972855814630,1789324670442826047,39.11278565507382,0.3976657739840448,0.09053773595951498,2,-1303,0.4996942416537476,0.47651850513335225,0.03219142113812268,step,1,0,0.08577650296501815,step,sweep:enc:pitch:1789324670414070771,sweep:enc:pitch:1789324670414070771,FFFFFFFFFAE9,"{""counts"":-1303}",1,1,0,0,0,0,0,5.835723,1,0,0,1801972849978907,1,,1801972845284523,1801972767851803,1801972849978907,1801972855814630
1365,6,pitch,1,1,step,0.6,10,0.6,0.6,0.5235987755982988,0,2;3,2:00050A00000032;3:80050A00000032,1801972767851803,1789324670442635002,1801972882709509,1789324670471403942,39.139518035110086,0.42439815402030945,0.11727011599577963,2,-1340,0.5138835639416898,0.530791581920248,0.026732380036264658,step,1,0,0.11434719781391323,step,sweep:enc:pitch:1789324670442632890,sweep:enc:pitch:1789324670442632890,FFFFFFFFFAC4,"{""counts"":-1340}",1,1,0,0,0,0,0,5.998222,1,0,0,1801972876711287,1,,1801972873846738,1801972767851803,1801972876711287,1801972882709509
1366,6,pitch,1,1,step,0.6,10,0.6,0.6,0.5235987755982988,0,2;3,2:00050A00000032;3:80050A00000032,1801972767851803,1789324670471204386,1801972909705287,1789324670500011118,39.16643489804119,0.45131501695141196,0.14418697892688215,2,-1378,0.5284563814266033,0.5414010363025862,0.026916862931102514,step,1,0,0.14292051689699292,step,sweep:enc:pitch:1789324670471202306,sweep:enc:pitch:1789324670471202306,FFFFFFFFFA9E,"{""counts"":-1378}",1,1,0,0,0,0,0,6.077137,1,0,0,1801972903628150,1,,1801972902416090,1801972767851803,1801972903628150,1801972909705287
1367,6,pitch,1,1,step,0.6,10,0.6,0.6,0.5235987755982988,0,2;3,2:00050A00000032;3:80050A00000032,1801972767851803,1789324670499790249,1801972941726336,1789324670528558677,39.19863412808627,0.48351424699649215,0.17638620897196233,2,-1423,0.5457136652903168,0.5359533081863332,0.032199230045080185,step,1,0,0.1714913728646934,step,sweep:enc:pitch:1789324670499787881,sweep:enc:pitch:1789324670499787881,FFFFFFFFFA71,"{""counts"":-1423}",1,1,0,0,0,0,0,5.898956,1,0,0,1801972935827380,1,,1801972931001953,1801972767851803,1801972935827380,1801972941726336
1368,6,pitch,1,1,step,0.6,10,0.6,0.6,0.5235987755982988,0,2;3,2:00050A00000032;3:80050A00000032,1801972969591799,1789324670528355600,1801972982516138,1789324670557157149,39.23955465294421,0.5244347718544304,0.21730673382990062,2,-1481,0.5679563867146586,0.5435590452849941,0.04092052485793829,step,1,0,0.20006126794032753,step,sweep:pitch_a:1789324670528324816;sweep:pitch_b:1789324670528336368;sweep:enc:pitch:1789324670528353360,sweep:enc:pitch:1789324670528353360,FFFFFFFFFA37,"{""counts"":-1481}",1,1,0,0,0,0,0,5.768233,1,0,0,1801972976747905,1,,1801972959567336,1801972969591799,1801972976747905,1801972982516138
1369,6,pitch,1,1,step,0.6,10,0.6,0.6,0.5235987755982988,0,2;3,2:00050A00000032;3:80050A00000032,1801972969591799,1789324670556923671,1801972999456029,1789324670585686307,39.255896577145904,0.5407766960561275,0.23364865803159773,2,-1503,0.5763932810480297,0.5162730061185116,0.01634192420169711,step,1,0,0.2286323788575828,step,sweep:enc:pitch:1789324670556921271,sweep:enc:pitch:1789324670556921271,FFFFFFFFFA21,"{""counts"":-1503}",1,1,0,0,0,0,0,6.3662,1,0,0,1801972993089829,1,,1801972988135215,1801972969591799,1801972993089829,1801972999456029
1370,6,pitch,1,1,step,0.6,10,0.6,0.6,0.5235987755982988,0,2;3,2:00050A00000032;3:80050A00000032,1801972969591799,1789324670585496319,1801973026468255,1789324670614291275,39.283154409145936,0.5680345280561596,0.2609064900316298,2,-1540,0.5905826033359719,0.5205594593115673,0.027257832000032067,step,1,0,0.2572049938607961,step,sweep:enc:pitch:1789324670585493983,sweep:enc:pitch:1789324670585493983,FFFFFFFFF9FC,"{""counts"":-1540}",1,1,0,0,0,0,0,6.120594,1,0,0,1801973020347661,1,,1801973016708023,1801972969591799,1801973020347661,1801973026468255
1371,6,pitch,1,1,step,0.6,10,0.6,0.6,0.5235987755982988,0,2;3,2:00050A00000032;3:80050A00000032,1801972969591799,1789324670614069894,1801973053461216,1789324670642828370,39.31024058908224,0.5951207079924643,0.2879926699679345,2,-1578,0.6051554208208855,0.5380167125516669,0.02708617993630469,step,1,0,0.2857763608917594,step,sweep:enc:pitch:1789324670614067718,sweep:enc:pitch:1789324670614067718,FFFFFFFFF9D6,"{""counts"":-1578}",1,1,0,0,0,0,0,6.027375,1,0,0,1801973047433841,1,,1801973045281598,1801972969591799,1801973047433841,1801973053461216
1372,6,pitch,1,1,step,0.6,10,0.6,0.6,0.5235987755982988,0,2;3,2:00050A00000032;3:80050A00000032,1801972969591799,1789324670642635501,1801973080277374,1789324670671406169,39.33708397904411,0.6219640979543328,0.314836059929803,2,-1611,0.617810762320942,0.47145094259829545,0.026843389961868525,step,1,0,0.3143478569108993,step,sweep:enc:pitch:1789324670642633389,sweep:enc:pitch:1789324670642633389,FFFFFFFFF9B5,"{""counts"":-1611}",1,1,0,0,0,0,0,6.000143,1,0,0,1801973074277231,1,,1801973073847077,1801972969591799,1801973074277231,1801973080277374
1373,6,pitch,1,1,step,0.6,10,0.6,0.6,0.5235987755982988,0,2;3,2:00050A00000032;3:80050A00000032,1801972969591799,1789324670671207636,1801973112216117,1789324670699986080,39.36904896306805,0.6539290819782764,0.34680104395374656,2,-1655,0.6346845509876841,0.5278835319955939,0.03196498402394354,step,1,0,0.3429197040386498,step,sweep:enc:pitch:1789324670671205428,sweep:enc:pitch:1789324670671205428,FFFFFFFFF989,"{""counts"":-1655}",1,1,0,0,0,0,0,5.973902,1,0,0,1801973106242215,1,,1801973102419372,1801972969591799,1801973106242215,1801973112216117
1374,6,pitch,1,1,step,0.6,10,0.6,0.6,0.5235987755982988,0,2;3,2:00050A00000032;3:80050A00000032,1801972969591799,1789324670699784188,1801973139294297,1789324670728436869,39.395818720106035,0.6806988390162587,0.3735708009917289,2,-1691,0.6484903780786548,0.5157247811917883,0.026769757037982345,step,1,0,0.3714895669836551,step,sweep:enc:pitch:1789324670699781564,sweep:enc:pitch:1789324670699781564,FFFFFFFFF965,"{""counts"":-1691}",1,1,0,0,0,0,0,6.282325,0,0,0,1801973133011972,1,,1801973130995732,1801972969591799,1801973133011972,1801973139294297
1375,6,pitch,1,1,post,0.6,10,0.0,0.0,0.0,0,2;3,2:00000A;3:00000A,1801973171139758,1789324670728656682,1801973183174796,1789324670757532120,39.440085276030004,0.7249653949402273,0.017453887034207582,2,-1740,0.6672816427302539,0.4245025224884136,0.044266555923968554,step,2,1,5.119945853948593e-07,settle,sweep:pitch_a:1789324670728634890;sweep:pitch_b:1789324670728642282;sweep:enc:pitch:1789324670728654730,sweep:enc:pitch:1789324670728654730,FFFFFFFFF934,"{""counts"":-1740}",1,1,1,0,0,0,0,5.896268,1,0,0,1801973177278528,1,,1801973159868450,1801973171139758,1801973177278528,1801973183174796
1376,6,pitch,1,1,post,0.6,10,0.0,0.0,0.0,0,2;3,2:00000A;3:00000A,1801973171139758,1789324670757302835,1801973200175936,1789324670786067103,39.456602917052805,0.7414830359630287,0.03397152805700898,2,-1740,0.6672816427302539,0.0,0.0165176410228014,step,2,1,0.02863594493828714,settle,sweep:enc:pitch:1789324670757300147,sweep:enc:pitch:1789324670757300147,FFFFFFFFF934,"{""counts"":-1740}",1,1,1,1,0,0,0,6.379767,1,0,0,1801973193796169,1,,1801973188514379,1801973171139758,1801973193796169,1801973200175936
1377,6,pitch,1,1,post,0.6,10,0.0,0.0,0.0,0,2;3,2:00000A;3:00000A,1801973171139758,1789324670785874362,1801973227148929,1789324670814648390,39.4839100940153,0.7687902129255235,0.06127870501950383,2,-1740,0.6672816427302539,0.0,0.02730717696249485,step,2,1,0.057205328019335866,settle,sweep:enc:pitch:1789324670785871482,sweep:enc:pitch:1789324670785871482,FFFFFFFFF934,"{""counts"":-1740}",1,1,1,1,0,0,0,6.045583,1,0,0,1801973221103346,1,,1801973217085938,1801973171139758,1801973221103346,1801973227148929
1378,6,pitch,1,1,post,0.6,10,0.0,0.0,0.0,0,2;3,2:00000A;3:00000A,1801973171139758,1789324670814445794,1801973254188452,1789324670843211693,39.510974385077134,0.795854503987357,0.08834299608133733,2,-1740,0.6672816427302539,0.0,0.0270642910618335,step,2,1,0.08577787899412215,settle,sweep:enc:pitch:1789324670814443265,sweep:enc:pitch:1789324670814443265,FFFFFFFFF934,"{""counts"":-1740}",1,1,1,1,0,0,0,6.020815,1,0,0,1801973248167637,1,,1801973245657401,1801973171139758,1801973248167637,1801973254188452
1379,6,pitch,1,1,post,0.6,10,0.0,0.0,0.0,0,2;3,2:00000A;3:00000A,1801973171139758,1789324670843015945,1801973281018818,1789324670871773428,39.53796440293081,0.8228445218410343,0.1153330139350146,2,-1740,0.6672816427302539,0.0,0.026990017853677273,step,2,1,0.11434940597973764,settle,sweep:enc:pitch:1789324670843013129,sweep:enc:pitch:1789324670843013129,FFFFFFFFF934,"{""counts"":-1740}",1,1,1,1,0,0,0,5.861163,1,0,0,1801973275157655,1,,1801973274227713,1801973171139758,1801973275157655,1801973281018818
1380,6,pitch,1,1,post,0.6,10,0.0,0.0,0.0,0,2;3,2:00000A;3:00000A,1801973171139758,1789324670871584016,1801973312965594,1789324670900367484,39.56992516294122,0.8548052818514407,0.14729377394542098,2,-1740,0.6672816427302539,0.0,0.031960760010406375,step,2,1,0.14291901397518814,settle,sweep:enc:pitch:1789324670871581648,sweep:enc:pitch:1789324670871581648,FFFFFFFFF934,"{""counts"":-1740}",1,1,1,1,0,0,0,5.847179,1,0,0,1801973307118415,1,,1801973302795816,1801973171139758,1801973307118415,1801973312965594
1381,6,pitch,1,1,post,0.6,10,0.0,0.0,0.0,0,2;3,2:00000A;3:00000A,1801973171139758,1789324670900158839,1801973339987676,1789324670928953860,39.59664509398863,0.8815252128988504,0.17401370499283075,2,-1740,0.6672816427302539,0.0,0.026719931047409773,step,2,1,0.17148999706842005,settle,sweep:enc:pitch:1789324670900156247,sweep:enc:pitch:1789324670900156247,FFFFFFFFF934,"{""counts"":-1740}",1,1,1,1,0,0,0,6.14933,1,0,0,1801973333838346,1,,1801973331370575,1801973171139758,1801973333838346,1801973339987676
1382,6,pitch,1,1,post,0.6,10,0.0,0.0,0.0,0,2;3,2:00000A;3:00000A,1801973367051839,1789324670928731550,1801973378962107,1789324670957546955,39.63570774998516,0.9205878688953817,0.213076360989362,2,-1740,0.6672816427302539,0.0,0.03906265599653125,step,2,1,0.20006347610615194,settle,sweep:pitch_a:1789324670928705086;sweep:pitch_b:1789324670928714590;sweep:enc:pitch:1789324670928729054,sweep:enc:pitch:1789324670928729054,FFFFFFFFF934,"{""counts"":-1740}",1,1,1,1,0,0,0,6.061105,1,0,0,1801973372901002,1,,1801973359943126,1801973367051839,1801973372901002,1801973378962107
1383,6,pitch,1,1,post,0.6,10,0.0,0.0,0.0,0,2;3,2:00000A;3:00000A,1801973367051839,1789324670957302662,1801973395893357,1789324670986073938,39.65239857905544,0.9372786979656667,0.22976719005964696,2,-1740,0.6672816427302539,0.0,0.016690829070284963,step,2,1,0.2286343949381262,settle,sweep:enc:pitch:1789324670957300358,sweep:enc:pitch:1789324670957300358,FFFFFFFFF934,"{""counts"":-1740}",1,1,1,1,0,0,0,6.301526,1,0,0,1801973389591831,1,,1801973388514302,1801973367051839,1801973389591831,1801973395893357
1384,6,pitch,1,1,post,0.6,10,0.0,0.0,0.0,0,2;3,2:00000A;3:00000A,1801973367051839,1789324670985872589,1801973427867301,1789324671014628824,39.68472187593579,0.9696019948460162,0.2620904869399965,2,-1740,0.6672816427302539,0.0,0.03232329688034952,step,2,1,0.25720409909263253,settle,sweep:enc:pitch:1789324670985870125,sweep:enc:pitch:1789324670985870125,FFFFFFFFF934,"{""counts"":-1740}",1,1,1,1,0,0,0,5.952173,1,0,0,1801973421915128,1,,1801973417084037,1801973367051839,1801973421915128,1801973427867301
1385,6,pitch,1,1,post,0.6,10,0.0,0.0,0.0,0,2;3,2:00000A;3:00000A,1801973367051839,1789324671014439860,1801973454710819,1789324671043206656,39.71156472200528,0.9964448409155011,0.28893333300948143,2,-1740,0.6672816427302539,0.0,0.02684284606948495,step,2,1,0.2857770340051502,settle,sweep:enc:pitch:1789324671014437588,sweep:enc:pitch:1789324671014437588,FFFFFFFFF934,"{""counts"":-1740}",1,1,1,1,0,0,0,5.952845,1,0,0,1801973448757974,1,,1801973445651532,1801973367051839,1801973448757974,1801973454710819
1386,6,pitch,1,1,post,0.6,10,0.0,0.0,0.0,0,2;3,2:00000A;3:00000A,1801973367051839,1789324671043010555,1801973481742566,1789324671071810440,39.738473585108295,1.0233537040185183,0.31584219611249864,2,-1740,0.6672816427302539,0.0,0.02690886310301721,step,2,1,0.3143474729731679,settle,sweep:enc:pitch:1789324671043008283,sweep:enc:pitch:1789324671043008283,FFFFFFFFF934,"{""counts"":-1740}",1,1,1,1,0,0,0,6.075729,1,0,0,1801973475666837,1,,1801973474222099,1801973367051839,1801973475666837,1801973481742566
1387,6,pitch,1,1,post,0.6,10,0.0,0.0,0.0,0,2;3,2:00000A;3:00000A,1801973367051839,1789324671071590082,1801973513732414,1789324671100338734,39.77064846199937,1.055528580909595,0.3480170730035752,2,-1741,0.6676651379272254,0.011919088246078412,0.032174876891076565,step,2,1,0.3429187759757042,settle,sweep:enc:pitch:1789324671071587458,sweep:enc:pitch:1789324671071587458,FFFFFFFFF933,"{""counts"":-1741}",1,1,1,1,0,0,0,5.8907,1,0,0,1801973507841714,1,,1801973502801562,1801973367051839,1801973507841714,1801973513732414
1388,6,pitch,1,1,post,0.6,10,0.0,0.0,0.0,0,2;3,2:00000A;3:00000A,1801973367051839,1789324671100153225,1801973540528891,1789324671129017912,39.79748935601674,1.0823694749269634,0.37485796702094376,2,-1741,0.6676651379272254,0.0,0.026840894017368555,step,2,1,0.3714908789843321,settle,sweep:enc:pitch:1789324671100150793,sweep:enc:pitch:1789324671100150793,FFFFFFFFF933,"{""counts"":-1741}",1,1,1,1,0,0,0,5.846283,0,0,0,1801973534682608,1,,1801973531364961,1801973367051839,1801973534682608,1801973540528891
1389,6,pitch,1,1,rest,0.6,10,0.0,0.0,0.0,0,2;3,2:00000A;3:00000A,1801973567423643,1789324671129216284,1801973579494874,1789324671158106635,39.83618483599275,1.1210649549029768,0.012990484945476055,2,-1740,0.6672816427302539,-0.009910594136813215,0.0386954799760133,step,3,1,3.520399332046509e-07,rest,sweep:pitch_a:1789324671129195260;sweep:pitch_b:1789324671129202044;sweep:enc:pitch:1789324671129214428,sweep:enc:pitch:1789324671129214428,FFFFFFFFF934,"{""counts"":-1740}",1,1,0,0,0,0,0,6.116786,1,0,0,1801973573378088,1,,1801973560428084,1801973567423643,1801973573378088,1801973579494874
1390,6,pitch,1,1,rest,0.6,10,0.0,0.0,0.0,0,2;3,2:00000A;3:00000A,1801973567423643,1789324671157865349,1801973596614865,1789324671186656242,39.852981810923666,1.137861929833889,0.02978745987638831,2,-1740,0.6672816427302539,0.0,0.016796974930912256,step,3,1,0.02863357705064118,rest,sweep:enc:pitch:1789324671157862981,sweep:enc:pitch:1789324671157862981,FFFFFFFFF934,"{""counts"":-1740}",1,1,0,0,0,0,0,6.439802,1,0,0,1801973590175063,1,,1801973589077149,1801973567423643,1801973590175063,1801973596614865
1391,6,pitch,1,1,rest,0.6,10,0.0,0.0,0.0,0,2;3,2:00000A;3:00000A,1801973567423643,1789324671186437933,1801973628405604,1789324671215183288,39.88551077712327,1.1703908960334957,0.06231642607599497,2,-1740,0.6672816427302539,0.0,0.03252896619960666,step,3,1,0.05720439995639026,rest,sweep:enc:pitch:1789324671186435404,sweep:enc:pitch:1789324671186435404,FFFFFFFFF934,"{""counts"":-1740}",1,1,0,0,0,0,0,5.701575,1,0,0,1801973622704029,1,,1801973617649733,1801973567423643,1801973622704029,1801973628405604
1392,6,pitch,1,1,rest,0.6,10,0.0,0.0,0.0,0,2;3,2:00000A;3:00000A,1801973567423643,1789324671214997491,1801973655390310,1789324671243751743,39.912130512995645,1.1970106319058686,0.08893616194836795,2,-1740,0.6672816427302539,0.0,0.026619735872372985,step,3,1,0.08577611902728677,rest,sweep:enc:pitch:1789324671214995379,sweep:enc:pitch:1789324671214995379,FFFFFFFFF934,"{""counts"":-1740}",1,1,0,0,0,0,0,6.066545,1,0,0,1801973649323765,1,,1801973646209259,1801973567423643,1801973649323765,1801973655390310
1393,6,pitch,1,1,rest,0.6,10,0.0,0.0,0.0,0,2;3,2:00000A;3:00000A,1801973567423643,1789324671243569979,1801973682395272,1789324671272361895,39.93908811407164,1.2239682329818606,0.11589376302435994,2,-1740,0.6672816427302539,0.0,0.026957601075991988,step,3,1,0.11434684693813324,rest,sweep:enc:pitch:1789324671243567291,sweep:enc:pitch:1789324671243567291,FFFFFFFFF934,"{""counts"":-1740}",1,1,0,0,0,0,0,6.113906,1,0,0,1801973676281366,1,,1801973674781747,1801973567423643,1801973676281366,1801973682395272
1394,6,pitch,1,1,rest,0.6,10,0.0,0.0,0.0,0,2;3,2:00000A;3:00000A,1801973567423643,1789324671272149346,1801973714402176,1789324671287836279,39.9713181280531,1.2561982469633222,0.14812377700582147,2,-1740,0.6672816427302539,0.0,0.032230013981461525,step,3,1,0.14291910990141332,rest,sweep:enc:pitch:1789324671272147042,sweep:enc:pitch:1789324671272147042,FFFFFFFFF934,"{""counts"":-1740}",1,1,0,0,0,0,0,5.890796,0,0,0,1801973708511380,1,,1801973703361146,1801973567423643,1801973708511380,1801973714402176
1395,6,pitch,1,-1,pre,0.6,10,0.0,0.0,0.0,0,2;3,2:00000A;3:00000A,1801973567423643,1789324671288278465,1801973726366461,1789324671317139215,39.98276332905516,0.0006741611286997795,0.0005051649641245604,2,-1740,0.6672816427302539,,0.011445201002061367,step,0,0,4.810281097888947e-07,settle,sweep:enc:pitch:1789324671288276609,sweep:enc:pitch:1789324671288276609,FFFFFFFFF934,"{""counts"":-1740}",1,1,1,0,0,0,0,6.40988,1,0,0,1801973719956581,0,short_encoder_dt,1801973719490201,1801973567423643,1801973719956581,1801973726366461
1396,6,pitch,1,-1,pre,0.6,10,0.0,0.0,0.0,0,2;3,2:00000A;3:00000A,1801973567423643,1789324671316928810,1801973758322324,1789324671345727991,40.015317477984354,0.033228310057893395,0.033059313893318176,2,-1740,0.6672816427302539,0.0,0.032554148929193616,step,0,0,0.02863360894843936,settle,sweep:enc:pitch:1789324671316926186,sweep:enc:pitch:1789324671316926186,FFFFFFFFF934,"{""counts"":-1740}",1,1,1,1,0,0,0,5.811594,1,0,0,1801973752510730,1,,1801973748140322,1801973567423643,1801973752510730,1801973758322324
1397,6,pitch,1,-1,pre,0.6,10,0.0,0.0,0.0,0,2;3,2:00000A;3:00000A,1801973785318390,1789324671345506034,1801973797273330,1789324671374358048,40.05369051895104,0.07160135102458298,0.07143235486000776,2,-1740,0.6672816427302539,0.0,0.03837304096668959,step,0,0,0.057207407895475626,settle,sweep:pitch_a:1789324671345478097;sweep:pitch_b:1789324671345487473;sweep:enc:pitch:1789324671345503378,sweep:enc:pitch:1789324671345503378,FFFFFFFFF934,"{""counts"":-1740}",1,1,1,1,0,0,0,6.389559,1,0,0,1801973790883771,1,,1801973776717354,1801973785318390,1801973790883771,1801973797273330
1398,6,pitch,1,-1,pre,0.6,10,0.0,0.0,0.0,0,2;3,2:00000A;3:00000A,1801973785318390,1789324671374079705,1801973814214469,1789324671402866181,40.0707305080723,0.08864134014584124,0.08847234398126602,2,-1740,0.6672816427302539,0.0,0.01703998912125826,step,0,0,0.08577803988009691,settle,sweep:enc:pitch:1789324671374077529,sweep:enc:pitch:1789324671374077529,FFFFFFFFF934,"{""counts"":-1740}",1,1,1,1,0,0,0,6.290709,1,0,0,1801973807923760,1,,1801973805291441,1801973785318390,1801973807923760,1801973814214469
1399,6,pitch,1,-1,pre,0.6,10,0.0,0.0,0.0,0,2;3,2:00000A;3:00000A,1801973785318390,1789324671402643616,1801973841069219,1789324671431421516,40.0980465169996,0.11595734907314181,0.1157883529085666,2,-1740,0.6672816427302539,0.0,0.027316008927300572,step,0,0,0.11435049492865801,settle,sweep:enc:pitch:1789324671402641600,sweep:enc:pitch:1789324671402641600,FFFFFFFFF934,"{""counts"":-1740}",1,1,1,1,0,0,0,5.82945,1,0,0,1801973835239769,1,,1801973833855384,1801973785318390,1801973835239769,1801973841069219
1400,6,pitch,1,-1,pre,0.6,10,0.0,0.0,0.0,0,2;3,2:00000A;3:00000A,1801973785318390,1789324671431211303,1801973873022875,1789324671459977939,40.1299655160401,0.14787634811364114,0.14770735194906592,2,-1740,0.6672816427302539,0.0,0.03191899904049933,step,0,0,0.14292045403271914,settle,sweep:enc:pitch:1789324671431208999,sweep:enc:pitch:1789324671431208999,FFFFFFFFF934,"{""counts"":-1740}",1,1,1,1,0,0,0,5.864107,1,0,0,1801973867158768,1,,1801973862423103,1801973785318390,1801973867158768,1801973873022875
1401,6,pitch,1,-1,pre,0.6,10,0.0,0.0,0.0,0,2;3,2:00000A;3:00000A,1801973785318390,1789324671459779310,1801973900056478,1789324671488546586,40.15668944711797,0.1746002791915089,0.17443128302693367,2,-1740,0.6672816427302539,0.0,0.026723931077867746,step,0,0,0.17149175703525543,settle,sweep:enc:pitch:1789324671459777422,sweep:enc:pitch:1789324671459777422,FFFFFFFFF934,"{""counts"":-1740}",1,1,1,1,0,0,0,6.173779,1,0,0,1801973893882699,1,,1801973890991110,1801973785318390,1801973893882699,1801973900056478
1402,6,pitch,1,-1,pre,0.6,10,0.0,0.0,0.0,0,2;3,2:00000A;3:00000A,1801973785318390,1789324671488345301,1801973927005214,1789324671517128993,40.18380746804178,0.2017183001153171,0.2015493039507419,2,-1740,0.6672816427302539,0.0,0.027118020923808217,step,0,0,0.20006069191731513,settle,sweep:enc:pitch:1789324671488343253,sweep:enc:pitch:1789324671488343253,FFFFFFFFF934,"{""counts"":-1740}",1,1,1,1,0,0,0,6.004494,1,0,0,1801973921000720,1,,1801973919557101,1801973785318390,1801973921000720,1801973927005214
1403,6,pitch,1,-1,pre,0.6,10,0.0,0.0,0.0,0,2;3,2:00000A;3:00000A,1801973785318390,1789324671516925693,1801973958871412,1789324671545697385,40.21597818401642,0.23388901608996093,0.2337200199253857,2,-1740,0.6672816427302539,0.0,0.032170715974643826,step,0,0,0.2286344589665532,settle,sweep:enc:pitch:1789324671516923453,sweep:enc:pitch:1789324671516923453,FFFFFFFFF934,"{""counts"":-1740}",1,1,1,1,0,0,0,5.699976,1,0,0,1801973953171436,1,,1801973948137493,1801973785318390,1801973953171436,1801973958871412
1404,6,pitch,1,-1,pre,0.6,10,0.0,0.0,0.0,0,2;3,2:00000A;3:00000A,1801973785318390,1789324671545497700,1801973985844501,1789324671574248015,40.24259686493315,0.2605076970066875,0.2603387008421123,2,-1740,0.6672816427302539,0.0,0.02661868091672659,step,0,0,0.2572055070195347,settle,sweep:enc:pitch:1789324671545495268,sweep:enc:pitch:1789324671545495268,FFFFFFFFF934,"{""counts"":-1740}",1,1,1,1,0,0,0,6.054384,1,0,0,1801973979790117,1,,1801973976709308,1801973785318390,1801973979790117,1801973985844501
1405,6,pitch,1,-1,pre,0.6,10,0.0,0.0,0.0,0,2;3,2:00000A;3:00000A,1801974012795382,1789324671574060747,1801974024914198,1789324671594847833,40.28120655100793,0.29911738308146596,0.29894838691689074,2,-1740,0.6672816427302539,0.0,0.03860968607477844,step,0,0,0.285775177879259,settle,sweep:pitch_a:1789324671574036906;sweep:pitch_b:1789324671574045098;sweep:enc:pitch:1789324671574058859,sweep:enc:pitch:1789324671574058859,FFFFFFFFF934,"{""counts"":-1740}",1,1,1,1,0,0,0,6.514395,0,0,0,1801974018399803,1,,1801974005272547,1801974012795382,1801974018399803,1801974024914198
1406,6,pitch,1,-1,step,0.6,10,-0.6,-0.6,-0.5235987755982988,0,2;3,2:80050A00000032;3:00050A00000032,1801974037809256,1789324671595037597,1801974050839934,1789324671623957069,40.307117311051115,0.3250281431246549,0.018109583063051105,2,-1723,0.6607622243817399,-0.25161046367019757,0.02591076004318893,step,1,0,4.4796615839004517e-07,step,sweep:pitch_a:1789324671595012477;sweep:pitch_b:1789324671595020989;sweep:enc:pitch:1789324671595035741,sweep:enc:pitch:1789324671595035741,FFFFFFFFF945,"{""counts"":-1723}",1,1,0,0,0,0,0,6.529371,1,0,0,1801974044310563,1,,1801974026249365,1801974037809256,1801974044310563,1801974050839934
1407,6,pitch,1,-1,step,0.6,10,-0.6,-0.6,-0.5235987755982988,0,2;3,2:80050A00000032;3:00050A00000032,1801974037809256,1789324671623694023,1801974062792954,1789324671652490195,40.31914271693677,0.3370535490103066,0.030134988948702812,2,-1707,0.6546263012301974,,0.012025405885651708,step,1,0,0.028637641109526157,step,sweep:enc:pitch:1789324671623691815,sweep:enc:pitch:1789324671623691815,FFFFFFFFF955,"{""counts"":-1707}",1,1,0,0,0,0,0,6.456985,1,0,0,1801974056335969,0,short_encoder_dt,1801974054905727,1801974037809256,1801974056335969,1801974062792954
1408,6,pitch,1,-1,step,0.6,10,-0.6,-0.6,-0.5235987755982988,0,2;3,2:80050A00000032;3:00050A00000032,1801974037809256,1789324671652267150,1801974094784051,1789324671681065914,40.351662850007415,0.3695736820809543,0.06265512201935053,2,-1663,0.6377525125634553,-0.5188720670387457,0.032520133070647717,step,1,0,0.057205584133043885,step,sweep:enc:pitch:1789324671652264238,sweep:enc:pitch:1789324671652264238,FFFFFFFFF981,"{""counts"":-1663}",1,1,0,0,0,0,0,5.927949,1,0,0,1801974088856102,1,,1801974083478886,1801974037809256,1801974088856102,1801974094784051
1409,6,pitch,1,-1,step,0.6,10,-0.6,-0.6,-0.5235987755982988,0,2;3,2:80050A00000032;3:00050A00000032,1801974037809256,1789324671680854069,1801974121656593,1789324671709651906,40.378490975126624,0.3964018072001636,0.08948324713855982,2,-1626,0.6235631902755131,-0.5288972757094564,0.02682812511920929,step,1,0,0.08577605499885976,step,sweep:enc:pitch:1789324671680851829,sweep:enc:pitch:1789324671680851829,FFFFFFFFF9A6,"{""counts"":-1626}",1,1,0,0,0,0,0,5.972366,1,0,0,1801974115684227,1,,1801974112065645,1801974037809256,1801974115684227,1801974121656593
1410,6,pitch,1,-1,step,0.6,10,-0.6,-0.6,-0.5235987755982988,0,2;3,2:80050A00000032;3:00050A00000032,1801974037809256,1789324671709410588,1801974148627699,1789324671738205161,40.40534335793927,0.4232541900128126,0.11633562995120883,2,-1592,0.6105243535784852,-0.4855746615859297,0.02685238281264901,step,1,0,0.11434902204200625,step,sweep:enc:pitch:1789324671709408124,sweep:enc:pitch:1789324671709408124,FFFFFFFFF9C8,"{""counts"":-1592}",1,1,0,0,0,0,0,6.091089,1,0,0,1801974142536610,1,,1801974140622324,1801974037809256,1801974142536610,1801974148627699
1411,6,pitch,1,-1,step,0.6,10,-0.6,-0.6,-0.5235987755982988,0,2;3,2:80050A00000032;3:00050A00000032,1801974037809256,1789324671737974979,1801974180636651,1789324671766758095,40.43751631514169,0.45542714721523225,0.14850858715362847,2,-1549,0.5940340601087145,-0.5125513755549497,0.03217295720241964,step,1,0,0.14291949407197535,step,sweep:enc:pitch:1789324671737972739,sweep:enc:pitch:1789324671737972739,FFFFFFFFF9F3,"{""counts"":-1549}",1,1,0,0,0,0,0,5.927084,1,0,0,1801974174709567,1,,1801974169186555,1801974037809256,1801974174709567,1801974180636651
1412,6,pitch,1,-1,step,0.6,10,-0.6,-0.6,-0.5235987755982988,0,2;3,2:80050A00000032;3:00050A00000032,1801974037809256,1789324671766542986,1801974207471465,1789324671795329399,40.46433090395294,0.4822417360264808,0.175323175964877,2,-1511,0.5794612426238009,-0.5434660060422172,0.02681458881124854,step,1,0,0.17149002896621823,step,sweep:enc:pitch:1789324671766540298,sweep:enc:pitch:1789324671766540298,FFFFFFFFFA19,"{""counts"":-1511}",1,1,0,0,0,0,0,5.947309,1,0,0,1801974201524156,1,,1801974197754722,1801974037809256,1801974201524156,1801974207471465
1413,6,pitch,1,-1,step,0.6,10,-0.6,-0.6,-0.5235987755982988,0,2;3,2:80050A00000032;3:00050A00000032,1801974235379649,1789324671795112721,1801974247419231,1789324671823919198,40.504672311013564,0.522583143087104,0.21566458302550018,2,-1453,0.5572185211994591,-0.5513620630761958,0.04034140706062317,step,1,0,0.20006210007704794,step,sweep:pitch_a:1789324671795086161;sweep:pitch_b:1789324671795095569;sweep:enc:pitch:1789324671795110737,sweep:enc:pitch:1789324671795110737,FFFFFFFFFA53,"{""counts"":-1453}",1,1,0,0,0,0,0,5.553668,1,0,0,1801974241865563,1,,1801974226324457,1801974235379649,1801974241865563,1801974247419231
1414,6,pitch,1,-1,step,0.6,10,-0.6,-0.6,-0.5235987755982988,0,2;3,2:80050A00000032;3:00050A00000032,1801974235379649,1789324671823680217,1801974264372658,1789324671852464517,40.520814679097384,0.5387255111709237,0.23180695110931993,2,-1432,0.5491651220630596,-0.4988982468112516,0.016142368083819747,step,1,0,0.22863273113034666,step,sweep:enc:pitch:1789324671823678328,sweep:enc:pitch:1789324671823678328,FFFFFFFFFA68,"{""counts"":-1432}",1,1,0,0,0,0,0,6.364727,1,0,0,1801974258007931,1,,1801974254891985,1801974235379649,1801974258007931,1801974264372658
1415,6,pitch,1,-1,step,0.6,10,-0.6,-0.6,-0.5235987755982988,0,2;3,2:80050A00000032;3:00050A00000032,1801974235379649,1789324671852255488,1801974291415445,1789324671881059596,40.54809235106222,0.5660031831357628,0.259084623074159,2,-1395,0.5349757997751173,-0.5201808389745377,0.0272776719648391,step,1,0,0.25720585812814534,step,sweep:enc:pitch:1789324671852253440,sweep:enc:pitch:1789324671852253440,FFFFFFFFFA8D,"{""counts"":-1395}",1,1,0,0,0,0,0,6.129842,1,0,0,1801974285285603,1,,1801974283467096,1801974235379649,1801974285285603,1801974291415445
1416,6,pitch,1,-1,step,0.6,10,-0.6,-0.6,-0.5235987755982988,0,2;3,2:80050A00000032;3:00050A00000032,1801974235379649,1789324671880848999,1801974323335244,1789324671909614067,40.58029721304774,0.5982080451212823,0.29128948505967855,2,-1350,0.5177185159114039,-0.5358595814344086,0.03220486198551953,step,1,0,0.2857756889425218,step,sweep:enc:pitch:1789324671880846951,sweep:enc:pitch:1789324671880846951,FFFFFFFFFABA,"{""counts"":-1350}",1,1,0,0,0,0,0,5.844779,1,0,0,1801974317490465,1,,1801974312060799,1801974235379649,1801974317490465,1801974323335244
1417,6,pitch,1,-1,step,0.6,10,-0.6,-0.6,-0.5235987755982988,0,2;3,2:80050A00000032;3:00050A00000032,1801974235379649,1789324671909400942,1801974350372014,1789324671938158906,40.60710188210942,0.625012714182958,0.3180941541213542,2,-1312,0.5031456984264903,-0.5436671294610147,0.026804669061675668,step,1,0,0.3143479849677533,step,sweep:enc:pitch:1789324671909398254,sweep:enc:pitch:1789324671909398254,FFFFFFFFFAE0,"{""counts"":-1312}",1,1,0,0,0,0,0,6.07688,1,0,0,1801974344295134,1,,1801974340612518,1801974235379649,1801974344295134,1801974350372014
1418,6,pitch,1,-1,step,0.6,10,-0.6,-0.6,-0.5235987755982988,0,2;3,2:80050A00000032;3:00050A00000032,1801974235379649,1789324671937965973,1801974377226317,1789324671966752386,40.634045562008396,0.6519563940819353,0.3450378340203315,2,-1278,0.49010686172946233,-0.48392932019367035,0.02694367989897728,step,1,0,0.3429224560968578,step,sweep:enc:pitch:1789324671937963893,sweep:enc:pitch:1789324671937963893,FFFFFFFFFB02,"{""counts"":-1278}",1,1,0,0,0,0,0,5.987503,1,0,0,1801974371238814,1,,1801974369177709,1801974235379649,1801974371238814,1801974377226317
1419,6,pitch,1,-1,step,0.6,10,-0.6,-0.6,-0.5235987755982988,0,2;3,2:80050A00000032;3:00050A00000032,1801974235379649,1789324671966543357,1801974404243311,1789324671995203686,40.661021307110786,0.6789321391843259,0.37201357912272215,2,-1242,0.4763010346384916,-0.5117866823907385,0.026975745102390647,step,1,0,0.3714923830702901,step,sweep:enc:pitch:1789324671966541084,sweep:enc:pitch:1789324671966541084,FFFFFFFFFB26,"{""counts"":-1242}",1,1,0,0,0,0,0,6.028752,0,0,0,1801974398214559,1,,1801974397755093,1801974235379649,1801974398214559,1801974404243311
1420,6,pitch,1,-1,post,0.6,10,0.0,0.0,0.0,0,2;3,2:00000A;3:00000A,1801974436106148,1789324671995430987,1801974447113290,1789324672024321850,40.70419593411498,0.7221067661885172,0.01479388796724379,2,-1192,0.45712627478992107,-0.444121030778311,0.04317462700419128,step,2,1,6.079208105802536e-07,settle,sweep:pitch_a:1789324671995405515;sweep:pitch_b:1789324671995414091;sweep:enc:pitch:1789324671995428491,sweep:enc:pitch:1789324671995428491,FFFFFFFFFB58,"{""counts"":-1192}",1,1,1,0,0,0,0,5.724104,1,0,0,1801974441389186,1,,1801974426642787,1801974436106148,1801974441389186,1801974447113290
1421,6,pitch,1,-1,post,0.6,10,0.0,0.0,0.0,0,2;3,2:00000A;3:00000A,1801974436106148,1789324672024071604,1801974464070717,1789324672052847872,40.72053878614679,0.7384496182203293,0.031136739999055862,2,-1192,0.45712627478992107,0.0,0.016342852031812072,step,2,1,0.02863725693896413,settle,sweep:enc:pitch:1789324672024068980,sweep:enc:pitch:1789324672024068980,FFFFFFFFFB58,"{""counts"":-1192}",1,1,1,1,0,0,0,6.338679,1,0,0,1801974457732038,1,,1801974455283308,1801974436106148,1801974457732038,1801974464070717
1422,6,pitch,1,-1,post,0.6,10,0.0,0.0,0.0,0,2;3,2:00000A;3:00000A,1801974436106148,1789324672052639963,1801974491082335,1789324672081432423,40.74777354602702,0.7656843781005591,0.05837149987928569,2,-1192,0.45712627478992107,0.0,0.02723475988022983,step,2,1,0.05720619182102382,settle,sweep:enc:pitch:1789324672052637627,sweep:enc:pitch:1789324672052637627,FFFFFFFFFB58,"{""counts"":-1192}",1,1,1,1,0,0,0,6.115537,1,0,0,1801974484966798,1,,1801974483851603,1801974436106148,1801974484966798,1801974491082335
1423,6,pitch,1,-1,post,0.6,10,0.0,0.0,0.0,0,2;3,2:00000A;3:00000A,1801974436106148,1789324672081218562,1801974523074007,1789324672109983950,40.77995562297292,0.79786645504646,0.09055357682518661,2,-1192,0.45712627478992107,0.0,0.03218207694590092,step,2,1,0.08577682287432253,settle,sweep:enc:pitch:1789324672081216194,sweep:enc:pitch:1789324672081216194,FFFFFFFFFB58,"{""counts"":-1192}",1,1,1,1,0,0,0,5.925132,1,0,0,1801974517148875,1,,1801974512430170,1801974436106148,1801974517148875,1801974523074007
1424,6,pitch,1,-1,post,0.6,10,0.0,0.0,0.0,0,2;3,2:00000A;3:00000A,1801974436106148,1789324672109784489,1801974550063737,1789324672138547093,40.80680026113987,0.8247110932134092,0.11739821499213576,2,-1192,0.45712627478992107,0.0,0.026844638166949153,step,2,1,0.1143503338098526,settle,sweep:enc:pitch:1789324672109782249,sweep:enc:pitch:1789324672109782249,FFFFFFFFFB58,"{""counts"":-1192}",1,1,1,1,0,0,0,6.070224,1,0,0,1801974543993513,1,,1801974540996225,1801974436106148,1801974543993513,1801974550063737
1425,6,pitch,1,-1,post,0.6,10,0.0,0.0,0.0,0,2;3,2:00000A;3:00000A,1801974436106148,1789324672138352304,1801974576939544,1789324672167118940,40.83376176515594,0.8516725972294807,0.14435971900820732,2,-1192,0.45712627478992107,0.0,0.026961504016071558,step,2,1,0.1429201008286327,settle,sweep:enc:pitch:1789324672138349936,sweep:enc:pitch:1789324672138349936,FFFFFFFFFB58,"{""counts"":-1192}",1,1,1,1,0,0,0,5.984527,1,0,0,1801974570955017,1,,1801974569564008,1801974436106148,1801974570955017,1801974576939544
1426,6,pitch,1,-1,post,0.6,10,0.0,0.0,0.0,0,2;3,2:00000A;3:00000A,1801974436106148,1789324672166923896,1801974608898991,1789324672195752549,40.86581571097486,0.8837265430483967,0.17641366482712328,2,-1192,0.45712627478992107,0.0,0.03205394581891596,step,2,1,0.17149172397330403,settle,sweep:enc:pitch:1789324672166921719,sweep:enc:pitch:1789324672166921719,FFFFFFFFFB58,"{""counts"":-1192}",1,1,1,1,0,0,0,5.890028,1,0,0,1801974603008963,1,,1801974598135567,1801974436106148,1801974603008963,1801974608898991
1427,6,pitch,1,-1,post,0.6,10,0.0,0.0,0.0,0,2;3,2:00000A;3:00000A,1801974635813999,1789324672195507935,1801974647869070,1789324672224330124,40.904733147937804,0.922643980011344,0.21533110179007053,2,-1192,0.45712627478992107,0.0,0.03891743696294725,step,2,1,0.20006283489055932,settle,sweep:pitch_a:1789324672195478110;sweep:pitch_b:1789324672195487966;sweep:enc:pitch:1789324672195504575,sweep:enc:pitch:1789324672195504575,FFFFFFFFFB58,"{""counts"":-1192}",1,1,1,1,0,0,0,5.94267,1,0,0,1801974641926400,1,,1801974626719543,1801974635813999,1801974641926400,1801974647869070
1428,6,pitch,1,-1,post,0.6,10,0.0,0.0,0.0,0,2;3,2:00000A;3:00000A,1801974635813999,1789324672224067622,1801974664796960,1789324672252847570,40.92130470997654,0.9392155420500785,0.2319026638288051,2,-1192,0.45712627478992107,0.0,0.016571562038734555,step,2,1,0.22863589879125357,settle,sweep:enc:pitch:1789324672224065382,sweep:enc:pitch:1789324672224065382,FFFFFFFFFB58,"{""counts"":-1192}",1,1,1,1,0,0,0,6.298998,1,0,0,1801974658497962,1,,1801974655279166,1801974635813999,1801974658497962,1801974664796960
1429,6,pitch,1,-1,post,0.6,10,0.0,0.0,0.0,0,2;3,2:00000A;3:00000A,1801974635813999,1789324672252636941,1801974691759201,1789324672281423897,40.94848359609023,0.9663944281637669,0.25908154994249344,2,-1192,0.45712627478992107,0.0,0.02717888611368835,step,2,1,0.2572063058614731,settle,sweep:enc:pitch:1789324672252634605,sweep:enc:pitch:1789324672252634605,FFFFFFFFFB58,"{""counts"":-1192}",1,1,1,1,0,0,0,6.082353,1,0,0,1801974685676848,1,,1801974683848549,1801974635813999,1801974685676848,1801974691759201
1430,6,pitch,1,-1,post,0.6,10,0.0,0.0,0.0,0,2;3,2:00000A;3:00000A,1801974635813999,1789324672281215380,1801974723616182,1789324672309998944,40.980603015981615,0.9985138480551541,0.29120096983388066,2,-1192,0.45712627478992107,0.0,0.032119419891387224,step,2,1,0.2857781529892236,settle,sweep:enc:pitch:1789324672281212788,sweep:enc:pitch:1789324672281212788,FFFFFFFFFB58,"{""counts"":-1192}",1,1,1,1,0,0,0,5.819914,1,0,0,1801974717796268,1,,1801974712426956,1801974635813999,1801974717796268,1801974723616182
1431,6,pitch,1,-1,post,0.6,10,0.0,0.0,0.0,0,2;3,2:00000A;3:00000A,1801974635813999,1789324672309786011,1801974750615768,1789324672338579688,41.00739670894109,1.0253075410146266,0.3179946627933532,2,-1192,0.45712627478992107,0.0,0.026793692959472537,step,2,1,0.3143488799687475,settle,sweep:enc:pitch:1789324672309783675,sweep:enc:pitch:1789324672309783675,FFFFFFFFFB58,"{""counts"":-1192}",1,1,1,1,0,0,0,6.025807,1,0,0,1801974744589961,1,,1801974740997747,1801974635813999,1801974744589961,1801974750615768
1432,6,pitch,1,-1,post,0.6,10,0.0,0.0,0.0,0,2;3,2:00000A;3:00000A,1801974635813999,1789324672338362210,1801974777656187,1789324672367134094,41.034336229087785,1.0522470611613244,0.34493418294005096,2,-1192,0.45712627478992107,0.0,0.02693952014669776,step,2,1,0.3429228069726378,settle,sweep:enc:pitch:1789324672338359586,sweep:enc:pitch:1789324672338359586,FFFFFFFFFB58,"{""counts"":-1192}",1,1,1,1,0,0,0,6.126706,1,0,0,1801974771529481,1,,1801974769573818,1801974635813999,1801974771529481,1801974777656187
1433,6,pitch,1,-1,post,0.6,10,0.0,0.0,0.0,0,2;3,2:00000A;3:00000A,1801974635813999,1789324672366928329,1801974804476920,1789324672395772439,41.06137882405892,1.0792896561324596,0.3719767779111862,2,-1192,0.45712627478992107,0.0,0.02704259497113526,step,2,1,0.37149327783845365,settle,sweep:enc:pitch:1789324672366925801,sweep:enc:pitch:1789324672366925801,FFFFFFFFFB58,"{""counts"":-1192}",1,1,1,1,0,0,0,5.904844,0,0,0,1801974798572076,1,,1801974798139905,1801974635813999,1801974798572076,1801974804476920
1434,6,pitch,1,-1,rest,0.6,10,0.0,0.0,0.0,0,2;3,2:00000A;3:00000A,1801974836399823,1789324672395982332,1801974848446829,1789324672424891307,41.10529596405104,1.1232067961245775,0.015337452990934253,2,-1192,0.45712627478992107,0.0,0.04391713999211788,step,3,1,3.520399332046509e-07,rest,sweep:pitch_a:1789324672395960188;sweep:pitch_b:1789324672395967516;sweep:enc:pitch:1789324672395980380,sweep:enc:pitch:1789324672395980380,FFFFFFFFFB58,"{""counts"":-1192}",1,1,0,0,0,0,0,5.957613,1,0,0,1801974842489216,1,,1801974827194164,1801974836399823,1801974842489216,1801974848446829
1435,6,pitch,1,-1,rest,0.6,10,0.0,0.0,0.0,0,2;3,2:00000A;3:00000A,1801974836399823,1789324672424627653,1801974865521795,1789324672453401553,41.12192432698794,1.1398351590614766,0.03196581592783332,2,-1192,0.45712627478992107,0.0,0.016628362936899066,step,3,1,0.02863696892745793,rest,sweep:enc:pitch:1789324672424625285,sweep:enc:pitch:1789324672424625285,FFFFFFFFFB58,"{""counts"":-1192}",1,1,0,0,0,0,0,6.404216,1,0,0,1801974859117579,1,,1801974855839229,1801974836399823,1801974859117579,1801974865521795
1436,6,pitch,1,-1,rest,0.6,10,0.0,0.0,0.0,0,2;3,2:00000A;3:00000A,1801974836399823,1789324672453196428,1801974892368705,1789324672482000825,41.14919838309288,1.1671092151664197,0.059239872032776475,2,-1192,0.45712627478992107,0.0,0.027274056104943156,step,3,1,0.05720395199023187,rest,sweep:enc:pitch:1789324672453194188,sweep:enc:pitch:1789324672453194188,FFFFFFFFFB58,"{""counts"":-1192}",1,1,0,0,0,0,0,5.97707,1,0,0,1801974886391635,1,,1801974884408196,1801974836399823,1801974886391635,1801974892368705
1437,6,pitch,1,-1,rest,0.6,10,0.0,0.0,0.0,0,2;3,2:00000A;3:00000A,1801974836399823,1789324672481776851,1801974924340665,1789324672510544767,41.18122388003394,1.1991347121074796,0.0912653689738363,2,-1192,0.45712627478992107,0.0,0.03202549694105983,step,3,1,0.08577816700562835,rest,sweep:enc:pitch:1789324672481774451,sweep:enc:pitch:1789324672481774451,FFFFFFFFFB58,"{""counts"":-1192}",1,1,0,0,0,0,0,5.923533,1,0,0,1801974918417132,1,,1801974912988651,1801974836399823,1801974918417132,1801974924340665
1438,6,pitch,1,-1,rest,0.6,10,0.0,0.0,0.0,0,2;3,2:00000A;3:00000A,1801974836399823,1789324672510337146,1801974951343419,1789324672539114342,41.20810893503949,1.22601976711303,0.11815042397938669,2,-1192,0.45712627478992107,0.0,0.026885055005550385,step,3,1,0.11434703809209168,rest,sweep:enc:pitch:1789324672510335034,sweep:enc:pitch:1789324672510335034,FFFFFFFFFB58,"{""counts"":-1192}",1,1,0,0,0,0,0,6.041232,1,0,0,1801974945302187,1,,1801974941548882,1801974836399823,1801974945302187,1801974951343419
1439,6,pitch,1,-1,rest,0.6,10,0.0,0.0,0.0,0,2;3,2:00000A;3:00000A,1801974836399823,1789324672538912833,1801974978312476,1789324672549466556,41.235100680962205,1.2530115130357444,0.14514216990210116,2,-1192,0.45712627478992107,0.0,0.026991745922714472,step,3,1,0.14292224496603012,rest,sweep:enc:pitch:1789324672538910817,sweep:enc:pitch:1789324672538910817,FFFFFFFFFB58,"{""counts"":-1192}",1,1,0,0,0,0,0,6.018543,0,0,0,1801974972293933,1,,1801974970124601,1801974836399823,1801974972293933,1801974978312476
1440,6,pitch,2,1,pre,0.6,10,0.0,0.0,0.0,0,2;3,2:00000A;3:00000A,1801974836399823,1789324672549918439,1801974990182230,1789324672578749396,41.24663484306075,0.0028961331117898226,0.0027362569235265255,2,-1192,0.45712627478992107,,0.011534162098541856,step,0,0,6.719492375850677e-07,settle,sweep:enc:pitch:1789324672549916487,sweep:enc:pitch:1789324672549916487,FFFFFFFFFB58,"{""counts"":-1192}",1,1,1,0,0,0,0,6.354135,1,0,0,1801974983828095,0,short_encoder_dt,1801974981130175,1801974836399823,1801974983828095,1801974990182230
1441,6,pitch,2,1,pre,0.6,10,0.0,0.0,0.0,0,2;3,2:00000A;3:00000A,1801974836399823,1789324672578563760,1801975017190232,1789324672607334812,41.27385571412742,0.030117004178464413,0.029957127990201116,2,-1192,0.45712627478992107,0.0,0.02722087106667459,step,0,0,0.02863408881239593,settle,sweep:enc:pitch:1789324672578561552,sweep:enc:pitch:1789324672578561552,FFFFFFFFFB58,"{""counts"":-1192}",1,1,1,1,0,0,0,6.141266,1,0,0,1801975011048966,1,,1801975009775528,1801974836399823,1801975011048966,1801975017190232
1442,6,pitch,2,1,pre,0.6,10,0.0,0.0,0.0,0,2;3,2:00000A;3:00000A,1801975049085582,1789324672607135799,1801975061146861,1789324672635957284,41.31788108102046,0.07414237107150257,0.07398249488323927,2,-1192,0.45712627478992107,0.0,0.044025366893038154,step,0,0,0.05720625584945083,settle,sweep:pitch_a:1789324672607111222;sweep:pitch_b:1789324672607119319;sweep:enc:pitch:1789324672607133911,sweep:enc:pitch:1789324672607133911,FFFFFFFFFB58,"{""counts"":-1192}",1,1,1,1,0,0,0,6.072528,1,0,0,1801975055074333,1,,1801975038347567,1801975049085582,1801975055074333,1801975061146861
1443,6,pitch,2,1,pre,0.6,10,0.0,0.0,0.0,0,2;3,2:00000A;3:00000A,1801975049085582,1789324672635712574,1801975078060159,1789324672664502283,41.33458858192898,0.09084987198002636,0.09068999579176307,2,-1192,0.45712627478992107,0.0,0.016707500908523798,step,0,0,0.08577947900630534,settle,sweep:enc:pitch:1789324672635710174,sweep:enc:pitch:1789324672635710174,FFFFFFFFFB58,"{""counts"":-1192}",1,1,1,1,0,0,0,6.278325,1,0,0,1801975071781834,1,,1801975066924182,1801975049085582,1801975071781834,1801975078060159
1444,6,pitch,2,1,pre,0.6,10,0.0,0.0,0.0,0,2;3,2:00000A;3:00000A,1801975049085582,1789324672664288613,1801975105077185,1789324672693055377,41.3618103810586,0.11807167110964656,0.11791179492138326,2,-1192,0.45712627478992107,0.0,0.027221799129620194,step,0,0,0.1143519978504628,settle,sweep:enc:pitch:1789324672664286213,sweep:enc:pitch:1789324672664286213,FFFFFFFFFB58,"{""counts"":-1192}",1,1,1,1,0,0,0,6.073552,1,0,0,1801975099003633,1,,1801975095500349,1801975049085582,1801975099003633,1801975105077185
1445,6,pitch,2,1,pre,0.6,10,0.0,0.0,0.0,0,2;3,2:00000A;3:00000A,1801975049085582,1789324672692859053,1801975131938528,1789324672721622232,41.38878055801615,0.14504184806719422,0.14488197187893093,2,-1192,0.45712627478992107,0.0,0.026970176957547665,step,0,0,0.14292678888887167,settle,sweep:enc:pitch:1789324672692856621,sweep:enc:pitch:1789324672692856621,FFFFFFFFFB58,"{""counts"":-1192}",1,1,1,1,0,0,0,5.964718,1,0,0,1801975125973810,1,,1801975124070597,1801975049085582,1801975125973810,1801975131938528
1446,6,pitch,2,1,pre,0.6,10,0.0,0.0,0.0,0,2;3,2:00000A;3:00000A,1801975049085582,1789324672721420947,1801975163896887,1789324672750259873,41.420848328154534,0.17710961820557714,0.17694974201731384,2,-1192,0.45712627478992107,0.0,0.03206777013838291,step,0,0,0.17149092396721244,settle,sweep:enc:pitch:1789324672721418739,sweep:enc:pitch:1789324672721418739,FFFFFFFFFB58,"{""counts"":-1192}",1,1,1,1,0,0,0,5.855307,1,0,0,1801975158041580,1,,1801975152632459,1801975049085582,1801975158041580,1801975163896887
1447,6,pitch,2,1,pre,0.6,10,0.0,0.0,0.0,0,2;3,2:00000A;3:00000A,1801975049085582,1789324672750007739,1801975190915033,1789324672778777959,41.447745639132336,0.20400692918337882,0.20384705299511552,2,-1192,0.45712627478992107,0.0,0.02689731097780168,step,0,0,0.20006641885265708,settle,sweep:enc:pitch:1789324672750005467,sweep:enc:pitch:1789324672750005467,FFFFFFFFFB58,"{""counts"":-1192}",1,1,1,1,0,0,0,5.976142,1,0,0,1801975184938891,1,,1801975181219507,1801975049085582,1801975184938891,1801975190915033
1448,6,pitch,2,1,pre,0.6,10,0.0,0.0,0.0,0,2;3,2:00000A;3:00000A,1801975049085582,1789324672778567042,1801975217918651,1789324672807408623,41.474591301055625,0.23085259110666811,0.23069271491840482,2,-1192,0.45712627478992107,0.0,0.0268456619232893,step,0,0,0.22863394697196782,settle,sweep:enc:pitch:1789324672778564770,sweep:enc:pitch:1789324672778564770,FFFFFFFFFB58,"{""counts"":-1192}",1,1,1,1,0,0,0,6.134098,1,0,0,1801975211784553,1,,1801975209778778,1801975049085582,1801975211784553,1801975217918651
1449,6,pitch,2,1,pre,0.6,10,0.0,0.0,0.0,0,2;3,2:00000A;3:00000A,1801975249814833,1789324672807156713,1801975261860880,1789324672836000599,41.518381846137345,0.27464313618838787,0.2744832600001246,2,-1192,0.45712627478992107,0.0,0.043790545081719756,step,0,0,0.2572082579135895,settle,sweep:pitch_a:1789324672807122057;sweep:pitch_b:1789324672807134761;sweep:enc:pitch:1789324672807154089,sweep:enc:pitch:1789324672807154089,FFFFFFFFFB58,"{""counts"":-1192}",1,1,1,1,0,0,0,6.285782,1,0,0,1801975255575098,1,,1801975238368417,1801975249814833,1801975255575098,1801975261860880
1450,6,pitch,2,1,pre,0.6,10,0.0,0.0,0.0,0,2;3,2:00000A;3:00000A,1801975249814833,1789324672835709264,1801975273815180,1789324672856680418,41.530150222126395,0.28641151217743754,0.28625163598917425,2,-1192,0.45712627478992107,,0.011768375989049673,step,0,0,0.2857758169993758,settle,sweep:enc:pitch:1789324672835707120,sweep:enc:pitch:1789324672835707120,FFFFFFFFFB58,"{""counts"":-1192}",1,1,1,0,0,0,0,6.471706,0,0,0,1801975267343474,0,short_encoder_dt,1801975266920904,1801975249814833,1801975267343474,1801975273815180
1451,6,pitch,2,1,step,0.6,10,0.6,0.6,0.5235987755982988,0,2;3,2:00050A00000032;3:80050A00000032,1801975296695308,1789324672856934089,1801975309751234,1789324672885859704,41.56628506514244,0.32254635519348085,0.015387502033263445,2,-1208,0.4632621979414636,0.16980627669582762,0.036134843016043305,step,1,0,6.079208105802536e-07,step,sweep:pitch_a:1789324672856909096;sweep:pitch_b:1789324672856918792;sweep:enc:pitch:1789324672856932040,sweep:enc:pitch:1789324672856932040,FFFFFFFFFB48,"{""counts"":-1208}",1,1,0,0,0,0,0,6.272917,1,0,0,1801975303478317,1,,1801975288145857,1801975296695308,1801975303478317,1801975309751234
1452,6,pitch,2,1,step,0.6,10,0.6,0.6,0.5235987755982988,0,2;3,2:00050A00000032;3:80050A00000032,1801975296695308,1789324672885584049,1801975326658996,1789324672914360125,41.583172410028055,0.33943370007909834,0.03227484691888094,2,-1232,0.4724660826687775,0.5450166849587218,0.016887344885617495,step,1,0,0.02863460103981197,step,sweep:enc:pitch:1789324672885581169,sweep:enc:pitch:1789324672885581169,FFFFFFFFFB30,"{""counts"":-1232}",1,1,0,0,0,0,0,6.293334,1,0,0,1801975320365662,1,,1801975316795593,1801975296695308,1801975320365662,1801975326658996
1453,6,pitch,2,1,step,0.6,10,0.6,0.6,0.5235987755982988,0,2;3,2:00050A00000032;3:80050A00000032,1801975296695308,1789324672914148888,1801975353679734,1789324672942902468,41.61036246502772,0.36662375507876277,0.059464901918545365,2,-1268,0.48627190975974827,0.507752819593089,0.027190054999664426,step,1,0,0.05720686400309205,step,sweep:enc:pitch:1789324672914146392,sweep:enc:pitch:1789324672914146392,FFFFFFFFFB0C,"{""counts"":-1268}",1,1,0,0,0,0,0,6.124017,1,0,0,1801975347555717,1,,1801975345360592,1801975296695308,1801975347555717,1801975353679734
1454,6,pitch,2,1,step,0.6,10,0.6,0.6,0.5235987755982988,0,2;3,2:00050A00000032;3:80050A00000032,1801975296695308,1789324672942712383,1801975380496276,1789324672971505580,41.63734803395346,0.3936093240045011,0.0864504708442837,2,-1302,0.4993107464567762,0.48317812875872834,0.026985568925738335,step,1,0,0.08577752695418894,step,sweep:enc:pitch:1789324672942710015,sweep:enc:pitch:1789324672942710015,FFFFFFFFFAEA,"{""counts"":-1302}",1,1,0,0,0,0,0,5.95499,1,0,0,1801975374541286,1,,1801975373923927,1801975296695308,1801975374541286,1801975380496276
1455,6,pitch,2,1,step,0.6,10,0.6,0.6,0.5235987755982988,0,2;3,2:00050A00000032;3:80050A00000032,1801975296695308,1789324672971291783,1801975412503244,1789324673000067027,41.66942655714229,0.4256878471933305,0.11852899403311312,2,-1347,0.5165680303204897,0.5379700231874432,0.03207852318882942,step,1,0,0.11434924602508545,step,sweep:enc:pitch:1789324672971289703,sweep:enc:pitch:1789324672971289703,FFFFFFFFFABD,"{""counts"":-1347}",1,1,0,0,0,0,0,5.883435,1,0,0,1801975406619809,1,,1801975402503519,1801975296695308,1801975406619809,1801975412503244
1456,6,pitch,2,1,step,0.6,10,0.6,0.6,0.5235987755982988,0,2;3,2:00050A00000032;3:80050A00000032,1801975296695308,1789324672999863982,1801975439520463,1789324673028634458,41.69626204203814,0.4525233320891857,0.1453644789289683,2,-1385,0.5311408478054033,0.5430428233910682,0.02683548489585519,step,1,0,0.1429231408983469,step,sweep:enc:pitch:1789324672999861294,sweep:enc:pitch:1789324672999861294,FFFFFFFFFA97,"{""counts"":-1385}",1,1,0,0,0,0,0,6.065169,1,0,0,1801975433455294,1,,1801975431075526,1801975296695308,1801975433455294,1801975439520463
1457,6,pitch,2,1,step,0.6,10,0.6,0.6,0.5235987755982988,0,2;3,2:00050A00000032;3:80050A00000032,1801975296695308,1789324673028430581,1801975466515344,1789324673057210049,41.72327874903567,0.4795400390867144,0.17238118592649698,2,-1423,0.5457136652903168,0.5394002121075157,0.027016706997528672,step,1,0,0.1714932278264314,step,sweep:enc:pitch:1789324673028428309,sweep:enc:pitch:1789324673028428309,FFFFFFFFFA71,"{""counts"":-1423}",1,1,0,0,0,0,0,6.043343,1,0,0,1801975460472001,1,,1801975459642189,1801975296695308,1801975460472001,1801975466515344
1458,6,pitch,2,1,step,0.6,10,0.6,0.6,0.5235987755982988,0,2;3,2:00050A00000032;3:80050A00000032,1801975499401470,1789324673057001116,1801975512360242,1789324673085832681,41.76887640799396,0.5251376980450004,0.21797884488478303,2,-1491,0.5717913386843727,0.5719081634851565,0.04559765895828605,step,1,0,0.20006213104352355,step,sweep:pitch_a:1789324673056971707;sweep:pitch_b:1789324673056981979;sweep:enc:pitch:1789324673056998364,sweep:enc:pitch:1789324673056998364,FFFFFFFFFA2D,"{""counts"":-1491}",1,1,0,0,0,0,0,6.290582,1,0,0,1801975506069660,1,,1801975488212788,1801975499401470,1801975506069660,1801975512360242
1459,6,pitch,2,1,step,0.6,10,0.6,0.6,0.5235987755982988,0,2;3,2:00050A00000032;3:80050A00000032,1801975499401470,1789324673085576643,1801975524299470,1789324673114378192,41.780649007996544,0.5369102980475873,0.22975144488736987,2,-1507,0.5779272618359154,,0.011772600002586842,step,1,0,0.22863487503491342,step,sweep:enc:pitch:1789324673085574339,sweep:enc:pitch:1789324673085574339,FFFFFFFFFA1D,"{""counts"":-1507}",1,1,0,0,0,0,0,6.45721,1,0,0,1801975517842260,0,short_encoder_dt,1801975516788443,1801975499401470,1801975517842260,1801975524299470
1460,6,pitch,2,1,step,0.6,10,0.6,0.6,0.5235987755982988,0,2;3,2:00050A00000032;3:80050A00000032,1801975499401470,1789324673114152106,1801975556276102,1789324673142945623,41.81318638892844,0.5694476789794862,0.2622888258192688,2,-1551,0.5948010505026574,0.5185970162152588,0.03253738093189895,step,1,0,0.2572063698899001,step,sweep:enc:pitch:1789324673114149770,sweep:enc:pitch:1789324673114149770,FFFFFFFFF9F1,"{""counts"":-1551}",1,1,0,0,0,0,0,5.896461,1,0,0,1801975550379641,1,,1801975545363682,1801975499401470,1801975550379641,1801975556276102
1461,6,pitch,2,1,step,0.6,10,0.6,0.6,0.5235987755982988,0,2;3,2:00050A00000032;3:80050A00000032,1801975499401470,1789324673142724177,1801975583238374,1789324673171528318,41.84000168298371,0.5962629730347544,0.289104119874537,2,-1588,0.6089903727905995,0.5291503519855851,0.02681529405526817,step,1,0,0.2857769050169736,step,sweep:enc:pitch:1789324673142721777,sweep:enc:pitch:1789324673142721777,FFFFFFFFF9CC,"{""counts"":-1588}",1,1,0,0,0,0,0,6.043439,1,0,0,1801975577194935,1,,1801975573935785,1801975499401470,1801975577194935,1801975583238374
1462,6,pitch,2,1,step,0.6,10,0.6,0.6,0.5235987755982988,0,2;3,2:00050A00000032;3:80050A00000032,1801975499401470,1789324673171297528,1801975610298185,1789324673200108741,41.86689550592564,0.6231567959766835,0.3159979428164661,2,-1621,0.6216457142906561,0.4705668482826996,0.026893822941929102,step,1,0,0.31435220781713724,step,sweep:enc:pitch:1789324673171295480,sweep:enc:pitch:1789324673171295480,FFFFFFFFF9AB,"{""counts"":-1621}",1,1,0,0,0,0,0,6.209427,1,0,0,1801975604088758,1,,1801975602509232,1801975499401470,1801975604088758,1801975610298185
1463,6,pitch,2,1,step,0.6,10,0.6,0.6,0.5235987755982988,0,2;3,2:00050A00000032;3:80050A00000032,1801975499401470,1789324673199870175,1801975642111582,1789324673228664652,41.89920334611088,0.6554646361619234,0.348305783001706,2,-1665,0.6385195029573981,0.5222815443556321,0.03230784018523991,step,1,0,0.34292587894015014,step,sweep:enc:pitch:1789324673199867583,sweep:enc:pitch:1789324673199867583,FFFFFFFFF97F,"{""counts"":-1665}",1,1,0,0,0,0,0,5.714984,1,0,0,1801975636396598,1,,1801975631081751,1801975499401470,1801975636396598,1801975642111582
1464,6,pitch,2,1,step,0.6,10,0.6,0.6,0.5235987755982988,0,2;3,2:00050A00000032;3:80050A00000032,1801975499401470,1789324673228437830,1801975669109407,1789324673257103088,41.92586417100392,0.6821254610549659,0.37496660789474845,2,-1703,0.6530923204423117,0.546600397526206,0.026660824893042445,step,1,0,0.3714936620090157,step,sweep:enc:pitch:1789324673228435238,sweep:enc:pitch:1789324673228435238,FFFFFFFFF959,"{""counts"":-1703}",1,1,0,0,0,0,0,6.051984,0,0,0,1801975663057423,1,,1801975659649598,1801975499401470,1801975663057423,1801975669109407
1465,6,pitch,2,1,post,0.6,10,0.0,0.0,0.0,0,2;3,2:00000A;3:00000A,1801975696049472,1789324673257335093,1801975707033957,1789324673286237700,41.96423951606266,0.720500806113705,0.012930772034451365,2,-1745,0.669199118715111,0.4197173536327922,0.038375345058739185,step,2,1,6.079208105802536e-07,settle,sweep:pitch_a:1789324673257312821;sweep:pitch_b:1789324673257320661;sweep:enc:pitch:1789324673257333141,sweep:enc:pitch:1789324673257333141,FFFFFFFFF92F,"{""counts"":-1745}",1,1,1,0,0,0,0,5.601189,1,0,0,1801975701432768,1,,1801975688546893,1801975696049472,1801975701432768,1801975707033957
1466,6,pitch,2,1,post,0.6,10,0.0,0.0,0.0,0,2;3,2:00000A;3:00000A,1801975696049472,1789324673285985406,1801975724080058,1789324673314825868,41.980451836949214,0.7367131270002574,0.0291430929210037,2,-1745,0.669199118715111,0.0,0.016212320886552334,step,2,1,0.028639465104788542,settle,sweep:enc:pitch:1789324673285983070,sweep:enc:pitch:1789324673285983070,FFFFFFFFF92F,"{""counts"":-1745}",1,1,1,1,0,0,0,6.434969,1,0,0,1801975717645089,1,,1801975717197142,1801975696049472,1801975717645089,1801975724080058
1467,6,pitch,2,1,post,0.6,10,0.0,0.0,0.0,0,2;3,2:00000A;3:00000A,1801975696049472,1789324673314570630,1801975755978384,1789324673343355218,42.013010691152886,0.7692719812039286,0.061701947124674916,2,-1745,0.669199118715111,0.0,0.03255885420367122,step,2,1,0.057213967898860574,settle,sweep:enc:pitch:1789324673314567814,sweep:enc:pitch:1789324673314567814,FFFFFFFFF92F,"{""counts"":-1745}",1,1,1,1,0,0,0,5.774441,1,0,0,1801975750203943,1,,1801975745782206,1801975696049472,1801975750203943,1801975755978384
1468,6,pitch,2,1,post,0.6,10,0.0,0.0,0.0,0,2;3,2:00000A;3:00000A,1801975696049472,1789324673343124812,1801975782969937,1789324673371943321,42.039695773040876,0.7959570630919188,0.08838702901266515,2,-1745,0.669199118715111,0.0,0.026685081887990236,step,2,1,0.08577803894877434,settle,sweep:enc:pitch:1789324673343122380,sweep:enc:pitch:1789324673343122380,FFFFFFFFF92F,"{""counts"":-1745}",1,1,1,1,0,0,0,6.080912,1,0,0,1801975776889025,1,,1801975774336356,1801975696049472,1801975776889025,1801975782969937
1469,6,pitch,2,1,post,0.6,10,0.0,0.0,0.0,0,2;3,2:00000A;3:00000A,1801975696049472,1789324673371700787,1801975809801935,1789324673400469855,42.06668851012364,0.8229498001746833,0.11537976609542966,2,-1745,0.669199118715111,0.0,0.026992737082764506,step,2,1,0.11434950190596282,settle,sweep:enc:pitch:1789324673371698643,sweep:enc:pitch:1789324673371698643,FFFFFFFFF92F,"{""counts"":-1745}",1,1,1,1,0,0,0,5.920173,1,0,0,1801975803881762,1,,1801975802912491,1801975696049472,1801975803881762,1801975809801935
1470,6,pitch,2,1,post,0.6,10,0.0,0.0,0.0,0,2;3,2:00000A;3:00000A,1801975696049472,1789324673400261114,1801975841817704,1789324673429112904,42.09867688710801,0.8549381771590561,0.1473681430798024,2,-1745,0.669199118715111,0.0,0.031988376984372735,step,2,1,0.14292170107364655,settle,sweep:enc:pitch:1789324673400259034,sweep:enc:pitch:1789324673400259034,FFFFFFFFF92F,"{""counts"":-1745}",1,1,1,1,0,0,0,5.947565,1,0,0,1801975835870139,1,,1801975831472882,1801975696049472,1801975835870139,1801975841817704
1471,6,pitch,2,1,post,0.6,10,0.0,0.0,0.0,0,2;3,2:00000A;3:00000A,1801975696049472,1789324673428868962,1801975868795369,1789324673457659534,42.12561115901917,0.8818724490702152,0.17430241499096155,2,-1745,0.669199118715111,0.0,0.026934271911159158,step,2,1,0.17149265203624964,settle,sweep:enc:pitch:1789324673428866626,sweep:enc:pitch:1789324673428866626,FFFFFFFFF92F,"{""counts"":-1745}",1,1,1,1,0,0,0,5.990958,1,0,0,1801975862804411,1,,1801975860080698,1801975696049472,1801975862804411,1801975868795369
1472,6,pitch,2,1,post,0.6,10,0.0,0.0,0.0,0,2;3,2:00000A;3:00000A,1801975895752106,1789324673457415529,1801975906761200,1789324673486232022,42.163777634035796,0.920038924086839,0.2124688900075853,2,-1745,0.669199118715111,0.0,0.038166475016623735,step,2,1,0.20006293104961514,settle,sweep:pitch_a:1789324673457386952;sweep:pitch_b:1789324673457397384;sweep:enc:pitch:1789324673457413289,sweep:enc:pitch:1789324673457413289,FFFFFFFFF92F,"{""counts"":-1745}",1,1,1,1,0,0,0,5.790314,1,0,0,1801975900970886,1,,1801975888627233,1801975895752106,1801975900970886,1801975906761200
1473,6,pitch,2,1,post,0.6,10,0.0,0.0,0.0,0,2;3,2:00000A;3:00000A,1801975895752106,1789324673485973071,1801975928623767,1789324673514748859,42.18535600299947,0.9416172930505127,0.234047258971259,2,-1746,0.6695826139120824,0.017772205008499433,0.02157836896367371,step,2,1,0.22863417002372444,settle,sweep:enc:pitch:1789324673485971055,sweep:enc:pitch:1789324673485971055,FFFFFFFFF92E,"{""counts"":-1746}",1,1,1,1,0,0,0,6.074512,1,0,0,1801975922549255,1,,1801975917184871,1801975895752106,1801975922549255,1801975928623767
1474,6,pitch,2,1,post,0.6,10,0.0,0.0,0.0,0,2;3,2:00000A;3:00000A,1801975895752106,1789324673514544182,1801975955679450,1789324673543362627,42.212323107989505,0.968584398040548,0.2610143639612943,2,-1745,0.669199118715111,-0.014220851556485474,0.026967104990035295,step,2,1,0.25720342504791915,settle,sweep:enc:pitch:1789324673514541750,sweep:enc:pitch:1789324673514541750,FFFFFFFFF92F,"{""counts"":-1745}",1,1,1,1,0,0,0,6.16309,1,0,0,1801975949516360,1,,1801975945755982,1801975895752106,1801975949516360,1801975955679450
1475,6,pitch,2,1,post,0.6,10,0.0,0.0,0.0,0,2;3,2:00000A;3:00000A,1801975895752106,1789324673543125502,1801975982660476,1789324673571890057,42.23949521011673,0.9957565001677722,0.2881864660885185,2,-1745,0.669199118715111,0.0,0.027172102127224207,step,2,1,0.2857763599604368,settle,sweep:enc:pitch:1789324673543122942,sweep:enc:pitch:1789324673543122942,FFFFFFFFF92F,"{""counts"":-1745}",1,1,1,1,0,0,0,5.972014,1,0,0,1801975976688462,1,,1801975974337238,1801975895752106,1801975976688462,1801975982660476
1476,6,pitch,2,1,post,0.6,10,0.0,0.0,0.0,0,2;3,2:00000A;3:00000A,1801975895752106,1789324673571687205,1801976009521658,1789324673600442448,42.26638647308573,1.0226477631367743,0.31507772905752063,2,-1745,0.669199118715111,0.0,0.026891262969002128,step,2,1,0.3143473749514669,settle,sweep:enc:pitch:1789324673571685060,sweep:enc:pitch:1789324673571685060,FFFFFFFFF92F,"{""counts"":-1745}",1,1,1,1,0,0,0,5.941933,1,0,0,1801976003579725,1,,1801976002898909,1801975895752106,1801976003579725,1801976009521658
1477,6,pitch,2,1,post,0.6,10,0.0,0.0,0.0,0,2;3,2:00000A;3:00000A,1801975895752106,1789324673600250283,1801976041478769,1789324673629078809,42.29841238609515,1.0546736761461943,0.34710364206694067,2,-1745,0.669199118715111,0.0,0.03202591300942004,step,2,1,0.3429175899364054,settle,sweep:enc:pitch:1789324673600248171,sweep:enc:pitch:1789324673600248171,FFFFFFFFF92F,"{""counts"":-1745}",1,1,1,1,0,0,0,5.873131,1,0,0,1801976035605638,1,,1801976031462083,1801975895752106,1801976035605638,1801976041478769
1478,6,pitch,2,1,post,0.6,10,0.0,0.0,0.0,0,2;3,2:00000A;3:00000A,1801975895752106,1789324673628851571,1801976068493236,1789324673657748802,42.325221887091175,1.0814831771422178,0.3739131430629641,2,-1745,0.669199118715111,0.0,0.026809500996023417,step,2,1,0.3714899809565395,settle,sweep:enc:pitch:1789324673628849139,sweep:enc:pitch:1789324673628849139,FFFFFFFFF92F,"{""counts"":-1745}",1,1,1,1,0,0,0,6.078097,0,0,0,1801976062415139,1,,1801976060063339,1801975895752106,1801976062415139,1801976068493236
1479,6,pitch,2,1,rest,0.6,10,0.0,0.0,0.0,0,2;3,2:00000A;3:00000A,1801976100393706,1789324673657980488,1801976112425320,1789324673686861174,42.36940613714978,1.125667427200824,0.01745487912558019,2,-1745,0.669199118715111,0.0,0.04418425005860627,step,3,1,7.040798664093018e-07,rest,sweep:pitch_a:1789324673657957287;sweep:pitch_b:1789324673657965191;sweep:enc:pitch:1789324673657978439,sweep:enc:pitch:1789324673657978439,FFFFFFFFF92F,"{""counts"":-1745}",1,1,0,0,0,0,0,5.825931,1,0,0,1801976106599389,1,,1801976089192256,1801976100393706,1801976106599389,1801976112425320
1480,6,pitch,2,1,rest,0.6,10,0.0,0.0,0.0,0,2;3,2:00000A;3:00000A,1801976100393706,1789324673686621520,1801976129361626,1789324673715397692,42.38589584105648,1.142157131107524,0.03394458303228021,2,-1745,0.669199118715111,0.0,0.016489703906700015,step,3,1,0.02863472909666598,rest,sweep:enc:pitch:1789324673686619440,sweep:enc:pitch:1789324673686619440,FFFFFFFFF92F,"{""counts"":-1745}",1,1,0,0,0,0,0,6.272533,1,0,0,1801976123089093,1,,1801976117833288,1801976100393706,1801976123089093,1801976129361626
1481,6,pitch,2,1,rest,0.6,10,0.0,0.0,0.0,0,2;3,2:00000A;3:00000A,1801976100393706,1789324673715195671,1801976156385500,1789324673743986660,42.41308387904428,1.1693451690953225,0.06113262102007866,2,-1745,0.669199118715111,0.0,0.027188037987798452,step,3,1,0.057205199962481856,rest,sweep:enc:pitch:1789324673715193143,sweep:enc:pitch:1789324673715193143,FFFFFFFFF92F,"{""counts"":-1745}",1,1,0,0,0,0,0,6.108369,1,0,0,1801976150277131,1,,1801976146407471,1801976100393706,1801976150277131,1801976156385500
1482,6,pitch,2,1,rest,0.6,10,0.0,0.0,0.0,0,2;3,2:00000A;3:00000A,1801976100393706,1789324673743768510,1801976183204442,1789324673772571883,42.44016637909226,1.1964276691433042,0.0882151210680604,2,-1745,0.669199118715111,0.0,0.02708250004798174,step,3,1,0.08577691903337836,rest,sweep:enc:pitch:1789324673743766174,sweep:enc:pitch:1789324673743766174,FFFFFFFFF92F,"{""counts"":-1745}",1,1,0,0,0,0,0,5.844811,1,0,0,1801976177359631,1,,1801976174980214,1801976100393706,1801976177359631,1801976183204442
1483,6,pitch,2,1,rest,0.6,10,0.0,0.0,0.0,0,2;3,2:00000A;3:00000A,1801976100393706,1789324673772343622,1801976210241885,1789324673801102865,42.466997768962756,1.2232590590137988,0.115046510938555,2,-1745,0.669199118715111,0.0,0.026831389870494604,step,3,1,0.11435126210562885,rest,sweep:enc:pitch:1789324673772341030,sweep:enc:pitch:1789324673772341030,FFFFFFFFF92F,"{""counts"":-1745}",1,1,0,0,0,0,0,6.050864,1,0,0,1801976204191021,1,,1801976203555262,1801976100393706,1801976204191021,1801976210241885
1484,6,pitch,2,1,rest,0.6,10,0.0,0.0,0.0,0,2;3,2:00000A;3:00000A,1801976100393706,1789324673800902796,1801976242187252,1789324673811453607,42.49914826103486,1.2554095510859042,0.1471970030106604,2,-1745,0.669199118715111,0.0,0.03215049207210541,step,3,1,0.14291981304995716,rest,sweep:enc:pitch:1789324673800900556,sweep:enc:pitch:1789324673800900556,FFFFFFFFF92F,"{""counts"":-1745}",1,1,0,0,0,0,0,5.845739,0,0,0,1801976236341513,1,,1801976232114532,1801976100393706,1801976236341513,1801976242187252
1485,6,pitch,2,-1,pre,0.6,10,0.0,0.0,0.0,0,2;3,2:00000A;3:00000A,1801976100393706,1789324673811875761,1801976253127640,1789324673840753472,42.510458481963724,0.004764209967106581,0.004603277891874313,2,-1745,0.669199118715111,,0.011310220928862691,step,0,0,5.438923835754395e-07,settle,sweep:enc:pitch:1789324673811873745,sweep:enc:pitch:1789324673811873745,FFFFFFFFF92F,"{""counts"":-1745}",1,1,1,0,0,0,0,5.475906,1,0,0,1801976247651734,0,short_encoder_dt,1801976243087561,1801976100393706,1801976247651734,1801976253127640
1486,6,pitch,2,-1,pre,0.6,10,0.0,0.0,0.0,0,2;3,2:00000A;3:00000A,1801976100393706,1789324673840532890,1801976280164794,1789324673869318758,42.53682298003696,0.031128708040341735,0.030967775965109468,2,-1745,0.669199118715111,0.0,0.026364498073235154,step,0,0,0.028636040864512324,settle,sweep:enc:pitch:1789324673840530234,sweep:enc:pitch:1789324673840530234,FFFFFFFFF92F,"{""counts"":-1745}",1,1,1,1,0,0,0,6.148562,1,0,0,1801976274016232,1,,1801976271744594,1801976100393706,1801976274016232,1801976280164794
1487,6,pitch,2,-1,pre,0.6,10,0.0,0.0,0.0,0,2;3,2:00000A;3:00000A,1801976307119867,1789324673869099265,1801976318940660,1789324673897977136,42.57588618109003,0.07019190909340978,0.07003097701817751,2,-1745,0.669199118715111,0.0,0.03906320105306804,step,0,0,0.057205456076189876,settle,sweep:pitch_a:1789324673869071425;sweep:pitch_b:1789324673869080929;sweep:enc:pitch:1789324673869096545,sweep:enc:pitch:1789324673869096545,FFFFFFFFF92F,"{""counts"":-1745}",1,1,1,1,0,0,0,5.861227,1,0,0,1801976313079433,1,,1801976300310969,1801976307119867,1801976313079433,1801976318940660
1488,6,pitch,2,-1,pre,0.6,10,0.0,0.0,0.0,0,2;3,2:00000A;3:00000A,1801976307119867,1789324673897683337,1801976336070155,1789324673926493013,42.59239118103869,0.08669690904207528,0.08653597696684301,2,-1745,0.669199118715111,0.0,0.0165049999486655,step,0,0,0.08577845501713455,settle,sweep:enc:pitch:1789324673897680265,sweep:enc:pitch:1789324673897680265,FFFFFFFFF92F,"{""counts"":-1745}",1,1,1,1,0,0,0,6.485722,1,0,0,1801976329584433,1,,1801976328894913,1801976307119867,1801976329584433,1801976336070155
1489,6,pitch,2,-1,pre,0.6,10,0.0,0.0,0.0,0,2;3,2:00000A;3:00000A,1801976307119867,1789324673926253104,1801976368026243,1789324673955012347,42.62498034001328,0.1192860680166632,0.11912513594143093,2,-1745,0.669199118715111,0.0,0.03258915897458792,step,0,0,0.11434831796213984,settle,sweep:enc:pitch:1789324673926250480,sweep:enc:pitch:1789324673926250480,FFFFFFFFF92F,"{""counts"":-1745}",1,1,1,1,0,0,0,5.852651,1,0,0,1801976362173592,1,,1801976357464872,1801976307119867,1801976362173592,1801976368026243
1490,6,pitch,2,-1,pre,0.6,10,0.0,0.0,0.0,0,2;3,2:00000A;3:00000A,1801976307119867,1789324673954807798,1801976394861216,1789324673983577602,42.65174548793584,0.14605121593922377,0.1458902838639915,2,-1746,0.6695826139120824,0.014328155333981891,0.026765147922560573,step,0,0,0.14292010106146336,settle,sweep:enc:pitch:1789324673954805718,sweep:enc:pitch:1789324673954805718,FFFFFFFFF92E,"{""counts"":-1746}",1,1,1,1,0,0,0,5.922476,1,0,0,1801976388938740,1,,1801976386019502,1801976307119867,1801976388938740,1801976394861216
1491,6,pitch,2,-1,pre,0.6,10,0.0,0.0,0.0,0,2;3,2:00000A;3:00000A,1801976307119867,1789324673983375485,1801976421886115,1789324674012186602,42.67856702115387,0.17287274915724993,0.17271181708201766,2,-1745,0.669199118715111,-0.014298034115130746,0.02682153321802616,step,0,0,0.17149153188802302,settle,sweep:enc:pitch:1789324673983373245,sweep:enc:pitch:1789324673983373245,FFFFFFFFF92F,"{""counts"":-1745}",1,1,1,1,0,0,0,6.125842,1,0,0,1801976415760273,1,,1801976414587221,1801976307119867,1801976415760273,1801976421886115
1492,6,pitch,2,-1,pre,0.6,10,0.0,0.0,0.0,0,2;3,2:00000A;3:00000A,1801976307119867,1789324674011960165,1801976453845786,1789324674040717392,42.7107955950778,0.20510132308118045,0.20494039100594819,2,-1745,0.669199118715111,0.0,0.032228573923930526,step,0,0,0.2000644349027425,settle,sweep:enc:pitch:1789324674011957541,sweep:enc:pitch:1789324674011957541,FFFFFFFFF92F,"{""counts"":-1745}",1,1,1,1,0,0,0,5.856939,1,0,0,1801976447988847,1,,1801976443171741,1801976307119867,1801976447988847,1801976453845786
1493,6,pitch,2,-1,pre,0.6,10,0.0,0.0,0.0,0,2;3,2:00000A;3:00000A,1801976307119867,1789324674040521419,1801976480709945,1789324674069285111,42.73757956014015,0.2318852881435305,0.23172435606829822,2,-1746,0.6695826139120824,0.014318089053607905,0.026783965062350035,step,0,0,0.22863570600748062,settle,sweep:enc:pitch:1789324674040519371,sweep:enc:pitch:1789324674040519371,FFFFFFFFF92E,"{""counts"":-1746}",1,1,1,1,0,0,0,5.937133,1,0,0,1801976474772812,1,,1801976471733219,1801976307119867,1801976474772812,1801976480709945
1494,6,pitch,2,-1,pre,0.6,10,0.0,0.0,0.0,0,2;3,2:00000A;3:00000A,1801976307119867,1789324674069088274,1801976507674810,1789324674097905503,42.76443968596868,0.25874541397206485,0.2585844818968326,2,-1745,0.669199118715111,-0.014277490709446025,0.026860125828534365,step,0,0,0.2572051528841257,settle,sweep:enc:pitch:1789324674069085970,sweep:enc:pitch:1789324674069085970,FFFFFFFFF92F,"{""counts"":-1745}",1,1,1,1,0,0,0,6.041872,1,0,0,1801976501632938,1,,1801976500299882,1801976307119867,1801976501632938,1801976507674810
1495,6,pitch,2,-1,pre,0.6,10,0.0,0.0,0.0,0,2;3,2:00000A;3:00000A,1801976539633329,1789324674097677274,1801976551656047,1789324674123704388,42.80835036211647,0.3026560901198536,0.30249515804462135,2,-1746,0.6695826139120824,0.008733529761207344,0.04391067614778876,step,0,0,0.2857769678812474,settle,sweep:pitch_a:1789324674097646009;sweep:pitch_b:1789324674097657049;sweep:enc:pitch:1789324674097674714,sweep:enc:pitch:1789324674097674714,FFFFFFFFF92E,"{""counts"":-1746}",1,1,1,1,0,0,0,6.112433,0,0,0,1801976545543614,1,,1801976528888818,1801976539633329,1801976545543614,1801976551656047
1496,6,pitch,2,-1,step,0.6,10,-0.6,-0.6,-0.5235987755982988,0,2;3,2:80050A00000032;3:00050A00000032,1801976563519017,1789324674123921865,1801976576570687,1789324674152851321,42.83310282207094,0.327408550074324,0.015213578008115292,2,-1729,0.6630631955635684,-0.2633846640093871,0.024752459954470396,step,1,0,6.079208105802536e-07,step,sweep:pitch_a:1789324674123896297;sweep:pitch_b:1789324674123905353;sweep:enc:pitch:1789324674123919945,sweep:enc:pitch:1789324674123919945,FFFFFFFFF93F,"{""counts"":-1729}",1,1,0,0,0,0,0,6.274613,1,0,0,1801976570296074,1,,1801976555133697,1801976563519017,1801976570296074,1801976576570687
1497,6,pitch,2,-1,step,0.6,10,-0.6,-0.6,-0.5235987755982988,0,2;3,2:80050A00000032;3:00050A00000032,1801976563519017,1789324674152581587,1801976593536146,1789324674181339454,42.849965687142685,0.34427141514606774,0.03207644307985902,2,-1705,0.6538593108362546,-0.5458078854426887,0.016862865071743727,step,1,0,0.02863549697212875,step,sweep:enc:pitch:1789324674152578866,sweep:enc:pitch:1789324674152578866,FFFFFFFFF957,"{""counts"":-1705}",1,1,0,0,0,0,0,6.377207,1,0,0,1801976587158939,1,,1801976583793131,1801976563519017,1801976587158939,1801976593536146
1498,6,pitch,2,-1,step,0.6,10,-0.6,-0.6,-0.5235987755982988,0,2;3,2:80050A00000032;3:00050A00000032,1801976563519017,1789324674181138073,1801976620530836,1789324674209907269,42.87727433606051,0.37158006406389177,0.05938509199768305,2,-1668,0.6396699885483124,-0.5195907835147797,0.02730864891782403,step,1,0,0.05720427189953625,step,sweep:enc:pitch:1789324674181135609,sweep:enc:pitch:1789324674181135609,FFFFFFFFF97C,"{""counts"":-1668}",1,1,0,0,0,0,0,6.063248,1,0,0,1801976614467588,1,,1801976612349585,1801976563519017,1801976614467588,1801976620530836
1499,6,pitch,2,-1,step,0.6,10,-0.6,-0.6,-0.5235987755982988,0,2;3,2:80050A00000032;3:00050A00000032,1801976563519017,1789324674209708320,1801976647591703,1789324674238476364,42.9042125439737,0.3985182719770819,0.08632329991087317,2,-1631,0.6254806662603701,-0.5267359407748322,0.026938207913190126,step,1,0,0.08577583101578057,step,sweep:enc:pitch:1789324674209706144,sweep:enc:pitch:1789324674209706144,FFFFFFFFF9A1,"{""counts"":-1631}",1,1,0,0,0,0,0,6.185907,1,0,0,1801976641405796,1,,1801976640919928,1801976563519017,1801976641405796,1801976647591703
1500,6,pitch,2,-1,step,0.6,10,-0.6,-0.6,-0.5235987755982988,0,2;3,2:80050A00000032;3:00050A00000032,1801976563519017,1789324674238278919,1801976679373322,1789324674267057011,42.93648851104081,0.43079423904418945,0.11859926697798073,2,-1590,0.6097573631845423,-0.48715203616165015,0.03227596706710756,step,1,0,0.11434790189377964,step,sweep:enc:pitch:1789324674238276743,sweep:enc:pitch:1789324674238276743,FFFFFFFFF9CA,"{""counts"":-1590}",1,1,0,0,0,0,0,5.691559,1,0,0,1801976673681763,1,,1801976669490527,1801976563519017,1801976673681763,1801976679373322
1501,6,pitch,2,-1,step,0.6,10,-0.6,-0.6,-0.5235987755982988,0,2;3,2:80050A00000032;3:00050A00000032,1801976563519017,1789324674266856814,1801976706383276,1789324674295628186,42.96309218299575,0.4573979109991342,0.14520293893292546,2,-1554,0.5959515360935715,-0.5189444191896502,0.02660367195494473,step,1,0,0.14291907707229257,step,sweep:enc:pitch:1789324674266854126,sweep:enc:pitch:1789324674266854126,FFFFFFFFF9EE,"{""counts"":-1554}",1,1,0,0,0,0,0,6.097841,1,0,0,1801976700285435,1,,1801976698068262,1801976563519017,1801976700285435,1801976706383276
1502,6,pitch,2,-1,step,0.6,10,-0.6,-0.6,-0.5235987755982988,0,2;3,2:80050A00000032;3:00050A00000032,1801976563519017,1789324674295420789,1801976733240202,1789324674324204385,42.9901463619899,0.48445208999328315,0.17225711792707443,2,-1516,0.581378718608658,-0.538653103761354,0.02705417899414897,step,1,0,0.17149054002948105,step,sweep:enc:pitch:1789324674295418517,sweep:enc:pitch:1789324674295418517,FFFFFFFFFA14,"{""counts"":-1516}",1,1,0,0,0,0,0,5.900588,1,0,0,1801976727339614,1,,1801976726632397,1801976563519017,1801976727339614,1801976733240202
1503,6,pitch,2,-1,step,0.6,10,-0.6,-0.6,-0.5235987755982988,0,2;3,2:80050A00000032;3:00050A00000032,1801976766235866,1789324674323996924,1801976779266864,1789324674352834922,43.03582572005689,0.5301314480602741,0.2179364759940654,2,-1448,0.5553010452146021,-0.5708852859931111,0.04567935806699097,step,1,0,0.20006296294741333,step,sweep:pitch_a:1789324674323967324;sweep:pitch_b:1789324674323978236;sweep:enc:pitch:1789324674323994556,sweep:enc:pitch:1789324674323994556,FFFFFFFFFA58,"{""counts"":-1448}",1,1,0,0,0,0,0,6.247892,1,0,0,1801976773018972,1,,1801976755208692,1801976766235866,1801976773018972,1801976779266864
1504,6,pitch,2,-1,step,0.6,10,-0.6,-0.6,-0.5235987755982988,0,2;3,2:80050A00000032;3:00050A00000032,1801976766235866,1789324674352567651,1801976791182699,1789324674381363248,43.047573167132214,0.5418788951355964,0.22968392306938767,2,-1432,0.5491651220630596,,0.01174744707532227,step,1,0,0.2286338498815894,step,sweep:enc:pitch:1789324674352565475,sweep:enc:pitch:1789324674352565475,FFFFFFFFFA68,"{""counts"":-1432}",1,1,0,0,0,0,0,6.41628,1,0,0,1801976784766419,0,short_encoder_dt,1801976783779387,1801976766235866,1801976784766419,1801976791182699
1505,6,pitch,2,-1,step,0.6,10,-0.6,-0.6,-0.5235987755982988,0,2;3,2:80050A00000032;3:00050A00000032,1801976766235866,1789324674381151051,1801976823190724,1789324674409901398,43.080042897956446,0.5743486259598285,0.2621536538936198,2,-1388,0.5322913333963175,-0.5196775038907675,0.0324697308242321,step,1,0,0.25720540899783373,step,sweep:enc:pitch:1789324674381148875,sweep:enc:pitch:1789324674381148875,FFFFFFFFFA94,"{""counts"":-1388}",1,1,0,0,0,0,0,5.954574,1,0,0,1801976817236150,1,,1801976812362819,1801976766235866,1801976817236150,1801976823190724
1506,6,pitch,2,-1,step,0.6,10,-0.6,-0.6,-0.5235987755982988,0,2;3,2:80050A00000032;3:00050A00000032,1801976766235866,1789324674409711089,1801976850225798,1789324674438469981,43.1069268330466,0.6012325610499829,0.2890375889837742,2,-1350,0.5177185159114039,-0.5420641522918462,0.02688393509015441,step,1,0,0.2857795918826014,step,sweep:enc:pitch:1789324674409709009,sweep:enc:pitch:1789324674409709009,FFFFFFFFFABA,"{""counts"":-1350}",1,1,0,0,0,0,0,6.105713,1,0,0,1801976844120085,1,,1801976840922825,1801976766235866,1801976844120085,1801976850225798
1507,6,pitch,2,-1,step,0.6,10,-0.6,-0.6,-0.5235987755982988,0,2;3,2:80050A00000032;3:00050A00000032,1801976766235866,1789324674438278072,1801976877083813,1789324674467064388,43.134011348942295,0.6283170769456774,0.3161221048794687,2,-1312,0.5031456984264903,-0.5380497676619082,0.027084515895694494,step,1,0,0.31434769509360194,step,sweep:enc:pitch:1789324674438275544,sweep:enc:pitch:1789324674438275544,FFFFFFFFFAE0,"{""counts"":-1312}",1,1,0,0,0,0,0,5.879212,1,0,0,1801976871204601,1,,1801976869489840,1801976766235866,1801976871204601,1801976877083813
1508,6,pitch,2,-1,step,0.6,10,-0.6,-0.6,-0.5235987755982988,0,2;3,2:80050A00000032;3:00050A00000032,1801976766235866,1789324674466853151,1801976909081053,1789324674495620491,43.16597018809989,0.6602759161032736,0.3480809440370649,2,-1271,0.4874223953506625,-0.49198605112947336,0.03195883915759623,step,1,0,0.3429203738924116,step,sweep:enc:pitch:1789324674466850815,sweep:enc:pitch:1789324674466850815,FFFFFFFFFB09,"{""counts"":-1271}",1,1,0,0,0,0,0,5.917613,1,0,0,1801976903163440,1,,1801976898064887,1801976766235866,1801976903163440,1801976909081053
1509,6,pitch,2,-1,step,0.6,10,-0.6,-0.6,-0.5235987755982988,0,2;3,2:80050A00000032;3:00050A00000032,1801976766235866,1789324674495422854,1801976935900186,1789324674524078287,43.19285466708243,0.6871603950858116,0.3749654230196029,2,-1235,0.47361656825969173,-0.5135240708937653,0.026884478982537985,step,1,0,0.3714942689985037,step,sweep:enc:pitch:1789324674495420454,sweep:enc:pitch:1789324674495420454,FFFFFFFFFB2D,"{""counts"":-1235}",1,1,0,0,0,0,0,5.852267,0,0,0,1801976930047919,1,,1801976926634654,1801976766235866,1801976930047919,1801976935900186
1510,6,pitch,2,-1,post,0.6,10,0.0,0.0,0.0,0,2;3,2:00000A;3:00000A,1801976962880412,1789324674524293620,1801976974861336,1789324674553190403,43.231242140056565,0.7255478680599481,0.012972885044291615,2,-1192,0.45712627478992107,-0.429574863677038,0.03838747297413647,step,2,1,6.719492375850677e-07,settle,sweep:pitch_a:1789324674524271700;sweep:pitch_b:1789324674524279252;sweep:enc:pitch:1789324674524291508,sweep:enc:pitch:1789324674524291508,FFFFFFFFFB58,"{""counts"":-1192}",1,1,1,0,0,0,0,6.425944,1,0,0,1801976968435392,1,,1801976955505420,1801976962880412,1801976968435392,1801976974861336
1511,6,pitch,2,-1,post,0.6,10,0.0,0.0,0.0,0,2;3,2:00000A;3:00000A,1801976962880412,1789324674552933405,1801976991995248,1789324674581746634,43.24832142610103,0.7426271541044116,0.03005217108875513,2,-1192,0.45712627478992107,0.0,0.017079286044463515,step,2,1,0.028633672976866364,settle,sweep:enc:pitch:1789324674552931389,sweep:enc:pitch:1789324674552931389,FFFFFFFFFB58,"{""counts"":-1192}",1,1,1,1,0,0,0,6.48057,1,0,0,1801976985514678,1,,1801976984145141,1801976962880412,1801976985514678,1801976991995248
1512,6,pitch,2,-1,post,0.6,10,0.0,0.0,0.0,0,2;3,2:00000A;3:00000A,1801976962880412,1789324674581511204,1801977023798723,1789324674610277392,43.28091858397238,0.7752243119757622,0.06264932896010578,2,-1192,0.45712627478992107,0.0,0.032597157871350646,step,2,1,0.05720465607009828,settle,sweep:enc:pitch:1789324674581508324,sweep:enc:pitch:1789324674581508324,FFFFFFFFFB58,"{""counts"":-1192}",1,1,1,1,0,0,0,5.686887,1,0,0,1801977018111836,1,,1801977012723004,1801976962880412,1801977018111836,1801977023798723
1513,6,pitch,2,-1,post,0.6,10,0.0,0.0,0.0,0,2;3,2:00000A;3:00000A,1801976962880412,1789324674610080299,1801977050817798,1789324674638874807,43.30750939203426,0.8018151200376451,0.08924013702198863,2,-1192,0.45712627478992107,0.0,0.026590808061882854,step,2,1,0.08577800705097616,settle,sweep:enc:pitch:1789324674610078027,sweep:enc:pitch:1789324674610078027,FFFFFFFFFB58,"{""counts"":-1192}",1,1,1,1,0,0,0,6.115154,1,0,0,1801977044702644,1,,1801977041292067,1801976962880412,1801977044702644,1801977050817798
1514,6,pitch,2,-1,post,0.6,10,0.0,0.0,0.0,0,2;3,2:00000A;3:00000A,1801976962880412,1789324674638656338,1801977077812007,1789324674667493344,43.33454440301284,0.8288501310162246,0.11627514800056815,2,-1192,0.45712627478992107,0.0,0.02703501097857952,step,2,1,0.11434956593438983,settle,sweep:enc:pitch:1789324674638653810,sweep:enc:pitch:1789324674638653810,FFFFFFFFFB58,"{""counts"":-1192}",1,1,1,1,0,0,0,6.074352,1,0,0,1801977071737655,1,,1801977069868042,1801976962880412,1801977071737655,1801977077812007
1515,6,pitch,2,-1,post,0.6,10,0.0,0.0,0.0,0,2;3,2:00000A;3:00000A,1801976962880412,1789324674667243578,1801977109621979,1789324674696029382,43.36673508794047,0.8610408159438521,0.1484658329281956,2,-1192,0.45712627478992107,0.0,0.032190684927627444,step,2,1,0.14291990897618234,settle,sweep:enc:pitch:1789324674667240538,sweep:enc:pitch:1789324674667240538,FFFFFFFFFB58,"{""counts"":-1192}",1,1,1,1,0,0,0,5.693639,1,0,0,1801977103928340,1,,1801977098455154,1801976962880412,1801977103928340,1801977109621979
1516,6,pitch,2,-1,post,0.6,10,0.0,0.0,0.0,0,2;3,2:00000A;3:00000A,1801976962880412,1789324674695802304,1801977136647229,1789324674724589901,43.39340874599293,0.8877144739963114,0.17513949098065495,2,-1192,0.45712627478992107,0.0,0.02667365805245936,step,2,1,0.17149178800173104,settle,sweep:enc:pitch:1789324674695799296,sweep:enc:pitch:1789324674695799296,FFFFFFFFFB58,"{""counts"":-1192}",1,1,1,1,0,0,0,6.045231,1,0,0,1801977130601998,1,,1801977127014040,1801976962880412,1801977130601998,1801977136647229
1517,6,pitch,2,-1,post,0.6,10,0.0,0.0,0.0,0,2;3,2:00000A;3:00000A,1801977163470043,1789324674724371015,1801977174590179,1789324674753224597,43.43175973696634,0.9260654649697244,0.21349048195406795,2,-1192,0.45712627478992107,0.0,0.03835099097341299,step,2,1,0.20006341091357172,settle,sweep:pitch_a:1789324674724342983;sweep:pitch_b:1789324674724353287;sweep:enc:pitch:1789324674724368807,sweep:enc:pitch:1789324674724368807,FFFFFFFFFB58,"{""counts"":-1192}",1,1,1,1,0,0,0,5.63719,1,0,0,1801977168952989,1,,1801977155582783,1801977163470043,1801977168952989,1801977174590179
1518,6,pitch,2,-1,post,0.6,10,0.0,0.0,0.0,0,2;3,2:00000A;3:00000A,1801977163470043,1789324674752948398,1801977191515413,1789324674781746971,43.447968122083694,0.9422738500870764,0.22969886707141995,2,-1192,0.45712627478992107,0.0,0.01620838511735201,step,2,1,0.22863362613134086,settle,sweep:enc:pitch:1789324674752945902,sweep:enc:pitch:1789324674752945902,FFFFFFFFFB58,"{""counts"":-1192}",1,1,1,1,0,0,0,6.354039,1,0,0,1801977185161374,1,,1801977184160102,1801977163470043,1801977185161374,1801977191515413
1519,6,pitch,2,-1,post,0.6,10,0.0,0.0,0.0,0,2;3,2:00000A;3:00000A,1801977163470043,1789324674781519029,1801977223489581,1789324674810310402,43.48038338893093,0.9746891169343144,0.2621141339186579,2,-1192,0.45712627478992107,0.0,0.032415266847237945,step,2,1,0.25720697711221874,settle,sweep:enc:pitch:1789324674781516277,sweep:enc:pitch:1789324674781516277,FFFFFFFFFB58,"{""counts"":-1192}",1,1,1,1,0,0,0,5.91294,1,0,0,1801977217576641,1,,1801977212730637,1801977163470043,1801977217576641,1801977223489581
1520,6,pitch,2,-1,post,0.6,10,0.0,0.0,0.0,0,2;3,2:00000A;3:00000A,1801977163470043,1789324674810085948,1801977250498927,1789324674838910249,43.50721388193779,1.0015196099411696,0.28894462692551315,2,-1192,0.45712627478992107,0.0,0.02683049300685525,step,2,1,0.28577684005722404,settle,sweep:enc:pitch:1789324674810083196,sweep:enc:pitch:1789324674810083196,FFFFFFFFFB58,"{""counts"":-1192}",1,1,1,1,0,0,0,6.091793,1,0,0,1801977244407134,1,,1801977241297556,1801977163470043,1801977244407134,1801977250498927
1521,6,pitch,2,-1,post,0.6,10,0.0,0.0,0.0,0,2;3,2:00000A;3:00000A,1801977163470043,1789324674838664996,1801977277307052,1789324674867429327,43.53418265096843,1.028488378971815,0.31591339595615864,2,-1192,0.45712627478992107,0.0,0.02696876903064549,step,2,1,0.31434843107126653,settle,sweep:enc:pitch:1789324674838661956,sweep:enc:pitch:1789324674838661956,FFFFFFFFFB58,"{""counts"":-1192}",1,1,1,1,0,0,0,5.931149,1,0,0,1801977271375903,1,,1801977269876540,1801977163470043,1801977271375903,1801977277307052
1522,6,pitch,2,-1,post,0.6,10,0.0,0.0,0.0,0,2;3,2:00000A;3:00000A,1801977163470043,1789324674867220586,1801977309334789,1789324674895968949,43.56616280297749,1.0604685309808701,0.34789354796521366,2,-1192,0.45712627478992107,0.0,0.03198015200905502,step,2,1,0.3429187419824302,settle,sweep:enc:pitch:1789324674867218346,sweep:enc:pitch:1789324674867218346,FFFFFFFFFB58,"{""counts"":-1192}",1,1,1,1,0,0,0,5.978734,1,0,0,1801977303356055,1,,1801977298432322,1801977163470043,1801977303356055,1801977309334789
1523,6,pitch,2,-1,post,0.6,10,0.0,0.0,0.0,0,2;3,2:00000A;3:00000A,1801977163470043,1789324674895782865,1801977336355655,1789324674924626750,43.593030866002664,1.0873365940060467,0.3747616109903902,2,-1192,0.45712627478992107,0.0,0.026868063025176525,step,2,1,0.3714907809626311,settle,sweep:enc:pitch:1789324674895780817,sweep:enc:pitch:1789324674895780817,FFFFFFFFFB58,"{""counts"":-1192}",1,1,1,1,0,0,0,6.131537,0,0,0,1801977330224118,1,,1801977326994665,1801977163470043,1801977330224118,1801977336355655
1524,6,pitch,2,-1,rest,0.6,10,0.0,0.0,0.0,0,2;3,2:00000A;3:00000A,1801977363262215,1789324674924874564,1801977374256236,1789324674953815028,43.63136620912701,1.1256719371303916,0.012515978189185262,2,-1192,0.45712627478992107,0.0,0.038335343124344945,step,3,1,5.119945853948593e-07,rest,sweep:pitch_a:1789324674924852388;sweep:pitch_b:1789324674924859780;sweep:enc:pitch:1789324674924872260,sweep:enc:pitch:1789324674924872260,FFFFFFFFFB58,"{""counts"":-1192}",1,1,0,0,0,0,0,5.696775,1,0,0,1801977368559461,1,,1801977356086300,1801977363262215,1801977368559461,1801977374256236
1525,6,pitch,2,-1,rest,0.6,10,0.0,0.0,0.0,0,2;3,2:00000A;3:00000A,1801977363262215,1789324674953526765,1801977396170517,1789324674982282425,43.65286982408725,1.14717555209063,0.0340195931494236,2,-1192,0.45712627478992107,0.0,0.021503614960238338,step,3,1,0.028634697198867798,rest,sweep:enc:pitch:1789324674953524397,sweep:enc:pitch:1789324674953524397,FFFFFFFFFB58,"{""counts"":-1192}",1,1,0,0,0,0,0,6.107441,1,0,0,1801977390063076,1,,1801977384738533,1801977363262215,1801977390063076,1801977396170517
1526,6,pitch,2,-1,rest,0.6,10,0.0,0.0,0.0,0,2;3,2:00000A;3:00000A,1801977363262215,1789324674982088788,1801977423192919,1789324675010929314,43.67994537902996,1.1742511070333421,0.06109514809213579,2,-1192,0.45712627478992107,0.0,0.027075554942712188,step,3,1,0.05720552010461688,rest,sweep:enc:pitch:1789324674982086676,sweep:enc:pitch:1789324674982086676,FFFFFFFFFB58,"{""counts"":-1192}",1,1,0,0,0,0,0,6.054288,1,0,0,1801977417138631,1,,1801977413300524,1801977363262215,1801977417138631,1801977423192919
1527,6,pitch,2,-1,rest,0.6,10,0.0,0.0,0.0,0,2;3,2:00000A;3:00000A,1801977363262215,1789324675010678876,1801977450217337,1789324675039475688,43.70704954303801,1.2013552710413933,0.08819931210018694,2,-1192,0.45712627478992107,0.0,0.027104164008051157,step,3,1,0.08578207110986114,rest,sweep:enc:pitch:1789324675010676572,sweep:enc:pitch:1789324675010676572,FFFFFFFFFB58,"{""counts"":-1192}",1,1,0,0,0,0,0,5.974542,1,0,0,1801977444242795,1,,1801977441890580,1801977363262215,1801977444242795,1801977450217337
1528,6,pitch,2,-1,rest,0.6,10,0.0,0.0,0.0,0,2;3,2:00000A;3:00000A,1801977363262215,1789324675039241666,1801977477078136,1789324675068018478,43.73396346298978,1.22826919099316,0.11511323205195367,2,-1192,0.45712627478992107,0.0,0.02691391995176673,step,3,1,0.11434854217804968,rest,sweep:enc:pitch:1789324675039239426,sweep:enc:pitch:1789324675039239426,FFFFFFFFFB58,"{""counts"":-1192}",1,1,0,0,0,0,0,5.921421,1,0,0,1801977471156715,1,,1801977470453370,1801977363262215,1801977471156715,1801977477078136
1529,6,pitch,2,-1,rest,0.6,10,0.0,0.0,0.0,0,2;3,2:00000A;3:00000A,1801977363262215,1789324675067807529,1801977509047407,1789324675078367716,43.765936511103064,1.2602422391064465,0.14708628016524017,2,-1192,0.45712627478992107,0.0,0.031973048113286495,step,3,1,0.14292112505063415,rest,sweep:enc:pitch:1789324675067805033,sweep:enc:pitch:1789324675067805033,FFFFFFFFFB58,"{""counts"":-1192}",1,1,0,0,0,0,0,5.917644,0,0,0,1801977503129763,1,,1801977499019073,1801977363262215,1801977503129763,1801977509047407
1530,6,pitch,3,1,pre,0.6,10,0.0,0.0,0.0,0,2;3,2:00000A;3:00000A,1801977363262215,1789324675078785518,1801977521011436,1789324675107666652,43.77736420603469,0.004755889065563679,0.004597773076966405,2,-1192,0.45712627478992107,,0.01142769493162632,step,0,0,4.1606836020946503e-07,settle,sweep:enc:pitch:1789324675078783438,sweep:enc:pitch:1789324675078783438,FFFFFFFFFB58,"{""counts"":-1192}",1,1,1,0,0,0,0,6.453978,1,0,0,1801977514557458,0,short_encoder_dt,1801977509997254,1801977363262215,1801977514557458,1801977521011436
1531,6,pitch,3,1,pre,0.6,10,0.0,0.0,0.0,0,2;3,2:00000A;3:00000A,1801977363262215,1789324675107441687,1801977548062991,1789324675136241795,43.80476809013635,0.03215977316722274,0.032001657178625464,2,-1192,0.45712627478992107,0.0,0.02740388410165906,step,0,0,0.028635561000555754,settle,sweep:enc:pitch:1789324675107439191,sweep:enc:pitch:1789324675107439191,FFFFFFFFFB58,"{""counts"":-1192}",1,1,1,1,0,0,0,6.101649,1,0,0,1801977541961342,1,,1801977538653135,1801977363262215,1801977541961342,1801977548062991
1532,6,pitch,3,1,pre,0.6,10,0.0,0.0,0.0,0,2;3,2:00000A;3:00000A,1801977574972430,1789324675136015454,1801977586866313,1789324675164849643,43.84389445907436,0.07128614210523665,0.07112802611663938,2,-1192,0.45712627478992107,0.0,0.03912636893801391,step,0,0,0.05720728007145226,settle,sweep:pitch_a:1789324675135987229;sweep:pitch_b:1789324675135996926;sweep:enc:pitch:1789324675136012958,sweep:enc:pitch:1789324675136012958,FFFFFFFFFB58,"{""counts"":-1192}",1,1,1,1,0,0,0,5.778602,1,0,0,1801977581087711,1,,1801977567227062,1801977574972430,1801977581087711,1801977586866313
1533,6,pitch,3,1,pre,0.6,10,0.0,0.0,0.0,0,2;3,2:00000A;3:00000A,1801977574972430,1789324675164577509,1801977603956511,1789324675193354801,43.86028771311976,0.08767939615063369,0.08752128016203642,2,-1192,0.45712627478992107,0.0,0.016393254045397043,step,0,0,0.08577829413115978,settle,sweep:enc:pitch:1789324675164575397,sweep:enc:pitch:1789324675164575397,FFFFFFFFFB58,"{""counts"":-1192}",1,1,1,1,0,0,0,6.475546,1,0,0,1801977597480965,1,,1801977595789245,1801977574972430,1801977597480965,1801977603956511
1534,6,pitch,3,1,pre,0.6,10,0.0,0.0,0.0,0,2;3,2:00000A;3:00000A,1801977574972430,1789324675193149964,1801977630789308,1789324675221963128,43.887708941008896,0.11510062403976917,0.1149425080511719,2,-1192,0.45712627478992107,0.0,0.02742122788913548,step,0,0,0.1143472611438483,settle,sweep:enc:pitch:1789324675193147724,sweep:enc:pitch:1789324675193147724,FFFFFFFFFB58,"{""counts"":-1192}",1,1,1,1,0,0,0,5.887115,1,0,0,1801977624902193,1,,1801977624361764,1801977574972430,1801977624902193,1801977630789308
1535,6,pitch,3,1,pre,0.6,10,0.0,0.0,0.0,0,2;3,2:00000A;3:00000A,1801977574972430,1789324675221730899,1801977662829526,1789324675250511359,43.919693348929286,0.14708503196015954,0.14692691597156227,2,-1192,0.45712627478992107,0.0,0.03198440792039037,step,0,0,0.14292147615924478,settle,sweep:enc:pitch:1789324675221728595,sweep:enc:pitch:1789324675221728595,FFFFFFFFFB58,"{""counts"":-1192}",1,1,1,1,0,0,0,5.942925,1,0,0,1801977656886601,1,,1801977652942635,1801977574972430,1801977656886601,1801977662829526
1536,6,pitch,3,1,pre,0.6,10,0.0,0.0,0.0,0,2;3,2:00000A;3:00000A,1801977574972430,1789324675250294362,1801977689850872,1789324675279062277,43.94657126697712,0.17396295000799,0.17380483401939273,2,-1192,0.45712627478992107,0.0,0.026877918047830462,step,0,0,0.1714912431780249,settle,sweep:enc:pitch:1789324675250292474,sweep:enc:pitch:1789324675250292474,FFFFFFFFFB58,"{""counts"":-1192}",1,1,1,1,0,0,0,6.086353,1,0,0,1801977683764519,1,,1801977681506130,1801977574972430,1801977683764519,1801977689850872
1537,6,pitch,3,1,pre,0.6,10,0.0,0.0,0.0,0,2;3,2:00000A;3:00000A,1801977574972430,1789324675278861921,1801977716649525,1789324675307665005,43.973574597155675,0.20096628018654883,0.20080816419795156,2,-1192,0.45712627478992107,0.0,0.027003330178558826,step,0,0,0.20006289798766375,settle,sweep:enc:pitch:1789324675278858816,sweep:enc:pitch:1789324675278858816,FFFFFFFFFB58,"{""counts"":-1192}",1,1,1,1,0,0,0,5.881676,1,0,0,1801977710767849,1,,1801977710073593,1801977574972430,1801977710767849,1801977716649525
1538,6,pitch,3,1,pre,0.6,10,0.0,0.0,0.0,0,2;3,2:00000A;3:00000A,1801977574972430,1789324675307444552,1801977748602828,1789324675336250484,44.0055362530984,0.23292793612927198,0.2327698201406747,2,-1192,0.45712627478992107,0.0,0.031961655942723155,step,0,0,0.22863362496718764,settle,sweep:enc:pitch:1789324675307441384,sweep:enc:pitch:1789324675307441384,FFFFFFFFFB58,"{""counts"":-1192}",1,1,1,1,0,0,0,5.873323,1,0,0,1801977742729505,1,,1801977738656320,1801977574972430,1801977742729505,1801977748602828
1539,6,pitch,3,1,pre,0.6,10,0.0,0.0,0.0,0,2;3,2:00000A;3:00000A,1801977775594574,1789324675336015887,1801977787628491,1789324675364848380,44.04430847009644,0.27170015312731266,0.2715420371387154,2,-1192,0.45712627478992107,0.0,0.038772216998040676,step,0,0,0.25720793614163995,settle,sweep:pitch_a:1789324675335988270;sweep:pitch_b:1789324675335997390;sweep:enc:pitch:1789324675336013359,sweep:enc:pitch:1789324675336013359,FFFFFFFFFB58,"{""counts"":-1192}",1,1,1,1,0,0,0,6.126769,1,0,0,1801977781501722,1,,1801977767227655,1801977775594574,1801977781501722,1801977787628491
1540,6,pitch,3,1,pre,0.6,10,0.0,0.0,0.0,0,2;3,2:00000A;3:00000A,1801977775594574,1789324675364577845,1801977804576414,1789324675385476614,44.061077188001946,0.28846887103281915,0.2883107550442219,2,-1192,0.45712627478992107,0.0,0.01676871790550649,step,0,0,0.28577843913808465,settle,sweep:enc:pitch:1789324675364575285,sweep:enc:pitch:1789324675364575285,FFFFFFFFFB58,"{""counts"":-1192}",1,1,1,1,0,0,0,6.305974,0,0,0,1801977798270440,1,,1801977795789613,1801977775594574,1801977798270440,1801977804576414
1541,6,pitch,3,1,step,0.6,10,0.6,0.6,0.5235987755982988,0,2;3,2:00050A00000032;3:80050A00000032,1801977827360060,1789324675385686123,1801977840477683,1789324675414555097,44.09733043401502,0.32472211704589427,0.0176777639426291,2,-1208,0.4632621979414636,0.169251689885357,0.03625324601307511,step,1,0,3.83937731385231e-07,step,sweep:pitch_a:1789324675385661450;sweep:pitch_b:1789324675385670667;sweep:enc:pitch:1789324675385684011,sweep:enc:pitch:1789324675385684011,FFFFFFFFFB48,"{""counts"":-1208}",1,1,0,0,0,0,0,5.953997,1,0,0,1801977834523686,1,,1801977816897859,1801977827360060,1801977834523686,1801977840477683
1542,6,pitch,3,1,step,0.6,10,0.6,0.6,0.5235987755982988,0,2;3,2:00050A00000032;3:80050A00000032,1801977827360060,1789324675414325044,1801977851380790,1789324675443110464,44.10874539311044,0.3361370761413127,0.029092723038047552,2,-1223,0.46901462589603476,,0.011414959095418453,step,1,0,0.02863562386482954,step,sweep:enc:pitch:1789324675414322644,sweep:enc:pitch:1789324675414322644,FFFFFFFFFB39,"{""counts"":-1223}",1,1,0,0,0,0,0,5.442145,1,0,0,1801977845938645,0,short_encoder_dt,1801977845536652,1801977827360060,1801977845938645,1801977851380790
1543,6,pitch,3,1,step,0.6,10,0.6,0.6,0.5235987755982988,0,2;3,2:00050A00000032;3:80050A00000032,1801977827360060,1789324675442897723,1801977883384847,1789324675471748456,44.140220541041344,0.36761222407221794,0.060567870968952775,2,-1267,0.4858884145627768,0.536098788281589,0.03147514793090522,step,1,0,0.05720558296889067,step,sweep:enc:pitch:1789324675442895579,sweep:enc:pitch:1789324675442895579,FFFFFFFFFB0D,"{""counts"":-1267}",1,1,0,0,0,0,0,5.971054,1,0,0,1801977877413793,1,,1801977874109267,1801977827360060,1801977877413793,1801977883384847
1544,6,pitch,3,1,step,0.6,10,0.6,0.6,0.5235987755982988,0,2;3,2:00050A00000032;3:80050A00000032,1801977827360060,1789324675471492322,1801977910436114,1789324675500270094,44.16720905411057,0.3946007371414453,0.08755638403818011,2,-1301,0.4989272512598048,0.48312541945465853,0.026988513069227338,step,1,0,0.08577992604114115,step,sweep:enc:pitch:1789324675471489410,sweep:enc:pitch:1789324675471489410,FFFFFFFFFAEB,"{""counts"":-1301}",1,1,0,0,0,0,0,6.033808,1,0,0,1801977904402306,1,,1801977902703898,1801977827360060,1801977904402306,1801977910436114
1545,6,pitch,3,1,step,0.6,10,0.6,0.6,0.5235987755982988,0,2;3,2:00050A00000032;3:80050A00000032,1801977827360060,1789324675500040392,1801977942432522,1789324675528863669,44.199335193959996,0.42672687699086964,0.11968252388760448,2,-1346,0.5161845351235183,0.5371726558060994,0.03212613984942436,step,1,0,0.11434806091710925,step,sweep:enc:pitch:1789324675500038344,sweep:enc:pitch:1789324675500038344,FFFFFFFFFABE,"{""counts"":-1346}",1,1,0,0,0,0,0,5.904076,1,0,0,1801977936528446,1,,1801977931252128,1801977827360060,1801977936528446,1801977942432522
1546,6,pitch,3,1,step,0.6,10,0.6,0.6,0.5235987755982988,0,2;3,2:00050A00000032;3:80050A00000032,1801977827360060,1789324675528623888,1801977969217383,1789324675557416892,44.226163510931656,0.4535551939625293,0.14651084085926414,2,-1384,0.5307573526084318,0.5431879122461427,0.02682831697165966,step,1,0,0.14292230806313455,step,sweep:enc:pitch:1789324675528621008,sweep:enc:pitch:1789324675528621008,FFFFFFFFFA98,"{""counts"":-1384}",1,1,0,0,0,0,0,5.86062,1,0,0,1801977963356763,1,,1801977959835624,1801977827360060,1801977963356763,1801977969217383
1547,6,pitch,3,1,step,0.6,10,0.6,0.6,0.5235987755982988,0,2;3,2:00050A00000032;3:80050A00000032,1801977827360060,1789324675557187831,1801977996263497,1789324675585982819,44.25296200392768,0.4803536869585514,0.17330933385528624,2,-1421,0.544946674896374,0.5294820977451401,0.026798492996022105,step,1,0,0.17148919496685266,step,sweep:enc:pitch:1789324675557185910,sweep:enc:pitch:1789324675557185910,FFFFFFFFFA73,"{""counts"":-1421}",1,1,0,0,0,0,0,6.108241,1,0,0,1801977990155256,1,,1801977988399599,1801977827360060,1801977990155256,1801977996263497
1548,6,pitch,3,1,step,0.6,10,0.6,0.6,0.5235987755982988,0,2;3,2:00050A00000032;3:80050A00000032,1801978029220345,1789324675585759773,1801978042121643,1789324675614609163,44.29883522214368,0.5262269051745534,0.21918255207128823,2,-1486,0.5698738626995157,0.5433930465869573,0.04587321821600199,step,1,0,0.20006200205534697,step,sweep:pitch_a:1789324675585731581;sweep:pitch_b:1789324675585740989;sweep:enc:pitch:1789324675585757565,sweep:enc:pitch:1789324675585757565,FFFFFFFFFA32,"{""counts"":-1486}",1,1,0,0,0,0,0,6.093169,1,0,0,1801978036028474,1,,1801978016971477,1801978029220345,1801978036028474,1801978042121643
1549,6,pitch,3,1,step,0.6,10,0.6,0.6,0.5235987755982988,0,2;3,2:00050A00000032;3:80050A00000032,1801978029220345,1789324675614341477,1801978054061383,1789324675643097936,44.31044033006765,0.537832013098523,0.23078765999525785,2,-1502,0.5760097858510582,,0.011605107923969626,step,1,0,0.2286360568832606,step,sweep:enc:pitch:1789324675614338533,sweep:enc:pitch:1789324675614338533,FFFFFFFFFA22,"{""counts"":-1502}",1,1,0,0,0,0,0,6.427801,1,0,0,1801978047633582,0,short_encoder_dt,1801978045553053,1801978029220345,1801978047633582,1801978054061383
1550,6,pitch,3,1,step,0.6,10,0.6,0.6,0.5235987755982988,0,2;3,2:00050A00000032;3:80050A00000032,1801978029220345,1789324675642894315,1801978081100713,1789324675671652119,44.337802292080596,0.5651939751114696,0.25814962200820446,2,-1539,0.5901991081390005,0.5185783929247617,0.027361962012946606,step,1,0,0.25720355194061995,step,sweep:enc:pitch:1789324675642892235,sweep:enc:pitch:1789324675642892235,FFFFFFFFF9FD,"{""counts"":-1539}",1,1,0,0,0,0,0,6.105169,1,0,0,1801978074995544,1,,1801978074106083,1801978029220345,1801978074995544,1801978081100713
1551,6,pitch,3,1,step,0.6,10,0.6,0.6,0.5235987755982988,0,2;3,2:00050A00000032;3:80050A00000032,1801978029220345,1789324675671464466,1801978113091714,1789324675700223518,44.37000475404784,0.5973964370787144,0.2903520839754492,2,-1583,0.6070728968057425,0.5239906403400305,0.032202461967244744,step,1,0,0.28577587893232703,step,sweep:enc:pitch:1789324675671462546,sweep:enc:pitch:1789324675671462546,FFFFFFFFF9D1,"{""counts"":-1583}",1,1,0,0,0,0,0,5.893708,1,0,0,1801978107198006,1,,1801978102676234,1801978029220345,1801978107198006,1801978113091714
1552,6,pitch,3,1,step,0.6,10,0.6,0.6,0.5235987755982988,0,2;3,2:00050A00000032;3:80050A00000032,1801978029220345,1789324675700036185,1801978139989441,1789324675728821285,44.39687889604829,0.624270579079166,0.3172262259759009,2,-1616,0.619728238305799,0.4709114620233768,0.026874142000451684,step,1,0,0.3143497100099921,step,sweep:enc:pitch:1789324675700034297,sweep:enc:pitch:1789324675700034297,FFFFFFFFF9B0,"{""counts"":-1616}",1,1,0,0,0,0,0,5.917293,1,0,0,1801978134072148,1,,1801978131247953,1801978029220345,1801978134072148,1801978139989441
1553,6,pitch,3,1,step,0.6,10,0.6,0.6,0.5235987755982988,0,2;3,2:00050A00000032;3:80050A00000032,1801978029220345,1789324675728607872,1801978166960450,1789324675757343467,44.42376567912288,0.6511573621537536,0.34411300905048847,2,-1653,0.6339175605937412,0.5277433989993899,0.026886783074587584,step,1,0,0.34291998902335763,step,sweep:enc:pitch:1789324675728605952,sweep:enc:pitch:1789324675728605952,FFFFFFFFF98B,"{""counts"":-1653}",1,1,0,0,0,0,0,6.001519,1,0,0,1801978160958931,1,,1801978159819672,1801978029220345,1801978160958931,1801978166960450
1554,6,pitch,3,1,step,0.6,10,0.6,0.6,0.5235987755982988,0,2;3,2:00050A00000032;3:80050A00000032,1801978029220345,1789324675757174823,1801978198976123,1789324675785811119,44.4558514659293,0.6832431489601731,0.37619879585690796,2,-1697,0.6507913492604833,0.5258960538678819,0.03208578680641949,step,1,0,0.3714925399981439,step,sweep:enc:pitch:1789324675757172711,sweep:enc:pitch:1789324675757172711,FFFFFFFFF95F,"{""counts"":-1697}",1,1,0,0,0,0,0,5.931405,0,0,0,1801978193044718,1,,1801978188386591,1801978029220345,1801978193044718,1801978198976123
1555,6,pitch,3,1,post,0.6,10,0.0,0.0,0.0,0,2;3,2:00000A;3:00000A,1801978225780663,1789324675785986644,1801978237820822,1789324675814851297,44.49428837909363,0.7216800621245056,0.014320852002128959,2,-1741,0.6676651379272254,0.4389995782075462,0.03843691316433251,step,2,1,5.438923835754395e-07,settle,sweep:pitch_a:1789324675785967571;sweep:pitch_b:1789324675785973811;sweep:enc:pitch:1789324675785984852,sweep:enc:pitch:1789324675785984852,FFFFFFFFF933,"{""counts"":-1741}",1,1,1,0,0,0,0,6.339191,1,0,0,1801978231481631,1,,1801978217198444,1801978225780663,1801978231481631,1801978237820822
1556,6,pitch,3,1,post,0.6,10,0.0,0.0,0.0,0,2;3,2:00000A;3:00000A,1801978225780663,1789324675814628284,1801978254712103,1789324675843375623,44.51124929403886,0.7386409770697355,0.03128176694735885,2,-1740,0.6672816427302539,-0.022610525328959647,0.016960914945229888,step,2,1,0.02863338403403759,settle,sweep:enc:pitch:1789324675814626364,sweep:enc:pitch:1789324675814626364,FFFFFFFFF934,"{""counts"":-1740}",1,1,1,1,0,0,0,6.269557,1,0,0,1801978248442546,1,,1801978245840052,1801978225780663,1801978248442546,1801978254712103
1557,6,pitch,3,1,post,0.6,10,0.0,0.0,0.0,0,2;3,2:00000A;3:00000A,1801978225780663,1789324675843196291,1801978281753322,1789324675871921006,44.53844082006253,0.7658325030934066,0.05847329297102988,2,-1740,0.6672816427302539,0.0,0.02719152602367103,step,2,1,0.05720311892218888,settle,sweep:enc:pitch:1789324675843194339,sweep:enc:pitch:1789324675843194339,FFFFFFFFF934,"{""counts"":-1740}",1,1,1,1,0,0,0,6.11925,1,0,0,1801978275634072,1,,1801978274408059,1801978225780663,1801978275634072,1801978281753322
1558,6,pitch,3,1,post,0.6,10,0.0,0.0,0.0,0,2;3,2:00000A;3:00000A,1801978225780663,1789324675871762154,1801978313740994,1789324675900502133,44.570666066138074,0.7980577491689473,0.09069853904657066,2,-1740,0.6672816427302539,0.0,0.03222524607554078,step,2,1,0.08577512600459158,settle,sweep:enc:pitch:1789324675871760298,sweep:enc:pitch:1789324675871760298,FFFFFFFFF934,"{""counts"":-1740}",1,1,1,1,0,0,0,5.881676,1,0,0,1801978307859318,1,,1801978302973922,1801978225780663,1801978307859318,1801978313740994
1559,6,pitch,3,1,post,0.6,10,0.0,0.0,0.0,0,2;3,2:00000A;3:00000A,1801978225780663,1789324675900336177,1801978340587392,1789324675929151422,44.597476655151695,0.8248683381825686,0.11750912806019187,2,-1740,0.6672816427302539,0.0,0.02681058901362121,step,2,1,0.11434870096854866,settle,sweep:enc:pitch:1789324675900334417,sweep:enc:pitch:1789324675900334417,FFFFFFFFF934,"{""counts"":-1740}",1,1,1,1,0,0,0,5.917485,1,0,0,1801978334669907,1,,1801978331547945,1801978225780663,1801978334669907,1801978340587392
1560,6,pitch,3,1,post,0.6,10,0.0,0.0,0.0,0,2;3,2:00000A;3:00000A,1801978225780663,1789324675928927416,1801978367614370,1789324675957684932,44.62438503908925,0.8517767221201211,0.14441751199774444,2,-1740,0.6672816427302539,0.0,0.02690838393755257,step,2,1,0.14291958790272474,settle,sweep:enc:pitch:1789324675928924888,sweep:enc:pitch:1789324675928924888,FFFFFFFFF934,"{""counts"":-1740}",1,1,1,1,0,0,0,6.036079,1,0,0,1801978361578291,1,,1801978360139120,1801978225780663,1801978361578291,1801978367614370
1561,6,pitch,3,1,post,0.6,10,0.0,0.0,0.0,0,2;3,2:00000A;3:00000A,1801978225780663,1789324675957490239,1801978399580378,1789324675986260075,44.65649069705978,0.8838823800906539,0.17652316996827722,2,-1740,0.6672816427302539,0.0,0.032105657970532775,step,2,1,0.17149319499731064,settle,sweep:enc:pitch:1789324675957488095,sweep:enc:pitch:1789324675957488095,FFFFFFFFF934,"{""counts"":-1740}",1,1,1,1,0,0,0,5.896429,1,0,0,1801978393683949,1,,1801978388701975,1801978225780663,1801978393683949,1801978399580378
1562,6,pitch,3,1,post,0.6,10,0.0,0.0,0.0,0,2;3,2:00000A;3:00000A,1801978426539130,1789324675986059590,1801978438567800,1789324676014905075,44.69490242609754,0.9222941091284156,0.2149348990060389,2,-1740,0.6672816427302539,0.0,0.03841172903776169,step,2,1,0.20006315386854112,settle,sweep:pitch_a:1789324675986035589;sweep:pitch_b:1789324675986044070;sweep:enc:pitch:1789324675986057126,sweep:enc:pitch:1789324675986057126,FFFFFFFFF934,"{""counts"":-1740}",1,1,1,1,0,0,0,6.472122,1,0,0,1801978432095678,1,,1801978417271326,1801978426539130,1801978432095678,1801978438567800
1563,6,pitch,3,1,post,0.6,10,0.0,0.0,0.0,0,2;3,2:00000A;3:00000A,1801978426539130,1789324676014634061,1801978455504106,1789324676043479642,44.71199012803845,0.9393818110693246,0.23202260094694793,2,-1740,0.6672816427302539,0.0,0.017087701940909028,step,2,1,0.22863423288799822,settle,sweep:enc:pitch:1789324676014631757,sweep:enc:pitch:1789324676014631757,FFFFFFFFF934,"{""counts"":-1740}",1,1,1,1,0,0,0,6.320726,1,0,0,1801978449183380,1,,1801978445845797,1801978426539130,1801978449183380,1801978455504106
1564,6,pitch,3,1,post,0.6,10,0.0,0.0,0.0,0,2;3,2:00000A;3:00000A,1801978426539130,1789324676043223284,1801978482338920,1789324676071993856,44.73926764004864,0.9666593230795115,0.25930011295713484,2,-1740,0.6672816427302539,0.0,0.02727751201018691,step,2,1,0.2572088639717549,settle,sweep:enc:pitch:1789324676043220852,sweep:enc:pitch:1789324676043220852,FFFFFFFFF934,"{""counts"":-1740}",1,1,1,1,0,0,0,5.878028,1,0,0,1801978476460892,1,,1801978474434988,1801978426539130,1801978476460892,1801978482338920
1565,6,pitch,3,1,post,0.6,10,0.0,0.0,0.0,0,2;3,2:00000A;3:00000A,1801978426539130,1789324676071776411,1801978514333760,1789324676100547974,44.77123646414839,0.9986281471792608,0.29126893705688417,2,-1740,0.6672816427302539,0.0,0.03196882409974933,step,2,1,0.28577674296684563,settle,sweep:enc:pitch:1789324676071774235,sweep:enc:pitch:1789324676071774235,FFFFFFFFF934,"{""counts"":-1740}",1,1,1,1,0,0,0,5.904044,1,0,0,1801978508429716,1,,1801978502988147,1801978426539130,1801978508429716,1801978514333760
1566,6,pitch,3,1,post,0.6,10,0.0,0.0,0.0,0,2;3,2:00000A;3:00000A,1801978426539130,1789324676100347362,1801978541279073,1789324676129283153,44.798089262098074,1.0254809451289475,0.3181217350065708,2,-1740,0.6672816427302539,0.0,0.026852797949686646,step,2,1,0.31434830091893673,settle,sweep:enc:pitch:1789324676100345122,sweep:enc:pitch:1789324676100345122,FFFFFFFFF934,"{""counts"":-1740}",1,1,1,1,0,0,0,5.996559,1,0,0,1801978535282514,1,,1801978531559130,1801978426539130,1801978535282514,1801978541279073
1567,6,pitch,3,1,post,0.6,10,0.0,0.0,0.0,0,2;3,2:00000A;3:00000A,1801978426539130,1789324676128966410,1801978568213249,1789324676157754230,44.825035374145955,1.0524270571768284,0.3450678470544517,2,-1740,0.6672816427302539,0.0,0.026946112047880888,step,2,1,0.3429311248473823,settle,sweep:enc:pitch:1789324676128963690,sweep:enc:pitch:1789324676128963690,FFFFFFFFF934,"{""counts"":-1740}",1,1,1,1,0,0,0,5.984623,1,0,0,1801978562228626,1,,1801978560178050,1801978426539130,1801978562228626,1801978568213249
1568,6,pitch,3,1,post,0.6,10,0.0,0.0,0.0,0,2;3,2:00000A;3:00000A,1801978426539130,1789324676157506448,1801978595250851,1789324676186336221,44.85197870293632,1.079370385967195,0.37201117584481835,2,-1740,0.6672816427302539,0.0,0.02694332879036665,step,2,1,0.3714948110282421,settle,sweep:enc:pitch:1789324676157503920,sweep:enc:pitch:1789324676157503920,FFFFFFFFF934,"{""counts"":-1740}",1,1,1,1,0,0,0,6.078896,0,0,0,1801978589171955,1,,1801978588718056,1801978426539130,1801978589171955,1801978595250851
1569,6,pitch,3,1,rest,0.6,10,0.0,0.0,0.0,0,2;3,2:00000A;3:00000A,1801978627172922,1789324676186556962,1801978638109917,1789324676215446385,44.89532869309187,1.122720376122743,0.014798111980780959,2,-1740,0.6672816427302539,0.0,0.04334999015554786,step,3,1,5.438923835754395e-07,rest,sweep:pitch_a:1789324676186533698;sweep:pitch_b:1789324676186541762;sweep:enc:pitch:1789324676186554754,sweep:enc:pitch:1789324676186554754,FFFFFFFFF934,"{""counts"":-1740}",1,1,0,0,0,0,0,5.587972,1,0,0,1801978632521945,1,,1801978617768730,1801978627172922,1801978632521945,1801978638109917
1570,6,pitch,3,1,rest,0.6,10,0.0,0.0,0.0,0,2;3,2:00000A;3:00000A,1801978627172922,1789324676215201771,1801978655055056,1789324676243987031,44.911540949949995,1.1389326329808682,0.031010368838906288,2,-1740,0.6672816427302539,0.0,0.01621225685812533,step,3,1,0.02863594493828714,rest,sweep:enc:pitch:1789324676215199243,sweep:enc:pitch:1789324676215199243,FFFFFFFFF934,"{""counts"":-1740}",1,1,0,0,0,0,0,6.320854,1,0,0,1801978648734202,1,,1801978646413411,1801978627172922,1801978648734202,1801978655055056
1571,6,pitch,3,1,rest,0.6,10,0.0,0.0,0.0,0,2;3,2:00000A;3:00000A,1801978627172922,1789324676243773138,1801978682098323,1789324676272541597,44.9388313901145,1.1662230731453747,0.058300809003412724,2,-1740,0.6672816427302539,0.0,0.027290440164506435,step,3,1,0.05720635084435344,rest,sweep:enc:pitch:1789324676243770706,sweep:enc:pitch:1789324676243770706,FFFFFFFFF934,"{""counts"":-1740}",1,1,0,0,0,0,0,6.073681,1,0,0,1801978676024642,1,,1801978674984906,1801978627172922,1801978676024642,1801978682098323
1572,6,pitch,3,1,rest,0.6,10,0.0,0.0,0.0,0,2;3,2:00000A;3:00000A,1801978627172922,1789324676272338104,1801978714100683,1789324676301093732,44.97098325798288,1.1983749410137534,0.09045267687179148,2,-1740,0.6672816427302539,0.0,0.03215186786837876,step,3,1,0.08577614999376237,rest,sweep:enc:pitch:1789324676272335928,sweep:enc:pitch:1789324676272335928,FFFFFFFFF934,"{""counts"":-1740}",1,1,0,0,0,0,0,5.924173,1,0,0,1801978708176510,1,,1801978703549840,1801978627172922,1801978708176510,1801978714100683
1573,6,pitch,3,1,rest,0.6,10,0.0,0.0,0.0,0,2;3,2:00000A;3:00000A,1801978627172922,1789324676300905055,1801978740902824,1789324676329712396,44.99782530404627,1.2252169870771468,0.11729472293518484,2,-1740,0.6672816427302539,0.0,0.026842046063393354,step,3,1,0.11434646090492606,rest,sweep:enc:pitch:1789324676300902783,sweep:enc:pitch:1789324676300902783,FFFFFFFFF934,"{""counts"":-1740}",1,1,0,0,0,0,0,5.884268,1,0,0,1801978735018556,1,,1801978732116823,1801978627172922,1801978735018556,1801978740902824
1574,6,pitch,3,1,rest,0.6,10,0.0,0.0,0.0,0,2;3,2:00000A;3:00000A,1801978627172922,1789324676329486150,1801978767918698,1789324676340100771,45.02462725294754,1.2520189359784126,0.1440966718364507,2,-1740,0.6672816427302539,0.0,0.02680194890126586,step,3,1,0.14291878789663315,rest,sweep:enc:pitch:1789324676329483942,sweep:enc:pitch:1789324676329483942,FFFFFFFFF934,"{""counts"":-1740}",1,1,0,0,0,0,0,6.098193,0,0,0,1801978761820505,1,,1801978760697918,1801978627172922,1801978761820505,1801978767918698
1575,6,pitch,3,-1,pre,0.6,10,0.0,0.0,0.0,0,2;3,2:00000A;3:00000A,1801978627172922,1789324676340537069,1801978778883470,1789324676369467996,45.03616595896892,0.00180657091550529,0.0016512710135430098,2,-1740,0.6672816427302539,,0.011538706021383405,step,0,0,3.841705620288849e-07,settle,sweep:enc:pitch:1789324676340534957,sweep:enc:pitch:1789324676340534957,FFFFFFFFF934,"{""counts"":-1740}",1,1,1,0,0,0,0,5.524259,1,0,0,1801978773359211,0,short_encoder_dt,1801978771748805,1801978627172922,1801978773359211,1801978778883470
1576,6,pitch,3,-1,pre,0.6,10,0.0,0.0,0.0,0,2;3,2:00000A;3:00000A,1801978627172922,1789324676369206390,1801978810887975,1789324676398057028,45.067831576103345,0.033472188049927354,0.033316888147965074,2,-1740,0.6672816427302539,0.0,0.031665617134422064,step,0,0,0.028637736104428768,settle,sweep:enc:pitch:1789324676369203574,sweep:enc:pitch:1789324676369203574,FFFFFFFFF934,"{""counts"":-1740}",1,1,1,1,0,0,0,5.863147,1,0,0,1801978805024828,1,,1801978800418126,1801978627172922,1801978805024828,1801978810887975
1577,6,pitch,3,-1,pre,0.6,10,0.0,0.0,0.0,0,2;3,2:00000A;3:00000A,1801978837728037,1789324676397782749,1801978848876270,1789324676426639179,45.10581516614184,0.07145577808842063,0.07130047818645835,2,-1740,0.6672816427302539,0.0,0.037983590038493276,step,0,0,0.057208335027098656,settle,sweep:pitch_a:1789324676397748060;sweep:pitch_b:1789324676397758909;sweep:enc:pitch:1789324676397779965,sweep:enc:pitch:1789324676397779965,FFFFFFFFF934,"{""counts"":-1740}",1,1,1,1,0,0,0,5.867852,1,0,0,1801978843008418,1,,1801978828994485,1801978837728037,1801978843008418,1801978848876270
1578,6,pitch,3,-1,pre,0.6,10,0.0,0.0,0.0,0,2;3,2:00000A;3:00000A,1801978837728037,1789324676426344548,1801978865777151,1789324676455143408,45.12228403799236,0.087924649938941,0.08776935003697872,2,-1740,0.6672816427302539,0.0,0.016468871850520372,step,0,0,0.08578606997616589,settle,sweep:enc:pitch:1789324676426341540,sweep:enc:pitch:1789324676426341540,FFFFFFFFF934,"{""counts"":-1740}",1,1,1,1,0,0,0,6.299861,1,0,0,1801978859477290,1,,1801978857556188,1801978837728037,1801978859477290,1801978865777151
1579,6,pitch,3,-1,pre,0.6,10,0.0,0.0,0.0,0,2;3,2:00000A;3:00000A,1801978837728037,1789324676454910955,1801978892731392,1789324676483763256,45.14945639506914,0.11509700701572001,0.11494170711375773,2,-1740,0.6672816427302539,0.0,0.027172357076779008,step,0,0,0.11435516504570842,settle,sweep:enc:pitch:1789324676454908139,sweep:enc:pitch:1789324676454908139,FFFFFFFFF934,"{""counts"":-1740}",1,1,1,1,0,0,0,6.081745,1,0,0,1801978886649647,1,,1801978886122499,1801978837728037,1801978886649647,1801978892731392
1580,6,pitch,3,-1,pre,0.6,10,0.0,0.0,0.0,0,2;3,2:00000A;3:00000A,1801978837728037,1789324676483490002,1801978924699959,1789324676512319743,45.18167146504857,0.14731207699514925,0.14715677709318697,2,-1740,0.6672816427302539,0.0,0.032215069979429245,step,0,0,0.14292323612608016,settle,sweep:enc:pitch:1789324676483486962,sweep:enc:pitch:1789324676483486962,FFFFFFFFF934,"{""counts"":-1740}",1,1,1,1,0,0,0,5.835242,1,0,0,1801978918864717,1,,1801978914701738,1801978837728037,1801978918864717,1801978924699959
1581,6,pitch,3,-1,pre,0.6,10,0.0,0.0,0.0,0,2;3,2:00000A;3:00000A,1801978837728037,1789324676512058969,1801978951571094,1789324676540897062,45.20842438796535,0.17406499991193414,0.17390970000997186,2,-1740,0.6672816427302539,0.0,0.026752922916784883,step,0,0,0.17149537103250623,settle,sweep:enc:pitch:1789324676512056281,sweep:enc:pitch:1789324676512056281,FFFFFFFFF934,"{""counts"":-1740}",1,1,1,1,0,0,0,5.953454,1,0,0,1801978945617640,1,,1801978943270545,1801978837728037,1801978945617640,1801978951571094
1582,6,pitch,3,-1,pre,0.6,10,0.0,0.0,0.0,0,2;3,2:00000A;3:00000A,1801978837728037,1789324676540625183,1801978978623481,1789324676569440780,45.23524480196647,0.20088541391305625,0.20073011401109397,2,-1740,0.6672816427302539,0.0,0.026820414001122117,step,0,0,0.20006638602353632,settle,sweep:enc:pitch:1789324676540622271,sweep:enc:pitch:1789324676540622271,FFFFFFFFF934,"{""counts"":-1740}",1,1,1,1,0,0,0,6.185427,1,0,0,1801978972438054,1,,1801978971836887,1801978837728037,1801978972438054,1801978978623481
1583,6,pitch,3,-1,pre,0.6,10,0.0,0.0,0.0,0,2;3,2:00000A;3:00000A,1801978837728037,1789324676569197638,1801979010544623,1789324676598047956,45.26743577513844,0.23307638708502054,0.23292108718305826,2,-1740,0.6672816427302539,0.0,0.03219097317196429,step,0,0,0.22863832907751203,settle,sweep:enc:pitch:1789324676569195110,sweep:enc:pitch:1789324676569195110,FFFFFFFFF934,"{""counts"":-1740}",1,1,1,1,0,0,0,5.915596,1,0,0,1801979004629027,1,,1801979000409374,1801978837728037,1801979004629027,1801979010544623
1584,6,pitch,3,-1,pre,0.6,10,0.0,0.0,0.0,0,2;3,2:00000A;3:00000A,1801979037471887,1789324676597770221,1801979049368298,1789324676626612283,45.306325434939936,0.2719660468865186,0.2718107469845563,2,-1740,0.6672816427302539,0.0,0.038889659801498055,step,0,0,0.25720867211930454,settle,sweep:pitch_a:1789324676597740365;sweep:pitch_b:1789324676597750701;sweep:enc:pitch:1789324676597767917,sweep:enc:pitch:1789324676597767917,FFFFFFFFF934,"{""counts"":-1740}",1,1,1,1,0,0,0,5.849611,1,0,0,1801979043518687,1,,1801979028981989,1801979037471887,1801979043518687,1801979049368298
1585,6,pitch,3,-1,pre,0.6,10,0.0,0.0,0.0,0,2;3,2:00000A;3:00000A,1801979037471887,1789324676626333140,1801979066460000,1789324676647263557,45.32278957008384,0.2884301820304245,0.2882748821284622,2,-1740,0.6672816427302539,0.0,0.016464135143905878,step,0,0,0.2857798470649868,settle,sweep:enc:pitch:1789324676626330804,sweep:enc:pitch:1789324676626330804,FFFFFFFFF934,"{""counts"":-1740}",1,1,1,1,0,0,0,6.477178,0,0,0,1801979059982822,1,,1801979057544908,1801979037471887,1801979059982822,1801979066460000
1586,6,pitch,3,-1,step,0.6,10,-0.6,-0.6,-0.5235987755982988,0,2;3,2:80050A00000032;3:00050A00000032,1801979089322463,1789324676647515851,1801979102378421,1789324676676426906,45.3594447770156,0.3250853889621794,0.017964906990528107,2,-1723,0.6607622243817399,-0.17785790599005258,0.03665520693175495,step,1,0,6.079208105802536e-07,step,sweep:pitch_a:1789324676647490219;sweep:pitch_b:1789324676647499115;sweep:enc:pitch:1789324676647513643,sweep:enc:pitch:1789324676647513643,FFFFFFFFF945,"{""counts"":-1723}",1,1,0,0,0,0,0,5.740392,1,0,0,1801979096638029,1,,1801979078727619,1801979089322463,1801979096638029,1801979102378421
1587,6,pitch,3,-1,step,0.6,10,-0.6,-0.6,-0.5235987755982988,0,2;3,2:80050A00000032;3:00050A00000032,1801979089322463,1789324676676170132,1801979114366258,1789324676705027586,45.37063048314303,0.3362710950896144,0.029150613117963076,2,-1707,0.6546263012301974,,0.011185706127434969,step,1,0,0.028640232048928738,step,sweep:enc:pitch:1789324676676167092,sweep:enc:pitch:1789324676676167092,FFFFFFFFF955,"{""counts"":-1707}",1,1,0,0,0,0,0,6.542523,1,0,0,1801979107823735,0,short_encoder_dt,1801979107381740,1801979089322463,1801979107823735,1801979114366258
1588,6,pitch,3,-1,step,0.6,10,-0.6,-0.6,-0.5235987755982988,0,2;3,2:80050A00000032;3:00050A00000032,1801979089322463,1789324676704749819,1801979146351626,1789324676733610601,45.40327647398226,0.3689170859288424,0.06179660395719111,2,-1663,0.6377525125634553,-0.5168716964309807,0.032645990839228034,step,1,0,0.05720897507853806,step,sweep:enc:pitch:1789324676704747675,sweep:enc:pitch:1789324676704747675,FFFFFFFFF981,"{""counts"":-1663}",1,1,0,0,0,0,0,5.8819,1,0,0,1801979140469726,1,,1801979135961555,1801979089322463,1801979140469726,1801979146351626
1589,6,pitch,3,-1,step,0.6,10,-0.6,-0.6,-0.5235987755982988,0,2;3,2:80050A00000032;3:00050A00000032,1801979089322463,1789324676733329538,1801979173171879,1789324676762116782,45.43008207110688,0.3957226830534637,0.08860220108181238,2,-1626,0.6235631902755131,-0.5293417722416324,0.026805597124621272,step,1,0,0.08577726990915835,step,sweep:enc:pitch:1789324676733325698,sweep:enc:pitch:1789324676733325698,FFFFFFFFF9A6,"{""counts"":-1626}",1,1,0,0,0,0,0,5.896556,1,0,0,1801979167275323,1,,1801979164541050,1801979089322463,1801979167275323,1801979173171879
1590,6,pitch,3,-1,step,0.6,10,-0.6,-0.6,-0.5235987755982988,0,2;3,2:80050A00000032;3:00050A00000032,1801979089322463,1789324676761885545,1801979200208586,1789324676790675925,45.45686590811238,0.4225065200589597,0.1153860380873084,2,-1592,0.6105243535784852,-0.48681735534577514,0.026783837005496025,step,1,0,0.11435391707345843,step,sweep:enc:pitch:1789324676761883049,sweep:enc:pitch:1789324676761883049,FFFFFFFFF9C8,"{""counts"":-1592}",1,1,0,0,0,0,0,6.149426,1,0,0,1801979194059160,1,,1801979193097281,1801979089322463,1801979194059160,1801979200208586
1591,6,pitch,3,-1,step,0.6,10,-0.6,-0.6,-0.5235987755982988,0,2;3,2:80050A00000032;3:00050A00000032,1801979089322463,1789324676790451120,1801979232181282,1789324676819294045,45.488980846945196,0.4546214588917792,0.14750097692012787,2,-1549,0.5940340601087145,-0.5134773432269054,0.03211493883281946,step,1,0,0.14292163611389697,step,sweep:enc:pitch:1789324676790448688,sweep:enc:pitch:1789324676790448688,FFFFFFFFF9F3,"{""counts"":-1549}",1,1,0,0,0,0,0,6.007183,1,0,0,1801979226174099,1,,1801979221662856,1801979089322463,1801979226174099,1801979232181282
1592,6,pitch,3,-1,step,0.6,10,-0.6,-0.6,-0.5235987755982988,0,2;3,2:80050A00000032;3:00050A00000032,1801979089322463,1789324676819032855,1801979258990079,1789324676847864036,45.51594689604826,0.4815875079948455,0.1744670260231942,2,-1511,0.5794612426238009,-0.5404135188367838,0.026966049103066325,step,1,0,0.17149329092353582,step,sweep:enc:pitch:1789324676819030743,sweep:enc:pitch:1789324676819030743,FFFFFFFFFA19,"{""counts"":-1511}",1,1,0,0,0,0,0,5.849931,1,0,0,1801979253140148,1,,1801979250244591,1801979089322463,1801979253140148,1801979258990079
1593,6,pitch,3,-1,step,0.6,10,-0.6,-0.6,-0.5235987755982988,0,2;3,2:80050A00000032;3:00050A00000032,1801979286968407,1789324676847598974,1801979300045422,1789324676876461003,45.556802649982274,0.5224432619288564,0.21532277995720506,2,-1452,0.5568350260024878,-0.5538073451748905,0.04085575393401086,step,1,0,0.20006516994908452,step,sweep:pitch_a:1789324676847567261;sweep:pitch_b:1789324676847577853;sweep:enc:pitch:1789324676847596125,sweep:enc:pitch:1789324676847596125,FFFFFFFFFA54,"{""counts"":-1452}",1,1,0,0,0,0,0,6.04952,1,0,0,1801979293995902,1,,1801979278810710,1801979286968407,1801979293995902,1801979300045422
1594,6,pitch,3,-1,step,0.6,10,-0.6,-0.6,-0.5235987755982988,0,2;3,2:80050A00000032;3:00050A00000032,1801979286968407,1789324676876177669,1801979316955264,1789324676904995761,45.57344570197165,0.5390863139182329,0.2319658319465816,2,-1431,0.5487816268660881,-0.48388956193493027,0.016643051989376545,step,1,0,0.22864712891168892,step,sweep:enc:pitch:1789324676876175077,sweep:enc:pitch:1789324676876175077,FFFFFFFFFA69,"{""counts"":-1431}",1,1,0,0,0,0,0,6.31631,1,0,0,1801979310638954,1,,1801979307389309,1801979286968407,1801979310638954,1801979316955264
1595,6,pitch,3,-1,step,0.6,10,-0.6,-0.6,-0.5235987755982988,0,2;3,2:80050A00000032;3:00050A00000032,1801979286968407,1789324676904740235,1801979343924321,1789324676933573560,45.60068641300313,0.5663270249497145,0.2592065429780632,2,-1393,0.5342088093811745,-0.5349646515493672,0.027240711031481624,step,1,0,0.2572092800401151,step,sweep:enc:pitch:1789324676904737899,sweep:enc:pitch:1789324676904737899,FFFFFFFFFA8F,"{""counts"":-1393}",1,1,0,0,0,0,0,6.044656,1,0,0,1801979337879665,1,,1801979335951939,1801979286968407,1801979337879665,1801979343924321
1596,6,pitch,3,-1,step,0.6,10,-0.6,-0.6,-0.5235987755982988,0,2;3,2:80050A00000032;3:00050A00000032,1801979286968407,1789324676933316082,1801979375911769,1789324676962130591,45.63285412103869,0.598494732985273,0.2913742510136217,2,-1349,0.5173350207144325,-0.5245567588492664,0.03216770803555846,step,1,0,0.2857804549857974,step,sweep:enc:pitch:1789324676933313522,sweep:enc:pitch:1789324676933313522,FFFFFFFFFABB,"{""counts"":-1349}",1,1,0,0,0,0,0,5.864396,1,0,0,1801979370047373,1,,1801979364527658,1801979286968407,1801979370047373,1801979375911769
1597,6,pitch,3,-1,step,0.6,10,-0.6,-0.6,-0.5235987755982988,0,2;3,2:80050A00000032;3:00050A00000032,1801979286968407,1789324676961882137,1801979402988092,1789324676990721318,45.65960160503164,0.6252422169782221,0.3181217350065708,2,-1311,0.5027622032295189,-0.5448294683999098,0.026747483992949128,step,1,0,0.31435060501098633,step,sweep:enc:pitch:1789324676961879513,sweep:enc:pitch:1789324676961879513,FFFFFFFFFAE1,"{""counts"":-1311}",1,1,0,0,0,0,0,6.193235,1,0,0,1801979396794857,1,,1801979393093713,1801979286968407,1801979396794857,1801979402988092
1598,6,pitch,3,-1,step,0.6,10,-0.6,-0.6,-0.5235987755982988,0,2;3,2:80050A00000032;3:00050A00000032,1801979286968407,1789324676990467680,1801979429806745,1789324677019335054,45.68668848904781,0.6523291009943932,0.3452086190227419,2,-1276,0.48933987133551954,-0.4955288281216155,0.027086884016171098,step,1,0,0.342925108037889,step,sweep:enc:pitch:1789324676990464672,sweep:enc:pitch:1789324676990464672,FFFFFFFFFB04,"{""counts"":-1276}",1,1,0,0,0,0,0,5.925004,1,0,0,1801979423881741,1,,1801979421679288,1801979286968407,1801979423881741,1801979429806745
1599,6,pitch,3,-1,step,0.6,10,-0.6,-0.6,-0.5235987755982988,0,2;3,2:80050A00000032;3:00050A00000032,1801979286968407,1789324677019053192,1801979461723664,1789324677047726353,45.718565022107214,0.6842056340537965,0.3770851520821452,2,-1233,0.4728495778657489,-0.5173176593276402,0.0318765330594033,step,1,0,0.3715007631108165,step,sweep:enc:pitch:1789324677019050663,sweep:enc:pitch:1789324677019050663,FFFFFFFFFB2F,"{""counts"":-1233}",1,1,0,0,0,0,0,5.96539,0,0,0,1801979455758274,1,,1801979450264736,1801979286968407,1801979455758274,1801979461723664
1600,6,pitch,3,-1,post,0.6,10,0.0,0.0,0.0,0,2;3,2:00000A;3:00000A,1801979488703409,1789324677048010488,1801979500727726,1789324677076979528,45.75734568713233,0.7229862990789115,0.015368364984169602,2,-1192,0.45712627478992107,-0.40544181141930224,0.03878066502511501,step,2,1,6.079208105802536e-07,settle,sweep:pitch_a:1789324677047985975;sweep:pitch_b:1789324677047993879;sweep:enc:pitch:1789324677048008407,sweep:enc:pitch:1789324677048008407,FFFFFFFFFB58,"{""counts"":-1192}",1,1,1,0,0,0,0,6.188787,1,0,0,1801979494538939,1,,1801979479222192,1801979488703409,1801979494538939,1801979500727726
1601,6,pitch,3,-1,post,0.6,10,0.0,0.0,0.0,0,2;3,2:00000A;3:00000A,1801979488703409,1789324677076662112,1801979517695938,1789324677105498029,45.77409034105949,0.7397309530060738,0.03211301891133189,2,-1192,0.45712627478992107,0.0,0.01674465392716229,step,2,1,0.028638985008001328,settle,sweep:enc:pitch:1789324677076659392,sweep:enc:pitch:1789324677076659392,FFFFFFFFFB58,"{""counts"":-1192}",1,1,1,1,0,0,0,6.412345,1,0,0,1801979511283593,1,,1801979507873720,1801979488703409,1801979511283593,1801979517695938
1602,6,pitch,3,-1,post,0.6,10,0.0,0.0,0.0,0,2;3,2:00000A;3:00000A,1801979488703409,1789324677105242791,1801979544511871,1789324677134052116,45.80131012410857,0.7669507360551506,0.05933280196040869,2,-1192,0.45712627478992107,0.0,0.027219783049076796,step,2,1,0.057212047977373004,settle,sweep:enc:pitch:1789324677105239975,sweep:enc:pitch:1789324677105239975,FFFFFFFFFB58,"{""counts"":-1192}",1,1,1,1,0,0,0,6.008495,1,0,0,1801979538503376,1,,1801979536454527,1801979488703409,1801979538503376,1801979544511871
1603,6,pitch,3,-1,post,0.6,10,0.0,0.0,0.0,0,2;3,2:00000A;3:00000A,1801979488703409,1789324677133804686,1801979576527831,1789324677162636027,45.83334538107738,0.7989859930239618,0.09136805892921984,2,-1192,0.45712627478992107,0.0,0.032035256968811154,step,2,1,0.08578203781507909,settle,sweep:enc:pitch:1789324677133802158,sweep:enc:pitch:1789324677133802158,FFFFFFFFFB58,"{""counts"":-1192}",1,1,1,1,0,0,0,5.989198,1,0,0,1801979570538633,1,,1801979565016422,1801979488703409,1801979570538633,1801979576527831
1604,6,pitch,3,-1,post,0.6,10,0.0,0.0,0.0,0,2;3,2:00000A;3:00000A,1801979488703409,1789324677162376501,1801979603565850,1789324677191193826,45.86030886997469,0.8259494819212705,0.11833154782652855,2,-1192,0.45712627478992107,0.0,0.026963488897308707,step,2,1,0.11435215687379241,settle,sweep:enc:pitch:1789324677162373941,sweep:enc:pitch:1789324677162373941,FFFFFFFFFB58,"{""counts"":-1192}",1,1,1,1,0,0,0,6.063728,1,0,0,1801979597502122,1,,1801979593588141,1801979488703409,1801979597502122,1801979603565850
1605,6,pitch,3,-1,post,0.6,10,0.0,0.0,0.0,0,2;3,2:00000A;3:00000A,1801979488703409,1789324677190941756,1801979630370071,1789324677219801161,45.88725322205573,0.852893834002316,0.14527589990757406,2,-1192,0.45712627478992107,0.0,0.02694435208104551,step,2,1,0.14291945984587073,settle,sweep:enc:pitch:1789324677190938491,sweep:enc:pitch:1789324677190938491,FFFFFFFFFB58,"{""counts"":-1192}",1,1,1,1,0,0,0,5.923597,1,0,0,1801979624446474,1,,1801979622153300,1801979488703409,1801979624446474,1801979630370071
1606,6,pitch,3,-1,post,0.6,10,0.0,0.0,0.0,0,2;3,2:00000A;3:00000A,1801979488703409,1789324677219525315,1801979657375672,1789324677248347663,45.914060291135684,0.8797009030822664,0.1720829689875245,2,-1192,0.45712627478992107,0.0,0.026807069079950452,step,2,1,0.171494826907292,settle,sweep:enc:pitch:1789324677219522499,sweep:enc:pitch:1789324677219522499,FFFFFFFFFB58,"{""counts"":-1192}",1,1,1,1,0,0,0,6.122129,1,0,0,1801979651253543,1,,1801979650736891,1801979488703409,1801979651253543,1801979657375672
1607,6,pitch,3,-1,post,0.6,10,0.0,0.0,0.0,0,2;3,2:00000A;3:00000A,1801979689289935,1789324677248093321,1801979701383918,1789324677276986776,45.95794360595755,0.9235842179041356,0.21596628380939364,2,-1192,0.45712627478992107,0.0,0.043883314821869135,step,2,1,0.20006846589967608,settle,sweep:pitch_a:1789324677248062825;sweep:pitch_b:1789324677248073193;sweep:enc:pitch:1789324677248090697,sweep:enc:pitch:1789324677248090697,FFFFFFFFFB58,"{""counts"":-1192}",1,1,1,1,0,0,0,6.24706,1,0,0,1801979695136858,1,,1801979679305025,1801979689289935,1801979695136858,1801979701383918
1608,6,pitch,3,-1,post,0.6,10,0.0,0.0,0.0,0,2;3,2:00000A;3:00000A,1801979689289935,1789324677276660560,1801979718281632,1789324677305508542,45.974892135942355,0.9405327478889376,0.23291481379419565,2,-1192,0.45712627478992107,0.0,0.016948529984802008,step,2,1,0.228637880878523,settle,sweep:enc:pitch:1789324677276658224,sweep:enc:pitch:1789324677276658224,FFFFFFFFFB58,"{""counts"":-1192}",1,1,1,1,0,0,0,6.196244,1,0,0,1801979712085388,1,,1801979707872328,1801979689289935,1801979712085388,1801979718281632
1609,6,pitch,3,-1,post,0.6,10,0.0,0.0,0.0,0,2;3,2:00000A;3:00000A,1801979689289935,1789324677305242487,1801979745251584,1789324677334043748,46.00198366004042,0.9676242719870061,0.2600063378922641,2,-1192,0.45712627478992107,0.0,0.027091524098068476,step,2,1,0.2572098558302969,settle,sweep:enc:pitch:1789324677305239575,sweep:enc:pitch:1789324677305239575,FFFFFFFFFB58,"{""counts"":-1192}",1,1,1,1,0,0,0,6.074672,1,0,0,1801979739176912,1,,1801979736454223,1801979689289935,1801979739176912,1801979745251584
1610,6,pitch,3,-1,post,0.6,10,0.0,0.0,0.0,0,2;3,2:00000A;3:00000A,1801979689289935,1789324677333802046,1801979772303779,1789324677362592522,46.028882602928206,0.9945232148747891,0.2869052807800472,2,-1192,0.45712627478992107,0.0,0.02689894288778305,step,2,1,0.28578192577697337,settle,sweep:enc:pitch:1789324677333799102,sweep:enc:pitch:1789324677333799102,FFFFFFFFFB58,"{""counts"":-1192}",1,1,1,1,0,0,0,6.227924,1,0,0,1801979766075855,1,,1801979765013590,1801979689289935,1801979766075855,1801979772303779
1611,6,pitch,3,-1,post,0.6,10,0.0,0.0,0.0,0,2;3,2:00000A;3:00000A,1801979689289935,1789324677362363844,1801979804161112,1789324677391201682,46.061114761047065,1.026755372993648,0.3191374388989061,2,-1192,0.45712627478992107,0.0,0.03223215811885893,step,2,1,0.3143510208465159,settle,sweep:enc:pitch:1789324677362361636,sweep:enc:pitch:1789324677362361636,FFFFFFFFFB58,"{""counts"":-1192}",1,1,1,1,0,0,0,5.853099,1,0,0,1801979798308013,1,,1801979793575612,1801979689289935,1801979798308013,1801979804161112
1612,6,pitch,3,-1,post,0.6,10,0.0,0.0,0.0,0,2;3,2:00000A;3:00000A,1801979689289935,1789324677390947724,1801979831084472,1789324677419757624,46.087942885933444,1.0535834978800267,0.34596556378528476,2,-1192,0.45712627478992107,0.0,0.026828124886378646,step,2,1,0.34292373177595437,settle,sweep:enc:pitch:1789324677390945356,sweep:enc:pitch:1789324677390945356,FFFFFFFFFB58,"{""counts"":-1192}",1,1,1,1,0,0,0,5.948334,1,0,0,1801979825136138,1,,1801979822159492,1801979689289935,1801979825136138,1801979831084472
1613,6,pitch,3,-1,post,0.6,10,0.0,0.0,0.0,0,2;3,2:00000A;3:00000A,1801979689289935,1789324677419516498,1801979858137850,1789324677448371232,46.11476694792509,1.0804075598716736,0.37278962577693164,2,-1192,0.45712627478992107,0.0,0.026824061991646886,step,2,1,0.37149538681842387,settle,sweep:enc:pitch:1789324677419513810,sweep:enc:pitch:1789324677419513810,FFFFFFFFFB58,"{""counts"":-1192}",1,1,1,1,0,0,0,6.17765,0,0,0,1801979851960200,1,,1801979850728234,1801979689289935,1801979851960200,1801979858137850
1614,6,pitch,3,-1,rest,0.6,10,0.0,0.0,0.0,0,2;3,2:00000A;3:00000A,1801979890027056,1789324677448595525,1801979902059758,1789324677477509140,46.15852389112115,1.1241645030677319,0.015953563153743744,2,-1192,0.45712627478992107,0.0,0.04375694319605827,step,3,1,4.1606836020946503e-07,rest,sweep:pitch_a:1789324677448573541;sweep:pitch_b:1789324677448581029;sweep:enc:pitch:1789324677448593765,sweep:enc:pitch:1789324677448593765,FFFFFFFFFB58,"{""counts"":-1192}",1,1,0,0,0,0,0,6.342615,1,0,0,1801979895717143,1,,1801979879807357,1801979890027056,1801979895717143,1801979902059758
1615,6,pitch,3,-1,rest,0.6,10,0.0,0.0,0.0,0,2;3,2:00000A;3:00000A,1801979890027056,1789324677477241838,1801979918982016,1789324677506096124,46.17547309398651,1.141113705933094,0.03290276601910591,2,-1192,0.45712627478992107,0.0,0.016949202865362167,step,3,1,0.0286326811183244,rest,sweep:enc:pitch:1789324677477239214,sweep:enc:pitch:1789324677477239214,FFFFFFFFFB58,"{""counts"":-1192}",1,1,0,0,0,0,0,6.31567,1,0,0,1801979912666346,1,,1801979908453606,1801979890027056,1801979912666346,1801979918982016
1616,6,pitch,3,-1,rest,0.6,10,0.0,0.0,0.0,0,2;3,2:00000A;3:00000A,1801979890027056,1789324677505827893,1801979945869759,1789324677534631041,46.20277019101195,1.1684108029585332,0.060199863044545054,2,-1192,0.45712627478992107,0.0,0.027297097025439143,step,3,1,0.05721060815267265,rest,sweep:enc:pitch:1789324677505825109,sweep:enc:pitch:1789324677505825109,FFFFFFFFFB58,"{""counts"":-1192}",1,1,0,0,0,0,0,5.906316,1,0,0,1801979939963443,1,,1801979937039437,1801979890027056,1801979939963443,1801979945869759
1617,6,pitch,3,-1,rest,0.6,10,0.0,0.0,0.0,0,2;3,2:00000A;3:00000A,1801979890027056,1789324677534393628,1801979972880353,1789324677563180328,46.22953047393821,1.1951710858847946,0.08696014597080648,2,-1192,0.45712627478992107,0.0,0.026760282926261425,step,3,1,0.08578095003031194,rest,sweep:enc:pitch:1789324677534390940,sweep:enc:pitch:1789324677534390940,FFFFFFFFFB58,"{""counts"":-1192}",1,1,0,0,0,0,0,6.156627,1,0,0,1801979966723726,1,,1801979965605204,1801979890027056,1801979966723726,1801979972880353
1618,6,pitch,3,-1,rest,0.6,10,0.0,0.0,0.0,0,2;3,2:00000A;3:00000A,1801979890027056,1789324677562956194,1801980004896377,1789324677591774063,46.26168198999949,1.2273226019460708,0.11911166203208268,2,-1192,0.45712627478992107,0.0,0.0321515160612762,step,3,1,0.11434902111068368,rest,sweep:enc:pitch:1789324677562954082,sweep:enc:pitch:1789324677562954082,FFFFFFFFFB58,"{""counts"":-1192}",1,1,0,0,0,0,0,6.021135,1,0,0,1801979998875242,1,,1801979994167994,1801979890027056,1801979998875242,1801980004896377
1619,6,pitch,3,-1,rest,0.6,10,0.0,0.0,0.0,0,2;3,2:00000A;3:00000A,1801979890027056,1789324677591535178,1801980031655093,1789324677602163110,46.28860096610151,1.254241578048095,0.146030638134107,2,-1192,0.45712627478992107,0.0,0.026918976102024317,step,3,1,0.14292250014841557,rest,sweep:enc:pitch:1789324677591532809,sweep:enc:pitch:1789324677591532809,FFFFFFFFFB58,"{""counts"":-1192}",1,1,0,0,0,0,0,5.860875,0,0,0,1801980025794218,1,,1801980022746722,1801979890027056,1801980025794218,1801980031655093
